"logFC"	"logCPM"	"LR"	"PValue"	"FDR"	"Gene"
"gene-306335"	7.11953419192852	7.98659314415551	90.8527559674182	1.54771296935128e-21	1.64614751420202e-17	"gene-306335"
"gene-350792"	7.69024598812803	6.47607904151119	87.1889274381685	9.86344504017376e-21	5.2453800723644e-17	"gene-350792"
"gene-73253"	8.27632439357754	8.61245216650824	75.9607541715215	2.89358910899708e-18	1.02587379210977e-14	"gene-73253"
"gene-288834"	8.06111145176229	5.0748776802754	75.1554035688353	4.35084373773809e-18	1.15688934986456e-14	"gene-288834"
"gene-120763"	8.17187628865664	10.1438237324347	73.0850060093733	1.24184367721674e-17	2.64164987017545e-14	"gene-120763"
"gene-413846"	7.87841521947688	5.4962554549462	72.3614694402022	1.79178400299436e-17	3.17623577597468e-14	"gene-413846"
"gene-210098"	4.06016109036999	5.02967028319581	62.9708690705975	2.09786470178425e-15	3.18755556688247e-12	"gene-210098"
"gene-96237"	3.90755284360655	4.69594609106014	62.0887659100869	3.28319076635616e-15	4.36500212387052e-12	"gene-96237"
"gene-226944"	4.78862933239368	2.35959792868698	60.6889033646633	6.68458885236793e-15	7.89969855930948e-12	"gene-226944"
"gene-132340"	3.10396622243827	7.40761681881857	56.6585450470889	5.18450714525875e-14	5.5142417996972e-11	"gene-132340"
"gene-280163"	2.65846152384798	5.70302239627718	53.5010700573841	2.58452019072198e-13	2.44434165415772e-10	"gene-280163"
"gene-53233"	3.86806692166832	2.93421360735868	53.33477690901	2.81282556136942e-13	2.44434165415772e-10	"gene-53233"
"gene-57300"	5.42755694307352	4.79030447489208	53.216341054519	2.98763082963994e-13	2.44434165415772e-10	"gene-57300"
"gene-69775"	3.63724264201378	4.01092120176653	48.1427379255379	3.96293951412196e-12	3.01070176230008e-09	"gene-69775"
"gene-137445"	5.25877604260089	3.90384566709644	47.2357515461682	6.29418636528416e-12	4.46299774541083e-09	"gene-137445"
"gene-30328"	6.43932360555715	8.8752094560175	46.4292430037021	9.49872703000156e-12	6.07964546114622e-09	"gene-30328"
"gene-410227"	3.74983463693735	0.915536996777955	46.3846514226596	9.71737239934991e-12	6.07964546114622e-09	"gene-410227"
"gene-377608"	2.27064652399462	5.03329431393677	46.1088144758967	1.11864036200026e-11	6.38061038481782e-09	"gene-377608"
"gene-197659"	2.87409861517901	5.16870709425485	46.0720621384337	1.13982321654324e-11	6.38061038481782e-09	"gene-197659"
"gene-236990"	2.72924965535574	4.8015761694379	45.3891413368666	1.61527435738976e-11	8.57591434404962e-09	"gene-236990"
"gene-335655"	3.41200524777651	4.62801785980867	45.2968051419894	1.69325123378189e-11	8.57591434404962e-09	"gene-335655"
"gene-196757"	3.07908876820826	3.10673221263204	45.1341879919662	1.83985243294029e-11	8.89485021670589e-09	"gene-196757"
"gene-424330"	4.64858658715935	5.54477371483234	44.9496259095328	2.02168827759627e-11	9.34898979152781e-09	"gene-424330"
"gene-222081"	3.21803768916703	2.37676774967626	44.7061223676388	2.28940325069849e-11	9.82278221702155e-09	"gene-222081"
"gene-129453"	4.50153445292118	0.702429141654107	44.6895590140486	2.30885253314722e-11	9.82278221702155e-09	"gene-129453"
"gene-131449"	3.50251241384468	4.58175523919801	44.5230522417431	2.51379826191923e-11	1.02833685822204e-08	"gene-131449"
"gene-259401"	3.370077282985	3.94920139547182	44.2863005276248	2.83694607880036e-11	1.11754661089336e-08	"gene-259401"
"gene-252927"	2.78744198183477	3.91790227278724	43.5740958568955	4.08206850106282e-11	1.55060287776086e-08	"gene-252927"
"gene-199895"	4.33572123845932	3.69591884061115	43.0814558833728	5.25075838047878e-11	1.92576090119905e-08	"gene-199895"
"gene-154029"	3.46221149513002	2.37904982796479	42.9868433074575	5.51092280584059e-11	1.95380583209735e-08	"gene-154029"
"gene-107333"	2.58605931530321	4.10982888044585	42.5645355569952	6.83881615969974e-11	2.34637576369569e-08	"gene-107333"
"gene-253041"	3.64207474138319	4.72948737996089	42.4821473705773	7.13303280826837e-11	2.3708417796482e-08	"gene-253041"
"gene-172388"	2.43423923360619	4.8811266800055	42.0852584699637	8.73794154603844e-11	2.81626503889894e-08	"gene-172388"
"gene-252747"	2.80087454943403	4.52781629691029	41.3819675134588	1.25207065624817e-10	3.88871318479923e-08	"gene-252747"
"gene-425553"	3.13562545259483	3.04173661075871	41.3393568760921	1.27966304501667e-10	3.88871318479923e-08	"gene-425553"
"gene-414380"	2.96122321837753	3.29423216676952	40.9788630640675	1.53884518071197e-10	4.54643259501459e-08	"gene-414380"
"gene-64009"	3.01462046916771	3.51450354434044	40.8449494991019	1.64798605863569e-10	4.7372918161214e-08	"gene-64009"
"gene-279912"	-2.55786832501096	6.814349495462	40.5495594800756	1.91691749349722e-10	5.36535117390431e-08	"gene-279912"
"gene-347681"	1.91169063263526	5.48403024672677	40.2799269481174	2.20058407954662e-10	6.00138776155331e-08	"gene-347681"
"gene-248416"	3.64117697344573	4.66577796656324	40.0381654224294	2.4904902914924e-10	6.36096704149232e-08	"gene-248416"
"gene-185593"	3.40686573546867	0.22993651684077	40.0306877133856	2.5000423465332e-10	6.36096704149232e-08	"gene-185593"
"gene-38083"	3.2306565841097	7.44451468790951	40.0214818417119	2.51185234808836e-10	6.36096704149232e-08	"gene-38083"
"gene-105267"	3.982403104224	3.3576459062723	39.3747443792307	3.49792009038913e-10	8.65206467008809e-08	"gene-105267"
"gene-64146"	3.62285493905064	6.63512753871374	39.3268783949894	3.58472634200576e-10	8.66526122126664e-08	"gene-64146"
"gene-162992"	1.74740131399093	3.84169769318385	39.1264009075932	3.97235866207651e-10	9.38889038441018e-08	"gene-162992"
"gene-206576"	3.21153272052783	3.00315779335233	39.0519458343207	4.12677611335521e-10	9.54182407427088e-08	"gene-206576"
"gene-340712"	2.92927732413425	3.59677426423251	38.9705262751278	4.30252527719211e-10	9.63879570443578e-08	"gene-340712"
"gene-17915"	1.82318800549599	4.28078362631121	38.8909991350467	4.48142159547543e-10	9.63879570443578e-08	"gene-17915"
"gene-7080"	2.38397946953935	5.05395390751954	38.8753581072647	4.51747287489009e-10	9.63879570443578e-08	"gene-7080"
"gene-258523"	2.1170731994393	5.08508873962237	38.8694298717688	4.53121272303299e-10	9.63879570443578e-08	"gene-258523"
"gene-145820"	2.65040153748027	4.04610533702066	38.8049120297353	4.68347819219564e-10	9.76734785337114e-08	"gene-145820"
"gene-146645"	2.84440910685444	2.28224430991847	38.6999251252633	4.94228014644953e-10	1.01088637764687e-07	"gene-146645"
"gene-350745"	2.85449975637938	6.14126921015737	38.6122160068278	5.16943580581777e-10	1.02956937574304e-07	"gene-350745"
"gene-358996"	2.9488059921795	3.67595350738033	38.5905188505758	5.2272232314897e-10	1.02956937574304e-07	"gene-358996"
"gene-388261"	4.44937223122092	6.6281913971942	38.3121317024302	6.02866852223176e-10	1.16583488004467e-07	"gene-388261"
"gene-57242"	3.81446637217801	4.32120405491421	37.9150686618731	7.3892303937714e-10	1.39087348835164e-07	"gene-57242"
"gene-30831"	1.9604316949858	1.69425439174773	37.8980658420051	7.45391019519026e-10	1.39087348835164e-07	"gene-30831"
"gene-2814"	2.60986959217148	4.55048530067659	37.8467690102626	7.65250171520399e-10	1.40331048694672e-07	"gene-2814"
"gene-329863"	3.57367184055324	4.16568600261688	37.6959505270617	8.26760114611474e-10	1.49041026762841e-07	"gene-329863"
"gene-1807"	2.97907784265441	1.30199335943061	37.5879711641008	8.73816918373682e-10	1.50389926531249e-07	"gene-1807"
"gene-241985"	3.76775533074272	3.44457128312631	37.5839804923909	8.75606503161783e-10	1.50389926531249e-07	"gene-241985"
"gene-146310"	4.25752441717296	2.32297556174406	37.5528331776062	8.89700949788439e-10	1.50389926531249e-07	"gene-146310"
"gene-9326"	2.45709661249517	2.06777494812887	37.5504217770397	8.90801558054599e-10	1.50389926531249e-07	"gene-9326"
"gene-97398"	3.25129786912184	5.01549353726495	37.4088450681073	9.57867329822986e-10	1.59185576874958e-07	"gene-97398"
"gene-304890"	2.41186238131476	5.5570505957548	37.3430131264032	9.90751852876827e-10	1.60765006370953e-07	"gene-304890"
"gene-104966"	3.3429052922342	3.75208610642887	37.3295761544228	9.97601581466987e-10	1.60765006370953e-07	"gene-104966"
"gene-267901"	3.01961005671474	3.56011008409703	37.1634394628343	1.0863147867136e-09	1.70671246968154e-07	"gene-267901"
"gene-163088"	2.3717587935309	5.59457014979751	37.15474996894	1.09116630254179e-09	1.70671246968154e-07	"gene-163088"
"gene-170879"	1.70846292499826	3.69278016412542	36.9491785664714	1.21248765152755e-09	1.8689882118329e-07	"gene-170879"
"gene-114715"	2.9777777605951	4.13176107568581	36.6093324881141	1.44339030354589e-09	2.19312846693058e-07	"gene-114715"
"gene-40814"	2.62002601082595	3.68138041679945	36.5436933970867	1.49282173713437e-09	2.23628901354383e-07	"gene-40814"
"gene-271777"	1.78702370727866	6.02952684633797	36.4645915828628	1.55464921494822e-09	2.29656236808184e-07	"gene-271777"
"gene-368606"	3.51202953523724	4.52142428912444	36.4118057909385	1.59732757006799e-09	2.32728438838948e-07	"gene-368606"
"gene-375932"	3.36005155779311	3.95064812615619	36.2819177973013	1.70740684258654e-09	2.45405124023654e-07	"gene-375932"
"gene-1771"	2.55234793508171	1.54732165430607	36.2398100131062	1.74469881130133e-09	2.47421554093346e-07	"gene-1771"
"gene-26108"	2.90292543844599	3.65066515286174	36.1803549087449	1.79874708970458e-09	2.51557013989473e-07	"gene-26108"
"gene-183526"	3.22806170402505	2.87495050119105	36.1314589564449	1.84445057805223e-09	2.51557013989473e-07	"gene-183526"
"gene-303012"	3.30098268784635	4.24694382891935	36.1310744953317	1.84481450650422e-09	2.51557013989473e-07	"gene-303012"
"gene-145538"	2.38051473260241	5.64326596473779	36.0688229491838	1.90469993963817e-09	2.56435298202425e-07	"gene-145538"
"gene-164684"	2.56613591849712	6.20008511885136	36.0363131332652	1.93674387535077e-09	2.57490098227885e-07	"gene-164684"
"gene-224067"	-3.12764978896611	-0.819999093488495	35.8975954599902	2.07965210174432e-09	2.73076293261143e-07	"gene-224067"
"gene-105007"	2.08645978088869	4.30334294311388	35.8507643301888	2.13024447151891e-09	2.76308295110673e-07	"gene-105007"
"gene-232153"	3.10447297929033	4.10891537054698	35.8106908154525	2.17451388221625e-09	2.78652164472916e-07	"gene-232153"
"gene-23335"	3.55153683138951	4.52245980694851	35.4014934794243	2.68281091914903e-09	3.39694963524632e-07	"gene-23335"
"gene-41289"	2.078888057325	4.99594821169243	35.2363531639409	2.92021235593505e-09	3.65404454326178e-07	"gene-41289"
"gene-163988"	3.07456392724774	4.31875871430878	35.0491916422566	3.21480399519211e-09	3.97589015033294e-07	"gene-163988"
"gene-296201"	2.24350725695216	1.65575958898083	34.9409903296051	3.3985033776144e-09	4.15476803727664e-07	"gene-296201"
"gene-10049"	2.52393814666407	4.01876439884289	34.7904926568365	3.67162080792234e-09	4.43765442193886e-07	"gene-10049"
"gene-89828"	2.32634974829264	2.86658906834198	34.7383411592308	3.77130474970037e-09	4.50692104694529e-07	"gene-89828"
"gene-273137"	2.51376081604158	4.90722978697757	34.693247073306	3.85968127941199e-09	4.56128556531399e-07	"gene-273137"
"gene-82952"	2.66802347307688	5.24812703443785	34.6443858893936	3.95778334414657e-09	4.62582237893878e-07	"gene-82952"
"gene-153056"	3.10757832110745	3.42931971897197	34.5062472935512	4.24885435224678e-09	4.91204509679312e-07	"gene-153056"
"gene-156645"	2.406242871334	3.97809199037889	34.3772779656567	4.5399259920402e-09	5.19211320982145e-07	"gene-156645"
"gene-57466"	3.06800673541681	4.47167343828832	34.305808330126	4.70974054154359e-09	5.32902131913379e-07	"gene-57466"
"gene-136337"	2.31232965142747	4.40596908135434	34.2034605108259	4.96406018841303e-09	5.55765728041695e-07	"gene-136337"
"gene-341425"	2.84915310121987	4.15919449490665	34.1112732331707	5.20488525275227e-09	5.76657911961178e-07	"gene-341425"
"gene-61479"	2.77339149159186	5.63622954767736	34.0801798443983	5.28872304701204e-09	5.7990575595897e-07	"gene-61479"
"gene-244392"	3.0596280639204	4.9293435105271	34.002542243809	5.50401114675717e-09	5.97353699560298e-07	"gene-244392"
"gene-326347"	2.94412450567806	3.91928478735976	33.9696157804208	5.59794595173677e-09	6.01411647905781e-07	"gene-326347"
"gene-247117"	3.88539617307112	2.60810565422748	33.8553176406331	5.93666037957681e-09	6.21033386139959e-07	"gene-247117"
"gene-208432"	2.20503503709961	4.7579830386129	33.8492545220985	5.95519065086414e-09	6.21033386139959e-07	"gene-208432"
"gene-262574"	3.12061148108947	5.33883414429084	33.8490703104841	5.95575454929257e-09	6.21033386139959e-07	"gene-262574"
"gene-402450"	3.33257242385505	5.58907765346434	33.5619024889648	6.90316523542241e-09	7.12835586834493e-07	"gene-402450"
"gene-120784"	3.64034294641982	7.54149399874881	33.2764919263206	7.99432192588208e-09	8.17573153881556e-07	"gene-120784"
"gene-68519"	4.82257422011673	3.3922927864963	33.243774813392	8.12996011953121e-09	8.23526246012704e-07	"gene-68519"
"gene-70225"	3.06329506261378	4.61563556231184	33.2219280355383	8.22181324841263e-09	8.24973638774687e-07	"gene-70225"
"gene-22771"	2.80016888094628	3.24284308845493	33.1848792683819	8.37996413516976e-09	8.32984098520239e-07	"gene-22771"
"gene-211303"	2.66273694312885	2.93658720662733	33.1358446840275	8.59397379840732e-09	8.41447471520088e-07	"gene-211303"
"gene-358125"	3.68517557406781	4.20539343445331	33.1292132886777	8.62333343321639e-09	8.41447471520088e-07	"gene-358125"
"gene-215313"	2.98775158563702	4.23677235521497	32.9761976675611	9.3294089358137e-09	9.02069031284677e-07	"gene-215313"
"gene-291029"	3.57842430102478	2.80019608733703	32.9197264953165	9.60437485692715e-09	9.20289468272767e-07	"gene-291029"
"gene-130302"	1.9632420418351	4.40166223149453	32.8995076673176	9.70478418154999e-09	9.21607897812194e-07	"gene-130302"
"gene-378680"	2.9799015684901	5.02868691751052	32.8081668487856	1.01716606061303e-08	9.5739630271506e-07	"gene-378680"
"gene-55294"	2.29128765897675	3.58795217242982	32.7701221460358	1.03726966470747e-08	9.67754399458653e-07	"gene-55294"
"gene-56282"	3.22495786269946	3.88026885719161	32.6675050683801	1.0935014037332e-08	1.01134616783533e-06	"gene-56282"
"gene-198937"	2.94477230748068	2.91698701096405	32.3987843375707	1.25565001435914e-08	1.15130116833826e-06	"gene-198937"
"gene-122060"	3.68309645184623	2.24345200919239	32.3332198999337	1.29873902481196e-08	1.18063147588889e-06	"gene-122060"
"gene-189724"	3.0161379810172	3.19166728859985	32.3001149816746	1.32105518183626e-08	1.19074092491614e-06	"gene-189724"
"gene-153074"	2.84583864355465	0.466398539137211	32.2238011064692	1.37397289775459e-08	1.22803157483343e-06	"gene-153074"
"gene-129711"	2.67196959812062	4.34903351555767	32.1666101898601	1.41501760869764e-08	1.25417727384234e-06	"gene-129711"
"gene-176614"	2.54036131345111	4.50901768969674	32.1459781936713	1.43012431570494e-08	1.25709109271386e-06	"gene-176614"
"gene-277647"	2.21510853397584	4.87361114314253	32.127887340158	1.44350327106849e-08	1.25845088451512e-06	"gene-277647"
"gene-357185"	3.0081016748231	2.30609598854105	32.084341107749	1.47622391148183e-08	1.27651361971713e-06	"gene-357185"
"gene-335443"	1.66753747321326	2.90705497250988	31.8873695635555	1.63376046002346e-08	1.40134485909754e-06	"gene-335443"
"gene-242872"	2.4644432304348	4.37610982964691	31.857662168261	1.65893965496628e-08	1.41155857361771e-06	"gene-242872"
"gene-209323"	2.6614765871662	2.98571510770118	31.8346932766321	1.67867362042169e-08	1.41555857599641e-06	"gene-209323"
"gene-321078"	-1.55582531248062	6.54032218381239	31.8213345008457	1.69025892395209e-08	1.41555857599641e-06	"gene-321078"
"gene-234805"	1.22671390872049	5.59901819390184	31.8001866357375	1.70876323147879e-08	1.41987544765691e-06	"gene-234805"
"gene-635"	1.47531027665566	1.43121677313868	31.7256960537029	1.77557342920031e-08	1.4639534103081e-06	"gene-635"
"gene-198760"	2.27864878000469	4.15533182331199	31.7069186191457	1.79282378603812e-08	1.46680567602319e-06	"gene-198760"
"gene-32875"	2.59238216201284	3.33080556760795	31.6746724461472	1.82284013572392e-08	1.47997921248547e-06	"gene-32875"
"gene-175431"	2.92670383867795	3.62167719920473	31.5121704902533	1.98194131549001e-08	1.59696422966301e-06	"gene-175431"
"gene-398804"	2.96928833052262	5.03292331193842	31.4619201939304	2.03390140610139e-08	1.6265094252101e-06	"gene-398804"
"gene-252936"	3.34996688670787	4.78376930330349	31.4225638491335	2.07554799531627e-08	1.64742749837193e-06	"gene-252936"
"gene-199239"	2.99281791284486	4.4755237212158	31.2959041138513	2.21546554937298e-08	1.74545863578748e-06	"gene-199239"
"gene-58265"	2.72505639077062	5.41070830872324	31.2249750150741	2.29790651123012e-08	1.79345571679977e-06	"gene-58265"
"gene-105001"	1.78433153839985	5.46768624564693	31.2146916774654	2.31011125612607e-08	1.79345571679977e-06	"gene-105001"
"gene-405508"	1.14858431774043	6.13633874770239	31.1742403203844	2.35875422339052e-08	1.81794999420157e-06	"gene-405508"
"gene-258455"	3.37489077053756	4.09990458840431	31.093172142962	2.45934968491279e-08	1.8818448380383e-06	"gene-258455"
"gene-294758"	2.62042284085186	5.08829041565734	31.0596002171697	2.50225637272839e-08	1.90099991288137e-06	"gene-294758"
"gene-29902"	2.15866494796699	4.25547206042422	31.0302227960092	2.54041702688456e-08	1.91630322680455e-06	"gene-29902"
"gene-104948"	2.60155326824819	4.09488069137634	30.9411294329888	2.65974965105162e-08	1.98049420579196e-06	"gene-104948"
"gene-16181"	2.51648669013803	3.62553102909232	30.9148207510599	2.6960501251211e-08	1.98049420579196e-06	"gene-16181"
"gene-125992"	2.96726088532766	-0.307272546282501	30.9121579373219	2.69975179730438e-08	1.98049420579196e-06	"gene-125992"
"gene-323535"	2.75485891051701	3.81054807348753	30.9119818213583	2.69999680180363e-08	1.98049420579196e-06	"gene-323535"
"gene-127707"	2.68526252590717	3.65237203916311	30.8887648452361	2.73249098671788e-08	1.99060096813228e-06	"gene-127707"
"gene-115031"	2.23815655884757	4.8368532106106	30.7765054317917	2.8952206584675e-08	2.09425919375002e-06	"gene-115031"
"gene-253623"	3.54933175243296	5.81857525698091	30.763850970007	2.91416284952053e-08	2.09425919375002e-06	"gene-253623"
"gene-79536"	3.25940493100963	5.01174461470518	30.5436069640683	3.26445811925056e-08	2.33025346015765e-06	"gene-79536"
"gene-315114"	2.52489862611835	2.63878742515283	30.4798202533303	3.37357506950453e-08	2.39208962928335e-06	"gene-315114"
"gene-99641"	3.15300053207889	3.44287215651614	30.4340391071152	3.45413620045447e-08	2.43299288927376e-06	"gene-99641"
"gene-99820"	2.65594187272222	3.9613245729337	30.3790736203372	3.55340923902587e-08	2.48645135962363e-06	"gene-99820"
"gene-104957"	2.54228583653101	4.3189230015501	30.3602640594777	3.5880335076118e-08	2.49426956777511e-06	"gene-104957"
"gene-58220"	2.60933249296028	4.62354093116462	30.3092202175098	3.68370670967234e-08	2.54414964701786e-06	"gene-58220"
"gene-27908"	3.23298280484299	4.35317310565962	30.2856973602965	3.7286526146432e-08	2.55857736834484e-06	"gene-27908"
"gene-8990"	2.5609541055861	4.39532969571044	30.2546700434941	3.78877892313173e-08	2.58317004015571e-06	"gene-8990"
"gene-64689"	2.7235762994686	4.57854977404652	30.217888619849	3.86131537996031e-08	2.61585671218203e-06	"gene-64689"
"g8866"	2.85389673926972	1.24756771740227	30.1647049313702	3.96866599231501e-08	2.67156528444699e-06	"g8866"
"gene-115189"	2.54806895367446	3.53252188793911	30.1453283449027	4.00851621047225e-08	2.6814200260744e-06	"gene-115189"
"gene-31907"	2.54844196886912	4.17418099686282	30.1002278895155	4.10282999381824e-08	2.72735623839067e-06	"gene-31907"
"gene-168981"	2.86460200297453	4.48093700936891	30.0416088384908	4.22874432939546e-08	2.75888532129721e-06	"gene-168981"
"gene-145496"	2.10411205192743	4.99034324679851	30.036869797978	4.2390914185759e-08	2.75888532129721e-06	"gene-145496"
"gene-355708"	2.74265914731062	4.11037152601105	30.0324926726623	4.24867084403615e-08	2.75888532129721e-06	"gene-355708"
"gene-105154"	2.92984673479543	1.78972707538958	30.0279510540407	4.25863319263626e-08	2.75888532129721e-06	"gene-105154"
"gene-331551"	1.70765649349931	5.14809024811819	30.0182662946564	4.27995560374238e-08	2.75888532129721e-06	"gene-331551"
"gene-283117"	3.61601347051117	0.232694648858188	29.9921114722023	4.33807525378241e-08	2.77950412043553e-06	"gene-283117"
"gene-306260"	3.09459582215733	4.80909393627709	29.6968345537496	5.0517243958211e-08	3.19938548795043e-06	"gene-306260"
"gene-80097"	4.47316689666144	7.46481956003903	29.6961298633738	5.05356113177579e-08	3.19938548795043e-06	"gene-80097"
"gene-70385"	0.817884068174396	5.59403783597441	29.6604386666117	5.14746865961405e-08	3.23955483216894e-06	"gene-70385"
"gene-26733"	2.22637353366276	4.39232174738661	29.6276962773469	5.23515445953525e-08	3.26572439569387e-06	"gene-26733"
"gene-72366"	2.24157287724819	4.69993742469536	29.6220376591799	5.25045949288879e-08	3.26572439569387e-06	"gene-72366"
"gene-122000"	1.46156941578043	4.04818720888329	29.5017636001048	5.58658447365669e-08	3.4483756271951e-06	"gene-122000"
"gene-95842"	3.26756683921336	3.74601891549879	29.4940164240214	5.60895998030042e-08	3.4483756271951e-06	"gene-95842"
"gene-219328"	3.04287714592343	3.01171569805559	29.4690477377512	5.68168777266729e-08	3.47301328448789e-06	"gene-219328"
"gene-418688"	2.54338385592846	3.11486654544291	29.4041624818752	5.87513167730595e-08	3.57073717256149e-06	"gene-418688"
"gene-166071"	2.43432463647871	5.02892016208777	29.2648197690386	6.31315311271012e-08	3.81515321061277e-06	"gene-166071"
"gene-248072"	2.83382938854824	4.06233780625175	29.2429366623635	6.38485501850421e-08	3.82321088248051e-06	"gene-248072"
"gene-249163"	2.09547173147573	2.85749831044351	29.238836968058	6.39837849832202e-08	3.82321088248051e-06	"gene-249163"
"gene-294470"	2.81298415015904	3.9722337933229	29.1979201757895	6.5349315518477e-08	3.87315145669975e-06	"gene-294470"
"gene-340338"	2.67653088358238	3.17581008074748	29.1920418024214	6.55478809896535e-08	3.87315145669975e-06	"gene-340338"
"gene-78783"	2.25037098228136	4.36871073933127	29.1149929066257	6.82070989826893e-08	4.00801494353527e-06	"gene-78783"
"gene-220105"	2.67979795296215	4.03855396305696	28.991743627778	7.26874407169586e-08	4.24782208497567e-06	"gene-220105"
"gene-115518"	2.43870913068081	3.84774327107651	28.9051079078633	7.60122000621875e-08	4.41784568230288e-06	"gene-115518"
"gene-183933"	2.29495125006619	6.56325431127815	28.8804511631691	7.69859932527065e-08	4.45012513171623e-06	"gene-183933"
"gene-359591"	2.40029893553829	3.83798924498765	28.8401721879399	7.86037335039524e-08	4.51907734890831e-06	"gene-359591"
"gene-141548"	2.84649831938872	4.56970875368076	28.7332117170816	8.30668918555996e-08	4.74833891103491e-06	"gene-141548"
"gene-69862"	1.76315249597902	3.5478092196578	28.712826546421	8.39458881315664e-08	4.74833891103491e-06	"gene-69862"
"gene-183222"	3.03553913356519	2.10056715213691	28.7101673463467	8.40612363392833e-08	4.74833891103491e-06	"gene-183222"
"gene-66244"	2.69110741876408	4.5339698272785	28.7029015707361	8.43772145717938e-08	4.74833891103491e-06	"gene-66244"
"gene-517"	2.58477197859606	2.36529160807081	28.6883825727252	8.50121948819223e-08	4.75889318296908e-06	"gene-517"
"gene-136420"	1.63840748168027	4.79293064416772	28.6240453300955	8.78840690643148e-08	4.87208625308764e-06	"gene-136420"
"gene-259590"	0.839935366348892	4.94285000011097	28.6225841451176	8.79504099842823e-08	4.87208625308764e-06	"gene-259590"
"gene-426390"	2.55496539789232	3.86533803059078	28.5346635924144	9.20359365682107e-08	5.05355477998499e-06	"gene-426390"
"gene-131635"	2.60705242701124	4.65650689297876	28.5317079739171	9.21765350993878e-08	5.05355477998499e-06	"gene-131635"
"gene-330292"	1.84943835311903	2.85657541053063	28.4887258250534	9.42456850515684e-08	5.14049798055632e-06	"gene-330292"
"gene-362111"	0.88252431198692	4.51560646800585	28.4647893609622	9.54180915966332e-08	5.17789195011118e-06	"gene-362111"
"gene-75666"	3.37966796452035	3.15026344914813	28.4002280664142	9.86536864610065e-08	5.2997273955569e-06	"gene-75666"
"gene-214179"	3.12499209187001	4.70394320376353	28.4001073772526	9.86598368108562e-08	5.2997273955569e-06	"gene-214179"
"gene-31554"	1.06096418393598	3.63670226607819	28.352654717746	1.01108055504734e-07	5.37889652379428e-06	"gene-31554"
"gene-307478"	2.50461800271323	1.14410900402364	28.3519455404361	1.01145101989362e-07	5.37889652379428e-06	"gene-307478"
"gene-286274"	3.21619372440332	3.51093375825071	28.3320476820519	1.02190103065196e-07	5.40743251841503e-06	"gene-286274"
"gene-407334"	2.68357736598279	4.58636550270905	28.2118243745306	1.08738248456216e-07	5.6708720884875e-06	"gene-407334"
"gene-34034"	1.54283841100781	5.63758338857373	28.2056342269576	1.09086563117182e-07	5.6708720884875e-06	"gene-34034"
"gene-393501"	1.21192336985785	3.98136105911733	28.1974177319604	1.09550626314439e-07	5.6708720884875e-06	"gene-393501"
"gene-275720"	2.42768202509301	4.77818631017778	28.1945383550816	1.09713719644073e-07	5.6708720884875e-06	"gene-275720"
"gene-168137"	2.4407342166875	2.69628035636629	28.1924089195444	1.09834491371608e-07	5.6708720884875e-06	"gene-168137"
"gene-354489"	1.29736102478041	3.62121476290259	28.1726966955892	1.10958821451701e-07	5.70124649739273e-06	"gene-354489"
"gene-14434"	3.79577472380565	2.23501765765116	28.1172056852142	1.14186192683401e-07	5.83886704509929e-06	"gene-14434"
"gene-15246"	1.73859241834448	3.49753150819318	28.0685957849244	1.17090563805885e-07	5.95873318966216e-06	"gene-15246"
"gene-244065"	-1.75452943677016	6.03430864823995	27.9810200209368	1.2251120009375e-07	6.20490059141486e-06	"gene-244065"
"gene-83189"	2.50835591902847	3.12896139450218	27.9576616991219	1.23999012044392e-07	6.25049048390593e-06	"gene-83189"
"gene-356607"	3.48996246337984	6.07288302959415	27.9358865074946	1.25402289751514e-07	6.29140921602409e-06	"gene-356607"
"gene-146582"	1.53229800753766	4.62800552530148	27.9001218806988	1.27741720635839e-07	6.35740360168851e-06	"gene-146582"
"gene-126138"	2.83284064186786	3.4671702529485	27.8975268268582	1.27913160094146e-07	6.35740360168851e-06	"gene-126138"
"gene-157073"	1.50123586274547	3.63871626873743	27.6878850152323	1.42552686508177e-07	7.05204824977195e-06	"gene-157073"
"gene-220007"	1.53837828535211	2.00394288543618	27.4741200538541	1.59210786476948e-07	7.83965706004084e-06	"gene-220007"
"gene-220664"	0.819544823238232	5.24299613434565	27.4630243951481	1.60126840403911e-07	7.84842891491245e-06	"gene-220664"
"gene-274084"	2.67496036983548	4.41031768225315	27.4300361344561	1.62881657310386e-07	7.94663556543669e-06	"gene-274084"
"gene-62933"	3.45083391036097	4.59865688020561	27.421233130583	1.63624782703144e-07	7.94663556543669e-06	"gene-62933"
"gene-17229"	-1.44902480417888	7.28261780771476	27.4052982999291	1.64978610266591e-07	7.97596590361573e-06	"gene-17229"
"gene-219239"	2.86265849042727	2.76777650285175	27.3946638062068	1.65888360167583e-07	7.98365881783895e-06	"gene-219239"
"gene-335259"	2.62064509016517	4.43903275993801	27.3747973814846	1.67601365740101e-07	8.00646258314967e-06	"gene-335259"
"gene-281505"	1.21682979262201	4.26703679545285	27.3693565301479	1.68073594250212e-07	8.00646258314967e-06	"gene-281505"
"gene-48523"	2.50822583779958	4.08881019204016	27.3630744085255	1.68620498178406e-07	8.00646258314967e-06	"gene-48523"
"gene-136450"	1.4891673915173	6.27421392538069	27.3073100443406	1.73554045919121e-07	8.20409258842567e-06	"gene-136450"
"gene-19748"	0.72923606077977	5.8877448283471	27.2762833510978	1.76361391209309e-07	8.29991042877083e-06	"gene-19748"
"gene-106824"	2.42590177341096	4.34923657889318	27.2645582148028	1.77434110482268e-07	8.31360880656124e-06	"gene-106824"
"gene-206297"	3.07968614452691	5.98648458899165	27.20493555173	1.82990938404663e-07	8.53636675821051e-06	"gene-206297"
"gene-153482"	5.74007458280337	7.55232530670446	27.1696960123178	1.86356926429049e-07	8.6204403382854e-06	"gene-153482"
"gene-48823"	1.17155345707528	4.5919183345644	27.1691020828442	1.86414185577815e-07	8.6204403382854e-06	"gene-48823"
"gene-210389"	3.42653001557718	4.78053241126399	27.160178105578	1.87276648202444e-07	8.62283303152033e-06	"gene-210389"
"gene-89463"	-1.56123472432006	7.6613902556659	27.1177432839155	1.91432826628836e-07	8.72325673703459e-06	"gene-89463"
"gene-69615"	3.12412970511249	5.01836054266362	27.1092473505038	1.92275982877648e-07	8.72325673703459e-06	"gene-69615"
"gene-254113"	2.82185554338396	3.78596408001777	27.0986808673579	1.93329820364231e-07	8.72325673703459e-06	"gene-254113"
"gene-179634"	3.10979729639687	3.37924302281623	27.0969551121696	1.93502485913723e-07	8.72325673703459e-06	"gene-179634"
"gene-40210"	3.54409038118711	6.60726745538856	27.0963952343866	1.93558536098172e-07	8.72325673703459e-06	"gene-40210"
"gene-27654"	2.89734668935603	6.49135103520327	27.0517920728696	1.98076509907021e-07	8.88920573574291e-06	"gene-27654"
"gene-40003"	2.76807864100024	4.91667291148566	27.0258056675694	2.00757315346445e-07	8.97165884884365e-06	"gene-40003"
"gene-153411"	3.04235638941434	1.2068691798326	27.0121652128573	2.02179012719737e-07	8.99738903467416e-06	"gene-153411"
"gene-97311"	2.65603203869989	3.61349590263086	26.9182123078814	2.12249378931568e-07	9.40618497631734e-06	"gene-97311"
"gene-39079"	2.52096119918989	4.155503810253	26.7695558220407	2.29220233879034e-07	1.01157891643958e-05	"gene-39079"
"gene-122782"	3.66298744508756	0.805496562117266	26.7594896457518	2.30417396293682e-07	1.01157891643958e-05	"gene-122782"
"gene-172875"	1.6202332301886	4.42597361235783	26.7536499509388	2.31114776884935e-07	1.01157891643958e-05	"gene-172875"
"gene-249870"	2.83052106817845	3.85324782162182	26.7178666637676	2.35434482444512e-07	1.02626276855731e-05	"gene-249870"
"gene-246732"	-1.03766865964227	5.34646591403733	26.6707108855645	2.41250899028712e-07	1.04732431104873e-05	"gene-246732"
"gene-259165"	2.10725854560692	4.38833110983085	26.6448971171972	2.44495669297137e-07	1.05709591001803e-05	"gene-259165"
"gene-81083"	3.17616908592083	2.05795942648026	26.6301299808874	2.46371518830089e-07	1.06089371428211e-05	"gene-81083"
"gene-78265"	2.83766643952721	4.82035326658674	26.6031106016802	2.49841178538893e-07	1.07149628021761e-05	"gene-78265"
"gene-266926"	3.49704632080054	3.86356286919366	26.5872662683722	2.51898546320141e-07	1.07598109986386e-05	"gene-266926"
"gene-246645"	2.88893073995558	4.99462751787392	26.5474761382067	2.57140431571886e-07	1.09397825207943e-05	"gene-246645"
"gene-409357"	2.79123228755791	3.90081085740489	26.4948359995347	2.64243541437416e-07	1.11971884730213e-05	"gene-409357"
"gene-116114"	-1.4202838938676	5.91652556202402	26.4338851609781	2.72714144148467e-07	1.15102684014409e-05	"gene-116114"
"gene-602"	2.94762774097715	2.96464292819253	26.3750431096221	2.81149813971909e-07	1.17927427145623e-05	"gene-602"
"gene-280686"	3.0736945157391	5.5150853783245	26.3717857789689	2.81624355913767e-07	1.17927427145623e-05	"gene-280686"
"gene-31263"	2.7891555557752	4.93958612671141	26.3309462542413	2.87642615318194e-07	1.1956123071605e-05	"gene-31263"
"gene-312890"	-2.00872875048358	4.43250175647338	26.3300622240367	2.8777430484495e-07	1.1956123071605e-05	"gene-312890"
"gene-145343"	5.2958384889905	1.77449797484511	26.3093283417852	2.90880317013332e-07	1.20381441702482e-05	"gene-145343"
"gene-179544"	-1.88794841886692	5.92117605255358	26.292476146061	2.93429577813871e-07	1.20678711263881e-05	"gene-179544"
"gene-39091"	2.12818717588781	3.76088713219541	26.2895935812274	2.9386786590208e-07	1.20678711263881e-05	"gene-39091"
"gene-324122"	2.70458200496359	3.89292076880143	26.2650340849967	2.97628800540186e-07	1.21753073944054e-05	"gene-324122"
"gene-355061"	3.1036609296996	1.58163858432564	26.2235550804259	3.04090595755527e-07	1.23919830515547e-05	"gene-355061"
"gene-163802"	2.57269962337665	1.9473454540237	26.2035088947852	3.07263703805859e-07	1.2473499059844e-05	"gene-163802"
"gene-74305"	2.33143278014763	5.14814711360054	26.1219589677487	3.20518074370752e-07	1.29620921635259e-05	"gene-74305"
"gene-172542"	4.58190608885136	1.42831254906967	26.107427468066	3.22939357023234e-07	1.30105416715876e-05	"gene-172542"
"gene-360831"	3.28806071634475	3.88571564685932	26.0532676912387	3.32126258742392e-07	1.33301693886192e-05	"gene-360831"
"gene-181319"	2.49675643206394	4.5388227505369	26.0445114672784	3.33635950182302e-07	1.33404209253345e-05	"gene-181319"
"gene-134255"	2.82186596837452	2.52699636105621	25.9865569692107	3.43803019697744e-07	1.36954641105064e-05	"gene-134255"
"gene-280975"	2.59981837950015	5.26749835523041	25.9136395992045	3.57037452327993e-07	1.41695908319423e-05	"gene-280975"
"gene-361200"	3.52563536374866	1.16410464744962	25.8807290766628	3.63176793132769e-07	1.4359659374573e-05	"gene-361200"
"gene-223734"	7.56396316582569	7.85562001085641	25.8407747195353	3.70772540785823e-07	1.46056916436963e-05	"gene-223734"
"gene-16817"	-1.32299256486586	8.93855332139615	25.7395818570876	3.90730532620066e-07	1.5335092047775e-05	"gene-16817"
"gene-8715"	3.28930895697601	5.34777818636814	25.6925073131825	4.00378522116473e-07	1.56559777986427e-05	"gene-8715"
"gene-262696"	2.62971198131454	4.26039626632973	25.6561638111437	4.07990238012708e-07	1.58951801153962e-05	"gene-262696"
"gene-280698"	2.95193870626862	4.44730942444143	25.6160413382279	4.16562011759067e-07	1.61348750948506e-05	"gene-280698"
"gene-432055"	2.64334896654916	3.34696205074767	25.6131963265522	4.17176631354259e-07	1.61348750948506e-05	"gene-432055"
"gene-67362"	2.69510946992558	6.84879877136805	25.5314178613485	4.35237594010953e-07	1.67724168474656e-05	"gene-67362"
"gene-146304"	2.97302957720843	4.37890281590982	25.5002124277447	4.42334212777862e-07	1.69843562711384e-05	"gene-146304"
"gene-104695"	1.68179739180538	4.80226802921819	25.4533126094951	4.53218780721286e-07	1.72890843057231e-05	"gene-104695"
"gene-336052"	3.10679854132768	3.93284910303406	25.4520244998843	4.53521485642792e-07	1.72890843057231e-05	"gene-336052"
"gene-68483"	1.82275065390257	1.86084601541566	25.3935829209284	4.67470558411761e-07	1.77572030688125e-05	"gene-68483"
"gene-93014"	2.63666646188745	4.57087240478321	25.3452596660996	4.79328862191501e-07	1.81428533034477e-05	"gene-93014"
"gene-410057"	-1.73243528211616	7.20719989001774	25.3191435273531	4.85862698122641e-07	1.8324949139122e-05	"gene-410057"
"gene-223722"	6.29496493427595	6.25893376643491	25.303869351856	4.89725355625138e-07	1.84053670757207e-05	"gene-223722"
"gene-6978"	2.43148071352175	4.70905193033949	25.2574143070788	5.01663528382449e-07	1.87876524220976e-05	"gene-6978"
"gene-433"	1.92811314534174	5.42918148608484	25.229136099735	5.0907296943991e-07	1.89982459753084e-05	"gene-433"
"gene-244566"	1.95054004899323	4.56582203620185	25.2152200014658	5.12759440545944e-07	1.90689140197436e-05	"gene-244566"
"gene-171811"	2.75659845572705	4.18592059481071	25.2083258044561	5.14595663322087e-07	1.90705208191419e-05	"gene-171811"
"gene-255416"	3.1199162842918	4.10318207842501	25.1899090326553	5.19533238818993e-07	1.91785691849039e-05	"gene-255416"
"gene-131251"	0.924812859666096	5.61080863834295	25.184036764109	5.21117571872623e-07	1.91785691849039e-05	"gene-131251"
"gene-5362"	1.87798874118811	1.51097728875823	25.165533450583	5.2614149793378e-07	1.92966930069782e-05	"gene-5362"
"gene-281639"	1.49228507042611	1.95971038797437	25.0247876299699	5.65979990048481e-07	2.0686471388851e-05	"gene-281639"
"gene-255049"	2.71249060181541	3.96782271716294	24.9829323411675	5.78400695638643e-07	2.10680472562076e-05	"gene-255049"
"gene-227445"	1.20331377776169	5.04950049590705	24.9498757409704	5.88403225647605e-07	2.13592379112216e-05	"gene-227445"
"gene-287217"	1.81848776959877	4.45602653260826	24.9287789285498	5.94877343520253e-07	2.15208007676238e-05	"gene-287217"
"gene-22862"	3.11805508340286	0.73792415208931	24.8949179648409	6.054181265696e-07	2.18278887938789e-05	"gene-22862"
"gene-87502"	3.88688897127938	5.45762375701514	24.8471745673148	6.20599409496729e-07	2.22996463493487e-05	"gene-87502"
"gene-211152"	2.07714583150387	5.15832005484264	24.8362220993405	6.2413551937388e-07	2.2302815431369e-05	"gene-211152"
"gene-142756"	1.74436076912599	1.72618770648378	24.8339196902122	6.24881440254603e-07	2.2302815431369e-05	"gene-142756"
"gene-185524"	2.89486174547678	3.51834573333323	24.7939297419028	6.37980669483728e-07	2.2694188630866e-05	"gene-185524"
"gene-211528"	0.853950048594841	5.12740293112755	24.7417653579421	6.55482505898299e-07	2.3239039775781e-05	"gene-211528"
"gene-32245"	2.84548999292392	3.7736173826178	24.6961179745813	6.71192328115549e-07	2.37169488433122e-05	"gene-32245"
"gene-172624"	2.61907164642007	1.4697510501501	24.6871132971142	6.74335641356532e-07	2.37491188128082e-05	"gene-172624"
"gene-273360"	2.7992065172387	3.77418764793234	24.6434142555288	6.89800804340079e-07	2.42136018315547e-05	"gene-273360"
"gene-6993"	3.33716255724326	3.69193923894808	24.5502872386461	7.23955494244143e-07	2.53289165683576e-05	"gene-6993"
"gene-171856"	2.72025512287987	2.63793895281297	24.5285682707896	7.32161849616474e-07	2.55320440410519e-05	"gene-171856"
"gene-219248"	2.75319738086342	3.47136210787982	24.4525960186869	7.61608204632823e-07	2.64108189371205e-05	"gene-219248"
"gene-59359"	1.54069240384493	5.65810654502182	24.4507758350406	7.62328075751785e-07	2.64108189371205e-05	"gene-59359"
"gene-215727"	-1.99817758309606	6.32984660092987	24.4250705767448	7.72567500066619e-07	2.66786621126901e-05	"gene-215727"
"gene-87838"	2.35984250236234	4.9590178201347	24.4013657738186	7.82132251591982e-07	2.69215489577098e-05	"gene-87838"
"gene-374700"	2.68280949907302	2.91103610846261	24.3699080184615	7.95008870444021e-07	2.717831738619e-05	"gene-374700"
"gene-242893"	-1.25158387475145	6.32169763681351	24.3691858330399	7.95306965779261e-07	2.717831738619e-05	"gene-242893"
"gene-246947"	3.04020911929271	3.47126015584339	24.364466061698	7.97257900008583e-07	2.717831738619e-05	"gene-246947"
"gene-115728"	0.979253794107864	3.96338212389752	24.3481766151237	8.04028137049112e-07	2.73215439797264e-05	"gene-115728"
"gene-218556"	1.18111495664396	4.56382614496206	24.3323455603392	8.10663092250162e-07	2.74592759527794e-05	"gene-218556"
"gene-238220"	2.60420914081917	3.55811961439168	24.2993735307355	8.24658787257716e-07	2.78446694008669e-05	"gene-238220"
"gene-259706"	2.45307821141602	5.17909753437664	24.2864567423056	8.30207421779924e-07	2.79433105634534e-05	"gene-259706"
"gene-414320"	1.66810741973418	7.89206057519608	24.2315411128234	8.54218394041115e-07	2.86607786719915e-05	"gene-414320"
"gene-229699"	2.39982842324008	4.15872134261237	24.1682262046563	8.82767411556948e-07	2.95231459107876e-05	"gene-229699"
"gene-280872"	1.61052570783607	8.19508122955367	24.1623342225222	8.85472315300981e-07	2.95231459107876e-05	"gene-280872"
"gene-78601"	2.6850378331677	5.62456143091316	24.1551383613268	8.88787082714762e-07	2.95410606617319e-05	"gene-78601"
"gene-149164"	1.9492915437737	2.31329039555671	24.1196984482192	9.0529490088563e-07	2.99960017626778e-05	"gene-149164"
"gene-70534"	2.7176095130651	0.200119952059976	24.0649879564912	9.31384658482203e-07	3.07646187193066e-05	"gene-70534"
"gene-135016"	-1.44970826397367	6.06998906685174	24.0399578434443	9.43570849074673e-07	3.10706487639573e-05	"gene-135016"
"gene-275928"	2.83094194211376	-0.333583382325859	24.0076207895591	9.59551532290129e-07	3.14993521525859e-05	"gene-275928"
"gene-363459"	2.43295973741972	4.1689840350609	23.9953777791418	9.65672505645453e-07	3.1602746984754e-05	"gene-363459"
"gene-238577"	1.07683729858926	5.4288882205221	23.8665784220093	1.03248833740626e-06	3.36857237934141e-05	"gene-238577"
"gene-285922"	2.86190781509753	4.20856497233639	23.8312568675631	1.05160865130069e-06	3.4204616560349e-05	"gene-285922"
"gene-421725"	3.44796454969777	3.87744580817335	23.7816710537779	1.07905118554876e-06	3.49902085655385e-05	"gene-421725"
"gene-39831"	1.87194240784719	5.4904251044402	23.6968318257909	1.12768023592905e-06	3.64559482958705e-05	"gene-39831"
"gene-58286"	2.82835389947308	5.72799423257726	23.6549185219843	1.15250965910318e-06	3.71457355582466e-05	"gene-58286"
"gene-534"	2.86969093749809	4.80949851453442	23.6333324379643	1.16551039650217e-06	3.7451264583677e-05	"gene-534"
"gene-26944"	1.91871291690503	8.0534703042164	23.6078793238359	1.18102923709448e-06	3.78356233907738e-05	"gene-26944"
"gene-356255"	2.5453547322613	5.33752611679131	23.5788687071281	1.19896996580867e-06	3.82950286977206e-05	"gene-356255"
"gene-122824"	-8.23015512524886	9.01692927375465	23.5679481440397	1.20579404245938e-06	3.8397680944904e-05	"gene-122824"
"gene-157744"	1.78526947536905	4.13078285008279	23.5376373369553	1.22493955214527e-06	3.88909166466183e-05	"gene-157744"
"gene-228501"	2.87743678266	1.14854037327133	23.5002880045715	1.2489506963069e-06	3.95264605334239e-05	"gene-228501"
"gene-32615"	2.53501547761733	4.40130762934124	23.4949976222875	1.25238973296012e-06	3.95264605334239e-05	"gene-32615"
"gene-290097"	2.21668459404371	3.46979687660142	23.4672127202768	1.27060796691626e-06	3.99131406465214e-05	"gene-290097"
"gene-79356"	2.62963472903989	4.42243224866596	23.4648839645746	1.27214692357755e-06	3.99131406465214e-05	"gene-79356"
"gene-367041"	2.41431125924727	3.9598348973527	23.4408345398499	1.2881497256705e-06	4.02963543595043e-05	"gene-367041"
"gene-402409"	0.838985188778257	4.04099553753675	23.4228496559561	1.30024891360084e-06	4.05555643550104e-05	"gene-402409"
"gene-37517"	2.92612238338684	6.7637026021223	23.3583054317575	1.34461674085864e-06	4.18167943151244e-05	"gene-37517"
"gene-402218"	2.54266774948265	3.76313734709101	23.2874350113625	1.39508425955218e-06	4.32031442459055e-05	"gene-402218"
"gene-280993"	2.32684685246656	2.05741190808697	23.2843569881473	1.39731869317333e-06	4.32031442459055e-05	"gene-280993"
"gene-233799"	2.30496108030306	2.58215109524369	23.1899797415288	1.46760047352153e-06	4.52446337286233e-05	"gene-233799"
"gene-198928"	2.06576651994532	3.14385657667841	23.1160064202864	1.52515772900374e-06	4.68831722707624e-05	"gene-198928"
"gene-218286"	2.82638692585731	5.60180860595824	23.1068285256798	1.53245498728751e-06	4.69717326939193e-05	"gene-218286"
"gene-259741"	2.70185849695845	3.38767461362074	23.1008626700104	1.53721715318144e-06	4.69823035667753e-05	"gene-259741"
"gene-348108"	3.06732290646027	4.04168947236225	23.0589963815066	1.57105657482503e-06	4.78789619766161e-05	"gene-348108"
"gene-189745"	3.22344130372431	2.5793099721965	23.0522117354632	1.57661035167983e-06	4.79109362870477e-05	"gene-189745"
"gene-281451"	1.09062096248516	3.43721515599936	23.042216506494	1.58482814341267e-06	4.8023453371331e-05	"gene-281451"
"gene-174050"	0.912914691332353	4.69698452760958	23.0345553517908	1.59115599992992e-06	4.80408962843054e-05	"gene-174050"
"gene-41508"	1.86890612184916	7.04462190901285	23.0305945518928	1.59443741898832e-06	4.80408962843054e-05	"gene-41508"
"gene-400657"	2.81911721406663	2.07216482678531	23.0025536737669	1.61786350083586e-06	4.8609028799125e-05	"gene-400657"
"gene-22821"	2.16766164885189	2.10802402040343	22.9682611225106	1.64698218687732e-06	4.9344514196133e-05	"gene-22821"
"gene-273987"	2.84787841107313	4.60367164416424	22.9462674072199	1.66593372198632e-06	4.97721097388948e-05	"gene-273987"
"gene-172959"	0.825968283944428	5.30604123481352	22.897918560849	1.70836746644989e-06	5.08969086082943e-05	"gene-172959"
"gene-198946"	2.88857949011763	3.5124991222605	22.881393556252	1.72311799940621e-06	5.11929693901801e-05	"gene-198946"
"gene-335727"	2.22424360026835	3.42047329414808	22.872384147657	1.73121370998746e-06	5.12902201098234e-05	"gene-335727"
"gene-280707"	1.83891032096811	3.66733552278706	22.8249930477932	1.77443101031013e-06	5.24245784046071e-05	"gene-280707"
"gene-63617"	-1.43517056874132	7.28472698156267	22.8171805921123	1.78165860407094e-06	5.24923016977799e-05	"gene-63617"
"gene-375677"	2.56757190864118	5.44011340244014	22.7992913117214	1.79832006824061e-06	5.28368294083071e-05	"gene-375677"
"gene-239506"	0.979289072313366	5.16031808121034	22.7235990537867	1.87056459231919e-06	5.46792552863788e-05	"gene-239506"
"gene-253193"	2.93610865402562	3.74320025451984	22.7228338618845	1.87130960175272e-06	5.46792552863788e-05	"gene-253193"
"gene-46835"	2.85748484173279	4.25052520347594	22.7017439422236	1.89196082918184e-06	5.51312202169263e-05	"gene-46835"
"gene-360036"	3.25290847042146	2.21450399622369	22.6844231173757	1.9090922304459e-06	5.5473541580065e-05	"gene-360036"
"gene-233280"	1.4531900210539	5.13104955383427	22.6793495735441	1.91413969160247e-06	5.5473541580065e-05	"gene-233280"
"gene-290343"	2.05902195261807	5.27773896863199	22.6625960195515	1.93090239784407e-06	5.57888627074853e-05	"gene-290343"
"gene-188322"	2.37031901082184	4.58935327040874	22.6580159339698	1.93551056215326e-06	5.57888627074853e-05	"gene-188322"
"gene-62605"	2.65641956705608	3.12524984341546	22.6226430516909	1.97147392154886e-06	5.66718827826856e-05	"gene-62605"
"gene-6435"	2.83409464311914	2.42551719836676	22.587396333209	2.00797576543161e-06	5.75655801647724e-05	"gene-6435"
"gene-32910"	1.88319626444411	6.06808568094332	22.5546631500336	2.04248148524443e-06	5.83974007447842e-05	"gene-32910"
"gene-405096"	3.47643105396579	2.11920289630253	22.5292119243358	2.06972146703032e-06	5.90175804915134e-05	"gene-405096"
"gene-327631"	2.54795034486592	4.39844089973406	22.4830158423638	2.12009877870502e-06	6.02793308090787e-05	"gene-327631"
"gene-131482"	4.17459936677002	7.99432933054903	22.4783042244159	2.12530547700306e-06	6.02793308090787e-05	"gene-131482"
"gene-92346"	3.0680820852027	8.89299604466827	22.4600921285171	2.14555214025014e-06	6.05810573447033e-05	"gene-92346"
"gene-193392"	2.12307667860924	3.60442599291606	22.4584963947337	2.14733533461387e-06	6.05810573447033e-05	"gene-193392"
"gene-170302"	2.17117279173713	3.26618511306313	22.4512143883129	2.15549169413279e-06	6.0650290102636e-05	"gene-170302"
"gene-418586"	2.87277144350707	4.09455131687288	22.4248103477938	2.18532760084111e-06	6.10250680739438e-05	"gene-418586"
"gene-216870"	2.53639487782448	3.34681891405956	22.4246949842839	2.18545886359925e-06	6.10250680739438e-05	"gene-216870"
"gene-47823"	2.00723298745877	6.86705545877747	22.424198406684	2.18602396917757e-06	6.10250680739438e-05	"gene-47823"
"gene-7331"	3.00202604248831	4.86075159529259	22.4042963846305	2.20879355709712e-06	6.14992886735208e-05	"gene-7331"
"gene-247825"	0.966870658746607	5.83267856028844	22.3453392964009	2.2776514298444e-06	6.32509154251308e-05	"gene-247825"
"gene-260566"	2.470640969059	5.57936988046284	22.3178579073596	2.31047966685403e-06	6.39086511698819e-05	"gene-260566"
"gene-388171"	2.93986823634372	0.0697675891333857	22.3154705963358	2.3133537702524e-06	6.39086511698819e-05	"gene-388171"
"gene-45480"	2.37432767172678	4.04147289330221	22.306434117022	2.32426538257692e-06	6.4043747691938e-05	"gene-45480"
"gene-21552"	2.47061542206826	2.7927305583572	22.2144928806966	2.43826331658216e-06	6.70112884629661e-05	"gene-21552"
"gene-253997"	2.17593845221977	0.540654488118027	22.197600081407	2.45981076029509e-06	6.74292454806665e-05	"gene-253997"
"gene-167083"	2.69699228286265	-0.467581946689682	22.1793060495278	2.48336105143007e-06	6.78998152776612e-05	"gene-167083"
"gene-89304"	1.40719686430984	5.18753801132343	22.1729561737032	2.49158815419497e-06	6.79500810461992e-05	"gene-89304"
"gene-227996"	1.57168479124082	5.36429925516265	22.133007456806	2.54397784565677e-06	6.92014024716251e-05	"gene-227996"
"gene-399583"	3.80845119783568	0.519594237025389	22.1064774833876	2.57937915223088e-06	6.99853996508359e-05	"gene-399583"
"gene-253843"	1.91638810393861	4.82921803690443	22.0913508950285	2.59978471033982e-06	7.03595678859397e-05	"gene-253843"
"gene-130081"	4.97908434785428	6.93719059885867	22.0775196419661	2.61858459595001e-06	7.06884917830566e-05	"gene-130081"
"gene-368072"	1.60927198289045	5.16231059546625	22.0639348120156	2.63718230046078e-06	7.09708556629796e-05	"gene-368072"
"gene-415190"	2.67135584368422	3.9980405226392	22.0601481139742	2.64238988741444e-06	7.09708556629796e-05	"gene-415190"
"gene-118590"	3.0030546257165	3.93317943379234	22.0367887900289	2.67474327329371e-06	7.16588651253196e-05	"gene-118590"
"gene-3053"	2.60967533027755	3.6358618273403	22.0242172149023	2.69231948984795e-06	7.1948517824178e-05	"gene-3053"
"gene-331776"	-1.27217720529251	4.54525597706807	22.0169328568893	2.70255666586311e-06	7.20410844564412e-05	"gene-331776"
"gene-194412"	2.62606996423891	3.42396335437978	21.9891863238731	2.74190962473432e-06	7.29073769216855e-05	"gene-194412"
"gene-41369"	2.29497769219318	4.5412282122587	21.9726423882774	2.76564698777848e-06	7.33551654913016e-05	"gene-41369"
"gene-100197"	1.18453808649121	4.07527850015347	21.9644194021675	2.77752198669961e-06	7.34868752500921e-05	"gene-100197"
"gene-271328"	1.21609102309591	6.25500979773888	21.9162875888379	2.84806349691937e-06	7.49276906031579e-05	"gene-271328"
"gene-37909"	0.870959500365763	4.46353313207806	21.9158945888418	2.84864681085483e-06	7.49276906031579e-05	"gene-37909"
"gene-173646"	1.45282915866068	5.26597904151239	21.9128879211759	2.85311345376823e-06	7.49276906031579e-05	"gene-173646"
"gene-246615"	5.10815287609196	2.53466509573089	21.897920225239	2.87545393065493e-06	7.53283941045463e-05	"gene-246615"
"gene-255225"	1.68331978891863	6.5136166544441	21.8878715827873	2.89055071365951e-06	7.55378314262471e-05	"gene-255225"
"gene-429407"	3.1189982838646	2.24917829600132	21.8234675418031	2.98921577275914e-06	7.79247523506524e-05	"gene-429407"
"gene-305917"	2.65007924888692	4.07809675386628	21.7948003285268	3.03421314515849e-06	7.87338293399587e-05	"gene-305917"
"gene-126153"	2.02234397468596	3.61341139631316	21.7942665795976	3.03505735515072e-06	7.87338293399587e-05	"gene-126153"
"gene-226987"	1.52647763808295	5.35741936910283	21.7895815814953	3.04247755524075e-06	7.87342853468143e-05	"gene-226987"
"gene-76789"	-0.594681148733609	5.66874247758016	21.7237155814498	3.14874511309787e-06	8.12865364633711e-05	"gene-76789"
"gene-146041"	0.808595203599428	6.01612592642296	21.7031882366371	3.18261894500911e-06	8.19620704579102e-05	"gene-146041"
"gene-233901"	3.86331524941353	3.24921783057663	21.6889229427169	3.20637436965113e-06	8.23743908106508e-05	"gene-233901"
"gene-299566"	2.80009550820214	3.81416745681517	21.6839231728149	3.21474232418623e-06	8.23903599037224e-05	"gene-299566"
"gene-377275"	3.25415190528556	7.27832083722434	21.674892179646	3.22991278302533e-06	8.25801739429265e-05	"gene-377275"
"gene-92106"	1.76628371433955	4.24465030861939	21.6498545029898	3.27234830871064e-06	8.34101096325958e-05	"gene-92106"
"gene-8365"	-1.69762212866556	8.35534615990479	21.6465105278324	3.27805808823101e-06	8.34101096325958e-05	"gene-8365"
"gene-305278"	0.913039156907456	4.88671599737836	21.6042373020063	3.35110674701233e-06	8.50653254444468e-05	"gene-305278"
"gene-116902"	-1.38744949144118	7.87380039142297	21.528274103733	3.48650145888016e-06	8.80873587572237e-05	"gene-116902"
"gene-198575"	2.52283074201227	0.265039355624208	21.5281526524724	3.48672226746814e-06	8.80873587572237e-05	"gene-198575"
"gene-329989"	3.93752759230457	2.97002649135394	21.520896795755	3.49993951683232e-06	8.82117457370346e-05	"gene-329989"
"gene-213608"	2.34046577453904	3.98212365417692	21.492205025658	3.55269868344765e-06	8.93297947923148e-05	"gene-213608"
"gene-179836"	2.27706147857027	4.95314444740471	21.482470080812	3.57078027540058e-06	8.94005979732272e-05	"gene-179836"
"gene-285157"	1.49838413895184	4.12679600399999	21.4816404370051	3.57232551134088e-06	8.94005979732272e-05	"gene-285157"
"gene-168880"	1.30948274957756	4.28784984465862	21.4768037991282	3.58134725866651e-06	8.94036772581917e-05	"gene-168880"
"gene-5528"	-1.60910957065768	9.54966400285111	21.4690827090863	3.59579675830873e-06	8.94036772581917e-05	"gene-5528"
"gene-166511"	1.49238344340129	6.7991215195407	21.4680862404484	3.59766583927285e-06	8.94036772581917e-05	"gene-166511"
"gene-375719"	2.73291503653781	-1.01497514592776	21.4532000095601	3.62570436076764e-06	8.9876735730375e-05	"gene-375719"
"gene-16220"	2.58396277304217	2.20780359021482	21.445136835258	3.64098295735483e-06	8.9876735730375e-05	"gene-16220"
"gene-301823"	-2.46030324667042	5.6364096823878	21.4445735295222	3.64205275477545e-06	8.9876735730375e-05	"gene-301823"
"gene-351643"	2.35692408903177	5.05043965320629	21.419441832216	3.69010373644779e-06	9.08376753751489e-05	"gene-351643"
"gene-355055"	2.82797529199231	-0.554690618216858	21.4153050671613	3.69807384707028e-06	9.08376753751489e-05	"gene-355055"
"gene-296096"	2.39418389281188	4.28612366634744	21.4041040560869	3.71974112251971e-06	9.11593699979715e-05	"gene-296096"
"gene-204870"	0.845088202890768	4.72595130326617	21.3920131444621	3.74327282057298e-06	9.15251717692282e-05	"gene-204870"
"gene-347049"	2.65534973925019	4.88811888318845	21.3700654833884	3.78637037297413e-06	9.2366594694846e-05	"gene-347049"
"gene-87275"	1.47387227066453	4.820408418259	21.3546263788631	3.81698538319124e-06	9.29003582050848e-05	"gene-87275"
"gene-118573"	3.00880294764751	3.89533200964855	21.328190090312	3.8699852252336e-06	9.39752576611521e-05	"gene-118573"
"gene-264339"	2.24465788622186	3.21436710165892	21.318056771953	3.89049587562917e-06	9.42096361817863e-05	"gene-264339"
"gene-80062"	3.70672485301386	8.30656215751904	21.3146812572365	3.89735238059289e-06	9.42096361817863e-05	"gene-80062"
"gene-170982"	1.02534183055816	3.24825847106449	21.2599168318106	4.01030205886476e-06	9.67201194967927e-05	"gene-170982"
"gene-68203"	-3.27019068809462	5.80052820154725	21.2513436969492	4.02827882742689e-06	9.69338769423357e-05	"gene-68203"
"gene-246873"	0.790288651514178	5.79526392696187	21.2301494658255	4.07306826037685e-06	9.7790415389093e-05	"gene-246873"
"gene-285657"	2.092773031065	4.20958343243157	21.2110365302455	4.11388772481764e-06	9.85479951377488e-05	"gene-285657"
"gene-121573"	2.39747615990845	4.3139718530048	21.1745461042264	4.19296385151437e-06	0.000100216547246532	"gene-121573"
"gene-194848"	-2.94009921114137	4.38153862938364	21.1529140048805	4.24055973245348e-06	0.000101126890839406	"gene-194848"
"gene-329082"	1.25488744529505	4.85120752630272	21.106307301325	4.34495645691768e-06	0.000103384690997263	"gene-329082"
"gene-356770"	3.00339741329788	4.48968441541379	21.081132507146	4.40241564522138e-06	0.000104329324078252	"gene-356770"
"gene-258951"	0.751393281183264	5.75229757868893	21.0803234774664	4.40427477539819e-06	0.000104329324078252	"gene-258951"
"gene-92073"	2.3219707871682	4.23667278965624	21.0675867610442	4.433647492221e-06	0.000104730582081226	"gene-92073"
"gene-246959"	3.19597081518559	3.39416354703268	21.0644516846918	4.44090753277856e-06	0.000104730582081226	"gene-246959"
"gene-16211"	2.39889304102485	3.26645599505138	21.0474073241697	4.48058719980429e-06	0.000105432578444952	"gene-16211"
"gene-228118"	-1.05576206953984	7.55657890007017	21.0075114827304	4.57486239363986e-06	0.000107413325427712	"gene-228118"
"gene-321850"	1.53703011198592	1.36002653225162	20.9558591439886	4.69988199153365e-06	0.000110105605422802	"gene-321850"
"gene-99832"	2.07005860961275	3.59392687252657	20.918528584263	4.79236637360412e-06	0.000112025513735502	"gene-99832"
"gene-49788"	2.11132599863173	3.51775084870616	20.9102829184287	4.81303958119882e-06	0.000112178037610897	"gene-49788"
"gene-39698"	1.96909161820812	2.60109837927973	20.9075205582297	4.8199852565043e-06	0.000112178037610897	"gene-39698"
"gene-300864"	1.32475415502547	6.30215600731424	20.8617273670827	4.9366043424856e-06	0.00011451521852123	"gene-300864"
"gene-217093"	5.72748084109445	4.71528029865577	20.8596578369034	4.94194107758973e-06	0.00011451521852123	"gene-217093"
"gene-410209"	3.30598889878341	3.83393795404511	20.8506366830392	4.96527180311684e-06	0.000114805719343371	"gene-410209"
"gene-286491"	2.21549350445869	4.17687183364327	20.7542355145479	5.22159625394756e-06	0.000120470494049862	"gene-286491"
"gene-146747"	0.966518419382896	2.80171903127335	20.7330638532004	5.279645737588e-06	0.000121485363521217	"gene-146747"
"gene-101771"	2.41857141099093	4.94415990148672	20.7298810642856	5.2884282916814e-06	0.000121485363521217	"gene-101771"
"gene-51133"	-1.13564872647715	5.89052556211371	20.7190137961904	5.31852596866501e-06	0.000121913453023106	"gene-51133"
"gene-27484"	2.69198983551848	3.91800691062028	20.6852729127655	5.41307372602833e-06	0.000123800580480688	"gene-27484"
"gene-158197"	4.1324729935559	3.72890591052574	20.6813652020187	5.4241322399399e-06	0.000123800580480688	"gene-158197"
"gene-75184"	0.82432937561935	5.21546663074345	20.6727843266762	5.44849507030413e-06	0.000124090350252151	"gene-75184"
"gene-231540"	-1.30624623374522	9.12082900771205	20.6649620819799	5.47079967745277e-06	0.000124167874543301	"gene-231540"
"gene-9713"	0.907409623854129	6.26218245003953	20.6634060305327	5.4752475705912e-06	0.000124167874543301	"gene-9713"
"gene-426158"	-1.63772730138172	8.28454141120571	20.6581281369417	5.49036120963762e-06	0.00012424570601214	"gene-426158"
"gene-141064"	1.58046173040725	4.34003868741153	20.6483225289197	5.51855154451072e-06	0.000124618501544408	"gene-141064"
"gene-11239"	1.25291025469369	4.8417789284443	20.5101600506634	5.93155662140804e-06	0.000133522190656727	"gene-11239"
"gene-26305"	0.964117235599141	3.36846198517203	20.5080992347442	5.93794623736667e-06	0.000133522190656727	"gene-26305"
"gene-245448"	-0.990709400438095	6.82475885442138	20.451070070487	6.1175342948107e-06	0.000137270242108875	"gene-245448"
"gene-53026"	2.20345253381769	1.76129834915459	20.4437218726337	6.14106725464409e-06	0.000137508192253462	"gene-53026"
"gene-181931"	2.06099214032091	3.50096105114759	20.3628057449112	6.40629296937339e-06	0.00014314565550894	"gene-181931"
"gene-130665"	1.208265603729	7.92437246982802	20.3543649359962	6.43461406536969e-06	0.000143477054925099	"gene-130665"
"gene-285765"	2.7248326172581	3.49691441331836	20.2919482954011	6.64797601650263e-06	0.000147924420316992	"gene-285765"
"gene-228465"	-1.49539227100213	6.65075077951744	20.2661248609494	6.7383132741369e-06	0.000149621503097537	"gene-228465"
"gene-332616"	0.730973002438931	5.83154075906623	20.2576702302016	6.76815678149353e-06	0.000149971074016594	"gene-332616"
"gene-186211"	-2.59671882402043	3.98928135863546	20.2329933219815	6.85602331080825e-06	0.000151602211920492	"gene-186211"
"gene-414371"	1.99045060214089	3.11085289548544	20.1936001056173	6.99866914271918e-06	0.000154435363074608	"gene-414371"
"gene-285630"	3.42900662158265	1.96256940383012	20.1699612890923	7.08569350620987e-06	0.000156031958865524	"gene-285630"
"gene-82274"	0.959966324036129	4.2862697907416	20.158045174097	7.12997267042833e-06	0.000156682622567512	"gene-82274"
"gene-79174"	-4.47374989227911	2.09269972386139	20.1342212563625	7.21933469384625e-06	0.000157783891319752	"gene-79174"
"gene-295673"	2.54487807993966	4.54799610863189	20.1341653998071	7.21954552392389e-06	0.000157783891319752	"gene-295673"
"gene-40060"	2.11519917875509	4.86789223723776	20.1328290285962	7.22459148859715e-06	0.000157783891319752	"gene-40060"
"gene-187157"	2.14549138467259	5.18871215342787	20.1006950155933	7.34699723096759e-06	0.000160128406861826	"gene-187157"
"gene-392368"	3.35766494412688	3.82703980698989	20.0911763930367	7.3836539437539e-06	0.000160473294451179	"gene-392368"
"gene-188385"	2.75435137449613	4.9328753390285	20.0887579185744	7.39299682973653e-06	0.000160473294451179	"gene-188385"
"gene-79630"	1.8775368361886	3.93795669078623	20.0744955467421	7.44833611621596e-06	0.000161345219820922	"gene-79630"
"gene-326993"	-1.84067632050475	7.38465878164333	20.04345997716	7.5701981816417e-06	0.000163540762838217	"gene-326993"
"gene-249966"	2.18965268560628	3.9089196575548	20.0404793890394	7.58200637500269e-06	0.000163540762838217	"gene-249966"
"gene-22"	1.85582479484629	2.19530685950452	20.0369986153439	7.59581956018043e-06	0.000163540762838217	"gene-22"
"gene-310012"	-1.60873847526989	8.10380344167526	20.0274418784355	7.63387478164133e-06	0.000163786952605473	"gene-310012"
"gene-286539"	2.12937837314847	3.06182235456347	20.0263956010186	7.63805269766027e-06	0.000163786952605473	"gene-286539"
"gene-147790"	2.44309002245559	5.226403932292	19.9802383754094	7.82466674581094e-06	0.000167451017119608	"gene-147790"
"gene-105237"	1.89295057186698	0.735939648110536	19.9600792198015	7.90760001702694e-06	0.000168886011608632	"gene-105237"
"gene-334373"	-1.33505332077809	3.07090670764003	19.947013767238	7.96182104684718e-06	0.000169487581104266	"gene-334373"
"gene-205721"	1.45813212458988	4.29399948958231	19.945294358942	7.96898424873491e-06	0.000169487581104266	"gene-205721"
"gene-300570"	2.09672805850776	4.9163399894457	19.9417974596153	7.98357259620506e-06	0.000169487581104266	"gene-300570"
"gene-305087"	0.763924306278221	3.51808719725467	19.9073131903395	8.12887758289153e-06	0.00017222856966461	"gene-305087"
"gene-420365"	2.325566917368	1.24836440731563	19.8779123142368	8.25485792472468e-06	0.000174550037549447	"gene-420365"
"gene-361821"	2.83253415812308	3.79620439226311	19.8512462599999	8.37081416312148e-06	0.00017665075285508	"gene-361821"
"gene-328809"	1.15968276292886	3.87010544819852	19.8395351296679	8.42225498587316e-06	0.000177227744473703	"gene-328809"
"gene-344117"	2.52910928187191	1.79216749115934	19.8347899600595	8.44318825360623e-06	0.000177227744473703	"gene-344117"
"gene-190490"	2.97076967894664	5.26417696512025	19.8336681706521	8.44814464537116e-06	0.000177227744473703	"gene-190490"
"gene-237342"	1.33049841770043	4.83274447284166	19.8269605245678	8.47784198762894e-06	0.000177500644449648	"gene-237342"
"gene-183629"	2.26874843360166	3.77222180246888	19.8099895072922	8.55344813342459e-06	0.000178447000373507	"gene-183629"
"gene-194202"	2.50635808608077	3.61168839349645	19.8092858698279	8.5565974229493e-06	0.000178447000373507	"gene-194202"
"gene-115297"	0.840808877116506	6.50869853466734	19.7897855799616	8.64434012045673e-06	0.000179924073426962	"gene-115297"
"gene-353046"	1.83042767577049	4.91941375727423	19.7516085869626	8.81874385518562e-06	0.000182857191003762	"gene-353046"
"gene-299231"	3.02249023766706	3.4673331194674	19.7514134077657	8.81964450779709e-06	0.000182857191003762	"gene-299231"
"gene-172049"	2.63707470284622	2.16817459705748	19.7257795770352	8.93873770966937e-06	0.000184965786537049	"gene-172049"
"gene-348484"	2.53858824262287	4.19058334900084	19.7157314397864	8.98586003446476e-06	0.000185579820051587	"gene-348484"
"gene-49913"	3.20981238448034	0.497895884662041	19.7112449664563	9.00698052232701e-06	0.000185655513247035	"gene-49913"
"gene-195350"	0.785104280999916	3.49818874375791	19.6697261127273	9.20481466751885e-06	0.000189130249228513	"gene-195350"
"gene-191915"	2.67106147712717	4.92928364052934	19.6684176730821	9.21111969728935e-06	0.000189130249228513	"gene-191915"
"gene-351343"	0.762789876819057	5.27944941033122	19.6258881884298	9.41843645153395e-06	0.000193014431789046	"gene-351343"
"gene-341214"	1.42268073046986	7.36284851584547	19.6111198140281	9.49151785777225e-06	0.00019384233035898	"gene-341214"
"gene-157376"	0.775971358669169	7.27891295013978	19.6103615889402	9.49528526861871e-06	0.00019384233035898	"gene-157376"
"gene-414094"	1.26914006027726	4.13771365105588	19.6017063095624	9.53839749781599e-06	0.000194349417216036	"gene-414094"
"gene-205337"	2.20173963516537	3.91611832422835	19.5859038791597	9.61761754525056e-06	0.000195588872296912	"gene-205337"
"gene-365609"	1.17285680431076	5.07824897431843	19.5775929741412	9.65954614456506e-06	0.00019606666563663	"gene-365609"
"gene-328642"	2.67245378791901	3.10424058690097	19.5588883575262	9.75458370339422e-06	0.000197477376318142	"gene-328642"
"gene-170744"	2.34649935195449	3.20980320035538	19.5566184183813	9.76618088974642e-06	0.000197477376318142	"gene-170744"
"gene-132117"	2.61291297614572	5.94479123239966	19.5476967362821	9.81189631803854e-06	0.000198025292672975	"gene-132117"
"gene-76840"	2.62224847558134	3.85681262025954	19.5144320368532	9.98424958783651e-06	0.000201122118591343	"gene-76840"
"gene-357892"	2.49694968816902	3.842349997952	19.4917669833668	1.01034213408166e-05	0.000203137976145416	"gene-357892"
"gene-409369"	2.21855623287484	4.67364522519242	19.4567159370146	1.02905365751061e-05	0.00020650971134496	"gene-409369"
"gene-194467"	2.37036166453184	3.25983049216253	19.4215812184892	1.04815908009735e-05	0.00020977225837472	"gene-194467"
"gene-104716"	2.89133139366063	3.53977613015771	19.4195840142827	1.04925574892207e-05	0.00020977225837472	"gene-104716"
"gene-219977"	1.5144190488486	3.06472750241791	19.3895748049262	1.06587326654232e-05	0.000212046284909333	"gene-219977"
"gene-10177"	0.725379054131402	6.05024528741868	19.3891671187931	1.06610083168435e-05	0.000212046284909333	"gene-10177"
"gene-116890"	-1.71718208297334	6.1981267469676	19.3882531853687	1.06661115481848e-05	0.000212046284909333	"gene-116890"
"gene-89219"	-1.40742453392029	7.85820851254198	19.3779784977499	1.07236525344749e-05	0.000212792478277379	"gene-89219"
"gene-275811"	1.27339513999459	4.26551327071155	19.3515377297682	1.08731651404944e-05	0.000215357512913032	"gene-275811"
"gene-126583"	1.11583473506495	4.49291446265503	19.2941477677185	1.120492593708e-05	0.000221515970756102	"gene-126583"
"gene-402584"	3.1366742159015	1.60841728483916	19.2817372825698	1.12779949339345e-05	0.000221868269341317	"gene-402584"
"gene-152989"	-1.37678282188452	7.04770885412942	19.2815675869622	1.12789973566856e-05	0.000221868269341317	"gene-152989"
"gene-65802"	0.917516523503561	4.83349704905031	19.2804964876457	1.12853265996289e-05	0.000221868269341317	"gene-65802"
"gene-324167"	2.9002929785325	2.84789876377531	19.2760476391469	1.13116535248908e-05	0.000221975547768891	"gene-324167"
"gene-348472"	2.7419623884237	4.24519430727876	19.267737161468	1.13609977072247e-05	0.000222533281057167	"gene-348472"
"gene-330422"	-1.22148699312994	9.33807433409103	19.2388369652686	1.15342840956314e-05	0.000225512216252088	"gene-330422"
"gene-348880"	2.43489692142385	3.84816661457642	19.2311245693626	1.15809748401257e-05	0.000226009630090966	"gene-348880"
"gene-294684"	2.23959601823843	3.77130114979618	19.219691737024	1.16505385022734e-05	0.000226950782985678	"gene-294684"
"gene-214212"	2.608723270334	3.65812992350515	19.1824458625665	1.18800864458049e-05	0.000230999267710386	"gene-214212"
"gene-47360"	2.72036727923077	3.95752979130408	19.1785343272775	1.19044554083999e-05	0.000231050707525075	"gene-47360"
"gene-37544"	2.83882051411392	3.67528234721151	19.1573594484016	1.2037249476979e-05	0.00023317169996856	"gene-37544"
"gene-305392"	3.1555572694633	3.41961092675165	19.1541381250514	1.2057581325941e-05	0.00023317169996856	"gene-305392"
"gene-419420"	1.7732789986391	3.81128753910899	19.128193445846	1.22225973914505e-05	0.000235933840028071	"gene-419420"
"gene-223746"	5.81733919801749	7.46202462330797	19.1067940112267	1.23604097531253e-05	0.000238161808214204	"gene-223746"
"gene-366123"	2.35443753875012	5.29726724826586	19.0670653774107	1.26204134276545e-05	0.000242731857534419	"gene-366123"
"gene-15837"	1.8370939045439	2.41184838593711	19.0609581741989	1.26608661652417e-05	0.000243070347533413	"gene-15837"
"gene-48990"	1.07339058131974	4.2946073527369	19.0575080497726	1.26837765449862e-05	0.000243071436635087	"gene-48990"
"gene-124865"	4.71484731917281	0.544055257784255	19.0250614300988	1.29012840552368e-05	0.000246379086739645	"gene-124865"
"gene-302907"	1.84984926188961	3.7812131440406	19.0248515372968	1.29027032074071e-05	0.000246379086739645	"gene-302907"
"gene-183541"	2.80318516917734	3.04257292635813	19.0075278901646	1.30203759907378e-05	0.000248180500067182	"gene-183541"
"gene-68417"	0.823473633882293	5.62989699825806	18.9995906037176	1.30746503248217e-05	0.000248769196520222	"gene-68417"
"gene-228255"	1.86680129652538	2.73177051491801	18.9681323119227	1.32920028910152e-05	0.000252453112051497	"gene-228255"
"gene-9379"	2.64492597534028	3.95456252918317	18.9618702017834	1.33357004150327e-05	0.000252728649499142	"gene-9379"
"gene-180052"	-2.09092445334649	5.56410718041688	18.9592490882817	1.33540335669912e-05	0.000252728649499142	"gene-180052"
"gene-270837"	1.36982189816608	3.41033951055277	18.9459304797295	1.34475812321712e-05	0.000253653039153876	"gene-270837"
"gene-140566"	0.770321313695606	5.42210491568374	18.9455058093685	1.34505748479491e-05	0.000253653039153876	"gene-140566"
"gene-206715"	2.5364874609619	3.89310668409808	18.9323961564401	1.35433182907335e-05	0.000254949970513701	"gene-206715"
"gene-212229"	-3.49817147230731	6.79754893243235	18.9288698071736	1.3568374661331e-05	0.000254970376144729	"gene-212229"
"gene-27768"	2.18632313676377	2.33332069709071	18.9194713334166	1.36353828672917e-05	0.000255404702299288	"gene-27768"
"gene-38262"	0.946375278992747	5.37813503518618	18.9188934256443	1.36395140001876e-05	0.000255404702299288	"gene-38262"
"gene-204771"	1.16213588238164	5.19530496098116	18.8943613364317	1.38160440446532e-05	0.000258255614163323	"gene-204771"
"gene-353013"	-1.51407381210471	6.31443644587575	18.8877412569636	1.38640732894715e-05	0.000258698742994419	"gene-353013"
"gene-269822"	1.41736463144385	2.13479716319429	18.8719652851513	1.39792063600421e-05	0.000260006894583528	"gene-269822"
"gene-218834"	-1.20145445067879	6.76609291772029	18.8704518438751	1.39903018100573e-05	0.000260006894583528	"gene-218834"
"gene-31203"	2.74846546027864	1.81766482528842	18.8681060452483	1.40075169797256e-05	0.000260006894583528	"gene-31203"
"gene-17262"	-2.32462591693639	7.89136882788306	18.8589255394405	1.40750949854805e-05	0.000260806115445246	"gene-17262"
"gene-426041"	1.66779463481547	0.335038904071042	18.8409133700937	1.42086360924567e-05	0.000262630855637881	"gene-426041"
"gene-288903"	2.57521562998292	3.45253847862679	18.8389918260413	1.4222957206414e-05	0.000262630855637881	"gene-288903"
"gene-349411"	4.01394512636313	2.62277609882388	18.8308999874956	1.42834242700336e-05	0.00026329029555646	"gene-349411"
"gene-260493"	2.85316935319287	-0.795685269983186	18.8136707963768	1.4413032605473e-05	0.00026521974877476	"gene-260493"
"gene-189077"	1.16384207080736	4.91059410889624	18.8074213834435	1.44603358138985e-05	0.000265630624726467	"gene-189077"
"gene-60444"	3.53420477959704	0.643571135219479	18.8021176063811	1.45006035903328e-05	0.000265911068597896	"gene-60444"
"gene-101990"	2.72219071563388	3.95193349852144	18.7925824636397	1.45732805434068e-05	0.0002667838414108	"gene-101990"
"gene-206132"	2.66045170063839	4.13000870785659	18.7808151957294	1.46634753125916e-05	0.000267973751588874	"gene-206132"
"gene-113964"	-1.68794832696421	3.3846323461956	18.7718552772459	1.47325278627775e-05	0.000268773870237566	"gene-113964"
"gene-218159"	2.70889359413581	6.48834360518637	18.7643361531638	1.47907284404702e-05	0.000269373609063084	"gene-218159"
"gene-422359"	2.65449658896513	0.049482057999535	18.7438353595365	1.49505873818215e-05	0.000271660435584372	"gene-422359"
"gene-166391"	4.92754693875136	7.13849780175141	18.7416950752542	1.49673763870291e-05	0.000271660435584372	"gene-166391"
"gene-402869"	1.02672673042989	4.08673451474814	18.7377751636738	1.49981744152754e-05	0.000271755678161616	"gene-402869"
"gene-174508"	1.55719701591698	4.66881210302568	18.7264204017833	1.50877463982767e-05	0.000272900079301444	"gene-174508"
"gene-51064"	1.92392872330453	4.84056630280505	18.723275461472	1.51126501230303e-05	0.000272900079301444	"gene-51064"
"gene-334058"	2.05551414448529	5.16203169953875	18.719577024354	1.51419896327988e-05	0.000272966443617708	"gene-334058"
"gene-328666"	-2.55187701965397	8.0182376225689	18.7105120825699	1.52141435274691e-05	0.000273803097391136	"gene-328666"
"gene-200848"	1.72471343402279	3.25236694785691	18.6982671729326	1.53121575098719e-05	0.000275101532559117	"gene-200848"
"gene-164804"	1.28687781436877	5.87125755402159	18.6932537436256	1.53524701015484e-05	0.000275360661045648	"gene-164804"
"gene-416888"	2.69339451938884	3.34061790398919	18.6754216703916	1.54967222444844e-05	0.000277480029953427	"gene-416888"
"gene-21008"	1.31214080391769	4.18840466163639	18.6521093866868	1.56873617064033e-05	0.000280421477494631	"gene-21008"
"gene-263699"	1.3724574258277	3.19615350185141	18.6277466548557	1.5889109126755e-05	0.000283551283006991	"gene-263699"
"gene-26356"	1.9150959931451	5.67906045418636	18.6169458642579	1.59793821301884e-05	0.000284513046770884	"gene-26356"
"gene-185530"	2.71013393090836	4.96729309504498	18.6149043828287	1.59965026296529e-05	0.000284513046770884	"gene-185530"
"gene-61009"	1.45962941807819	-0.127171402047314	18.6074330555986	1.60593167589876e-05	0.000285153410765596	"gene-61009"
"gene-211137"	-2.28095550312449	9.72172256985995	18.5699500173949	1.63782093696684e-05	0.000289649011731348	"gene-211137"
"gene-77340"	1.72557700742451	5.0972729487312	18.5692333560231	1.63843680446799e-05	0.000289649011731348	"gene-77340"
"gene-291112"	1.56013068848681	3.16477732915454	18.5680898768155	1.63941994229288e-05	0.000289649011731348	"gene-291112"
"gene-186151"	3.0763197395446	4.23459363799814	18.5632397527672	1.64359656155777e-05	0.000289905357027005	"gene-186151"
"gene-217111"	4.25138047216636	8.14492395837706	18.5508621255703	1.65430389545831e-05	0.000291310864769778	"gene-217111"
"gene-71829"	2.40312904907535	3.08040125625019	18.5188345969635	1.68233582375021e-05	0.000294887277355224	"gene-71829"
"gene-250797"	1.06443150064816	3.6896436296686	18.5182976900227	1.68280979266843e-05	0.000294887277355224	"gene-250797"
"gene-304818"	0.811463417722079	3.97347293238065	18.5181600266286	1.68293134030295e-05	0.000294887277355224	"gene-304818"
"gene-174924"	1.0936989296204	4.9944212873854	18.5045603100407	1.69498255728523e-05	0.000296359248834284	"gene-174924"
"gene-33009"	0.582161331777569	5.54869829226059	18.502400184148	1.6969046872892e-05	0.000296359248834284	"gene-33009"
"gene-143631"	-2.02614465168651	7.94390363535771	18.4896247654904	1.70831740037409e-05	0.000297863342137357	"gene-143631"
"gene-163139"	1.63209772564365	2.52178332350045	18.484430909057	1.71297926338002e-05	0.000298187355897052	"gene-163139"
"gene-237273"	0.939254266065942	3.25100028120835	18.4720305501003	1.7241612272951e-05	0.000299643444665207	"gene-237273"
"gene-13008"	0.834002946099201	4.19415829627766	18.4584639910905	1.73647881439669e-05	0.000301291821695321	"gene-13008"
"gene-411613"	1.27182013927452	4.03921126056353	18.4369414349368	1.75620155963741e-05	0.000304217586128721	"gene-411613"
"gene-147032"	-2.5802414239526	3.28821256839374	18.431997419933	1.76076382427896e-05	0.00030451193552896	"gene-147032"
"gene-267435"	-2.05807583078137	8.02124561784113	18.4102478247456	1.78097584039094e-05	0.000306797144995544	"gene-267435"
"gene-267803"	0.955425096392535	3.96714096333894	18.4087898411055	1.78233905831211e-05	0.000306797144995544	"gene-267803"
"gene-283338"	-1.67377565734941	9.16300841593295	18.4084777257827	1.78263102300909e-05	0.000306797144995544	"gene-283338"
"gene-347420"	2.65311567439932	5.47500230642658	18.4017688326494	1.78891840812367e-05	0.000307381844730264	"gene-347420"
"gene-117182"	0.784170141653238	4.6766675004338	18.3952736223563	1.79502675813683e-05	0.000307933945153925	"gene-117182"
"gene-146981"	0.662876455423376	6.35760879711878	18.3919620279613	1.79814917093919e-05	0.000307972859615285	"gene-146981"
"gene-117535"	2.28726451980297	1.68458055805169	18.3877615079672	1.80211757819024e-05	0.000308156311280248	"gene-117535"
"gene-151356"	0.725365974432762	5.00211365322931	18.3315507268141	1.85607668134244e-05	0.000316873701167868	"gene-151356"
"gene-125960"	2.76144256640547	0.89075806400981	18.3082269717961	1.87893985701157e-05	0.000319537625474451	"gene-125960"
"gene-254128"	-0.656112131492637	6.37276035786033	18.3081422168307	1.87902345210822e-05	0.000319537625474451	"gene-254128"
"gene-385482"	2.88919825505472	3.18492925227622	18.3064498582813	1.88069343312342e-05	0.000319537625474451	"gene-385482"
"gene-358511"	2.75711701718346	4.19044056421179	18.3008847154178	1.88619550973265e-05	0.000319961330805685	"gene-358511"
"gene-275916"	0.983950278423372	6.42000300930222	18.2890600032287	1.89793996024211e-05	0.00032144091428559	"gene-275916"
"gene-198802"	1.34982278174655	3.9986275483248	18.284078572543	1.90290954495136e-05	0.000321770205407038	"gene-198802"
"gene-105043"	1.32534988088034	1.35411982451547	18.2769073253546	1.91008670217753e-05	0.000322471145466034	"gene-105043"
"gene-330657"	2.66774283208111	4.67267400692448	18.2549487695563	1.93223291804404e-05	0.000325693016106441	"gene-330657"
"gene-375820"	2.30665281452803	2.92637933517675	18.2495211387449	1.93774657862107e-05	0.000326105579275532	"gene-375820"
"gene-309768"	0.998248086941939	4.61975148621212	18.2421287518649	1.94528156952306e-05	0.000326856473514174	"gene-309768"
"gene-90503"	0.989435157816115	5.60452782857234	18.2384013181314	1.94909206340469e-05	0.000326980176441203	"gene-90503"
"gene-332033"	1.29940573748042	4.60138466551506	18.2279539194646	1.95981227581672e-05	0.000327316622476093	"gene-332033"
"gene-29073"	2.14284770240525	-1.22629671984481	18.2275284175399	1.96025014206045e-05	0.000327316622476093	"gene-29073"
"gene-204245"	2.14789699527668	3.63509106098721	18.2274509188311	1.96032990332147e-05	0.000327316622476093	"gene-204245"
"gene-130096"	4.57727906700114	6.46056228998616	18.2223153674324	1.9656226585777e-05	0.000327685934116495	"gene-130096"
"gene-190972"	-1.16573055049394	7.12969241631786	18.2155461231774	1.97262105429959e-05	0.000328337989570117	"gene-190972"
"gene-239938"	1.26985365365769	7.30306469347739	18.1987352936449	1.9901094268296e-05	0.000330731310371245	"gene-239938"
"gene-39728"	2.33377439861175	3.55920120203444	18.1942930642746	1.99475665713834e-05	0.00033098645562127	"gene-39728"
"gene-289528"	-1.43917775455305	8.4639537401436	18.1842935852705	2.00525752446077e-05	0.000332210576793844	"gene-289528"
"gene-37215"	1.70944693216895	2.250912225635	18.1657526549899	2.02487529797413e-05	0.000334938937313418	"gene-37215"
"gene-275170"	0.72412161206409	4.39699347826054	18.1593499174823	2.03169459556999e-05	0.000335545088796312	"gene-275170"
"gene-57796"	2.08855950039716	-1.06586350271167	18.1414510893923	2.05088056672218e-05	0.00033818861562259	"gene-57796"
"gene-81834"	0.618239822628101	6.72122904032163	18.1288859146161	2.06445797248623e-05	0.000339900541723894	"gene-81834"
"gene-119863"	1.77553136985807	9.90110908110656	18.1240614793376	2.0696950168658e-05	0.000340236108182143	"gene-119863"
"gene-229684"	2.58211535997785	3.95524044057959	18.1199981201622	2.07411624750265e-05	0.000340436734698119	"gene-229684"
"gene-188072"	2.02803319198395	6.03427977604998	18.1133726734997	2.08134557384303e-05	0.000340698982075716	"gene-188072"
"gene-170750"	1.71765277165089	2.93204502678348	18.1122307500846	2.08259413355362e-05	0.000340698982075716	"gene-170750"
"gene-233784"	2.51349272796688	0.834072547582102	18.1097366286419	2.0853237808508e-05	0.000340698982075716	"gene-233784"
"gene-79518"	2.17475533570983	6.07621609012625	18.0656899342522	2.13412653681432e-05	0.000348137574318361	"gene-79518"
"gene-84721"	-1.3289035686182	8.4786297516577	18.050159772888	2.15160586658845e-05	0.00035045145477848	"gene-84721"
"gene-20981"	2.36807441880071	3.65876295797141	18.0331483049872	2.17091753296754e-05	0.000353056251997595	"gene-20981"
"gene-31388"	1.76736117791267	3.23270980860409	18.0236748418266	2.18174734022262e-05	0.000353302430529685	"gene-31388"
"gene-118718"	1.5444160222769	1.80958954390812	18.0200296183887	2.18592890747902e-05	0.000353302430529685	"gene-118718"
"gene-212345"	1.01980399664747	3.50514266987612	18.0197148510733	2.18629036586471e-05	0.000353302430529685	"gene-212345"
"gene-50706"	1.77425819340591	3.29808689765813	18.0180800699383	2.1881686086154e-05	0.000353302430529685	"gene-50706"
"gene-289689"	1.74242135850672	0.280791758533937	18.0173220489164	2.18904006881405e-05	0.000353302430529685	"gene-289689"
"gene-38146"	1.23621689656612	8.46336673502702	18.0113625452578	2.19590358091687e-05	0.000353873189191392	"gene-38146"
"gene-280481"	2.92560616865095	2.23971166460535	17.983343718042	2.22846355885103e-05	0.000358495941689153	"gene-280481"
"gene-194476"	2.5725895762757	4.09063187478968	17.9808963521675	2.23133051333414e-05	0.000358495941689153	"gene-194476"
"gene-301715"	1.4428505074571	5.3516396025497	17.9624595919868	2.25304761150769e-05	0.000361439131161324	"gene-301715"
"gene-64360"	-1.06399693349356	9.42465021741521	17.9583848931227	2.25787587831169e-05	0.000361668190387396	"gene-64360"
"gene-187663"	2.53858632524424	3.19347456540104	17.9512787293902	2.26632113144564e-05	0.000362475060963245	"gene-187663"
"gene-296534"	0.77382255900011	5.15434860259784	17.934601939017	2.2862653558052e-05	0.000365115890755917	"gene-296534"
"gene-192881"	4.90894942982734	2.50961433295507	17.9286819300283	2.29338758604214e-05	0.000365704203375476	"gene-192881"
"gene-24426"	2.27799376869568	-0.477387913873683	17.9229573650544	2.30029588194451e-05	0.000365801483849748	"gene-24426"
"gene-254289"	0.860010876749474	3.99812732517354	17.9223436878746	2.3010376955784e-05	0.000365801483849748	"gene-254289"
"gene-239983"	1.51138537526968	0.702492607482871	17.9196344679302	2.30431547742883e-05	0.000365801483849748	"gene-239983"
"gene-291432"	3.03119564413569	3.46534808781589	17.898172331222	2.33044803405254e-05	0.000369116799797137	"gene-291432"
"gene-345162"	-0.993990597797779	7.7096504857274	17.8967904937191	2.33214074335912e-05	0.000369116799797137	"gene-345162"
"gene-352289"	0.89067936006028	4.07476736336496	17.8865664710348	2.34470330597272e-05	0.000370553705235153	"gene-352289"
"gene-124877"	4.20114990767668	0.621323253221049	17.8807969876805	2.35182242981119e-05	0.000371127349606407	"gene-124877"
"gene-106467"	-0.795437854965888	5.50790516226975	17.865333085931	2.37101106484264e-05	0.000373462330099758	"gene-106467"
"gene-226923"	2.55827835528041	3.19077120706242	17.8632228644096	2.3736417370011e-05	0.000373462330099758	"gene-226923"
"gene-180633"	-3.10036178110836	1.36920076460334	17.8552481881355	2.38360974317405e-05	0.000374476709429826	"gene-180633"
"gene-39635"	2.91775728054799	-1.13832394875907	17.805391666177	2.44688884572424e-05	0.000383851176447243	"gene-39635"
"gene-363160"	1.89764686045775	4.06120628345036	17.7923748722362	2.46368617301133e-05	0.000385917027041951	"gene-363160"
"gene-170229"	1.86169296445283	1.48341433665609	17.7856437415664	2.47241765868661e-05	0.000386715209085158	"gene-170229"
"gene-84239"	-0.864330339859365	7.33685205296767	17.7819614914838	2.47720734893944e-05	0.000386895409153008	"gene-84239"
"gene-145387"	2.41493066454483	3.52065913544558	17.7746222007962	2.48678176706189e-05	0.000387786336014459	"gene-145387"
"gene-305344"	0.760206092328724	5.90575696234555	17.7720059819803	2.49020371848322e-05	0.000387786336014459	"gene-305344"
"gene-101822"	-0.97032686469722	7.61075539093649	17.7572093422722	2.50964661325259e-05	0.000390242710212786	"gene-101822"
"gene-141463"	0.723703703420487	5.62546162599111	17.7304043495518	2.54525787045444e-05	0.000395202375330708	"gene-141463"
"gene-171982"	0.961012854875571	3.44549148302783	17.7257756910055	2.55145839611983e-05	0.000395587631211815	"gene-171982"
"gene-281940"	2.01896257750459	2.73868814426483	17.7166585752658	2.56371606190433e-05	0.000396884418235128	"gene-281940"
"gene-199548"	1.72721246177068	2.13100202407589	17.7116607444355	2.57046057451698e-05	0.000396884418235128	"gene-199548"
"gene-156891"	1.55671151482853	5.86000495387575	17.7112490371097	2.5710169628056e-05	0.000396884418235128	"gene-156891"
"gene-227403"	2.46368447863067	3.94160945684594	17.7058395752047	2.57833865239519e-05	0.000397419569767876	"gene-227403"
"gene-402818"	2.11283011533035	3.50681964026517	17.7031721035469	2.58195677613391e-05	0.000397419569767876	"gene-402818"
"gene-407547"	2.48126356762834	1.02035456478729	17.688803941935	2.60153349641958e-05	0.000399854194623101	"gene-407547"
"gene-58644"	0.996295934183323	5.06638682800339	17.6758191871558	2.61935359019966e-05	0.00040163814108788	"gene-58644"
"gene-400932"	1.06727546007348	5.06969815072749	17.6748470613037	2.62069264681261e-05	0.00040163814108788	"gene-400932"
"gene-38885"	-1.71952160702262	8.98596287667665	17.6590055845833	2.64261071117677e-05	0.000404414496749297	"gene-38885"
"gene-29178"	1.01356337301402	2.94129248877744	17.6546512197181	2.6486675645406e-05	0.000404759026098474	"gene-29178"
"gene-133525"	0.963521136955148	5.71324834610491	17.6460141438968	2.6607229107018e-05	0.000406017917908528	"gene-133525"
"gene-170648"	-1.2836533683983	7.38279102644516	17.6261870259381	2.68860592919114e-05	0.000409684995170158	"gene-170648"
"gene-73742"	1.67854724634412	3.7652789640802	17.6109690162706	2.71020614371743e-05	0.000412385587189966	"gene-73742"
"gene-263663"	1.2317207111933	3.37908299376451	17.5987872508824	2.72762236064522e-05	0.00041444273468318	"gene-263663"
"gene-347435"	2.84734740248739	6.6665171681888	17.5750057667764	2.76194741519039e-05	0.00041905952507796	"gene-347435"
"gene-193446"	2.05481010969489	5.68662983622551	17.5708354291138	2.76801126139332e-05	0.000419381307352982	"gene-193446"
"gene-221368"	0.736601406513407	4.67789478523739	17.5558296182004	2.78994123044055e-05	0.000422102630540053	"gene-221368"
"gene-14783"	1.50391039413129	2.4813372056382	17.551085353451	2.79691091140144e-05	0.000422362464595889	"gene-14783"
"gene-340805"	2.36479315742071	4.21345936429037	17.5492575444332	2.79960076664255e-05	0.000422362464595889	"gene-340805"
"gene-143831"	2.23780479498761	4.69132296310455	17.5441512510825	2.80712911542877e-05	0.000422498531971359	"gene-143831"
"gene-206319"	2.32415281521795	3.65694221066905	17.5432585286236	2.80844736840683e-05	0.000422498531971359	"gene-206319"
"gene-149557"	-1.92011569254109	7.23804331638213	17.5373423549319	2.81719931783029e-05	0.000423216552887612	"gene-149557"
"gene-146131"	2.75820523932752	5.17632234339004	17.5246162888351	2.83611831813035e-05	0.000425457749388356	"gene-146131"
"gene-49103"	1.00569442390056	6.39837487383484	17.5212953670064	2.8410762845425e-05	0.000425513235204904	"gene-49103"
"gene-362054"	1.03721223307301	5.21286111302524	17.5190124819632	2.84448956591469e-05	0.000425513235204904	"gene-362054"
"gene-214526"	0.63852062847449	4.7290694870401	17.5069097882588	2.86265399990169e-05	0.000427629044142618	"gene-214526"
"gene-277158"	2.94770246139735	3.20290158621401	17.5029855106471	2.86856877687685e-05	0.000427911606042948	"gene-277158"
"gene-200524"	0.961417601036944	3.54206946393713	17.4896338525244	2.88878488599719e-05	0.000430016741468834	"gene-200524"
"gene-401666"	2.58196805794405	6.98771920256847	17.4883298796423	2.89076692506785e-05	0.000430016741468834	"gene-401666"
"gene-300876"	2.32028849879227	4.44730179169628	17.4848419821485	2.89607524926541e-05	0.000430204697642275	"gene-300876"
"gene-101963"	0.986111670813575	4.87414493994183	17.4787781199026	2.90532733314926e-05	0.000430395446581119	"gene-101963"
"gene-226935"	2.36615874005295	5.59986286927482	17.4786962011402	2.90545252581086e-05	0.000430395446581119	"gene-226935"
"gene-184811"	2.54963600646632	2.826907752721	17.4719382347339	2.9157991070973e-05	0.000431054884691078	"gene-184811"
"gene-50383"	2.90711691233819	2.56132552113383	17.4704974576282	2.91800974969515e-05	0.000431054884691078	"gene-50383"
"gene-234241"	0.790130285048871	4.05227196278844	17.4519405424368	2.94663338508632e-05	0.000433948031453139	"gene-234241"
"gene-285205"	1.0970581785631	3.09045504966723	17.4505411318137	2.94880335287491e-05	0.000433948031453139	"gene-285205"
"gene-241964"	1.50786248716607	1.72705649461642	17.4481649858694	2.95249155461317e-05	0.000433948031453139	"gene-241964"
"gene-338697"	1.82609178829385	-0.268200252756377	17.4472488694106	2.95391476844747e-05	0.000433948031453139	"gene-338697"
"gene-31079"	2.16059861312759	3.110326041816	17.4424649547786	2.96135792837124e-05	0.000434441419671124	"gene-31079"
"gene-84131"	2.54574212173476	-0.0212697977988943	17.4227462616675	2.99223718303127e-05	0.0004383668688529	"gene-84131"
"gene-287985"	0.726321435632298	5.25671064635803	17.412233767282	3.00883166574014e-05	0.000439985050528295	"gene-287985"
"gene-73653"	2.17622417456358	1.89615722697553	17.4083915952434	3.01491977306351e-05	0.000439985050528295	"gene-73653"
"gene-170275"	1.69382562023038	2.10257924729289	17.4079042074274	3.01569294692673e-05	0.000439985050528295	"gene-170275"
"gene-223497"	-8.69237707605068	10.1460403288404	17.400828982854	3.02693928803972e-05	0.000441020907775212	"gene-223497"
"gene-237494"	1.84354488307663	4.18113149501697	17.3808911622011	3.05885848531918e-05	0.000445061817371474	"gene-237494"
"gene-192010"	-1.86868036550634	6.49106503787482	17.3408722986892	3.12395076939872e-05	0.000453911753870557	"gene-192010"
"gene-164068"	-2.05461336308524	9.75660001540555	17.3367800510837	3.1306849373374e-05	0.000454269645204919	"gene-164068"
"gene-201974"	0.827876663257971	4.12564927302018	17.3298325835678	3.14215105745295e-05	0.000454747915411662	"gene-201974"
"gene-195497"	0.626921834548003	6.31799516036553	17.3296021218485	3.14253213452023e-05	0.000454747915411662	"gene-195497"
"gene-234650"	2.14638348194262	1.61093937800551	17.3127119993632	3.17058740122809e-05	0.000458184342383995	"gene-234650"
"gene-222105"	2.64158214700647	-0.0690830297795603	17.2951326085301	3.20005496261907e-05	0.000461412249267111	"gene-222105"
"gene-94082"	-1.52647483864883	5.13275100279149	17.2942150266877	3.2016006013457e-05	0.000461412249267111	"gene-94082"
"gene-402599"	2.54137251169245	-0.0753051132224695	17.2808501463424	3.22419857721125e-05	0.000464040271545586	"gene-402599"
"gene-102776"	0.910483914810101	4.38647981321718	17.2773331822481	3.23017182495868e-05	0.000464271723381899	"gene-102776"
"gene-118428"	1.28294189647574	4.53759134317244	17.2644035552979	3.25222740123841e-05	0.000466810939805287	"gene-118428"
"gene-32203"	1.22568541873798	5.72495312966136	17.2600251806715	3.25973036080931e-05	0.000467257306166683	"gene-32203"
"gene-31448"	-2.08414251891433	0.116198313577549	17.2520184697015	3.27349600925002e-05	0.00046859897112225	"gene-31448"
"gene-9388"	2.26295541661267	5.21968958340974	17.2312669323469	3.30944594127574e-05	0.000473108427841516	"gene-9388"
"gene-119464"	-0.975456341996824	8.291476126608	17.1997216608711	3.3648565050415e-05	0.000480384077686193	"gene-119464"
"gene-30718"	1.70145791729834	3.58838964266213	17.1662643269946	3.42464507618177e-05	0.000488264410593422	"gene-30718"
"gene-364323"	0.948574583439171	5.33573891758661	17.1537063960305	3.44736082346143e-05	0.000489790538164878	"gene-364323"
"gene-396148"	1.93923889362164	3.58630156423897	17.1492618565119	3.45543668063336e-05	0.000489790538164878	"gene-396148"
"gene-290739"	1.53991791581294	5.58961561378474	17.1489939950494	3.45592399977234e-05	0.000489790538164878	"gene-290739"
"gene-24483"	2.52856333662312	5.21845985293833	17.1482031001966	3.45736327430416e-05	0.000489790538164878	"gene-24483"
"gene-218232"	2.79072923067847	2.0674197113462	17.1466023040437	3.46027825545561e-05	0.000489790538164878	"gene-218232"
"gene-162836"	1.44105225224584	1.79064447821874	17.1451201703323	3.46297935972159e-05	0.000489790538164878	"gene-162836"
"gene-92145"	1.55132901568479	5.29217078219483	17.1253708759003	3.49917424334757e-05	0.000494252553150661	"gene-92145"
"gene-106101"	-0.814447874274558	6.94363146726868	17.119403423184	3.51018552698293e-05	0.000494797062438957	"gene-106101"
"gene-136893"	1.69247702454882	2.10939626192439	17.1174260921961	3.5138418213374e-05	0.000494797062438957	"gene-136893"
"gene-287400"	1.90997407214061	4.01172180019823	17.1157276302793	3.51698551338709e-05	0.000494797062438957	"gene-287400"
"gene-176575"	1.73548285143491	3.55950677050316	17.1043064060853	3.53819866415949e-05	0.000497123923276094	"gene-176575"
"gene-8736"	2.50178711086087	1.02053228812362	17.0739453504828	3.59521708365136e-05	0.000504468719019998	"gene-8736"
"gene-336035"	2.62304322559832	4.13485488999532	17.0689618836424	3.60466394327877e-05	0.000505127874844704	"gene-336035"
"gene-291471"	0.998422445928964	3.56008941516686	17.0441150458973	3.65213824899643e-05	0.000510982548102151	"gene-291471"
"gene-179860"	2.4622631391766	5.03613835812195	17.042081056384	3.65605226688357e-05	0.000510982548102151	"gene-179860"
"gene-93344"	2.03721226343142	3.58179096784673	17.0197789125288	3.69924598378644e-05	0.000516340948603053	"gene-93344"
"gene-145478"	1.64997233317535	3.54574720891015	17.0149255200603	3.70871355372318e-05	0.000516983975850587	"gene-145478"
"gene-101403"	0.643059566732309	4.5347160697931	17.0108733029838	3.7166369160659e-05	0.000517410343446033	"gene-101403"
"gene-293139"	2.85126163012889	3.13383427392864	16.9906308508916	3.75647283154941e-05	0.000522272484135419	"gene-293139"
"gene-168004"	-0.829342489752547	6.67417199632358	16.9716982530775	3.79411939506066e-05	0.000526123780665343	"gene-168004"
"gene-179931"	-0.738062495117488	7.46812306005044	16.9694031696052	3.79870875738299e-05	0.000526123780665343	"gene-179931"
"gene-178688"	-0.714542582574422	6.83066471299469	16.9680534112717	3.80141040631802e-05	0.000526123780665343	"gene-178688"
"gene-357140"	0.867728331492625	5.14603821220922	16.9655666590347	3.80639289738919e-05	0.000526123780665343	"gene-357140"
"gene-148961"	-2.2114630949734	3.08705797509563	16.9643132920865	3.80890664829179e-05	0.000526123780665343	"gene-148961"
"gene-41360"	-3.19000089027561	2.97683431720171	16.9413031379356	3.85535346367652e-05	0.00053128674770047	"gene-41360"
"gene-238199"	2.57869002612426	3.22732537553298	16.9408496094099	3.85627462603199e-05	0.00053128674770047	"gene-238199"
"gene-236062"	1.84375321222234	5.18488412057872	16.9296844370627	3.87902212219008e-05	0.000533729356941963	"gene-236062"
"gene-76361"	2.19522883102928	4.99496778580822	16.8724122978116	3.99784426421675e-05	0.000549367850054384	"gene-76361"
"gene-65339"	0.704509321889318	6.20514132577061	16.866602080358	4.01010127264499e-05	0.000550341124333576	"gene-65339"
"gene-173146"	1.04607867510597	5.62891056942926	16.8615447739997	4.02080071642652e-05	0.000551098407473099	"gene-173146"
"gene-180766"	-1.91586700997034	3.2823485713422	16.8564112629308	4.03169073245697e-05	0.000551794352072392	"gene-180766"
"gene-252007"	-0.849928572168242	5.65199981485497	16.8539367581149	4.03695062955717e-05	0.000551794352072392	"gene-252007"
"gene-99805"	3.10745319352364	3.17789883599752	16.8515933722641	4.04193817513703e-05	0.000551794352072392	"gene-99805"
"gene-215063"	-2.4012979763839	6.24807753623002	16.8476088107579	4.05043294234793e-05	0.000551794352072392	"gene-215063"
"gene-203965"	0.740153842910839	5.83345082071643	16.8469598146016	4.05181824904605e-05	0.000551794352072392	"gene-203965"
"gene-2355"	2.07888234612783	4.41488190188694	16.8417570198651	4.06294103816887e-05	0.000552601545805168	"gene-2355"
"gene-105172"	1.51952706574446	5.01509564697464	16.8329293048837	4.08188362873676e-05	0.00055446889240414	"gene-105172"
"gene-88517"	-0.587153769766641	6.83253240329917	16.802145489657	4.14863716929375e-05	0.000562592052920429	"gene-88517"
"gene-83782"	2.44460859653337	-0.413299984963558	16.8004874070918	4.15226364744769e-05	0.000562592052920429	"gene-83782"
"gene-195592"	2.22478038803968	5.48589647189011	16.7797296352241	4.19793464634918e-05	0.000568056398200635	"gene-195592"
"gene-69348"	2.44319088163028	4.51031079403853	16.7485978591555	4.26737886029821e-05	0.000576719714842843	"gene-69348"
"gene-203530"	2.87561002601158	3.10563377281908	16.7400783512899	4.28658341013748e-05	0.000577215208038821	"gene-203530"
"gene-15040"	1.17823174839606	4.34846057932006	16.7398503525679	4.28709855353944e-05	0.000577215208038821	"gene-15040"
"gene-244427"	1.03035225322251	2.65999031175123	16.739749607846	4.28732619735491e-05	0.000577215208038821	"gene-244427"
"gene-335834"	1.35510948854021	2.99618037930254	16.73218846894	4.3044461532502e-05	0.00057878747517028	"gene-335834"
"gene-252984"	1.9464131204228	5.54380980933411	16.6839419131914	4.4153163827625e-05	0.000592945770796236	"gene-252984"
"gene-6056"	1.04023556595723	5.35836532531715	16.6652395329037	4.45906252670209e-05	0.000598065435485542	"gene-6056"
"gene-200694"	-0.791463288204728	7.01312160935398	16.6616523495734	4.4675028675476e-05	0.000598442827446301	"gene-200694"
"gene-228543"	2.07392161682734	4.53076804200379	16.634296828145	4.53239864509671e-05	0.000606372226279857	"gene-228543"
"gene-91480"	1.63017753338143	1.27473646243064	16.6208154277644	4.56472850737177e-05	0.000609930306588017	"gene-91480"
"gene-347615"	1.44276985287463	9.20807699940555	16.6163811968303	4.57541286721761e-05	0.000610590856408111	"gene-347615"
"gene-160006"	1.04391913341137	2.81178836224788	16.6055782095506	4.6015482275383e-05	0.00061330910962528	"gene-160006"
"gene-100164"	0.487217926213972	6.04101717957957	16.5914847975245	4.63586979216467e-05	0.000616418502764888	"gene-100164"
"gene-296617"	1.91522730938926	1.42019092153144	16.5912398347757	4.63646861801345e-05	0.000616418502764888	"gene-296617"
"gene-207535"	1.13171386219755	7.19819115220611	16.5771573147154	4.67102523751008e-05	0.000620237508441414	"gene-207535"
"gene-12141"	1.32431904902349	2.926847565406	16.5677164014734	4.69433685469676e-05	0.000622555695592952	"gene-12141"
"gene-196868"	1.14221080456521	8.16402337255695	16.5533604855511	4.73000902796713e-05	0.000626505305373081	"gene-196868"
"gene-352199"	1.20156548262666	4.55066134796298	16.5450766489645	4.75071692718074e-05	0.000628465488028537	"gene-352199"
"gene-359137"	1.13993103319873	5.27785961940043	16.542247458378	4.75781018778589e-05	0.000628621977109201	"gene-359137"
"gene-353819"	0.740343630001424	4.74460703113005	16.5377687628737	4.76906081461133e-05	0.000629326685163847	"gene-353819"
"gene-357898"	2.09270740323154	5.17564345944398	16.4946932958217	4.87864303352793e-05	0.00064298943376212	"gene-357898"
"gene-183330"	0.60931922957991	6.18252228022016	16.4879385124018	4.8960551003226e-05	0.000644357031294574	"gene-183330"
"gene-350897"	0.6717251135378	4.80519804471028	16.4859719472558	4.90113612558584e-05	0.000644357031294574	"gene-350897"
"gene-7352"	1.75860352464956	4.48570650073643	16.4829342441848	4.90899507789674e-05	0.000644593477142095	"gene-7352"
"gene-2835"	0.681500598063821	6.17904371663042	16.4563857348512	4.97822124318668e-05	0.000652877449353065	"gene-2835"
"gene-176053"	1.47652573901018	2.62853089389719	16.4457787376031	5.00615303160087e-05	0.000655732064582596	"gene-176053"
"gene-323574"	2.53689133067007	1.24777327284208	16.3966593198209	5.13756972626665e-05	0.000672117977965216	"gene-323574"
"gene-211119"	-1.33619590023911	6.12634353044878	16.3640331235976	5.2267714898235e-05	0.000682216796557117	"gene-211119"
"gene-114769"	1.92300495459689	2.78341213644717	16.3637356080118	5.22759203830435e-05	0.000682216796557117	"gene-114769"
"gene-267326"	4.19661304471286	1.53262526088537	16.3591157617629	5.24035021697661e-05	0.000683043687595138	"gene-267326"
"gene-45063"	2.16107681912011	3.80438278480631	16.3498766219006	5.26595904684043e-05	0.000684040034667901	"gene-45063"
"gene-33021"	0.834533895244686	5.74696173978992	16.3490207417307	5.2683377147044e-05	0.000684040034667901	"gene-33021"
"gene-147533"	2.21178144868019	-0.278818755115933	16.3485688704253	5.26959399420772e-05	0.000684040034667901	"gene-147533"
"gene-270171"	2.41054842358246	3.50317869868562	16.347085652699	5.27371971067768e-05	0.000684040034667901	"gene-270171"
"gene-89345"	1.90800492170292	0.339904565664374	16.342248113375	5.2871983899534e-05	0.000684953009446338	"gene-89345"
"gene-6405"	1.64915549636157	4.61820053775774	16.2659987034402	5.50428459989801e-05	0.000712208892998969	"gene-6405"
"gene-228519"	-0.827515321802823	8.00547488086988	16.2596933228675	5.52263270239207e-05	0.000713714719594679	"gene-228519"
"gene-144820"	2.48593432029654	4.23260493321121	16.2543694085725	5.5381727068075e-05	0.000714111814824293	"gene-144820"
"gene-207027"	1.58392297916571	1.43261413840125	16.254040713479	5.53913357681498e-05	0.000714111814824293	"gene-207027"
"gene-6199"	-1.61644204751825	9.73589710462389	16.2516049982459	5.54625909686978e-05	0.000714164791214371	"gene-6199"
"gene-266743"	-7.02767044416146	9.42617425887025	16.2426301393825	5.57259408893447e-05	0.000716688158765502	"gene-266743"
"gene-145063"	-4.40577206061964	2.21358714866382	16.2400116348027	5.58030125550586e-05	0.000716812610550245	"gene-145063"
"gene-13592"	-1.34485003426151	5.96420894113012	16.2183832909103	5.64437229337753e-05	0.000724168199184118	"gene-13592"
"gene-399571"	2.11501124190616	4.06394226538116	16.2030001529862	5.6903924889309e-05	0.000729192945930952	"gene-399571"
"gene-27873"	0.77127185353495	3.94323915325077	16.1887942282413	5.73322600407398e-05	0.000733797735009998	"gene-27873"
"gene-94341"	0.8226605236538	3.21446856506411	16.1715574227893	5.78563383850223e-05	0.000738762862574764	"gene-94341"
"gene-12117"	2.04250529746769	3.04497100550829	16.1714667736854	5.78591072324914e-05	0.000738762862574764	"gene-12117"
"gene-347162"	1.63884139852742	0.771564289699738	16.1657553602307	5.80338294742692e-05	0.000739734142655804	"gene-347162"
"gene-77684"	0.689789199563502	4.42374825751748	16.164435658313	5.80742769008646e-05	0.000739734142655804	"gene-77684"
"gene-416737"	2.12418811837688	1.36393152695338	16.1575478078236	5.82858425968936e-05	0.000741540935239904	"gene-416737"
"gene-228591"	0.731572948032937	4.88996675392619	16.1524761294319	5.84421184884931e-05	0.000742334086710986	"gene-228591"
"gene-342049"	1.89682540516586	3.48612664545529	16.1509970273804	5.84877740375899e-05	0.000742334086710986	"gene-342049"
"gene-169129"	0.88913197822489	5.03888107759967	16.133160071066	5.90411813589035e-05	0.000748464844974134	"gene-169129"
"gene-42287"	2.02256596616745	3.79802186113934	16.1222259900609	5.9383021294674e-05	0.000750770577562561	"gene-42287"
"gene-77298"	2.37274365680686	4.11148527224433	16.1214491630291	5.94073833866766e-05	0.000750770577562561	"gene-77298"
"gene-143733"	1.07115557885533	5.07907515327771	16.1205744410675	5.94348275956822e-05	0.000750770577562561	"gene-143733"
"gene-281011"	0.613246077179732	4.31914210182604	16.1180370221159	5.95145107185445e-05	0.000750885333336227	"gene-281011"
"gene-244539"	1.47745958610223	4.36798956410871	16.1098174065924	5.97733715741514e-05	0.00075325779628279	"gene-244539"
"gene-259467"	-0.757949341344767	6.84267409678288	16.1031114936969	5.99853998485543e-05	0.000755035163064169	"gene-259467"
"gene-381766"	-2.10976298181105	1.06519984624014	16.0820233907833	6.06571079316376e-05	0.000762587470402952	"gene-381766"
"gene-404013"	0.988627775809479	4.07342185119672	16.0750860461605	6.08797290103573e-05	0.000764482641976576	"gene-404013"
"gene-116405"	1.88912888531535	6.34316798695091	16.0647550388294	6.12127775328e-05	0.000767106013408556	"gene-116405"
"gene-393868"	0.9100942315025	2.5912300419321	16.0634439538943	6.12551747961925e-05	0.000767106013408556	"gene-393868"
"gene-326377"	2.35382343967992	3.90763539329917	16.0619039531604	6.13050123540121e-05	0.000767106013408556	"gene-326377"
"gene-16145"	1.67542170568422	-0.456885711637626	16.0584572425419	6.14167027499921e-05	0.000767600529317175	"gene-16145"
"gene-122800"	1.43812097124885	3.170573211696	16.0544751006576	6.15459985936731e-05	0.000768214413473149	"gene-122800"
"gene-21271"	2.23566214419438	4.21293722162526	16.05058380611	6.16726091830259e-05	0.000768214413473149	"gene-21271"
"gene-56700"	1.78636481238271	2.72836315704414	16.0502800438031	6.16825036767647e-05	0.000768214413473149	"gene-56700"
"gene-213719"	2.16844130455101	5.79663977176655	16.0434554912509	6.19052221747455e-05	0.000770086483100109	"gene-213719"
"gene-353485"	1.44576895199635	2.02379927154561	16.0285500301512	6.23944766500126e-05	0.000775265950525157	"gene-353485"
"gene-53269"	1.16485201633323	2.72793317180071	16.0242556885607	6.25361537167617e-05	0.000776119639359951	"gene-53269"
"gene-288206"	1.33830948904828	5.39675801222399	16.0177531612232	6.2751298436433e-05	0.000777882063135083	"gene-288206"
"gene-40796"	-1.05774621119429	10.2656116134968	16.0139226525405	6.28783841544544e-05	0.000778550051067261	"gene-40796"
"gene-70065"	-1.43242613523748	7.35952603283768	15.9883086752918	6.37348641192644e-05	0.000788237226479647	"gene-70065"
"gene-193350"	0.9713683568265	3.73712202116676	15.9861049689696	6.38090975718166e-05	0.00078823874770481	"gene-193350"
"gene-161445"	1.47021045584193	1.484877394364	15.9821236721331	6.39434309987015e-05	0.000788981823784442	"gene-161445"
"gene-243547"	-0.749793766656488	7.75709222564614	15.9613200946105	6.46500073661222e-05	0.000796775757063819	"gene-243547"
"gene-152706"	1.0998449179141	4.37210497153492	15.9583025397874	6.47531462463094e-05	0.000797123221615447	"gene-152706"
"gene-42478"	2.62494159450251	0.675887802273696	15.9534439654224	6.49195583454953e-05	0.000798247887355709	"gene-42478"
"gene-275101"	2.36055309811361	5.84769686112101	15.9411320303825	6.53431858534675e-05	0.000802040259970065	"gene-275101"
"gene-341232"	0.968776658438961	7.4268448833798	15.9401006643924	6.53787989276087e-05	0.000802040259970065	"gene-341232"
"gene-114074"	2.26189424569837	5.47092572835229	15.9225920405574	6.59863593991773e-05	0.000808560966094067	"gene-114074"
"gene-279942"	-1.87342415502071	5.70568896514555	15.911397006692	6.63778074581759e-05	0.000812421588176247	"gene-279942"
"gene-280460"	1.46959877241025	4.89739137834412	15.900106310134	6.67749663324315e-05	0.000816343151622692	"gene-280460"
"gene-334325"	1.83541579934623	4.74946439130901	15.8735659711505	6.77179817941378e-05	0.000826921302367911	"gene-334325"
"gene-188412"	-1.73643842880591	3.88574881161537	15.864882301322	6.80294241472262e-05	0.000829771737648965	"gene-188412"
"gene-279284"	0.825998530707931	7.5920756523863	15.8297382040535	6.93046624228431e-05	0.000844037982992116	"gene-279284"
"gene-134773"	0.710526501690851	6.31648526674151	15.8282888794195	6.93577658081148e-05	0.000844037982992116	"gene-134773"
"gene-257393"	-0.678415626987261	7.26028410603112	15.8231843627831	6.95451218977058e-05	0.000845350761718855	"gene-257393"
"gene-29082"	1.87829392614517	1.67254701378564	15.8155971491577	6.98245439907425e-05	0.000847778367449244	"gene-29082"
"gene-136773"	-2.86263432490861	9.12559029000468	15.79369271968	7.06375936454738e-05	0.000856672116320706	"gene-136773"
"gene-350586"	1.88575131172697	1.74358712883369	15.7777911178617	7.12337901694926e-05	0.000862918669980322	"gene-350586"
"gene-83204"	0.57457007311342	4.47221133649828	15.7691887844606	7.15584234181219e-05	0.000865865064249311	"gene-83204"
"gene-408081"	2.25169502431166	4.00219863337872	15.7647465593195	7.17266455438072e-05	0.00086677661935839	"gene-408081"
"gene-421424"	0.717679594051273	3.65157011607485	15.7628984884555	7.17967470529091e-05	0.00086677661935839	"gene-421424"
"gene-326168"	1.14819639614624	8.14707787111554	15.759056361921	7.19427082677626e-05	0.000867554019428484	"gene-326168"
"gene-17648"	-1.6158260948488	3.4279805026206	15.7375788444375	7.27641480361826e-05	0.000876466000580791	"gene-17648"
"gene-294618"	-0.60674906418564	8.31019573602504	15.7315722665692	7.29955623285101e-05	0.000878258824576961	"gene-294618"
"gene-145752"	0.81414744192563	4.78993716040387	15.719899699519	7.34473885950674e-05	0.000882656267474701	"gene-145752"
"gene-329410"	2.23547468786172	0.925678508978876	15.717849810718	7.35270264180693e-05	0.000882656267474701	"gene-329410"
"gene-237585"	0.787666096663101	5.60407726480758	15.6819143751361	7.49373064646612e-05	0.000898571805589782	"gene-237585"
"gene-151619"	1.870943772542	2.45213562417458	15.6729725348518	7.52924354933701e-05	0.000901813450346266	"gene-151619"
"gene-402902"	1.65771756265698	0.686738517746012	15.641914822757	7.65391108527344e-05	0.000915058255665212	"gene-402902"
"gene-65056"	1.67448648022794	0.951915592494793	15.6411440488824	7.65703128565286e-05	0.000915058255665212	"gene-65056"
"gene-141624"	2.36235121553208	3.58849382117907	15.6362189354565	7.67699906745519e-05	0.000916414838175683	"gene-141624"
"gene-38092"	2.27212092964798	4.11341408032122	15.6083669144579	7.79090873573451e-05	0.000928969790507537	"gene-38092"
"gene-364729"	1.11814258604411	4.83342916138399	15.5866751250815	7.88080081531695e-05	0.000938636029918377	"gene-364729"
"gene-190421"	1.47760994195564	5.73530309068335	15.5614994699108	7.98643943767404e-05	0.000950154025269588	"gene-190421"
"gene-18297"	0.821903548034107	6.03422144423556	15.5426778874292	8.066345645421e-05	0.000958588293683774	"gene-18297"
"gene-254639"	-1.10522247798461	8.6989904030141	15.5225455932639	8.15270699059401e-05	0.00096776999499953	"gene-254639"
"gene-337585"	2.79990396728348	3.27466686229469	15.4967850514897	8.26456993306117e-05	0.000979955025730642	"gene-337585"
"gene-54363"	-0.9176059077604	7.35156238716106	15.4925540274842	8.28308988044706e-05	0.000981057282499275	"gene-54363"
"gene-232527"	1.34373923264531	4.81674612965485	15.4890023870935	8.29866827688127e-05	0.000981809074448378	"gene-232527"
"gene-46583"	2.4150121893801	4.29376903497526	15.4680122515119	8.39134013873485e-05	0.000991301188561515	"gene-46583"
"gene-199539"	1.76065874575431	0.948087952061757	15.4666162855418	8.39754015507639e-05	0.000991301188561515	"gene-199539"
"gene-50962"	0.508109517934225	5.70705324986812	15.4375338721063	8.52775964933033e-05	0.00100524721993654	"gene-50962"
"gene-343660"	1.88100000123856	1.94492063912201	15.4360223490815	8.53458292217653e-05	0.00100524721993654	"gene-343660"
"gene-41383"	2.48089787493531	4.78504728362117	15.4301877241984	8.56097298034831e-05	0.00100724013959054	"gene-41383"
"gene-363284"	2.12981873211071	3.20623339253821	15.4251022184904	8.58404172636775e-05	0.00100856356623115	"gene-363284"
"gene-41342"	-2.04901076989243	3.4258504165059	15.4235299522104	8.59118645172451e-05	0.00100856356623115	"gene-41342"
"gene-137104"	1.97118812448818	1.65435863535062	15.4180900875565	8.61595259440928e-05	0.00101035580809412	"gene-137104"
"gene-291622"	2.41440939702206	5.18562225732197	15.4110838844042	8.64795569559519e-05	0.00101299181473954	"gene-291622"
"gene-38317"	0.77148313851887	4.09018436390731	15.4059913028519	8.67129275091256e-05	0.00101460802748851	"gene-38317"
"gene-152619"	1.56000988418223	5.84346298579624	15.4029051189787	8.68546619556007e-05	0.00101514965336238	"gene-152619"
"gene-140897"	1.1761781461841	0.567813610269081	15.3938938604233	8.72698436345757e-05	0.00101888260910796	"gene-140897"
"gene-208221"	0.920884580059692	2.21507738057839	15.3859126814236	8.76392330673962e-05	0.00102207333651845	"gene-208221"
"gene-393468"	-1.14380413154338	4.80096182604238	15.3725703152894	8.82602687051802e-05	0.00102818862863997	"gene-393468"
"gene-122297"	1.34601193410105	0.763342439016945	15.3693517226518	8.84107435299531e-05	0.00102881473543171	"gene-122297"
"gene-37769"	0.83320605864384	6.87040775599039	15.3631867046586	8.86996900234658e-05	0.00103104907441484	"gene-37769"
"gene-174679"	0.525853980295612	5.7781030572817	15.3476772409439	8.94308078697354e-05	0.00103837031948378	"gene-174679"
"gene-89251"	2.39161839318904	3.46588395750567	15.3456929901984	8.95247821518073e-05	0.00103837031948378	"gene-89251"
"gene-178855"	0.845661073805912	4.81909746888781	15.330690165673	9.02385404958118e-05	0.00104550884173579	"gene-178855"
"gene-100116"	0.524484872651089	5.48971349199858	15.3172006838049	9.08851893433522e-05	0.00105185514021316	"gene-100116"
"gene-190496"	0.730741583068825	3.75466549570817	15.2952533575434	9.19472642186156e-05	0.00106299032851	"gene-190496"
"gene-333123"	0.807889871241543	5.43372505255108	15.2875965970702	9.23207213071818e-05	0.00106614895963429	"gene-333123"
"gene-11281"	-1.22379083525338	8.09321944901906	15.2677276333289	9.32969615331818e-05	0.00107519604915739	"gene-11281"
"gene-164261"	0.868838883746831	5.20833491578982	15.2638922002756	9.34866042284508e-05	0.00107519604915739	"gene-164261"
"gene-144404"	1.24533535681943	4.4781131011403	15.2635443263771	9.35038240018624e-05	0.00107519604915739	"gene-144404"
"gene-101124"	-1.33990741609947	6.33915456192395	15.2618921450326	9.35856506377018e-05	0.00107519604915739	"gene-101124"
"gene-249148"	2.53685929048059	4.23121720483651	15.2614091639353	9.36095845731237e-05	0.00107519604915739	"gene-249148"
"gene-257466"	1.01230065123581	3.31719961811485	15.2530995242638	9.40223313939307e-05	0.00107793569966133	"gene-257466"
"gene-423346"	-2.89447919254636	5.48620775335313	15.2525276943236	9.40508019260731e-05	0.00107793569966133	"gene-423346"
"gene-197737"	1.4464475223765	5.90215037579978	15.239503942447	9.47015885288042e-05	0.00108422615241374	"gene-197737"
"gene-7002"	1.83541882859635	4.4352264611621	15.2157811416469	9.58986654009762e-05	0.00109613761654388	"gene-7002"
"gene-180343"	2.41194987470081	3.36414889279192	15.2148076612812	9.59481121664489e-05	0.00109613761654388	"gene-180343"
"gene-122220"	4.53816058352684	5.47103437686681	15.2065975652634	9.63661560830418e-05	0.00109973222757428	"gene-122220"
"gene-253133"	2.03260090340436	4.4582866320317	15.1999112892786	9.67079635625949e-05	0.00110245005407477	"gene-253133"
"gene-387251"	-0.610280043449185	8.18942655977528	15.1633327664769	9.85995959182038e-05	0.00112174357455833	"gene-387251"
"gene-351443"	-0.869307025141413	7.7023670294769	15.16310782975	9.86113428179799e-05	0.00112174357455833	"gene-351443"
"gene-11934"	1.02975754311468	2.85567228018582	15.156389046698	9.89628687541341e-05	0.00112453960691129	"gene-11934"
"gene-3175"	2.3312610749412	1.1000933491046	15.1448097077838	9.95716605133565e-05	0.00113024992659558	"gene-3175"
"gene-162742"	2.36981612458757	2.81250889243498	15.1367412833376	9.99980902233165e-05	0.00113388026398208	"gene-162742"
"gene-278046"	0.620049215502219	5.76695656016455	15.1326371762916	0.000100215703841619	0.00113513762093659	"gene-278046"
"gene-206961"	2.14676696949999	2.7662115752757	15.1252151597544	0.000100610455207371	0.00113839659743149	"gene-206961"
"gene-309583"	0.852105001590344	5.22764122906647	15.106339913002	0.000101621429045444	0.00114861372935956	"gene-309583"
"gene-146278"	1.79998031183093	3.84414065221439	15.1003872699887	0.000101942373233806	0.00115101813345516	"gene-146278"
"gene-347217"	2.62852308144348	6.27877251978525	15.077073028863	0.000103209242206293	0.00116408642641159	"gene-347217"
"gene-414838"	2.55561410481297	4.34314306800032	15.0633833789399	0.000103960493080371	0.00117131758940978	"gene-414838"
"gene-38226"	1.10845811589743	1.7605714825419	15.0530965585014	0.000104528625279548	0.00117573388548929	"gene-38226"
"gene-347717"	-0.514314751282149	5.00413939821084	15.052285573896	0.000104573547919601	0.00117573388548929	"gene-347717"
"gene-143114"	-1.44808980354291	5.45567419870062	15.0355535891461	0.000105504726217529	0.00118495065263953	"gene-143114"
"gene-80550"	1.3423517132477	2.24539321062435	15.0305894061983	0.000105782597785557	0.00118681825954345	"gene-80550"
"gene-231997"	2.15988635648562	-0.0408642324608642	15.0232950963525	0.000106192235741578	0.0011901587137486	"gene-231997"
"gene-144104"	-1.07074085790003	6.51823310299005	15.0169574494072	0.000106549444867305	0.00119189721264013	"gene-144104"
"gene-160065"	0.673965596534515	5.29644345265737	15.0165672200674	0.000106571478866187	0.00119189721264013	"gene-160065"
"gene-152204"	0.795460054067832	3.25031438026686	15.0131422684403	0.000106765062982414	0.00119280799357243	"gene-152204"
"gene-79960"	2.83815922850735	3.23823167704398	15.0106964719806	0.000106903520144152	0.00119310161621533	"gene-79960"
"gene-353384"	-1.07002083271237	8.64940304876365	15.0037247105387	0.000107299185908049	0.00119585095063823	"gene-353384"
"gene-123554"	1.63542554089867	-0.0787991622774823	15.0023964919155	0.000107374732781075	0.00119585095063823	"gene-123554"
"gene-148413"	-1.24253000544529	1.85503600222166	14.9801045627209	0.000108650679905101	0.00120639431694812	"gene-148413"
"gene-341043"	1.81115241778244	1.56104490656673	14.9791130433134	0.000108707785719855	0.00120639431694812	"gene-341043"
"gene-211999"	1.7600443343219	1.25915438014821	14.9785455370009	0.000108740484411479	0.00120639431694812	"gene-211999"
"gene-64119"	2.73805720520608	5.35662394935242	14.9779446449198	0.00010877511752099	0.00120639431694812	"gene-64119"
"gene-70158"	2.15387459461215	3.75759443299826	14.9675256968378	0.000109377393856897	0.00121181037610621	"gene-70158"
"gene-292407"	2.45855224852831	3.09089022407529	14.9511416457967	0.000110331284509887	0.001221106703483	"gene-292407"
"gene-174315"	-1.36703600609463	7.80362455209517	14.9430664002198	0.000110804506824608	0.00122409120953527	"gene-174315"
"gene-159886"	1.03152938187072	4.93296199172523	14.9426132264315	0.000110831123992334	0.00122409120953527	"gene-159886"
"gene-328082"	1.49203268193406	1.76667870095942	14.9204112124984	0.000112143071372561	0.00123609397867574	"gene-328082"
"gene-170101"	1.61914384078997	3.67878981549749	14.9202894524178	0.00011215030927248	0.00123609397867574	"gene-170101"
"gene-4047"	1.60571156567693	5.08475801742125	14.9079564402955	0.000112885873339456	0.00124285069962559	"gene-4047"
"gene-152610"	2.47839322322618	2.71100296006851	14.9060994054053	0.000112997050257422	0.00124285069962559	"gene-152610"
"gene-354992"	2.190452263514	3.24107447735915	14.8976145292565	0.000113506426430493	0.00124710366115464	"gene-354992"
"gene-63340"	0.487182729390815	5.93650169984268	14.8957573764305	0.000113618225616665	0.00124710366115464	"gene-63340"
"gene-125602"	0.684071291519144	4.37751669393991	14.8795705816078	0.000114597363495477	0.00125655418364732	"gene-125602"
"gene-367758"	-1.32539486739438	8.55407560586786	14.8686655503112	0.000115261792049163	0.00126253802289896	"gene-367758"
"gene-134098"	-0.906180017475542	6.7406737949409	14.8634561402481	0.000115580561505719	0.00126472721417164	"gene-134098"
"gene-230013"	2.75543251943387	0.818445461694756	14.8387834703495	0.000117102405324624	0.00128006288081469	"gene-230013"
"gene-116483"	1.07166714013573	3.87026802571824	14.836219901929	0.00011726168195842	0.00128048793563629	"gene-116483"
"gene-179842"	-1.57862033194131	4.12183846400609	14.8328601689262	0.000117470755178413	0.0012814553354642	"gene-179842"
"gene-244823"	1.81107548166858	4.59099622259391	14.826732433544	0.000117853045514826	0.00128430839354067	"gene-244823"
"gene-30604"	-3.92175523356404	4.99074048156816	14.8186618396758	0.000118358456285929	0.00128849594785787	"gene-30604"
"gene-125470"	1.97424493449696	5.93845167410138	14.8123690612064	0.000118754046945283	0.00129107380214924	"gene-125470"
"gene-321653"	-0.673569260596313	8.50511473033751	14.8087573292058	0.000118981696565001	0.00129107380214924	"gene-321653"
"gene-272210"	2.62343077751711	4.24880748304344	14.8086889627635	0.000118986009976246	0.00129107380214924	"gene-272210"
"gene-227137"	4.16068654688261	6.32864249510612	14.8071871785643	0.000119080801044416	0.00129107380214924	"gene-227137"
"gene-178537"	-1.27096942181526	7.97880417364235	14.7899899771771	0.000120171705089516	0.0013004801797295	"gene-178537"
"gene-151383"	0.451512144261886	6.28393698647048	14.7879693290685	0.000120300543554488	0.0013004801797295	"gene-151383"
"gene-102960"	0.588202069821735	4.98222951879357	14.7877395578781	0.000120315202788062	0.0013004801797295	"gene-102960"
"gene-214520"	-0.818935434779933	5.21679458578959	14.7518878415677	0.000122624686460644	0.00132409762964001	"gene-214520"
"gene-84083"	2.37378697347213	1.83171222009605	14.7474687460139	0.000122912426526943	0.00132585858878354	"gene-84083"
"gene-332212"	0.899905124275628	2.81468707061636	14.7429100569855	0.000123209968177655	0.00132585883028433	"gene-332212"
"gene-185155"	1.16792963412609	3.24706294488623	14.7408114043452	0.000123347189030628	0.00132585883028433	"gene-185155"
"gene-94210"	0.649477351594059	4.58879322475039	14.7405057480946	0.000123367187260884	0.00132585883028433	"gene-94210"
"gene-171353"	0.896137299816873	6.22408711274959	14.7398350661023	0.00012341107953944	0.00132585883028433	"gene-171353"
"gene-299219"	3.15879011874919	1.00598414614097	14.7058458614671	0.000125656186765338	0.00134861675321508	"gene-299219"
"gene-404655"	1.27871652615358	3.61426478765825	14.7021604684826	0.000125902077649906	0.00134989364706088	"gene-404655"
"gene-218053"	-0.840011039572757	8.2097861727925	14.6908489895332	0.000126659813159868	0.00135652548480022	"gene-218053"
"gene-387992"	0.759562924758408	5.67254923908962	14.6891250572265	0.000126775698748723	0.00135652548480022	"gene-387992"
"gene-59210"	1.34861549775834	3.49466656744585	14.6870146014645	0.00012691771241503	0.00135668019019724	"gene-59210"
"gene-385168"	2.928197013247	5.46641960785816	14.6781129432348	0.00012751847410857	0.00136149512379157	"gene-385168"
"gene-296243"	0.59849926092705	5.51943742901824	14.6765512319951	0.000127624166831534	0.00136149512379157	"gene-296243"
"gene-334636"	1.23515613369753	3.92828248144633	14.6743964440072	0.000127770142312876	0.00136168660685346	"gene-334636"
"gene-177950"	0.904303945247214	6.13168819524371	14.6479903706877	0.000129572724854328	0.0013795150165672	"gene-177950"
"gene-186344"	2.16791570901741	3.58222636422928	14.6225179734221	0.000131335829395233	0.00139518874502725	"gene-186344"
"gene-88763"	2.36342219313808	1.67240472025702	14.6208961728974	0.000131448898805646	0.00139518874502725	"gene-88763"
"gene-54991"	1.24492966227112	3.70628578643831	14.6207275446311	0.000131460660929304	0.00139518874502725	"gene-54991"
"gene-343684"	-0.683918581478485	6.19024705832274	14.6191663942176	0.000131569604293187	0.00139518874502725	"gene-343684"
"gene-42887"	1.54826678631854	0.280072675730017	14.6155630374191	0.00013182140818677	0.00139646663095068	"gene-42887"
"gene-218211"	2.28628611926417	3.42425440667578	14.5932755418338	0.000133389683916865	0.00141167430660675	"gene-218211"
"gene-32621"	3.71714479151308	1.03386286071954	14.5874476889431	0.000133802854150849	0.00141463932082349	"gene-32621"
"gene-325885"	1.64537300521585	0.837224391048853	14.5698845374807	0.000135055816731128	0.00142646838803603	"gene-325885"
"gene-160317"	1.36781607964822	4.07680473404743	14.5669382193059	0.000135267162385165	0.00142728327294505	"gene-160317"
"gene-181289"	1.96576010929751	3.98246245497655	14.5607414175156	0.000135712759417622	0.00142953209278929	"gene-181289"
"gene-317573"	-1.26275198889952	6.07902957344317	14.5602369603981	0.000135749098694733	0.00142953209278929	"gene-317573"
"gene-93305"	-0.794958498953114	8.24640340494665	14.5412136110153	0.000137126646772466	0.00144261030175267	"gene-93305"
"gene-54922"	-0.627470956774962	5.56752000235637	14.5335942599012	0.00013768233061784	0.00144589271833314	"gene-54922"
"gene-286708"	1.07061530244261	5.98029629585001	14.5332082624748	0.000137710541902169	0.00144589271833314	"gene-286708"
"gene-361518"	0.73769546159695	7.11268755057492	14.5230113380008	0.00013845791299181	0.00145230607749595	"gene-361518"
"gene-285316"	1.88877701852817	3.28797930408686	14.5188184161641	0.000138766411687702	0.00145410793567527	"gene-285316"
"gene-11260"	1.26552444920042	6.17736636876026	14.5113455243527	0.000139317954594022	0.0014584505561634	"gene-11260"
"gene-95419"	0.599786038926638	5.02124865776852	14.5045333120974	0.000139822658418523	0.00146229478361791	"gene-95419"
"gene-178086"	0.9135486893352	4.09516952344638	14.5009212199355	0.00014009101787559	0.00146366214747031	"gene-178086"
"gene-231563"	0.682953589282698	5.69010745042621	14.497254734911	0.000140363948807593	0.00146507454319682	"gene-231563"
"gene-359383"	2.0816648409591	5.26850552959103	14.4775169764895	0.000141842441032871	0.00147723134859818	"gene-359383"
"gene-231183"	-2.39553341806929	2.68826037635154	14.4772511279732	0.000141862461548393	0.00147723134859818	"gene-231183"
"gene-367095"	-1.16230488719283	8.54393531873992	14.4761512499233	0.000141945321386549	0.00147723134859818	"gene-367095"
"gene-174834"	0.748610694274198	4.82269118303034	14.458444541726	0.000143285991711835	0.0014897261073774	"gene-174834"
"gene-399714"	-5.00923708356824	2.07445832284966	14.4498651930581	0.000143940158612714	0.00149506594434065	"gene-399714"
"gene-24447"	2.05102346980883	-0.569098783465107	14.4419936885054	0.00014454299807563	0.00149847454821426	"gene-24447"
"gene-229338"	0.980715390463759	2.64461284412197	14.4419011250947	0.000144550102150041	0.00149847454821426	"gene-229338"
"gene-215940"	0.988740634447208	4.99461519886259	14.4335535901831	0.000145192207951544	0.00150366535907753	"gene-215940"
"gene-150162"	2.80896738257305	-0.248558872048839	14.4282146539087	0.000145604392597747	0.00150646723703272	"gene-150162"
"gene-13811"	2.01589704928393	4.30882002901368	14.4237080073326	0.000145953238470944	0.00150860898384544	"gene-13811"
"gene-302737"	2.20588386438014	2.75131428098896	14.4133999964194	0.000146754317597469	0.00151490038952042	"gene-302737"
"gene-185569"	-1.04183150510015	7.18406161319783	14.4122139317829	0.000146846775253437	0.00151490038952042	"gene-185569"
"gene-247804"	0.695844119749122	4.79976788639001	14.385880737432	0.00014891471055784	0.00153474502082673	"gene-247804"
"gene-196966"	-0.740792823110914	7.13684717012077	14.3834166467274	0.000149109708659054	0.0015352670486909	"gene-196966"
"gene-234916"	-0.6548576380847	6.83016440034215	14.3815770788831	0.000149255452173293	0.00153528142100111	"gene-234916"
"gene-131680"	-2.00094839471503	9.82168394687844	14.359400003671	0.000151023806127526	0.00155197024345156	"gene-131680"
"gene-29112"	1.50385092745415	2.44624008196951	14.3192766926767	0.000154276947367417	0.00158387028204618	"gene-29112"
"gene-329613"	1.81749673360935	3.90921267495474	14.3164107130616	0.000154511999470167	0.00158432949603554	"gene-329613"
"gene-211196"	2.60405437269179	2.49312534882902	14.3124351333574	0.000154838652166485	0.00158432949603554	"gene-211196"
"gene-12099"	-1.55483665862871	5.58011045357789	14.3123077388038	0.000154849131005276	0.00158432949603554	"gene-12099"
"gene-45636"	0.762706987336157	4.46438401893083	14.3114766017117	0.000154917513715396	0.00158432949603554	"gene-45636"
"gene-320821"	-0.949866620588421	7.99531383599933	14.3096004111761	0.000155071991162457	0.00158438587704505	"gene-320821"
"gene-409572"	0.816812467047466	5.41104989522806	14.3002829272901	0.000155841453749816	0.0015894405444915	"gene-409572"
"gene-173972"	-0.786229586062303	5.69339036052226	14.2999913269212	0.000155865596831952	0.0015894405444915	"gene-173972"
"gene-92778"	1.17509864717495	7.72068000827957	14.2969068238172	0.000156121209335552	0.001590522205453	"gene-92778"
"gene-71665"	1.8784975796738	-0.185332749132181	14.294370114256	0.000156331742547299	0.00159114297964887	"gene-71665"
"gene-6092"	-0.570535571461011	6.23023347134875	14.2919958069242	0.000156529056278013	0.00159162814777528	"gene-6092"
"gene-118997"	0.61710000060359	5.01616030298586	14.2805821770632	0.000157481077385208	0.00159977912040981	"gene-118997"
"gene-122791"	1.56506001969677	3.94863290644812	14.2717047430303	0.000158225581865853	0.00160580848160803	"gene-122791"
"gene-264276"	1.76784021641861	-0.848544573764289	14.2451674897163	0.000160472326460834	0.00162705783054092	"gene-264276"
"gene-146206"	0.584184134632939	4.45602768792301	14.2132128104201	0.000163220412922192	0.00165334505889565	"gene-146206"
"gene-409118"	-5.10925925102731	3.24644849679099	14.2001030034904	0.00016436151561722	0.00166331977174572	"gene-409118"
"gene-173251"	2.05902959427341	-0.24445427942875	14.1788456487822	0.000166228898159184	0.00167971517337334	"gene-173251"
"gene-72859"	0.741769764087268	5.81720448052712	14.178004824441	0.000166303199290306	0.00167971517337334	"gene-72859"
"gene-6190"	-0.767416786728267	6.54106855679493	14.1762834665064	0.000166455414886753	0.00167971517337334	"gene-6190"
"gene-365693"	-0.862373725800762	8.79981346792087	14.1613436598183	0.000167782414192	0.00169150119179726	"gene-365693"
"gene-200098"	2.54313907395267	1.99491490155408	14.1464876339952	0.000169112537283388	0.00170329635089594	"gene-200098"
"gene-148324"	2.01429977824175	1.90816846692197	14.1249162038049	0.000171062849226854	0.0017213098054653	"gene-148324"
"gene-89397"	2.26665970021855	3.12691714210628	14.1166980967023	0.000171811808396907	0.0017272120927311	"gene-89397"
"gene-312908"	-0.920596524064682	9.4964537913288	14.1072111125436	0.000172680514994784	0.00173430590886168	"gene-312908"
"gene-7154"	2.30641631643564	6.91886072288495	14.1005705469673	0.000173291210772259	0.00173879746959787	"gene-7154"
"gene-79002"	1.66412593901634	4.26770524293674	14.0922621614626	0.000174058351055484	0.00174484884243744	"gene-79002"
"gene-848"	1.64301090544483	0.399396087664776	14.0747947516594	0.000175682347549537	0.00175947029052437	"gene-848"
"gene-12503"	0.617117218680422	5.60626250614258	14.0699118886221	0.000176139045087999	0.00176238465057005	"gene-12503"
"gene-13914"	-0.894481785941825	8.58134755825124	14.0671722155665	0.000176395812087598	0.00176329497872528	"gene-13914"
"gene-418700"	2.48008362490417	2.40662065021978	14.0563228495996	0.000177416341940245	0.00177159567595012	"gene-418700"
"gene-378746"	0.770515903238129	5.82788015763732	14.0548077935017	0.000177559325927306	0.00177159567595012	"gene-378746"
"gene-152584"	2.52464234138911	3.00481223259751	14.0487657566527	0.000178130700780096	0.00177529670177096	"gene-152584"
"gene-205239"	1.17857309563003	5.50933399100118	14.0473580190323	0.00017826409152796	0.00177529670177096	"gene-205239"
"gene-116732"	1.25625740884062	5.57061767256835	14.0401978194279	0.000178944118062764	0.00178040190805945	"gene-116732"
"gene-286572"	2.27682200053299	4.72294957624528	14.031267428318	0.000179795928202846	0.00178720513305184	"gene-286572"
"gene-199691"	0.57043388755416	5.57513776317979	14.0139852432606	0.000181455977484713	0.0018020222003057	"gene-199691"
"gene-18178"	1.94506811545414	1.57223882118933	13.9934059889342	0.000183452879345543	0.00182015375440223	"gene-18178"
"gene-287098"	2.0186710200781	2.42172102094983	13.9845297925386	0.000184320997350507	0.00182706256087604	"gene-287098"
"gene-313040"	-1.01951071925202	10.434994932749	13.9775844073122	0.000185003161164275	0.00182922269678408	"gene-313040"
"gene-361727"	1.17673221056138	3.82867134534353	13.9770575952054	0.000185055007390841	0.00182922269678408	"gene-361727"
"gene-220360"	0.886166562466571	3.2077605669965	13.975680379756	0.000185190615237136	0.00182922269678408	"gene-220360"
"gene-195619"	1.48017404596686	0.526180824327717	13.9753124915136	0.000185226856378004	0.00182922269678408	"gene-195619"
"gene-105121"	2.35403790577082	3.58753962355303	13.9729739602759	0.000185457395178271	0.00182980042218562	"gene-105121"
"gene-15583"	0.978419053084304	5.28785982223951	13.9699514647627	0.000185755789297957	0.00183104594529479	"gene-15583"
"gene-29932"	0.678004585389764	5.99029645872766	13.9546837391774	0.000187270494553468	0.00184426757413952	"gene-29932"
"gene-129873"	-0.973837562096957	8.71576569115654	13.9305205278697	0.000189693186950446	0.00186639846105916	"gene-129873"
"gene-249793"	2.16359140089696	3.6568773057212	13.9274452659192	0.000190003780421599	0.00186772662529032	"gene-249793"
"gene-115136"	0.573221535069466	4.59973086442747	13.92289153323	0.000190464636778269	0.00187052804872915	"gene-115136"
"gene-20570"	0.613153674396642	6.03797186109853	13.9200162038649	0.000190756211664611	0.00187166334618524	"gene-20570"
"gene-308117"	1.24337127447654	3.62729269526191	13.9140470848359	0.00019136295101277	0.00187588603407541	"gene-308117"
"gene-5079"	2.10677939570991	2.317344600795	13.8887609875146	0.000193954827844802	0.00189954286275996	"gene-5079"
"gene-311934"	-0.881634227474433	5.42838082940119	13.863410532302	0.000196588804818704	0.00192356810308347	"gene-311934"
"gene-221107"	-0.583947798061485	6.90515916229967	13.859996470822	0.000196946277198646	0.00192529467305588	"gene-221107"
"gene-333555"	0.607881501732139	6.45629262592414	13.8537080864907	0.000197606422924932	0.00192935648376145	"gene-333555"
"gene-406603"	1.35508821172071	2.51145657481919	13.852584843436	0.000197724573834146	0.00192935648376145	"gene-406603"
"gene-365624"	1.39093506686022	2.45615913260654	13.8484597784741	0.000198159089227127	0.00193044094633501	"gene-365624"
"gene-59055"	-1.1512136732162	5.99588101830047	13.8480840625706	0.000198198713181443	0.00193044094633501	"gene-59055"
"gene-221869"	1.26694857565248	2.55895584609572	13.8166015397797	0.000201547456405671	0.00196024891873511	"gene-221869"
"gene-100307"	0.714327082179959	5.16611981897941	13.8158535398381	0.000201627709392272	0.00196024891873511	"gene-100307"
"gene-175091"	0.575608995353751	4.78362373055241	13.8059192395317	0.000202696619582252	0.00196884132043547	"gene-175091"
"gene-50749"	-1.84911971361003	6.11669198207879	13.7855427758264	0.000204906983473039	0.0019871249783107	"gene-50749"
"gene-144986"	0.962453033205615	3.78349908950409	13.7851243778991	0.000204952623280071	0.0019871249783107	"gene-144986"
"gene-193592"	1.03855490384247	6.58149200443786	13.7670209811517	0.000206937223203707	0.00200453944079657	"gene-193592"
"gene-129043"	1.18388636138637	2.15893509806849	13.755198296953	0.000208243734506147	0.00201535974541162	"gene-129043"
"gene-394641"	1.66626732199295	-0.330310662316265	13.7514869252475	0.000208655585442652	0.002016316723269	"gene-394641"
"gene-74127"	0.89032177844371	6.09569554970229	13.7508912234812	0.000208721766859644	0.002016316723269	"gene-74127"
"gene-64072"	2.60290479987755	3.14809651915288	13.7268847460289	0.000211406518536422	0.00204039903008475	"gene-64072"
"gene-335491"	0.582348466756016	4.9854526261999	13.71652588347	0.000212575716920022	0.00204982350422607	"gene-335491"
"gene-56521"	0.936291973257407	2.9762978420136	13.7128466057973	0.000212992560853258	0.00205198267865512	"gene-56521"
"gene-78951"	-3.25040454521043	1.78326848951972	13.7093773384331	0.000213386366034576	0.00205391618927036	"gene-78951"
"gene-357404"	0.797752712747352	6.03476525143826	13.7014977084231	0.000214283529999056	0.00206068682194391	"gene-357404"
"gene-232392"	2.56953511527592	1.84352391643835	13.6806670031702	0.000216673633291869	0.0020817893077618	"gene-232392"
"gene-411562"	1.90903658245299	3.33917274521242	13.6725965889106	0.000217606831290453	0.00208763482010292	"gene-411562"
"gene-149608"	0.49137109576829	5.19334105232857	13.6720118997947	0.000217674597169437	0.00208763482010292	"gene-149608"
"gene-300107"	2.07241947115397	3.18009550295622	13.6652779588157	0.000218456600035822	0.00209324720538829	"gene-300107"
"gene-326008"	-0.549978560820462	4.93664445124926	13.661002684037	0.000218954550001613	0.00209361169909583	"gene-326008"
"gene-43088"	0.938565298732522	5.2628029456584	13.6601298288917	0.000219056353715725	0.00209361169909583	"gene-43088"
"gene-191493"	0.597692232955779	4.49327863885155	13.6583228297799	0.000219267261039313	0.00209361169909583	"gene-191493"
"gene-348627"	-2.78999132940965	0.882786750973451	13.6581965506287	0.000219282007596159	0.00209361169909583	"gene-348627"
"gene-385611"	1.81168851692559	5.21940336100833	13.6541529917605	0.000219754732753815	0.00209624335208033	"gene-385611"
"gene-367677"	0.74274036559527	3.66502293861637	13.6451614219363	0.00022080960468732	0.00210441841886589	"gene-367677"
"gene-221311"	1.41773027872569	2.282629904562	13.6403276912209	0.000221378794905471	0.00210795421899247	"gene-221311"
"gene-367523"	-1.36171363674725	8.47229354755697	13.6247895619095	0.000223218502865392	0.00212357065874446	"gene-367523"
"gene-40907"	2.19463129769979	1.03112609317729	13.6111300824726	0.000224848499730559	0.0021336615560654	"gene-40907"
"gene-363768"	0.617597264178676	7.36883301340351	13.6109225722116	0.000224873354365704	0.0021336615560654	"gene-363768"
"gene-377707"	-1.10755911554629	5.2121163910244	13.6108585174679	0.000224881027110692	0.0021336615560654	"gene-377707"
"gene-118973"	2.61115517886907	3.09283957477957	13.6046764730162	0.00022562278091639	0.00213879135278674	"gene-118973"
"gene-213755"	2.97164621226743	3.82375579035505	13.6026096967504	0.00022587131295183	0.00213924068081537	"gene-213755"
"gene-360840"	2.34416561918322	3.74255664415758	13.5880414131986	0.000227631007662575	0.00215398878781063	"gene-360840"
"gene-253632"	2.0398978613227	4.88349424363849	13.5704345580394	0.000229776177720654	0.00217235504554389	"gene-253632"
"gene-381698"	1.44353272252822	3.25400253844806	13.5676079961504	0.000230122450866449	0.00217259755874662	"gene-381698"
"gene-382158"	0.614456850379377	5.86787642489267	13.5668910469428	0.000230210365617473	0.00217259755874662	"gene-382158"
"gene-45690"	-2.23083535076922	9.58186617085096	13.5622000114313	0.000230786432146155	0.00217421463131531	"gene-45690"
"gene-2673"	1.85515355597968	3.20606554488679	13.5621664991985	0.000230790552722356	0.00217421463131531	"gene-2673"
"gene-172274"	0.556879363912269	5.15094119967444	13.5455170314414	0.000232846923060962	0.00219164590590831	"gene-172274"
"gene-191573"	2.1859123605768	1.39199072851544	13.5315717214029	0.000234583506759106	0.00220603906091057	"gene-191573"
"gene-127295"	1.7172458646982	4.17122101760409	13.5194514464632	0.000236103420488142	0.00221837100734265	"gene-127295"
"gene-423677"	-4.26796028505596	-0.334186182015445	13.5173550187964	0.000236367322869486	0.00221889042015874	"gene-423677"
"gene-329631"	1.80136959286587	-0.317956559888424	13.4850465591237	0.000240472171242735	0.00225543387419553	"gene-329631"
"gene-300888"	2.19538394284611	3.47579113739941	13.4796948779683	0.000241159014615865	0.00225988306559854	"gene-300888"
"gene-46880"	-1.56554184712947	6.49312854678716	13.477347041987	0.000241460963265125	0.0022607207793027	"gene-46880"
"gene-177812"	0.857631129327173	3.62598400694244	13.471943755601	0.0002421573130772	0.00226387355866286	"gene-177812"
"gene-220580"	0.893295159453498	3.98626412474277	13.4712605624073	0.000242245503766051	0.00226387355866286	"gene-220580"
"gene-64551"	0.84222220420664	6.08651280857068	13.4697837311015	0.000242436252662373	0.00226387355866286	"gene-64551"
"gene-266728"	-6.3002971958778	8.23395696646494	13.4572155826606	0.000244065704070877	0.0022770902004367	"gene-266728"
"gene-243924"	0.813237306829996	5.08599613848878	13.4503456438856	0.000244961047539714	0.00228344057987063	"gene-243924"
"gene-241193"	2.84427886952244	6.4190216126516	13.4433100525246	0.000245881411161601	0.00229001286262241	"gene-241193"
"gene-229595"	2.27066847248837	5.99299339060162	13.428004486907	0.000247895670193166	0.00230486833977222	"gene-229595"
"gene-310287"	1.11936286706891	1.51813525188265	13.427897031217	0.000247909870317734	0.00230486833977222	"gene-310287"
"gene-125903"	-0.587936216712397	5.48309476440564	13.414692431067	0.000249661095172572	0.00231887972747739	"gene-125903"
"gene-292044"	2.27529451550338	1.12201455673366	13.4132513477542	0.000249852968003864	0.00231887972747739	"gene-292044"
"gene-258565"	0.646152399730674	3.98330957747394	13.4075151801885	0.000250618183485524	0.00232336539609432	"gene-258565"
"gene-185170"	-1.09540969764428	9.95513114518735	13.4063555012142	0.000250773173628834	0.00232336539609432	"gene-185170"
"gene-187729"	1.58738500147505	3.23997751212958	13.3998810768579	0.000251640252026243	0.00232936964364762	"gene-187729"
"gene-137227"	2.10510601535382	1.0003844170095	13.3891541355989	0.000253083498464677	0.00234069225188722	"gene-137227"
"gene-185646"	1.09137575857902	3.93847319668754	13.3853347505552	0.000253599385714528	0.00234342577450888	"gene-185646"
"gene-420682"	-8.50879886897268	0.742511097065261	13.374837022482	0.000255022788402357	0.00235453331375648	"gene-420682"
"gene-135898"	1.70352685393384	3.4293905824571	13.3599623032768	0.000257053473527215	0.00237122354244186	"gene-135898"
"gene-178966"	1.41159739632741	4.63948569575695	13.3541300513515	0.00025785412882588	0.00237566486169894	"gene-178966"
"gene-378008"	0.947113313935358	3.01349791401132	13.3532027694065	0.000257981658072798	0.00237566486169894	"gene-378008"
"gene-332918"	2.38950467298075	4.66136759076038	13.325621620896	0.00026180410555771	0.00240877895044274	"gene-332918"
"gene-392461"	0.807087042571383	4.30736926860852	13.3231012748562	0.000262156232085062	0.00240993404015274	"gene-392461"
"gene-203563"	0.763918596810861	4.4286035158879	13.3183739616718	0.000262817989781272	0.00241393103567669	"gene-203563"
"gene-238948"	-0.695631743071222	3.87319406396637	13.2963289215405	0.000265926290741543	0.00244037275955742	"gene-238948"
"gene-258589"	0.442253038842785	6.35405900045505	13.2798501503162	0.000268273939232729	0.0024597944979994	"gene-258589"
"gene-347886"	1.85242487115119	-1.2320652165958	13.2781749803819	0.00026851375907794	0.00245987281787508	"gene-347886"
"gene-206306"	2.35979769031544	4.86203455242088	13.2599083861235	0.000271142899849053	0.00247972383327424	"gene-206306"
"gene-177979"	2.055724402199	4.87678158740304	13.2598804770342	0.00027114693663952	0.00247972383327424	"gene-177979"
"gene-189288"	0.607126858588175	6.62858089879723	13.232937589775	0.000275072371552483	0.00251346197923729	"gene-189288"
"gene-77313"	2.51844331579619	2.3399480364248	13.2226412041363	0.000276587585010354	0.0025251378147383	"gene-77313"
"gene-327116"	1.94106449497455	4.41211137646353	13.2050290387347	0.000279198917548441	0.00254679218442986	"gene-327116"
"gene-29269"	2.88508021672943	4.40373362802741	13.1949098436253	0.000280710504621451	0.00255629242368002	"gene-29269"
"gene-34416"	-1.29803998469083	7.20024621757396	13.1948391509142	0.000280721093536881	0.00255629242368002	"gene-34416"
"gene-329490"	1.12458578167895	3.01448514025677	13.1865487996779	0.000281965684761473	0.00256542944664074	"gene-329490"
"gene-267483"	1.52622308501195	2.22924222325254	13.1755172764652	0.000283630425130904	0.00257837025785666	"gene-267483"
"gene-165465"	2.45561591533829	3.60239203894167	13.1636230939052	0.000285436450237296	0.00259257223289828	"gene-165465"
"gene-156819"	-0.621589330483212	6.7376626674289	13.1584742243005	0.000286221851233413	0.00259748772160288	"gene-156819"
"gene-365808"	-1.45769870325578	9.93360827959659	13.1538834493093	0.000286923958332642	0.00259756478172708	"gene-365808"
"gene-116692"	-1.20979831768667	6.78970393670637	13.1518396367604	0.000287237094643245	0.00259756478172708	"gene-116692"
"gene-75362"	2.25800809998453	4.64430783550379	13.1508648239716	0.000287386568841496	0.00259756478172708	"gene-75362"
"gene-402257"	0.925800112262777	4.20912985596937	13.1507123645423	0.000287409953498155	0.00259756478172708	"gene-402257"
"gene-61384"	2.00261849540656	4.20413812509482	13.1504417761173	0.000287451461836478	0.00259756478172708	"gene-61384"
"gene-121949"	-1.69768784601525	5.92493796226079	13.1234529715014	0.000291622061101966	0.00263301548546732	"gene-121949"
"gene-170317"	-0.814100909760883	10.8193604283468	13.1212459918618	0.000291965793631049	0.00263374070214833	"gene-170317"
"gene-104583"	2.45420066243419	3.11601434055243	13.1197589131913	0.000292197633371101	0.00263374070214833	"gene-104583"
"gene-150532"	1.54218642897302	3.65674030282968	13.1072532194989	0.000294154663935551	0.00264913548316555	"gene-150532"
"gene-205849"	-1.25477194500369	8.1947960760371	13.1054020719511	0.000294445472854783	0.00264951104000294	"gene-205849"
"gene-383831"	1.6543013753133	3.46811203364426	13.10192730227	0.000294992130132599	0.00265218621816595	"gene-383831"
"gene-131831"	-1.29795082445252	5.36797973563492	13.0948380818573	0.000296110594908248	0.002659993486017	"gene-131831"
"gene-124892"	0.677389732722325	5.86464137244603	13.0886477623806	0.000297090736328721	0.00266402155263787	"gene-124892"
"gene-194969"	2.35001889311674	2.51300138609253	13.0882367525868	0.000297155929053352	0.00266402155263787	"gene-194969"
"gene-165990"	1.1110658223221	2.67292184909967	13.0872631480617	0.000297310415850052	0.00266402155263787	"gene-165990"
"gene-42066"	0.531634658180557	6.164438709893	13.0711802261918	0.000299874123704672	0.00268473163276337	"gene-42066"
"gene-172899"	-0.523735374712802	7.87362914063704	13.0670809985768	0.000300531120400339	0.00268786801425991	"gene-172899"
"gene-130853"	2.12471078313664	5.06945574411517	13.0658426883063	0.000300729873727839	0.00268786801425991	"gene-130853"
"gene-70092"	1.60547582476217	4.13863234316258	13.0642454004249	0.000300986440003406	0.00268790241467357	"gene-70092"
"gene-56673"	0.863237662973073	4.30776873716406	13.0608631960129	0.000301530439249877	0.00269050146968263	"gene-56673"
"gene-234707"	-0.982214575989775	7.90454971919548	13.0571520823862	0.000302128481441198	0.00269357797871633	"gene-234707"
"gene-56617"	1.52502762512205	4.11845874885223	13.0543213479506	0.000302585455280416	0.00269539271554649	"gene-56617"
"gene-431436"	-0.684036990087175	7.84044603081058	13.0386651989677	0.000305125488484271	0.00271316888600687	"gene-431436"
"gene-341956"	1.98765589003584	1.29900493323359	13.0385233871298	0.000305148593825616	0.00271316888600687	"gene-341956"
"gene-141642"	1.13893101214241	5.01829335063351	13.0373104359848	0.000305346291514688	0.00271316888600687	"gene-141642"
"gene-160909"	1.90309845874517	2.10291730373525	13.023080374709	0.000307675302104534	0.0027315813966476	"gene-160909"
"gene-404112"	1.27664328138838	4.27047308147409	13.0000219638898	0.000311487323083712	0.00276099285845825	"gene-404112"
"gene-334600"	0.576124215802163	4.94720220705537	12.9999019972677	0.000311507280006572	0.00276099285845825	"gene-334600"
"gene-192127"	1.31915772487536	4.04233024081641	12.9859538619951	0.000313836418329278	0.00277932068721915	"gene-192127"
"gene-34402"	2.45494609811769	5.59783899579692	12.9780386566313	0.000315165945373049	0.00278807193527797	"gene-34402"
"gene-239604"	0.826862153544718	5.02291561157632	12.9769522929279	0.000315348865940146	0.00278807193527797	"gene-239604"
"gene-116474"	2.24589199394339	4.76720822379589	12.9716887717423	0.000316236648010332	0.00279326437394619	"gene-116474"
"gene-215617"	0.775154386787374	4.92492928806762	12.9703585487997	0.000316461411301727	0.00279326437394619	"gene-215617"
"gene-8142"	-1.56398261785982	2.94467828083541	12.9610532061277	0.000318038214726982	0.00280485443767511	"gene-8142"
"gene-305174"	0.717866003680596	1.81048318974027	12.9560447134338	0.000318890187867106	0.00280892244332692	"gene-305174"
"gene-240184"	-1.22008162157503	7.82241632754404	12.9552377545956	0.000319027671261651	0.00280892244332692	"gene-240184"
"gene-284803"	-2.56685441765769	7.01898224807252	12.9521374064674	0.000319556440706616	0.00281125087126184	"gene-284803"
"gene-237550"	-1.14986842790246	4.94740708584579	12.9402456509618	0.000321592807479975	0.00282463506456104	"gene-237550"
"gene-144119"	-1.29667358785416	2.7941761010998	12.9401515389465	0.000321608975477944	0.00282463506456104	"gene-144119"
"gene-270003"	0.603307284425876	5.28003652933199	12.9111889994398	0.000326623745051871	0.00286631200690734	"gene-270003"
"gene-183342"	1.73420106696191	4.69887125205307	12.9088540489131	0.000327031452588922	0.00286653838516571	"gene-183342"
"gene-122773"	2.45144290562268	-0.20378901663891	12.9079550339478	0.000327188567092062	0.00286653838516571	"gene-122773"
"gene-29854"	0.56137358728269	5.90499394447601	12.8946183730843	0.000329528281188877	0.00288466073969127	"gene-29854"
"gene-76674"	1.02425996406272	9.20849375145603	12.8893631249405	0.000330454861837344	0.00289039301850493	"gene-76674"
"gene-215842"	0.555398569117736	4.92991765408812	12.8862978832638	0.000330996523494165	0.0028927518684338	"gene-215842"
"gene-156998"	-1.31795694385799	5.3944068270557	12.8784410390485	0.000332389005766751	0.00290253650684332	"gene-156998"
"gene-93717"	-2.23588566328931	3.34667429843383	12.8665384990906	0.000334509775666657	0.00291865953567725	"gene-93717"
"gene-133971"	1.81699673371613	0.329492881399653	12.8509760528371	0.000337303258793471	0.00294047158530453	"gene-133971"
"gene-152841"	-1.94115812824523	5.14839848368042	12.8485211984028	0.00033774605211887	0.00294047158530453	"gene-152841"
"gene-47941"	0.917670898336689	5.07586135664259	12.8480059551773	0.000337839063298433	0.00294047158530453	"gene-47941"
"gene-207285"	2.64173279100149	1.59759266012321	12.8396934264443	0.00033934320745717	0.00295114828660217	"gene-207285"
"gene-54550"	2.46193339207625	3.8738192171492	12.8351210591826	0.000340173450146894	0.00295595164686468	"gene-54550"
"gene-213743"	2.32919508262259	2.79497489476758	12.8204383213446	0.000342853393053012	0.00297680709266272	"gene-213743"
"gene-297013"	2.11718024785561	4.00226685677415	12.8171525960876	0.000343456024366228	0.0029796070759863	"gene-297013"
"gene-13249"	1.64115874728048	3.66448185045962	12.811507020488	0.000344493968912505	0.00298617591960342	"gene-13249"
"gene-119278"	2.11369773357726	4.30904469831379	12.8095738675341	0.000344850107526849	0.00298682878147847	"gene-119278"
"gene-2337"	1.61033556925572	2.38153421159989	12.7955128000737	0.000347451730260172	0.00300466241486786	"gene-2337"
"gene-338655"	1.71940798104006	0.0154772770168965	12.7948187300307	0.000347580660700753	0.00300466241486786	"gene-338655"
"gene-42317"	0.991379210956266	4.23728203290828	12.7938718975109	0.000347756622104394	0.00300466241486786	"gene-42317"
"gene-27813"	0.588514725604475	4.55595045794958	12.7906535668352	0.000348355395564514	0.00300739284677286	"gene-27813"
"gene-378032"	0.809434588263383	5.86487415899745	12.7757344631062	0.000351144719677309	0.00302901479196095	"gene-378032"
"gene-310065"	-1.02391621331939	8.26556698944646	12.7633636288582	0.000353474686535107	0.00304664243597034	"gene-310065"
"gene-175696"	-1.05503479544971	8.77272314278233	12.7498630812303	0.000356035225151373	0.00306622725077733	"gene-175696"
"gene-326728"	1.8101270237364	3.56365544526345	12.7197678036484	0.000361810689014536	0.00311344537893091	"gene-326728"
"gene-41467"	-1.07311319753666	8.70898959126804	12.7147011061149	0.000362792270748153	0.00311936830370037	"gene-41467"
"gene-29323"	-1.07221692406237	6.91882502096869	12.7086153295499	0.000363974832021989	0.00312700833068326	"gene-29323"
"gene-60816"	0.711706609891855	6.60590581014471	12.7025650430861	0.000365154350973279	0.00313460990875851	"gene-60816"
"gene-250782"	0.664744139430973	3.76130693655855	12.6790587797592	0.000369773660958741	0.00317170375641707	"gene-250782"
"gene-355509"	3.93464086325564	4.40641347746845	12.6714196108619	0.000371287519121868	0.00318212252488331	"gene-355509"
"gene-406639"	-2.91668053607568	2.55831730613356	12.6634578644162	0.000372871956093527	0.00319312892512943	"gene-406639"
"gene-179041"	3.01847526003445	5.74767545397805	12.6510116650004	0.000375362502398023	0.00321187093765517	"gene-179041"
"gene-336850"	0.671885731189996	5.96261259619103	12.6444577909895	0.000376680702401257	0.00322055944593229	"gene-336850"
"gene-179086"	2.7080492568583	6.4666356440148	12.640729289561	0.000377432709707592	0.00322439702847385	"gene-179086"
"gene-145242"	0.702760467078021	5.1438183999414	12.6387682689148	0.000377828838543332	0.00322519063141804	"gene-145242"
"gene-431323"	1.48532313563108	6.7459579164969	12.6315100291491	0.000379298664920817	0.00323514081804154	"gene-431323"
"gene-16026"	2.40749466576945	4.72612458134859	12.6148527675463	0.00038269368014154	0.00326148235736011	"gene-16026"
"gene-76608"	1.34447458441632	3.548749978285	12.6096173428591	0.000383767061517954	0.00326801158230981	"gene-76608"
"gene-252034"	-1.85754596194548	1.16863139002632	12.602076581892	0.00038531842884343	0.00327859744734298	"gene-252034"
"gene-315004"	-0.92450067843726	7.28867897294162	12.591796177022	0.000387443621958843	0.00329404505447982	"gene-315004"
"gene-194509"	0.660222978675635	5.47938624779113	12.577574292273	0.000390403115815228	0.00331655554297984	"gene-194509"
"gene-343242"	-1.79784611422118	3.77664476924085	12.555432397802	0.000395056176322642	0.00335340581912819	"gene-343242"
"gene-346884"	1.42017846442975	1.02913450991436	12.5532203951911	0.00039552408562608	0.00335470029881897	"gene-346884"
"gene-163201"	0.697533162194043	5.06855143762905	12.5497457690647	0.000396260209270221	0.00335826580541679	"gene-163201"
"gene-160999"	1.47180645832652	4.70200363297032	12.5471955525409	0.000396801369626353	0.00336017465553017	"gene-160999"
"gene-184749"	2.10268355999061	1.45976838819383	12.5455624535663	0.000397148307570286	0.00336043707185168	"gene-184749"
"gene-89798"	0.623008126764088	6.50860544683498	12.5361414251791	0.000399155707632979	0.00337283082055427	"gene-89798"
"gene-272649"	0.631980146207724	7.73868484547665	12.5357128325339	0.000399247273700435	0.00337283082055427	"gene-272649"
"gene-120542"	-0.648822765825088	5.73866718897121	12.5325335273321	0.000399927173784454	0.00337589319077099	"gene-120542"
"gene-113488"	3.48591352467352	0.611209749312897	12.5239428960669	0.00040177014339801	0.00338876070196767	"gene-113488"
"gene-268342"	2.11876809788684	1.46122848260605	12.5169010626463	0.000403287233958365	0.00339886134737018	"gene-268342"
"gene-38705"	0.939395973326947	5.64206542555283	12.510617494694	0.00040464584266343	0.00340761138762331	"gene-38705"
"gene-221519"	1.96396161802044	3.13755037781304	12.4968840038593	0.000407631341341779	0.00343003714122719	"gene-221519"
"gene-39680"	2.80767564627069	6.29849274865517	12.4943317672975	0.000408188611202991	0.00343201112154547	"gene-39680"
"gene-253053"	1.66935406386357	1.74130177058507	12.4600657945475	0.000415745300385078	0.00349278595173435	"gene-253053"
"gene-223656"	-6.92096827449113	10.2389022301376	12.4480853851187	0.000418420514767598	0.00351207582036954	"gene-223656"
"gene-273412"	-1.42048139976201	9.79622080220386	12.4468302842851	0.000418701780766132	0.00351207582036954	"gene-273412"
"gene-229820"	2.28173141364833	4.50991273939572	12.4448196506387	0.000419152758017928	0.00351308804907698	"gene-229820"
"gene-406501"	1.714947200371	3.06471770765195	12.4409147216663	0.000420030018920399	0.00351665413960241	"gene-406501"
"gene-128321"	0.591210304461053	4.70568326195179	12.4399834435689	0.000420239508408674	0.00351665413960241	"gene-128321"
"gene-142504"	0.61856437946579	5.33678557860344	12.436250217527	0.000421080350335243	0.00352092028786607	"gene-142504"
"gene-83136"	0.768215661427522	5.13741428783341	12.4293403782152	0.000422641148267014	0.00352997697597105	"gene-83136"
"gene-345180"	0.929315111681667	5.85283238110685	12.4285181868874	0.000422827253421128	0.00352997697597105	"gene-345180"
"gene-147823"	2.21887280329114	1.94447038811731	12.4215624066428	0.000424405024731965	0.00354037007297975	"gene-147823"
"gene-279859"	-0.918926075692763	8.74976671075218	12.4153323813768	0.000425823216112749	0.00354940303877156	"gene-279859"
"gene-106007"	0.641082136677412	5.19069420978677	12.4138766200291	0.000426155291511027	0.00354940303877156	"gene-106007"
"gene-41925"	0.636081519838015	5.57427468491474	12.3865973594748	0.0004324265455357	0.00359881747912183	"gene-41925"
"gene-302394"	-1.38388228075784	8.68408920599409	12.3779638400591	0.000434430648103226	0.00361266956468015	"gene-302394"
"gene-61556"	0.797621974954665	3.19581015589125	12.3748721393929	0.000435150602607093	0.00361582953853831	"gene-61556"
"gene-122590"	-2.51500752382625	2.28355877898664	12.3705914022641	0.000436149432099433	0.00362130004668975	"gene-122590"
"gene-74169"	0.880135839843151	5.22545659730064	12.3580096109467	0.000439098568586569	0.00364294257058249	"gene-74169"
"gene-292071"	0.811025661136271	5.24021615811075	12.3496089496965	0.000441078854366453	0.00365651963760062	"gene-292071"
"gene-95289"	-1.8092588063839	4.02785270923845	12.347635605811	0.000441545335786565	0.00365753597463076	"gene-95289"
"gene-288912"	-0.473411370375045	6.30750749676601	12.3438863363647	0.000442433002489024	0.00366203689842277	"gene-288912"
"gene-147255"	2.37749450685673	5.16870822841468	12.3278984268413	0.000446238512187137	0.00369066315367215	"gene-147255"
"gene-279975"	-1.89844998067249	5.25860849481437	12.3080088772095	0.000451018845708526	0.00372730104347776	"gene-279975"
"gene-231344"	0.533618626729122	6.56024380675716	12.2952535084995	0.000454111684822262	0.00374994711162234	"gene-231344"
"gene-6223"	-0.835242982839289	8.54903260577195	12.2812528495962	0.000457531118937666	0.00377462583501911	"gene-6223"
"gene-17977"	0.998267688381328	1.44055397673826	12.280115585301	0.000457810015717812	0.00377462583501911	"gene-17977"
"gene-96580"	0.925319224278486	5.53715501708423	12.2674817739294	0.000460919828836605	0.00379732246282427	"gene-96580"
"gene-94260"	0.746359897848737	6.12444115807556	12.247971620838	0.000465764187400399	0.00383426307832093	"gene-94260"
"gene-239989"	0.588163962100608	4.44926604341141	12.2338077657889	0.00046931322579372	0.00386049146909668	"gene-239989"
"gene-73861"	0.984883024111454	4.98830698110531	12.2252082202706	0.00047148131700972	0.00387532866129473	"gene-73861"
"gene-340347"	1.88203668927777	6.03170938672355	12.2194907277059	0.000472928385325244	0.00388422108596084	"gene-340347"
"gene-251878"	0.49920732234322	5.61158549273575	12.1989335343332	0.000478168437390658	0.00392422800932642	"gene-251878"
"gene-175383"	0.795907581524667	4.15658209006617	12.1973866099302	0.000478565112728973	0.00392445531147676	"gene-175383"
"gene-9417"	-0.983490387363896	7.7221073782089	12.1875879801101	0.000481085485614391	0.00394208414868619	"gene-9417"
"gene-421051"	2.80465167427658	3.89870264567429	12.1800925800617	0.000483022468504288	0.00395490914165636	"gene-421051"
"gene-206544"	-0.904420862234057	8.53287566555129	12.1563676999105	0.000489205561804355	0.00400245411950087	"gene-206544"
"gene-85294"	0.465956328628839	7.28685076499016	12.1348714192771	0.000494876804754711	0.00404574150297549	"gene-85294"
"gene-276628"	0.845970091259091	6.68170260824326	12.1319282431608	0.000495658434019907	0.00404901928128705	"gene-276628"
"gene-161955"	4.50751140937262	2.51846173855407	12.1245782743597	0.000497615835848999	0.00406173111345878	"gene-161955"
"gene-147885"	2.17867855774183	4.78750999788012	12.1219111216767	0.000498328064448459	0.00406173111345878	"gene-147885"
"gene-289106"	0.414188362818911	6.64754917672067	12.121790865659	0.000498360201491511	0.00406173111345878	"gene-289106"
"gene-328885"	-2.11942081053079	6.10694740105453	12.120181391164	0.000498790516512362	0.00406212552344983	"gene-328885"
"gene-169536"	1.71518672748438	3.31844557976833	12.1006750003813	0.000504035730468886	0.00410170162912553	"gene-169536"
"gene-33226"	2.27631216644792	4.89468753313212	12.0909848037658	0.000506662060095934	0.00411992176695746	"gene-33226"
"gene-332284"	-1.41500834449023	3.48031861730441	12.0824580455473	0.000508984486383193	0.00413564476483701	"gene-332284"
"gene-145405"	0.537186763536454	5.18996330313317	12.0753451639377	0.00051093003477938	0.00414828385489579	"gene-145405"
"gene-335031"	-0.544504843323099	5.77251701766237	12.0732682287777	0.000511499542400808	0.00414973999464149	"gene-335031"
"gene-151080"	1.47683057452547	0.817701787517635	12.0395840388716	0.000520825926505312	0.00422218334932202	"gene-151080"
"gene-358397"	0.691038416493887	3.23126285746189	12.0365192198586	0.000521682978462226	0.00422591025051351	"gene-358397"
"gene-352580"	-1.96268069916418	0.392093792494982	12.0148180667895	0.000527792399021569	0.0042721460852309	"gene-352580"
"gene-348725"	-1.01137745297534	5.39403057842322	11.9978843597556	0.000532609792124245	0.0043078614061091	"gene-348725"
"gene-222618"	-0.757377602434419	4.4038363849845	11.9942516070175	0.000533649026374636	0.00430995860219527	"gene-222618"
"gene-84601"	2.35963986251399	2.38908238411792	11.9941450869527	0.00053367952981301	0.00430995860219527	"gene-84601"
"gene-113124"	2.91472578988338	4.28531799283516	11.9905853425574	0.000534699922898277	0.00431492289828989	"gene-113124"
"gene-186909"	2.64819195562073	3.47914730561496	11.9873352289862	0.000535633280891264	0.0043191778434871	"gene-186909"
"gene-122433"	1.07652707887107	4.78349735965565	11.9858246854271	0.000536067633987786	0.00431940557204098	"gene-122433"
"gene-133498"	1.31865482617901	1.90815523263925	11.980186731959	0.000537691956310406	0.00432458965773684	"gene-133498"
"gene-72638"	0.674131781051587	5.71697691977185	11.9796837868173	0.000537837098463283	0.00432458965773684	"gene-72638"
"gene-106125"	1.49754199117165	1.13862423085648	11.9793591241464	0.000537930812070876	0.00432458965773684	"gene-106125"
"gene-179053"	1.65836956094205	5.08262586615433	11.9688252297995	0.000540980372493202	0.00434582117963572	"gene-179053"
"gene-377320"	0.80547363450609	4.80139845180446	11.9579646164497	0.000544142793110517	0.0043679266019045	"gene-377320"
"gene-830"	-0.69763189128002	6.8051475473145	11.955201949758	0.000544950206562431	0.00437110889668026	"gene-830"
"gene-90891"	-2.584278114551	5.19227460616642	11.9393774314586	0.000549598421700089	0.00440507069570621	"gene-90891"
"gene-58752"	-1.47070703205587	8.58223440820182	11.9361589390328	0.00055054869301067	0.0044080304218324	"gene-58752"
"gene-237282"	-2.02105571052085	4.65819348155577	11.9353202862324	0.00055079658053923	0.0044080304218324	"gene-237282"
"gene-20053"	-2.49893546972968	2.13868896796304	11.9184926445137	0.000555794348708681	0.00444468322771845	"gene-20053"
"gene-257883"	0.833652703558254	4.17710762664486	11.9120822477365	0.000557710241230536	0.00445665373833808	"gene-257883"
"gene-153456"	1.72462167920921	2.81662942668922	11.9104928464418	0.000558186300537847	0.00445710922861902	"gene-153456"
"gene-143329"	0.613941615789449	5.39046626773152	11.9024603386754	0.000560598489879908	0.00447301240687375	"gene-143329"
"gene-308216"	0.617845773886073	6.54569247434826	11.8995632902162	0.000561471063436522	0.00447661636485071	"gene-308216"
"gene-208417"	1.61515130038058	2.92920598948688	11.8941546315667	0.000563103790308367	0.00448627109641932	"gene-208417"
"gene-402536"	-0.936117940201515	9.58752554955679	11.8924628322102	0.000563615482056619	0.00448698672691183	"gene-402536"
"gene-367186"	2.65111021349922	-0.57167257511126	11.8711162210135	0.000570112330222911	0.00453531394483985	"gene-367186"
"gene-198149"	0.684557831848758	6.35471898305237	11.8574149670234	0.000574322100754923	0.00456536533681473	"gene-198149"
"gene-13950"	0.431570270172434	5.53166689999234	11.8560331158984	0.000574748419142057	0.00456536533681473	"gene-13950"
"gene-255088"	-0.614197069839164	8.75641411735586	11.8507759340572	0.000576373247807308	0.00457485512214816	"gene-255088"
"gene-14371"	0.782995577583067	4.97014949541822	11.8345102510559	0.000581429889731381	0.00461154981892839	"gene-14371"
"gene-26135"	1.5121702526009	4.41921885461277	11.8270379297741	0.000583767862079661	0.00462664305594581	"gene-26135"
"gene-184293"	0.777333246210431	4.79652534331506	11.8230129420266	0.000585031149077781	0.00463320275621093	"gene-184293"
"gene-188973"	0.686518063085293	5.9300664559096	11.818966325607	0.000586304007178591	0.00463982843776153	"gene-188973"
"gene-413822"	2.46086706237092	1.9369594412764	11.8136334709748	0.000587985721764243	0.00464967742504423	"gene-413822"
"gene-47161"	-1.6518308980723	5.92583430659604	11.8112677695542	0.00058873330398201	0.00465213032775086	"gene-47161"
"gene-179068"	2.34461575040273	5.44532609686846	11.8034474360855	0.000591211434539171	0.00466587860185091	"gene-179068"
"gene-7975"	2.61892614436723	4.79580721856243	11.8030094336883	0.000591350541114613	0.00466587860185091	"gene-7975"
"gene-2601"	-1.96637430822933	1.89659776295139	11.7957560724528	0.000593658970541629	0.00468062031925928	"gene-2601"
"gene-409336"	-1.90983332953818	2.6499029867272	11.7638611661042	0.000603918201858787	0.00475798073701486	"gene-409336"
"gene-214155"	0.521764231546739	5.46680837036772	11.7539473380123	0.00060714338913355	0.00477656133141081	"gene-214155"
"gene-121196"	0.74749546608956	4.15360558177633	11.7538511194294	0.000607174776238005	0.00477656133141081	"gene-121196"
"gene-31823"	1.17326048018762	1.9365595054415	11.7462732973209	0.000609651862375191	0.00478990232482645	"gene-31823"
"gene-140843"	1.61809063407782	0.570846303407627	11.7459086460476	0.000609771318899494	0.00478990232482645	"gene-140843"
"gene-139"	-0.732569969867107	6.19786811826121	11.7422641421505	0.000610966525491345	0.00479574905175347	"gene-139"
"gene-209179"	0.572399308342656	5.25869655808767	11.7300817131	0.000614978922855538	0.00482071895931474	"gene-209179"
"gene-264166"	0.782705612099962	5.23488932534725	11.7298541646266	0.000615054120702342	0.00482071895931474	"gene-264166"
"gene-130862"	-1.41773567336172	9.34356452630695	11.719305223321	0.000618550437435261	0.00484455261602462	"gene-130862"
"gene-69698"	2.30521546480097	3.51766094995934	11.7154275849048	0.00061984067197878	0.00485108564177065	"gene-69698"
"gene-394960"	-2.36096202373385	2.56405706943248	11.7052760977407	0.00062323133575731	0.00487305174566702	"gene-394960"
"gene-93359"	0.681119702703834	3.21979566170138	11.7042840425838	0.000623563691787591	0.00487305174566702	"gene-93359"
"gene-210469"	1.63610422448195	3.90296671519627	11.7009416320473	0.000624684776446319	0.00487822854793175	"gene-210469"
"gene-273045"	0.575159490738492	4.61972194853337	11.6985219226302	0.000625497646050277	0.00488099263638353	"gene-273045"
"gene-194639"	1.27339456338922	5.65943921770122	11.6941337055424	0.000626974536200254	0.00488893047435917	"gene-194639"
"gene-285720"	0.899956217966331	6.34610509775364	11.6771586818998	0.000632720856273032	0.00493012382953844	"gene-285720"
"gene-426086"	0.45728881556011	4.57475620519744	11.6696340648338	0.000635285047107625	0.00494648005932408	"gene-426086"
"gene-222191"	2.50019426138261	2.37655409007761	11.6640925201514	0.000637180167661957	0.00495760663003114	"gene-222191"
"gene-94317"	0.540989000462364	3.49686344172407	11.6608222412648	0.00063830122915734	0.00496269873780517	"gene-94317"
"gene-277626"	1.88424841790428	-0.710906725328829	11.6435934282157	0.000644240294914739	0.00500304552260523	"gene-277626"
"gene-143102"	0.525731516357357	5.3250039509383	11.6430417143648	0.000644431399583411	0.00500304552260523	"gene-143102"
"gene-138033"	0.965097005025453	5.73222171405516	11.6416653274024	0.000644908407173708	0.00500309687724257	"gene-138033"
"gene-259225"	0.497699401766611	6.27116436478927	11.6385570148686	0.000645986952021171	0.00500647184530978	"gene-259225"
"gene-185947"	-0.812466840989777	5.62738431918074	11.6376993630415	0.000646284866830607	0.00500647184530978	"gene-185947"
"gene-129584"	0.383345292997795	6.16712040343459	11.627940848365	0.000649684382156288	0.00502914344149511	"gene-129584"
"gene-267939"	0.689003295686274	3.67669788023111	11.6114102214648	0.000655484320575193	0.00507034998810018	"gene-267939"
"gene-32842"	0.635597774773259	6.10502874963514	11.6060733977418	0.000657367944712361	0.00508122489822724	"gene-32842"
"gene-371404"	4.53497268467241	2.25851286233973	11.5999416750545	0.000659538877679939	0.00509430319753365	"gene-371404"
"gene-79040"	0.48443018594015	4.77775023659887	11.5963550406447	0.000660812078765308	0.00510043343232787	"gene-79040"
"gene-57596"	0.945643818691733	5.62900268700799	11.5944706307284	0.000661482010349441	0.00510190185792361	"gene-57596"
"gene-169660"	1.43138270359527	1.74973517060224	11.592841586776	0.00066206170893198	0.00510258554774757	"gene-169660"
"gene-258078"	-1.07013588079531	8.59876108684804	11.5915262549952	0.000662530146807014	0.00510258554774757	"gene-258078"
"gene-91750"	1.01760314307004	9.36565436966717	11.5890141288661	0.00066342573748908	0.00510578592180453	"gene-91750"
"gene-45711"	-2.48883073188296	8.50401156830839	11.5791528823682	0.000666953178780831	0.0051282360245022	"gene-45711"
"gene-358347"	-1.78032630927463	9.55980049345556	11.5768601159392	0.000667776029109266	0.0051282360245022	"gene-358347"
"gene-190055"	0.705438297804711	4.66798477532051	11.5768231881063	0.000667789290516693	0.0051282360245022	"gene-190055"
"gene-322266"	-1.72801163853127	7.82612392828158	11.5613684304413	0.000673362772644352	0.00516559379713025	"gene-322266"
"gene-168058"	0.96792179026723	4.7216119495879	11.5606436804336	0.000673625291145135	0.00516559379713025	"gene-168058"
"gene-215534"	-0.66062715634803	8.93918272620717	11.5539495589006	0.000676054924255072	0.00518049003917647	"gene-215534"
"gene-227002"	-1.58774701269767	-0.250123998850618	11.5450593244421	0.000679295327131018	0.00519863071642528	"gene-227002"
"gene-320647"	-0.671374802022205	2.44020145193585	11.5447733014923	0.000679399839773518	0.00519863071642528	"gene-320647"
"gene-392032"	-6.24810633117119	9.55097800156558	11.5383883078234	0.00068173714635051	0.00521276512479081	"gene-392032"
"gene-163213"	0.744133033445199	7.41813278954699	11.533884805895	0.000683390592708597	0.00522165398279356	"gene-163213"
"gene-235586"	-0.777498134798772	8.35386087603932	11.5104518489287	0.000692059532014756	0.00528409560840556	"gene-235586"
"gene-405544"	2.50243392866966	-0.657835092666178	11.4988624750295	0.000696387951722968	0.00531333016823923	"gene-405544"
"gene-327542"	0.470589717663736	4.92823104702975	11.4946446802633	0.000697969999792131	0.00531808802012283	"gene-327542"
"gene-101238"	2.29835000414214	2.94006005923709	11.4945340285873	0.000698011552848013	0.00531808802012283	"gene-101238"
"gene-246452"	0.531219181086948	5.64083120353504	11.4922860243991	0.000698856287836133	0.00532071258226565	"gene-246452"
"gene-119815"	-0.980626451386485	2.5884097982356	11.4767553984181	0.000704720530171548	0.00536152185901615	"gene-119815"
"gene-45037"	2.5180377983183	4.4519488977692	11.4475463978417	0.000715884634353637	0.00543927917127789	"gene-45037"
"gene-253801"	-0.624042828904766	5.39777772332979	11.4473409549639	0.000715963787118188	0.00543927917127789	"gene-253801"
"gene-401648"	-3.05930023788736	1.06788154483383	11.4406785107388	0.000718535483207809	0.00545492034218291	"gene-401648"
"gene-246678"	0.691471310775386	3.51026503654281	11.4308940267407	0.000722329210077892	0.00547980989899319	"gene-246678"
"gene-125426"	-1.02508877938665	9.6345082785947	11.4221779840325	0.000725725711210318	0.00550165264749319	"gene-125426"
"gene-362015"	-0.59225012021419	6.97690787941238	11.4189751723886	0.000726977845217875	0.00550609944901148	"gene-362015"
"gene-246261"	1.2530062421904	6.6262818171348	11.4180302923001	0.000727347661325792	0.00550609944901148	"gene-246261"
"gene-189101"	0.632926824174795	6.04693712758402	11.4042295717739	0.000732770830513322	0.00554320807492154	"gene-189101"
"gene-219260"	-0.930638673259197	5.91375164828569	11.4019261162716	0.000733679973064766	0.00554614086248532	"gene-219260"
"gene-111720"	2.86630894799926	2.96557467828515	11.3983694528614	0.000735085978575777	0.00555282277566191	"gene-111720"
"gene-180400"	-2.01390020090508	2.96885397408872	11.395859453355	0.000736079859426277	0.00555638423339807	"gene-180400"
"gene-137421"	-0.816793320033203	8.88305996235958	11.3818693830667	0.000741644412977852	0.00559106901372614	"gene-137421"
"gene-56796"	-0.558985923824434	11.2477870180858	11.3816649003682	0.000741726060395598	0.00559106901372614	"gene-56796"
"gene-382640"	0.506899189174004	5.26789612371013	11.3789132550865	0.000742825642170822	0.00559304044416526	"gene-382640"
"gene-418652"	-0.588076136619332	5.46515408050795	11.3774699748005	0.000743403048072967	0.00559304044416526	"gene-418652"
"gene-14094"	0.490028747071932	5.21502608382576	11.3770649300874	0.000743565173754201	0.00559304044416526	"gene-14094"
"gene-30322"	-0.652185215166431	5.36879503165575	11.3541095647024	0.000752812055034265	0.00565859294511975	"gene-30322"
"gene-218523"	1.6944123703194	4.53823410757205	11.3470893948702	0.000755663054868965	0.00567601147710897	"gene-218523"
"gene-89228"	-1.17611635347159	6.4647954498491	11.3438611753415	0.000756977744326295	0.0056818738804901	"gene-89228"
"gene-273615"	0.596663603322242	6.99801816774674	11.3422697286686	0.000757626709788447	0.00568273461587442	"gene-273615"
"gene-58415"	-1.50177192019972	2.19151413685409	11.3407562113999	0.000758244418479978	0.00568335985549898	"gene-58415"
"gene-128528"	0.979740304105764	5.0643787076079	11.3308186073547	0.000762312891911644	0.0057061398375255	"gene-128528"
"gene-173435"	-0.63670590588952	6.55706877871544	11.3307121579719	0.000762356591681435	0.0057061398375255	"gene-173435"
"gene-14863"	0.639691416501169	3.73696474175663	11.3231354648413	0.000765473498590182	0.00572544031716257	"gene-14863"
"gene-227071"	-1.71125631144927	5.15449092094524	11.3125475539943	0.000769850745945148	0.00575413389590485	"gene-227071"
"gene-414302"	1.19222345259205	7.91154651467274	11.309483759367	0.000771122090077739	0.00575958886942896	"gene-414302"
"gene-26484"	0.99668984920776	2.50928987304256	11.2966255113564	0.000776480892192287	0.00579209870093999	"gene-26484"
"gene-36914"	-2.05848089731154	3.29440213145032	11.2964272438962	0.000776563816053068	0.00579209870093999	"gene-36914"
"gene-376728"	1.27646279792318	3.44099173342531	11.2917188086158	0.000778535715199167	0.00579738194974126	"gene-376728"
"gene-127773"	0.59629185877811	4.36705015930095	11.2908826101885	0.000778886444971579	0.00579738194974126	"gene-127773"
"gene-244089"	1.24500305304171	0.257348660503336	11.2908327292231	0.000778907371773247	0.00579738194974126	"gene-244089"
"gene-119257"	2.12486824837928	5.01058977822276	11.2871345318775	0.000780460477969975	0.00580487947111094	"gene-119257"
"gene-258919"	0.680270614391585	6.30610890145859	11.2635477067937	0.000790439971826507	0.00587499618472867	"gene-258919"
"gene-255669"	-0.818716945180059	7.74424934395337	11.2513212179197	0.000795663597983143	0.00590689329551548	"gene-255669"
"gene-73754"	1.36112741383042	2.442891006644	11.2509045157461	0.000795842242616932	0.00590689329551548	"gene-73754"
"gene-136310"	2.23859785887202	4.45343580498674	11.2491539936051	0.000796593152899733	0.00590834363615172	"gene-136310"
"gene-23219"	0.994548572826903	3.49187843770445	11.2425421906717	0.000799435841006467	0.00592529589194758	"gene-23219"
"gene-316300"	0.57846224553618	5.49254009914755	11.2405713984717	0.00080028514790225	0.00592746019017293	"gene-316300"
"gene-14183"	0.503113596044139	5.83606193433463	11.2263830987589	0.00080642652575314	0.00596879090320834	"gene-14183"
"gene-281758"	-2.91469873272482	7.01044120476473	11.2124346299006	0.000812510522784321	0.00600963972206818	"gene-281758"
"g5035"	-2.60722644029544	-0.300977918939605	11.208449161893	0.000814257396804324	0.00601837503294704	"g5035"
"gene-419274"	2.62580261824207	2.83845091949327	11.206310591656	0.000815196319731737	0.00602045775630411	"gene-419274"
"gene-30376"	-1.41207947669743	8.3811908473658	11.2052297528722	0.000815671269916719	0.00602045775630411	"gene-30376"
"gene-279460"	-1.69067075237939	4.99637351936649	11.1838156706251	0.00082513907951421	0.00608611598454448	"gene-279460"
"gene-60631"	0.815630579902168	2.32989107025741	11.1808212372204	0.000826471831216185	0.00609172168871472	"gene-60631"
"gene-202958"	-0.426308489900543	5.47567632153115	11.1759510631911	0.000828644079238714	0.00610350306563917	"gene-202958"
"gene-116435"	1.76026883972565	1.47027912789256	11.1722210968535	0.000830311660802885	0.0061083651562992	"gene-116435"
"gene-7930"	1.88339379001058	-0.792481403230439	11.171153127541	0.000830789749449637	0.0061083651562992	"gene-7930"
"gene-203218"	0.643368746606828	5.92004721866066	11.1706231266445	0.00083102711368606	0.0061083651562992	"gene-203218"
"gene-270625"	1.35718293958805	8.42607482058702	11.1659228159189	0.000833135179099791	0.00611963105311145	"gene-270625"
"gene-81349"	0.486663868136182	6.81479587786986	11.151966782485	0.0008394262921232	0.00616158595101612	"gene-81349"
"gene-249563"	0.842138221835498	4.86256029332711	11.1271473616913	0.00085073328236649	0.00623768446750297	"gene-249563"
"gene-122368"	0.883998971258588	3.57728076551189	11.1266388576532	0.000850966544034112	0.00623768446750297	"gene-122368"
"gene-76715"	2.15344796978267	4.86814485752883	11.1007053388814	0.000862948925872634	0.00632116031376125	"gene-76715"
"gene-74571"	1.25001840998566	3.37363563418797	11.0933098955945	0.000866397082984924	0.00634205049871139	"gene-74571"
"gene-269228"	-0.632879404950204	6.97828313599507	11.0778317702438	0.000873658971540324	0.00638613939268091	"gene-269228"
"gene-271501"	2.26190777344001	0.115624549299749	11.0769825736293	0.0008740591658046	0.00638613939268091	"gene-271501"
"gene-279296"	-1.10659618152068	5.64175047064405	11.0766384019656	0.000874221413665231	0.00638613939268091	"gene-279296"
"gene-218723"	1.25493991026404	4.88379404017132	11.0667631635012	0.000878889745740138	0.00641583482202616	"gene-218723"
"gene-92196"	0.57077212252169	5.3014189003227	11.0555618129954	0.000884215484200116	0.00645028524688095	"gene-92196"
"gene-271599"	-0.576577449065617	5.88598990920001	11.0486285297973	0.000887528282438712	0.0064700142645772	"gene-271599"
"gene-332278"	-1.05343438269894	2.48778358464529	11.0423160566881	0.000890555362067523	0.0064876348157193	"gene-332278"
"gene-58049"	1.91353042425359	0.466390113687864	11.0310079913261	0.000896004144837734	0.00652107360216795	"gene-58049"
"gene-96502"	0.931070077608467	2.96604667031979	11.0297842469487	0.000896595822461172	0.00652107360216795	"gene-96502"
"gene-342950"	-2.2162193533562	0.16249283556019	11.0286316553266	0.000897153459089272	0.00652107360216795	"gene-342950"
"gene-363133"	-0.936667028041257	6.26611330420481	11.027713453996	0.000897597945992278	0.00652107360216795	"gene-363133"
"gene-296489"	0.529582632703773	5.33209279088313	11.0199097495008	0.000901384594973227	0.00654411368746433	"gene-296489"
"gene-21635"	-0.943048752886069	5.39847789888283	11.0184680412808	0.000902085931037132	0.00654473803718345	"gene-21635"
"gene-408231"	-0.787176356491365	6.00560424974633	11.0109088744246	0.000905772216740179	0.00656700292927644	"gene-408231"
"gene-333204"	-1.09517914388526	5.42938682872782	11.0081721557551	0.00090711055014347	0.00657222602951359	"gene-333204"
"gene-150996"	2.18504439844204	3.30837161482532	11.0058840627865	0.000908231027122569	0.00657346064615061	"gene-150996"
"gene-207324"	1.98681694122866	2.88227066022511	11.0053004783254	0.000908517031763952	0.00657346064615061	"gene-207324"
"gene-129852"	0.795656551808703	7.10218608175653	11.0036623398332	0.000909320341682239	0.00657480024074256	"gene-129852"
"gene-207342"	-1.13448715378169	7.41030878646232	11.0023737670996	0.000909952736186387	0.00657490305847718	"gene-207342"
"gene-118220"	1.30716485582515	5.55507751868535	10.9995265583774	0.000911351641568936	0.00658054043430224	"gene-118220"
"gene-270896"	-0.71004289157576	7.26428279059727	10.9952416739412	0.000913461012534266	0.00659129669560004	"gene-270896"
"gene-343203"	2.52912491687459	4.2089659223015	10.9932598778971	0.000914438283514357	0.00659387497183641	"gene-343203"
"gene-40192"	2.50847222945479	4.48944115929721	10.9771126643876	0.000922440355877788	0.0066427125277632	"gene-40192"
"gene-3821"	0.491854401578181	6.56019176580841	10.9770728512173	0.000922460173327025	0.0066427125277632	"gene-3821"
"gene-100060"	-0.681807764907662	6.79365038710941	10.9754473061607	0.000923269674170167	0.00664404347393362	"gene-100060"
"gene-112984"	2.77755682395475	1.53940032390394	10.9634566026765	0.000929263123289444	0.00668265218343917	"gene-112984"
"gene-278386"	1.02243030502261	1.95548782622232	10.9606309857284	0.000930681201110801	0.00668832787500978	"gene-278386"
"gene-47610"	-1.32182231653385	4.79005552242857	10.954617235774	0.000933706578715971	0.00670553894073131	"gene-47610"
"gene-133409"	1.90182493886771	4.81907254388909	10.9394472387488	0.000941382504611647	0.00675610277938562	"gene-133409"
"gene-117025"	1.42477377799111	3.66335905044402	10.9374790453129	0.000942383063422381	0.00675872303611628	"gene-117025"
"gene-118964"	0.77876132713376	5.0882834215991	10.9356162819887	0.000943331015728923	0.00676096272459085	"gene-118964"
"gene-9803"	0.676621177830632	5.31695186476837	10.9301988459679	0.000946093408736773	0.00677619494634634	"gene-9803"
"gene-212679"	0.514150070380424	5.76235702072862	10.92744383493	0.000947501346269106	0.0067817121930809	"gene-212679"
"gene-121710"	-1.31339801988608	8.44981762044139	10.9223099739844	0.000950130640312411	0.00679595796258426	"gene-121710"
"gene-197114"	-2.14008494865436	4.58021327922616	10.8951422474367	0.000964167844014723	0.00689172660547083	"gene-197114"
"gene-47586"	0.579042375389915	5.25997864558623	10.8864996893759	0.000968677160796047	0.00691930845011871	"gene-47586"
"gene-291663"	-0.544732789217473	9.0214298054751	10.8777237672938	0.000973277884133558	0.00694750575546612	"gene-291663"
"gene-27360"	0.542652963566979	6.13905662130565	10.8739496721257	0.000975263218748839	0.00695700844709098	"gene-27360"
"gene-104607"	0.736309209711868	5.0016844374253	10.8642989255545	0.000980358566810212	0.00698769236133615	"gene-104607"
"gene-419351"	2.01014388134084	0.435861965876085	10.8633168372332	0.000980878591150326	0.00698769236133615	"gene-419351"
"gene-125748"	0.956335270461036	5.28258477951054	10.8605324999311	0.000982354439002238	0.00699352196333855	"gene-125748"
"gene-54398"	0.963381660111214	2.18268301805876	10.852057978552	0.00098686022185108	0.00702089987933652	"gene-54398"
"gene-429248"	1.20649053479414	0.0293227084756101	10.8474950275282	0.000989294928032908	0.00703351661400937	"gene-429248"
"gene-336348"	-3.5363259514991	4.78783799715962	10.8442445220314	0.000991033041555188	0.00704116728789645	"gene-336348"
"gene-183915"	0.801912155148597	5.20928324896625	10.84168950164	0.000992401432001826	0.00704618266406637	"gene-183915"
"gene-317002"	-1.0560599378451	5.30357463293483	10.8347540281642	0.000996125498906559	0.00706448088487904	"gene-317002"
"gene-187893"	0.693296481035432	3.94760928685097	10.8332875374487	0.000996914752997695	0.00706448088487904	"gene-187893"
"gene-244176"	0.707828716326267	5.04432268255099	10.8331826780336	0.000996971211752861	0.00706448088487904	"gene-244176"
"gene-10674"	0.858902450053724	4.58716563983032	10.8301674025429	0.000998596090477084	0.0070712836340308	"gene-10674"
"gene-245652"	-0.751844715742859	7.62346462954797	10.8137360724926	0.00100749782228299	0.00712957208103916	"gene-245652"
"gene-175494"	-1.92755709419633	6.52279964823389	10.7907049554193	0.0010201102611532	0.00721402442661265	"gene-175494"
"gene-219091"	0.608195529578438	4.74026948829411	10.7887952554378	0.00102116320465944	0.00721667232209824	"gene-219091"
"gene-157103"	-0.956349608507573	9.36187741975476	10.7860616669751	0.00102267232526138	0.00721838425090846	"gene-157103"
"gene-78574"	1.26411403725246	4.93776660944416	10.7842444688288	0.00102367678603321	0.00721838425090846	"gene-78574"
"gene-309339"	1.20666789775689	1.99349525992815	10.7837040314091	0.00102397570660426	0.00721838425090846	"gene-309339"
"gene-226108"	1.21930472105135	3.11697315479226	10.7830729451765	0.00102432487754242	0.00721838425090846	"gene-226108"
"gene-187640"	0.494045624003709	6.28014532303315	10.7822167019885	0.00102479881711844	0.00721838425090846	"gene-187640"
"gene-199414"	-1.25862801068394	4.33480002228711	10.7764344654125	0.00102800515658597	0.0072361766018851	"gene-199414"
"gene-336793"	0.458711827624799	5.94306050864112	10.7555053962279	0.00103969571166936	0.00730908918068608	"gene-336793"
"gene-213477"	0.766316907348321	3.93278438714988	10.7554303627717	0.00103973786483434	0.00730908918068608	"gene-213477"
"gene-188045"	-1.8209540112997	6.37804939468721	10.7385677627144	0.00104925511234926	0.00737112111951565	"gene-188045"
"gene-328746"	-2.54330365309797	1.03369121809179	10.7296326241795	0.00105433376757175	0.00740191019926938	"gene-328746"
"gene-348395"	0.653983686241783	5.01137983353705	10.7264715131421	0.00105613646370818	0.00740967508443284	"gene-348395"
"gene-22129"	0.467315020555159	6.34820636396635	10.7103242981178	0.00106539353598107	0.00746969390157855	"gene-22129"
"gene-123966"	2.40454805361679	2.05827371789651	10.7012127516151	0.0010706532919538	0.00750162609566574	"gene-123966"
"gene-142683"	0.860968388334242	4.21017910393187	10.69747895904	0.00107281625094002	0.00751183255101912	"gene-142683"
"gene-182695"	0.815052293903343	4.28656506614009	10.6931551527815	0.00107532652404277	0.00752445586165717	"gene-182695"
"gene-402701"	0.477957461240838	5.06355031242294	10.6827277507463	0.00108140483270649	0.00756201301818951	"gene-402701"
"gene-334802"	1.95600720751611	0.206164298649518	10.6731628524097	0.00108701093114422	0.00759622093538103	"gene-334802"
"gene-7507"	0.617990677834275	3.34435585601342	10.6714714004992	0.00108800536558487	0.00759817798316528	"gene-7507"
"gene-146804"	0.586634629991123	5.64982985401447	10.6634094794381	0.00109275777219448	0.00762635936027594	"gene-146804"
"gene-251307"	0.589685026415129	5.22729765360741	10.6559900463362	0.00109714999347958	0.00765199169222875	"gene-251307"
"gene-216544"	0.997040818238689	1.19167781747132	10.6519352313387	0.00109955794103203	0.00766376032818918	"gene-216544"
"gene-241630"	0.847723699278967	2.00553356367185	10.638901145004	0.00110733449232298	0.00771290743965106	"gene-241630"
"gene-57161"	1.72754774686006	3.39045728332511	10.6340830231929	0.00111022320168458	0.00772787412422954	"gene-57161"
"gene-272694"	-0.572375413865938	4.64799644403573	10.6328954232944	0.00111093639864112	0.00772787412422954	"gene-272694"
"gene-263126"	-1.3967056681263	5.88115978960245	10.6276745495865	0.00111407722476318	0.00774465709972628	"gene-263126"
"gene-336703"	-3.13035400494267	6.35685240876159	10.6247838271709	0.00111582011710881	0.0077517065745064	"gene-336703"
"gene-74816"	0.934152235847063	4.46010046722245	10.6128882193175	0.00112302137030072	0.00779405269586467	"gene-74816"
"gene-131587"	0.588942689875914	4.4558014479376	10.6122957971825	0.00112338123192559	0.00779405269586467	"gene-131587"
"gene-196937"	2.29511542182053	0.789316040330387	10.6073602713017	0.00112638381184837	0.00780979023651842	"gene-196937"
"gene-13493"	0.786359605398815	5.25887263396748	10.6050142390992	0.00112781389114862	0.00781461143078612	"gene-13493"
"gene-105400"	1.40968192666856	4.1596346197395	10.6021682085404	0.00112955122228188	0.00782155390637372	"gene-105400"
"gene-219864"	0.902392007826714	5.59679734353955	10.5851173263712	0.00114001661565502	0.00788888531171553	"gene-219864"
"gene-279361"	-0.960115254940204	8.22425557005592	10.571392867275	0.00114851155755231	0.007942502552748	"gene-279361"
"gene-361290"	-1.10414450604539	7.400449771924	10.5694668861667	0.00114970878344523	0.00794561573796194	"gene-361290"
"gene-3092"	0.736187274084481	4.94880826615854	10.5668147950826	0.00115135943961023	0.00795185649330806	"gene-3092"
"gene-164657"	2.6363426603619	3.4896848281571	10.5532920412321	0.00115981333156921	0.00800504516195333	"gene-164657"
"gene-247867"	0.662284597987988	3.24376776083811	10.5420304004402	0.00116690157812917	0.00804874525614905	"gene-247867"
"gene-93622"	-2.0079155694187	2.31050513974216	10.5363369131844	0.00117050180988144	0.00806834559293519	"gene-93622"
"gene-160691"	1.11713598700822	3.77781238899971	10.5305307170854	0.00117418488752985	0.00808849123301002	"gene-160691"
"gene-176736"	-2.26760569773425	3.22581497035556	10.527690482119	0.0011759908188076	0.00809568825167484	"gene-176736"
"gene-147246"	1.04608610546127	7.78347096291773	10.5242201024234	0.00117820123582393	0.00810565869613409	"gene-147246"
"gene-353402"	0.91461942760886	0.758635608562436	10.5198632879385	0.00118098220967768	0.0081184737920242	"gene-353402"
"gene-127867"	0.560634112432428	4.13371528984827	10.5184693929038	0.00118187334064986	0.0081184737920242	"gene-127867"
"gene-76335"	1.93440698589844	4.23956353907368	10.5177181756994	0.00118235388340029	0.0081184737920242	"gene-76335"
"gene-315287"	0.468389017637864	4.83398457688997	10.5147655176744	0.00118424457232069	0.00812128153089232	"gene-315287"
"gene-64677"	0.534749644634196	5.02366528133588	10.5139087716437	0.00118479374878938	0.00812128153089232	"gene-64677"
"gene-198745"	1.5428029474829	3.78458262358588	10.5135036983819	0.00118505349153299	0.00812128153089232	"gene-198745"
"gene-79088"	-0.958349609490355	9.314110016877	10.500916697573	0.00119315335659212	0.0081697373539284	"gene-79088"
"gene-311808"	1.19600800704546	2.21382749141322	10.5001316661953	0.00119366038435547	0.0081697373539284	"gene-311808"
"gene-238178"	0.696671386211755	5.38404370187986	10.4910375588341	0.00119954990624948	0.00820476707580031	"gene-238178"
"gene-205159"	-0.781192319014311	5.66876270829757	10.4868965560938	0.00120224143523097	0.0082178919698693	"gene-205159"
"gene-93172"	2.03669461196476	-0.155989233616466	10.4716710799154	0.00121219019302194	0.00828057475464444	"gene-93172"
"gene-206588"	0.725397278837893	4.85247705972012	10.4664489480778	0.00121562163536331	0.00829541900655422	"gene-206588"
"gene-249305"	0.536490961590743	6.11618037208001	10.4655911950686	0.00121618620063054	0.00829541900655422	"gene-249305"
"gene-419692"	2.068932587791	3.21726881250277	10.464369444902	0.00121699080367202	0.00829541900655422	"gene-419692"
"gene-305990"	-0.804336703070013	6.43438005608312	10.4636224887945	0.00121748298883331	0.00829541900655422	"gene-305990"
"gene-47321"	1.44644372263586	4.95592441754819	10.4547974922104	0.00122331323655531	0.00832477487996805	"gene-47321"
"gene-156968"	-1.19350746904139	3.29621718085777	10.4547316822274	0.00122335681998778	0.00832477487996805	"gene-156968"
"gene-221329"	1.63766633542076	1.49256482720496	10.4506863736465	0.00122603889213008	0.00833769159635263	"gene-221329"
"gene-67827"	0.486056433172982	5.99371572831173	10.4479963160666	0.00122782571532232	0.0083425546057482	"gene-67827"
"gene-76751"	-0.886918680048577	7.65987581176986	10.4453654831955	0.00122957574842855	0.0083425546057482	"gene-76751"
"gene-151101"	-1.00095089820578	4.98005054291674	10.4450045450718	0.00122981604172059	0.0083425546057482	"gene-151101"
"gene-157753"	-2.20350733063615	2.66956002117584	10.4448912684876	0.00122989146500688	0.0083425546057482	"gene-157753"
"gene-71686"	1.70208534585997	8.48080024568853	10.4405297688753	0.00123279905799051	0.00835494806541783	"gene-71686"
"gene-100256"	-1.17385376928184	6.65092200171172	10.4397949246641	0.00123328962605359	0.00835494806541783	"gene-100256"
"gene-299808"	0.907759035528538	3.60364297449805	10.4357694233751	0.00123598048175944	0.00836784748821989	"gene-299808"
"gene-166496"	1.58447624908667	-0.71111787108382	10.4329105405591	0.00123789511606128	0.00837547866057747	"gene-166496"
"gene-188199"	-1.41892211653563	8.36000560694262	10.4305594515473	0.00123947192263694	0.00838081587359598	"gene-188199"
"gene-133302"	0.995103514860409	4.03178911681394	10.4057612378993	0.00125622766070811	0.00848871499319661	"gene-133302"
"gene-53242"	1.8989467462261	3.67199051198452	10.4027728272715	0.00125826229688415	0.00849706526327606	"gene-53242"
"gene-309315"	0.589109831216436	4.67567925300116	10.400762963242	0.0012596325726814	0.00850092134710619	"gene-309315"
"gene-162857"	-2.31438223757985	6.76337554221931	10.3985118070762	0.00126116914871138	0.0085022684876962	"gene-162857"
"gene-79470"	-0.557557260453417	6.63174093423515	10.3981285203486	0.00126143095840397	0.0085022684876962	"gene-79470"
"gene-285738"	2.01583606215043	4.74729854741439	10.3959478031261	0.00126292157679661	0.00850692456669332	"gene-285738"
"gene-117206"	-0.903653141375487	10.6334603799814	10.3882759930137	0.00126817978649813	0.00853693684126212	"gene-117206"
"gene-100673"	0.624807369086659	5.72179375987391	10.3826072581209	0.00127207933126744	0.00855777088384599	"gene-100673"
"gene-38909"	2.23648985553945	2.83713825877159	10.3726349657272	0.0012789687871177	0.0085986801642123	"gene-38909"
"gene-5458"	-0.909741723255794	8.10644893305564	10.3676810162621	0.00128240529932488	0.00861633781656315	"gene-5458"
"gene-176676"	0.676956677155473	4.79443877050063	10.3633438895051	0.00128542159884977	0.00863115159429683	"gene-176676"
"gene-167337"	0.945281365564683	4.47763455662791	10.3588495374977	0.00128855481844057	0.00864673126115707	"gene-167337"
"gene-76179"	1.8520825755959	3.98333027800422	10.3563717115507	0.00129028552936881	0.008652885807293	"gene-76179"
"gene-106596"	-3.53535647432732	1.33600751560423	10.3538992284788	0.0012920148536405	0.00865902330391955	"gene-106596"
"gene-215563"	0.533929944747832	4.56664708460562	10.3489014990706	0.00129551757314068	0.008677030798441	"gene-215563"
"gene-133861"	-0.642801605810065	6.2587123820792	10.3307583100286	0.00130831442898264	0.00875722609607257	"gene-133861"
"gene-3833"	0.664000375640726	4.76453517995711	10.3228647050853	0.0013139218613697	0.00878922825001766	"gene-3833"
"gene-291799"	1.85194377015855	-0.352664731631746	10.3187861400059	0.00131682870435286	0.00880313645474358	"gene-291799"
"gene-211258"	-2.86558618162515	5.74528024406952	10.2983039459473	0.00133152534452786	0.00889579369623013	"gene-211258"
"gene-205408"	-0.758190168608316	4.61988033757857	10.2885363136155	0.00133859229856344	0.00893739340082912	"gene-205408"
"gene-194226"	0.893061578273343	2.2187451759891	10.2841413026275	0.00134178449518595	0.00895308650614667	"gene-194226"
"gene-431457"	0.577056576495917	5.25154572574674	10.2820403475191	0.00134331318800709	0.00895766712704913	"gene-431457"
"gene-386993"	1.11300196256189	0.190937125686564	10.2778095796074	0.00134639692301629	0.00897260505839676	"gene-386993"
"gene-88715"	0.991866869734314	2.11065431160543	10.2644809008829	0.00135615890188259	0.00903200130270708	"gene-88715"
"gene-138051"	1.74555584040622	3.58238546652136	10.2622557858576	0.00135779555063256	0.00903724247592488	"gene-138051"
"gene-170397"	0.516033702761356	4.76435624661276	10.2501811641345	0.00136671177996975	0.00909089836882946	"gene-170397"
"gene-401121"	1.06235039587007	1.21135991812598	10.2366743535479	0.00137675583665905	0.00915198442419103	"gene-401121"
"gene-167799"	0.477374411528569	5.33133826549548	10.2175066398262	0.00139113792265431	0.0092418132075898	"gene-167799"
"gene-56682"	0.672571746120264	4.56863911388962	10.2126783324323	0.00139478466269579	0.00926025572561324	"gene-56682"
"gene-186487"	-1.21796713809496	8.16337954931192	10.2051432539002	0.00140049512997071	0.00929236818613129	"gene-186487"
"gene-334938"	-3.97773717047151	9.06361653969155	10.196587219286	0.00140700803518694	0.00932976151012985	"gene-334938"
"gene-303219"	0.923585550568082	4.63552385449803	10.1876538004521	0.00141384093543877	0.00936922877839671	"gene-303219"
"gene-243520"	-0.660699202073568	5.9340167240145	10.1832867677832	0.00141719336220385	0.0093855968869241	"gene-243520"
"gene-211092"	-1.0196172860491	8.1444900670679	10.1751280675456	0.0014234781066649	0.00942135229775226	"gene-211092"
"gene-310158"	-0.810974620172184	4.58645556596895	10.1435176542251	0.00144809563642413	0.00957832412251683	"gene-310158"
"gene-17372"	1.59795908641388	0.901231282927684	10.1418120150561	0.00144943614476563	0.00958123234041471	"gene-17372"
"gene-90927"	-3.79491874770406	6.92405771765977	10.1395153281156	0.00145124315897986	0.00958721878193156	"gene-90927"
"gene-190559"	1.27251030840643	1.65334854937934	10.1313277517752	0.00145770365805775	0.00962392061272642	"gene-190559"
"gene-32272"	0.490802080661181	4.74971131987464	10.1228079944859	0.00146445719039189	0.00965755960055888	"gene-32272"
"gene-361545"	1.87988790183944	6.40030726784807	10.1224881456383	0.00146471134775028	0.00965755960055888	"gene-361545"
"gene-328941"	3.14671199172472	4.28679608939912	10.1214672530247	0.00146552286529729	0.00965755960055888	"gene-328941"
"gene-188376"	1.7851693119807	4.7032617075549	10.1166615709887	0.00146934906935923	0.00967677814347042	"gene-188376"
"gene-414353"	3.03181028817417	5.18055312862064	10.1066704735766	0.00147733622370052	0.00972335895747448	"gene-414353"
"gene-138128"	0.547032294700073	5.94987645284623	10.1018849887697	0.00148117742852908	0.00974261170676271	"gene-138128"
"gene-8587"	1.19468360218496	5.74456539721993	10.0933899727487	0.00148802112378156	0.0097815776715332	"gene-8587"
"gene-57689"	1.12209594958669	1.56052769297882	10.0799206129142	0.00149893791669135	0.00984725366394641	"gene-57689"
"gene-248254"	1.31184891779866	1.2286418666092	10.0602257955151	0.00151504657068927	0.00994693538632785	"gene-248254"
"gene-292255"	2.26024231168242	1.5443715917235	10.0504987846199	0.00152306698779614	0.00999342410993196	"gene-292255"
"gene-15807"	1.54006939968267	1.04108386223935	10.0475273964964	0.00152552561297636	0.0100033849689375	"gene-15807"
"gene-353876"	2.1525624777077	3.92985978418305	10.0449737189021	0.00152764182206322	0.0100109365800471	"gene-353876"
"gene-394733"	-2.40611103468283	5.808119825284	10.0438672043565	0.00152855970345961	0.0100109365800471	"gene-394733"
"gene-182357"	0.582186562718656	3.62790653925585	10.0359712502723	0.00153512582863276	0.010047752808208	"gene-182357"
"gene-240376"	2.52649322988812	4.04818315087927	10.0298778378277	0.00154021251769558	0.0100748464564638	"gene-240376"
"gene-104386"	1.76824978288703	2.99395239758187	10.0218135795637	0.00154697069549217	0.010112833630765	"gene-104386"
"gene-232643"	0.831319138757097	4.99666103854024	10.0119141569995	0.00155530789580126	0.0101610901595468	"gene-232643"
"gene-7026"	-2.56727197850223	2.85970503330379	10.0079380584982	0.00155866932537253	0.0101767998432549	"gene-7026"
"gene-120070"	-0.869608531885355	8.62422958717824	9.99572058606428	0.00156904420108661	0.0102382540630412	"gene-120070"
"gene-275149"	-1.12275203750195	1.61298210667201	9.99331852935534	0.00157109220153071	0.0102453321002334	"gene-275149"
"gene-268137"	0.865770170689047	3.03130505461819	9.98846992103972	0.00157523439140296	0.0102660496243639	"gene-268137"
"gene-146107"	0.838405969169129	2.40710945330867	9.98384795204834	0.00157919326025193	0.0102855477746721	"gene-146107"
"gene-140328"	0.505145332709605	5.55125247956413	9.97589472094895	0.00158602907088164	0.0103142610903398	"gene-140328"
"gene-104737"	1.38940373814382	4.37836735845945	9.97505671020576	0.00158675108521516	0.0103142610903398	"gene-104737"
"gene-101301"	1.99751160057681	3.92355452878359	9.97466604087479	0.00158708779235407	0.0103142610903398	"gene-101301"
"gene-129750"	2.07341312899183	3.68239770197768	9.97421019610022	0.00158748076390431	0.0103142610903398	"gene-129750"
"gene-414284"	1.13819642647519	8.03266099787579	9.96700929361667	0.00159370156088945	0.0103483576322468	"gene-414284"
"gene-359419"	-0.926317668897491	8.41538859236805	9.96124269982269	0.00159870107199328	0.0103744872493719	"gene-359419"
"gene-75744"	2.48788736951172	5.79715991010001	9.95609001006513	0.00160318178052746	0.0103972203766403	"gene-75744"
"gene-352205"	0.507516600619215	4.76976643905641	9.93990156500749	0.00161734196876637	0.0104826625105418	"gene-352205"
"gene-362311"	-0.864059315951778	7.62646304883905	9.93586867039558	0.00162088925071904	0.0104992558286527	"gene-362311"
"gene-193383"	0.895848462626922	1.88959594003075	9.92425675543314	0.00163114702049762	0.0105592694522293	"gene-193383"
"gene-306550"	1.38932277998537	6.59176195722042	9.91285844333396	0.00164128005817599	0.0106184031014354	"gene-306550"
"gene-173075"	1.76083804423262	1.4683893768061	9.9069649202921	0.00164654435505803	0.0106459852646792	"gene-173075"
"gene-241916"	0.371198763379695	5.75933508560249	9.90360862547592	0.00164954995387047	0.0106589388270755	"gene-241916"
"gene-63572"	0.77660024915525	5.84286722355161	9.90050262440018	0.0016523363636255	0.0106704611800369	"gene-63572"
"gene-331515"	1.83651892533474	2.69805583108523	9.89858176978103	0.00165406195814325	0.010675123171609	"gene-331515"
"gene-7139"	1.14235977747372	5.50783864229874	9.88691751311854	0.00166457978682842	0.0107278069230809	"gene-7139"
"gene-28998"	1.79335566369117	1.05116515224579	9.8856922984608	0.00166568850566044	0.0107278069230809	"gene-28998"
"gene-121734"	-2.45994005625431	3.93246057057102	9.88514109172419	0.00166618754655152	0.0107278069230809	"gene-121734"
"gene-60023"	0.420584993706321	6.50161418833487	9.88506152731792	0.0016662595935436	0.0107278069230809	"gene-60023"
"gene-277304"	0.597159477644919	3.38967752245714	9.86826252708838	0.00168154229294307	0.0108196514384407	"gene-277304"
"gene-202718"	2.11772340671732	6.12755144531925	9.86247567454226	0.00168683963868001	0.0108416089116749	"gene-202718"
"gene-234656"	0.445501186907445	5.71885949973545	9.86230788280183	0.00168699348898289	0.0108416089116749	"gene-234656"
"gene-16352"	0.518599804319777	6.34451455550229	9.85842650905182	0.00169055633898588	0.0108579451820373	"gene-16352"
"gene-106251"	1.65423348199558	5.01442867990805	9.85075413901069	0.0016976215241521	0.0108906229348582	"gene-106251"
"gene-142374"	1.68310712645965	2.3954709951794	9.85067769677089	0.00169769206713002	0.0108906229348582	"gene-142374"
"gene-419019"	2.52693477002987	3.29371385115931	9.84864623522821	0.00169956784371696	0.0108907954099117	"gene-419019"
"gene-247144"	0.628777260443563	3.83879156938442	9.84843082852973	0.00169976686540555	0.0108907954099117	"gene-247144"
"gene-187747"	1.21845719696185	2.91068522681708	9.8346838943155	0.00171251709583231	0.0109658831013079	"gene-187747"
"gene-332652"	-0.537943146038198	8.16028712482982	9.82981501946892	0.00171705616209986	0.010988332936278	"gene-332652"
"gene-309522"	-1.03633978923582	3.3251124870336	9.8286245843361	0.00171816781274697	0.0109888351511586	"gene-309522"
"gene-368345"	0.789968440054683	3.5036748517119	9.82704034034912	0.00171964834056326	0.0109916945614368	"gene-368345"
"gene-415382"	2.12558550941146	-1.07767704656611	9.82239588164274	0.00172399619316078	0.0110111180661259	"gene-415382"
"gene-121021"	1.06434264284136	1.67082026514813	9.82158366705535	0.00172475768128674	0.0110111180661259	"gene-121021"
"gene-359648"	-0.445962850424128	5.11219845470222	9.81920588823881	0.00172698891696933	0.0110187487227869	"gene-359648"
"gene-142665"	0.458073684138756	6.42970381383181	9.81414661473054	0.00173174612309688	0.0110424770774931	"gene-142665"
"gene-540"	1.99441144743698	0.470115341244797	9.8124134326496	0.001733378876115	0.0110462658636064	"gene-540"
"gene-363359"	1.17180331418764	3.27749354063035	9.80030574668965	0.00174482857847434	0.0111125729105707	"gene-363359"
"gene-137167"	-2.07026471600995	3.88369834755964	9.79887347085935	0.0017461880776553	0.0111145759389239	"gene-137167"
"gene-116578"	-2.37953724820225	1.91129267068244	9.79545013288391	0.00174944181966339	0.0111286263121649	"gene-116578"
"gene-122764"	1.49425160857426	2.49401517647734	9.78410281194621	0.00176027098003665	0.0111908201695576	"gene-122764"
"gene-223512"	-4.16589028624528	11.6900335232859	9.7753165826111	0.00176870263978327	0.011237706855875	"gene-223512"
"gene-401109"	0.38533271370213	5.71530483604505	9.76592913900658	0.00177775648317239	0.0112884883313562	"gene-401109"
"gene-247244"	1.59197444474471	1.28161091214686	9.75566480253622	0.00178770982143516	0.0113449174587019	"gene-247244"
"gene-181746"	-1.01543479118488	3.56847285903438	9.74888015123527	0.00179431988872233	0.0113644946281689	"gene-181746"
"gene-394061"	0.570623305888118	6.21874120997935	9.74878677938353	0.00179441103048476	0.0113644946281689	"gene-394061"
"gene-358158"	-1.15572319176653	3.49767655399941	9.74833467491394	0.00179485240327035	0.0113644946281689	"gene-358158"
"gene-303996"	0.94576174201061	4.87241956250538	9.74756117201496	0.00179560780055289	0.0113644946281689	"gene-303996"
"gene-181562"	-1.7136629090401	2.38215987571063	9.74701925997943	0.00179613721981497	0.0113644946281689	"gene-181562"
"gene-131737"	-1.63660550763153	1.98891601910796	9.73791975495105	0.00180505061983135	0.0114141013035233	"gene-131737"
"gene-47899"	-2.08368996242465	0.041360090240649	9.7318659883021	0.00181100539311206	0.0114449514920617	"gene-47899"
"gene-276107"	0.726142601330961	6.73974630025662	9.72413542584643	0.00181863849717619	0.0114863652351342	"gene-276107"
"gene-23893"	2.53024092161625	-0.361712050711256	9.72051321569479	0.00182222625259133	0.011502194909532	"gene-23893"
"gene-218086"	1.51745799809153	2.65996786741479	9.71379799355145	0.00182889658679853	0.0115374520149402	"gene-218086"
"gene-47062"	-0.5859477414493	6.51019361064575	9.70724649941287	0.00183542813678937	0.0115717923312932	"gene-47062"
"gene-205884"	0.678938966432478	6.26356599007117	9.70207720515941	0.00184059837699402	0.0115975144180737	"gene-205884"
"gene-311910"	1.80647281448512	0.476524705602404	9.69805776760755	0.00184462874935876	0.0116160280510241	"gene-311910"
"gene-164380"	-0.572036651652088	6.15227793234609	9.6960196522938	0.00184667582587108	0.0116220379195058	"gene-164380"
"gene-2787"	1.77886693768835	3.52922973357163	9.6942650749121	0.00184843996202091	0.0116248822834962	"gene-2787"
"gene-299372"	-2.31940557168853	7.36158386299039	9.69339667054179	0.001849313729191	0.0116248822834962	"gene-299372"
"gene-388126"	2.56773257533808	0.142647356237438	9.69136282248945	0.00185136177592251	0.0116308823678156	"gene-388126"
"gene-143135"	-1.53577643397294	3.6192247661634	9.69012594761001	0.00185260840963858	0.0116318435920401	"gene-143135"
"gene-57448"	0.957067302007277	4.19086010605466	9.6766193791516	0.00186627704418841	0.0117107508212318	"gene-57448"
"gene-62876"	0.967865402258062	1.64908493887108	9.67177085967199	0.00187120863622383	0.0117347730276396	"gene-62876"
"gene-253944"	1.46888150510916	-0.073676695407756	9.66686345423305	0.00187621357414941	0.0117592266203024	"gene-253944"
"gene-252158"	2.16089652472611	1.82241504032572	9.66218783663788	0.00188099474014668	0.0117822497386338	"gene-252158"
"gene-291876"	-0.883874420183673	9.37604454950756	9.659097307163	0.00188416181349671	0.011795141288023	"gene-291876"
"gene-187949"	1.51062602958938	-0.296717112651815	9.65768306268168	0.0018856128870133	0.0117972815683961	"gene-187949"
"gene-142197"	-0.878439643711046	7.72230067530165	9.65558886749161	0.00188776369906659	0.0117982825957281	"gene-142197"
"gene-411161"	-0.750112060838811	6.45497495671717	9.65536726108932	0.00188799144207684	0.0117982825957281	"gene-411161"
"gene-8100"	0.989950994284846	4.92442610945068	9.64619270463777	0.00189744454010119	0.0118503934988351	"gene-8100"
"gene-216568"	-1.12489935926963	9.13991450168138	9.63925318474377	0.0019046266034908	0.011882805890155	"gene-216568"
"g5228"	1.90672852506701	-0.735628115434557	9.63824899696294	0.00190566816858186	0.011882805890155	"g5228"
"gene-249368"	0.516520264526311	5.48401770515435	9.63794270435389	0.0019059859767398	0.011882805890155	"gene-249368"
"gene-59464"	-0.398752870855178	6.45429534783097	9.63657129014909	0.00190740961034904	0.0118847150648344	"gene-59464"
"gene-236050"	0.835514388249565	5.5378114941447	9.63189341546955	0.00191227371868543	0.0119080464121418	"gene-236050"
"gene-179514"	2.08946441508526	4.25801959024177	9.61590356103189	0.0019289953055734	0.0120013357581584	"gene-179514"
"gene-93257"	-0.881936652192673	5.08452425921166	9.61541220864362	0.00192951148424698	0.0120013357581584	"gene-93257"
"gene-27705"	0.524099415742325	5.5561114145789	9.61227729336365	0.00193280809381432	0.0120148140770363	"gene-27705"
"gene-72234"	-0.687193075746133	10.6641386415696	9.59720026104563	0.00194874272085889	0.0121021398236352	"gene-72234"
"gene-324223"	-0.447733573918101	7.00218212955472	9.59683371413518	0.00194913177114395	0.0121021398236352	"gene-324223"
"gene-62578"	-0.726346401672345	5.40841397026366	9.58982368791172	0.0019565873344596	0.0121413435760282	"gene-62578"
"gene-141719"	1.95509078566633	4.60332536097797	9.57744293043947	0.00196982567404706	0.0122163649382884	"gene-141719"
"gene-249784"	1.37073408857558	3.56248395036992	9.57288468536356	0.00197472249635827	0.0122341964524276	"gene-249784"
"gene-102427"	1.15171411958156	2.30803278096505	9.57262537421541	0.00197500143933981	0.0122341964524276	"gene-102427"
"gene-272846"	-1.07040426331617	6.93309183399592	9.57054935463805	0.00197723607005127	0.0122409096863011	"gene-272846"
"gene-21346"	2.49326617280212	0.414704472392082	9.56897593665456	0.00197893140709327	0.012244278328007	"gene-21346"
"gene-280097"	1.28565986987805	5.8498566182453	9.5554454594113	0.00199357128263567	0.0123276884663447	"gene-280097"
"gene-243284"	-1.15925382922961	5.98914264911727	9.5527743257771	0.00199647438268227	0.0123384668995982	"gene-243284"
"gene-129530"	0.531080396086133	3.59916744335022	9.55013174123169	0.00199935067221154	0.012342432399272	"gene-129530"
"gene-172797"	-0.748256215127229	7.82186111699265	9.55005256573872	0.00199943691462445	0.012342432399272	"gene-172797"
"gene-119827"	-2.36198023376475	3.01831474800342	9.54586092424258	0.00200400807659895	0.0123634744215235	"gene-119827"
"gene-29544"	0.9864063950834	3.10302958419556	9.54282960587986	0.00200732045814216	0.0123701710782803	"gene-29544"
"gene-7748"	0.469675940578232	5.94348108174723	9.54273891890556	0.00200741963906655	0.0123701710782803	"gene-7748"
"gene-340362"	0.524403790256629	4.3137079697313	9.53333167569144	0.00201773502364885	0.0124265371809665	"gene-340362"
"gene-278742"	0.476945848801408	5.37138012930176	9.52599191698764	0.00202582064949767	0.0124691136736442	"gene-278742"
"gene-13300"	-0.701659675127495	7.56473628701902	9.52311930733331	0.00202899411217153	0.0124748352199387	"gene-13300"
"gene-47788"	1.4572967232503	2.13167546318183	9.52265554838868	0.00202950691369882	0.0124748352199387	"gene-47788"
"gene-404762"	0.711501426168639	5.88990750987312	9.52196667689087	0.00203026887605433	0.0124748352199387	"gene-404762"
"gene-200923"	0.527710436893076	6.49572433020727	9.51728915085227	0.00203545037577858	0.0124994516147696	"gene-200923"
"gene-401145"	1.52629871150516	-1.37777805896229	9.51530446314906	0.00203765295065765	0.0125057569435631	"gene-401145"
"gene-323172"	0.680433140755326	5.55248386517701	9.51410312755189	0.0020389873478083	0.0125067297758299	"gene-323172"
"gene-121477"	0.441095443300942	4.51821732518562	9.51073167470926	0.00204273696193257	0.0125157531052307	"gene-121477"
"gene-246231"	-0.467168660639664	7.02896407073589	9.5106643564941	0.00204281190209481	0.0125157531052307	"gene-246231"
"gene-30003"	-2.02013973493375	9.79645863178823	9.49398109393181	0.002061470309263	0.012622796896558	"gene-30003"
"gene-342058"	-1.06913267018807	5.36977209574288	9.48626432004706	0.00207015903922083	0.0126687062952548	"gene-342058"
"gene-104942"	1.87765747125055	2.00808165544433	9.48393471231336	0.00207278936026602	0.0126775087037317	"gene-104942"
"gene-281478"	0.654082590550815	5.44620593260843	9.47829302879799	0.00207917334096322	0.0127092457784396	"gene-281478"
"gene-268393"	1.26710668675251	4.64094436916365	9.47114575291192	0.00208728964947751	0.0127515294151883	"gene-268393"
"gene-160437"	-1.4445359844581	4.62570944542834	9.46050362390293	0.00209943422332615	0.0128183595862783	"gene-160437"
"gene-37999"	-0.816633720091404	4.78099144599241	9.45614941784526	0.00210442378610038	0.0128414523172482	"gene-37999"
"gene-123020"	-0.761820782447327	4.59209904046252	9.4484396442668	0.00211328807136029	0.012881844353842	"gene-123020"
"gene-7406"	-0.720494740456495	8.16746534088248	9.44819609494937	0.00211356870748719	0.012881844353842	"gene-7406"
"gene-123646"	3.10194936621923	5.69189114009628	9.44611435795571	0.00211596898652445	0.012881844353842	"gene-123646"
"gene-185022"	0.625230889856949	2.81527820159315	9.44568602543298	0.00211646320420345	0.012881844353842	"gene-185022"
"gene-112699"	2.738821390391	0.0156054284961459	9.44513522219496	0.0021170989028315	0.012881844353842	"gene-112699"
"gene-288876"	0.991808588745366	3.78871063760697	9.43889695338832	0.00212431220722155	0.012918344560325	"gene-288876"
"gene-363122"	-0.710848451775991	5.58563315146434	9.43750842841777	0.00212592114573351	0.0129207413177266	"gene-363122"
"gene-64607"	-0.975118716035932	10.1290107797027	9.43468169376228	0.00212920041434921	0.0129332813289653	"gene-64607"
"gene-330274"	-1.13738977076407	6.76318070682408	9.42676725873192	0.00213840919245853	0.0129818037505645	"gene-330274"
"gene-60670"	-1.51695583390298	2.94036836111055	9.42314819951135	0.00214263356836426	0.0130000288836978	"gene-60670"
"gene-167611"	1.80063519425696	-0.200191132977889	9.4188156142042	0.00214770194617864	0.0130233511399977	"gene-167611"
"gene-355844"	1.48157886651882	1.93633818659974	9.40657360994464	0.00216208879857337	0.0131031204909552	"gene-355844"
"gene-309828"	-1.1218811055799	6.35684050084797	9.40360481023907	0.00216559244587724	0.0131168799853931	"gene-309828"
"gene-96273"	-1.13973074199318	2.94272040313469	9.39406619210107	0.00217688852746172	0.0131777953204797	"gene-96273"
"gene-120112"	-0.756766585781351	8.22319538620848	9.39214458533905	0.00217917140748795	0.0131818402784828	"gene-120112"
"gene-10198"	1.42665619709623	7.8198277917459	9.39141781269371	0.0021800354503433	0.0131818402784828	"gene-10198"
"gene-300807"	1.6364238261798	0.391400786526149	9.38505038244023	0.00218762041225467	0.0132201879004208	"gene-300807"
"gene-331446"	0.427962350026713	6.50913135606587	9.38032019962584	0.00219327238839005	0.0132468172191463	"gene-331446"
"gene-96535"	-1.24263474588501	4.88728905426747	9.37144937101442	0.00220391188437178	0.0133035225892044	"gene-96535"
"gene-168799"	-1.90371725175649	5.14299590886508	9.35721812633138	0.0022210900353739	0.0133996106728513	"gene-168799"
"gene-228157"	0.512196455093801	4.55421712940589	9.35434281528804	0.00222457720455092	0.0134130403331086	"gene-228157"
"gene-122692"	2.74053439945409	0.308226476167855	9.35273953131951	0.00222652407404578	0.0134171728337399	"gene-122692"
"gene-393138"	-0.846144649634683	6.1752176725721	9.34952669434586	0.00223043062900324	0.0134331031540648	"gene-393138"
"gene-275937"	-3.59504364488097	5.29711682132825	9.34833114903331	0.00223188609165216	0.0134342617265492	"gene-275937"
"gene-193730"	0.810729861403371	3.08913233453871	9.33353778761103	0.00224997552069018	0.0135340807016247	"gene-193730"
"gene-193577"	0.490940074242024	5.3580459392391	9.33269189962493	0.00225101436265271	0.0135340807016247	"gene-193577"
"gene-392425"	-1.67738518458465	5.67927004018123	9.33144059098152	0.00225255199736632	0.0135356740361515	"gene-392425"
"gene-54493"	-3.80671881697216	0.711847296134685	9.33023059843965	0.00225403987526827	0.0135369667494937	"gene-54493"
"gene-53459"	0.982235228003799	4.23723020542974	9.32806892706487	0.00225670047534905	0.0135452969840928	"gene-53459"
"gene-257652"	0.528261786650502	4.22763210307002	9.3269829978496	0.0022580382465084	0.0135456823405884	"gene-257652"
"gene-66448"	0.99767963386658	5.2400478848935	9.32568076083954	0.00225964355107332	0.0135476712566042	"gene-66448"
"gene-65074"	1.77224333089594	5.01247850607601	9.31363924056508	0.00227454243430079	0.0136293145528018	"gene-65074"
"gene-164026"	1.82488822903074	3.76533848458232	9.3085213380725	0.00228090491957711	0.0136597436512512	"gene-164026"
"gene-220788"	-1.89191030442807	4.44683426494938	9.30333451201008	0.00228737151196339	0.0136907616214083	"gene-220788"
"gene-401730"	-1.08467040580458	7.92298496381301	9.29535997182204	0.00229734994271565	0.0137427525257163	"gene-401730"
"gene-36842"	-1.17641528703279	7.05384307962087	9.29319955041533	0.00230006084264934	0.0137512350322756	"gene-36842"
"gene-57859"	-0.665541029300527	5.44485664889253	9.28268227314479	0.00231330436625175	0.0138226433929515	"gene-57859"
"gene-180073"	1.91181617630405	2.39916137986231	9.27203398508286	0.0023267916848522	0.0138954274902235	"gene-180073"
"gene-92601"	0.378178146570167	6.00338360400751	9.26650323201909	0.00233382849233896	0.0139296295423778	"gene-92601"
"gene-3062"	0.938573744949763	2.99562531576414	9.25832859344627	0.00234426869201689	0.0139840952374042	"gene-3062"
"gene-226019"	0.583790721076464	4.39743594713153	9.25211982583823	0.00235222984217007	0.014023720068005	"gene-226019"
"gene-192774"	0.440195345056103	4.99466712241581	9.24465722855896	0.0023618350176042	0.0140730964970522	"gene-192774"
"gene-201605"	-1.02149170088919	7.78610179644936	9.23984489905317	0.00236805010662622	0.0140876658567618	"gene-201605"
"gene-353330"	0.803368432428645	3.69459731784382	9.23942477274709	0.00236859348371996	0.0140876658567618	"gene-353330"
"gene-341187"	2.17188721959858	1.86701263200767	9.23856980816632	0.00236969965658951	0.0140876658567618	"gene-341187"
"gene-311817"	1.93624506301635	-0.187275787635581	9.23806443452879	0.00237035376712439	0.0140876658567618	"gene-311817"
"gene-177833"	0.42120824387166	5.40018826155808	9.23764037595176	0.0023709027720575	0.0140876658567618	"gene-177833"
"gene-5124"	1.34481230847273	4.49318505743006	9.23620329534272	0.00237276423965594	0.0140908545242773	"gene-5124"
"gene-229347"	1.32091643827725	1.36686272675005	9.22774007029773	0.00238375687823957	0.0141452682786308	"gene-229347"
"gene-199775"	0.905957698111918	5.20523008760081	9.22636985819381	0.0023855414614165	0.0141452682786308	"gene-199775"
"gene-8518"	1.90418266807216	3.74443234574285	9.22608178875137	0.00238591681946819	0.0141452682786308	"gene-8518"
"gene-272565"	0.794586849131559	3.87737618437096	9.21733834542928	0.00239733819386776	0.0142050635264499	"gene-272565"
"gene-405599"	2.28653909520488	1.32507635984434	9.2152006190063	0.00240013909090768	0.0142137412978252	"gene-405599"
"gene-202025"	0.737210995436396	4.2586966334031	9.21399287006026	0.00240172297834667	0.0142152062313273	"gene-202025"
"gene-50869"	0.701329954534144	3.76387744796677	9.19836743984644	0.00242231064264138	0.0143290856480165	"gene-50869"
"gene-311734"	-1.38024622141682	1.8943980291799	9.18895670995316	0.00243479629544869	0.0143949379646427	"gene-311734"
"gene-145281"	-1.37647170247132	2.15918997120259	9.18675875531283	0.00243772181989112	0.0144042273757567	"gene-145281"
"gene-304002"	1.94425288071522	4.17201317867015	9.18032025064413	0.0024463121529303	0.0144448740226531	"gene-304002"
"gene-68089"	-1.71379932244998	1.43614841699484	9.17774124663902	0.00244976170342137	0.0144448740226531	"gene-68089"
"gene-290633"	1.57180870100663	4.18924263615444	9.17762318055794	0.0024499197409884	0.0144448740226531	"gene-290633"
"gene-149020"	0.634598977026146	6.46167524078384	9.17753844938619	0.00245003316442894	0.0144448740226531	"gene-149020"
"gene-193365"	0.693061386146821	5.41610840648762	9.17542302327368	0.00245286665909835	0.014449034636978	"gene-193365"
"gene-62772"	1.17011645019908	6.89063041884841	9.17498344810594	0.00245345586257825	0.014449034636978	"gene-62772"
"gene-4869"	-0.771917746692648	8.02481240804418	9.171986525569	0.00245747674619105	0.0144647054081284	"gene-4869"
"gene-67254"	-1.56661498173981	9.3933722879058	9.15693342721218	0.00247777443605329	0.014576111118287	"gene-67254"
"gene-77561"	-0.67553723656593	8.98614965674819	9.1482518859443	0.00248955795535404	0.0146373346672999	"gene-77561"
"gene-326463"	-1.30264187173554	5.97474936928201	9.13223672025594	0.00251144490424814	0.0147578607743554	"gene-326463"
"gene-87433"	0.793073479408887	3.52176383414757	9.12716116071635	0.00251842203681708	0.0147906884503515	"gene-87433"
"gene-258782"	-0.490766786396815	6.61574194736709	9.12447689852353	0.0025221199157755	0.0148042314703026	"gene-258782"
"gene-249948"	1.80661020546129	0.0455737354300301	9.11912389056349	0.00252951075997256	0.0148394244032367	"gene-249948"
"gene-173161"	1.23546227291774	6.71247674183706	9.11451079541909	0.00253589764707586	0.0148686920475738	"gene-173161"
"gene-149398"	1.55144220766249	1.96412097730788	9.1099373893968	0.00254224574222415	0.0148977001180695	"gene-149398"
"gene-357556"	3.19828527335654	2.15868840685216	9.10004630091011	0.00255603024388738	0.0149672475862828	"gene-357556"
"gene-332475"	0.59227904908055	2.8008143814851	9.09940381526923	0.00255692824974387	0.0149672475862828	"gene-332475"
"gene-244768"	0.886894138694947	5.08443492387924	9.09782467183294	0.00255913678864734	0.0149719355797872	"gene-244768"
"gene-204903"	-0.620704922459083	7.37464476643387	9.08321357500986	0.00257966346378098	0.0150822001754279	"gene-204903"
"gene-218241"	1.23150766308001	-0.0536856613527198	9.08239366970372	0.00258082026318905	0.0150822001754279	"gene-218241"
"gene-150129"	0.77688863079855	3.80693001861046	9.07266882064452	0.0025945812231757	0.0151468093104914	"gene-150129"
"gene-191082"	2.68071303538344	1.13062948517323	9.07256805601403	0.00259472419741588	0.0151468093104914	"gene-191082"
"gene-173287"	-2.12785354284404	6.06445531681686	9.06655722385108	0.00260326740967367	0.0151852506068343	"gene-173287"
"gene-70190"	0.966874377272694	3.77557400127287	9.06592698117116	0.00260416482764816	0.0151852506068343	"gene-70190"
"gene-48408"	0.462576941037563	6.14585129962459	9.05480883859558	0.00262004796156652	0.0152683464283633	"gene-48408"
"gene-71595"	1.56537959114108	0.954164352223563	9.05394491616067	0.00262128625218047	0.0152683464283633	"gene-71595"
"gene-116468"	2.36415410708413	3.45461480118807	9.04428016004692	0.0026351796567119	0.0153366582438769	"gene-116468"
"gene-151598"	-1.15969262910952	2.78864517791857	9.0437818525363	0.00263589801333273	0.0153366582438769	"gene-151598"
"gene-244101"	0.519732547911849	5.58452416123598	9.03972393655639	0.0026417552827235	0.0153623341645966	"gene-244101"
"gene-86969"	-0.515505591634273	6.68309495805634	9.02616118302387	0.00266142806582159	0.0154682780918461	"gene-86969"
"gene-273312"	0.554048424557106	5.13415472172499	9.02116502311799	0.00266871242841227	0.0155021438495865	"gene-273312"
"gene-402650"	0.517034246809178	5.78490068792479	9.01752712760055	0.00267402918431367	0.0155245493473582	"gene-402650"
"gene-143368"	2.85814451939171	7.19702918558826	9.01227230961283	0.00268172805188877	0.0155607526240529	"gene-143368"
"gene-27378"	-0.726874821904598	6.86830472592152	8.99305018303599	0.0027100827545899	0.015716706749083	"gene-27378"
"gene-167844"	-0.817062346936889	6.05088682365996	8.99186481122187	0.00271184123744501	0.0157183342787276	"gene-167844"
"gene-405251"	0.53608512165041	5.36042057612084	8.98215116275716	0.00272629501721933	0.0157935042500788	"gene-405251"
"gene-378262"	-4.19305264016171	4.18400448030937	8.9764611399564	0.00273479800022392	0.0158308197268314	"gene-378262"
"gene-282149"	-2.28671280649763	3.87780194515716	8.97584971126286	0.00273571329991689	0.0158308197268314	"gene-282149"
"gene-25970"	-0.781272705314804	3.49265234445577	8.97376521672332	0.00273883609583697	0.0158381171413003	"gene-25970"
"gene-365406"	1.84934287755574	4.87492603376931	8.97283164030974	0.00274023586650905	0.0158381171413003	"gene-365406"
"gene-377892"	0.476133625746629	5.27406454278867	8.97184802355952	0.00274171145170893	0.0158381171413003	"gene-377892"
"gene-308126"	-2.68412833265372	0.689109990659849	8.97103563184874	0.00274293077983031	0.0158381171413003	"gene-308126"
"gene-90053"	1.57455634356475	4.61933215136927	8.96554006727031	0.0027511936099038	0.0158772084834166	"gene-90053"
"gene-300621"	0.590227786804468	4.47449883230618	8.94808528669359	0.00277760567085643	0.0160209403011003	"gene-300621"
"gene-147059"	-1.45473889384618	8.46937852029317	8.9458121239449	0.00278106425165272	0.0160321947862213	"gene-147059"
"gene-309915"	0.330595650793237	6.50788592358054	8.94353606859895	0.00278453161498251	0.0160434876798234	"gene-309915"
"gene-125638"	-0.886153553089674	10.8756944992244	8.94191556099091	0.00278700298606187	0.0160490328964559	"gene-125638"
"gene-386848"	-1.45703843227941	4.63853813381201	8.92981514639488	0.00280552739402857	0.0161469639409566	"gene-386848"
"gene-32448"	-0.421880152938821	7.22478670573161	8.91969592340633	0.00282111479155953	0.0162278944959584	"gene-32448"
"gene-137003"	-0.859271788136607	9.53192198929635	8.91666358130909	0.00282580283983425	0.0162410255240603	"gene-137003"
"gene-115279"	0.43674557500348	6.42786453841825	8.91624440921414	0.0028264515085592	0.0162410255240603	"gene-115279"
"gene-402341"	0.767423787204016	1.47467243579432	8.91003776575579	0.00283607400364241	0.01628751787405	"gene-402341"
"gene-35193"	0.627288925524014	2.24467740858026	8.90814712628371	0.00283901176984475	0.0162955904932913	"gene-35193"
"gene-71321"	0.466938830651174	7.0368547095794	8.89305220929079	0.00286257809154746	0.0164219959987588	"gene-71321"
"gene-90918"	-3.20603649178445	7.85385214280259	8.8857751466323	0.00287400998769356	0.0164786901504629	"gene-90918"
"gene-17280"	0.498278707988144	5.4815361485531	8.87488669163458	0.00289120185582072	0.0165683313246278	"gene-17280"
"gene-19945"	-1.27694567728609	3.6442530731616	8.85675781573935	0.00292005774553741	0.0167229819308034	"gene-19945"
"gene-401657"	2.63710358557842	2.47892515787814	8.85596067891088	0.00292133324816029	0.0167229819308034	"gene-401657"
"gene-26923"	0.52035990470872	5.19767805262725	8.84843840539251	0.00293339757809645	0.0167830105651607	"gene-26923"
"gene-258431"	-1.07432096793473	9.03447271481831	8.84716070932381	0.00293545178759785	0.0167857339854251	"gene-258431"
"gene-105753"	0.60982988808836	6.69154734700859	8.84613282030423	0.00293710543159446	0.0167861651641261	"gene-105753"
"gene-199730"	0.700378702427486	5.91273668609243	8.84375837110903	0.00294092900880352	0.0167989908365383	"gene-199730"
"gene-53224"	1.60977239253439	0.850936262571561	8.83432142765577	0.00295617537174897	0.016877016239357	"gene-53224"
"gene-243502"	0.502572891525802	6.65978620289193	8.83292030586313	0.00295844586485928	0.0168809174992721	"gene-243502"
"gene-309843"	-1.27360349032791	7.69649783759814	8.81572892303846	0.00298644883437601	0.0170315655777068	"gene-309843"
"gene-209206"	0.788509743333462	2.83799361733503	8.8123470719317	0.00299198913233975	0.0170449668223208	"gene-209206"
"gene-388159"	1.08726459589493	3.5769237666361	8.81233809037393	0.00299200386021747	0.0170449668223208	"gene-388159"
"gene-89135"	0.80997936283342	5.14484560444429	8.80719626706384	0.00300044747699372	0.0170839182897779	"gene-89135"
"gene-333989"	1.03395791966683	4.05644522181861	8.79661801585492	0.00301789470115167	0.0171740652977256	"gene-333989"
"gene-360075"	1.34361225341176	1.95926195713149	8.79269900371566	0.00302438465250709	0.017194698332832	"gene-360075"
"gene-243735"	0.756897035091406	5.89713399161882	8.79247639514502	0.00302475372139231	0.017194698332832	"gene-243735"
"gene-352598"	2.11924074120893	2.86190263274526	8.79082538972995	0.00302749239721138	0.0172010732568057	"gene-352598"
"gene-273653"	0.5959557427123	5.18435335774122	8.78905682679436	0.00303042887121476	0.0172075425154953	"gene-273653"
"gene-250686"	-2.2069785448495	5.37414555612399	8.78819146863083	0.00303186674257598	0.0172075425154953	"gene-250686"
"gene-258099"	-1.13624514839679	3.81101839526762	8.78674954692933	0.00303426416652824	0.0172119646267703	"gene-258099"
"gene-131605"	1.53767599875898	2.99691705842468	8.78312068047536	0.00304030625981614	0.0172368528135813	"gene-131605"
"gene-120512"	0.513581950865778	4.82838517773042	8.78216897145631	0.00304189288558595	0.0172368528135813	"gene-120512"
"gene-394034"	-0.688146845410667	11.078998498933	8.77250403185844	0.00305805335482434	0.0173073255440788	"gene-394034"
"gene-68540"	-2.22548428405138	0.134483063865074	8.7711958545683	0.00306024741265813	0.0173073255440788	"gene-68540"
"gene-383578"	2.08377557546824	0.563565186386157	8.77096270394968	0.0030606386177099	0.0173073255440788	"gene-383578"
"gene-267353"	2.50149645969198	-0.133711016003068	8.77034918961221	0.00306166828047202	0.0173073255440788	"gene-267353"
"gene-171166"	-1.78984810287588	5.70396075704453	8.76987411575159	0.00306246583997332	0.0173073255440788	"gene-171166"
"gene-300203"	0.476914416126118	8.1106825158493	8.75045263302171	0.00309525219985152	0.0174833257555076	"gene-300203"
"gene-61250"	0.479116052637368	5.20665749925808	8.73775674510488	0.00311687730301547	0.0175961289781702	"gene-61250"
"gene-150180"	1.698807340121	3.51951496111481	8.73027420347543	0.00312969426769817	0.01765911312002	"gene-150180"
"gene-68050"	-1.17521902382868	3.81726228662157	8.72338824489184	0.00314153665152989	0.0177165343720424	"gene-68050"
"gene-71057"	-0.535062480115029	6.82883759435042	8.71780249185444	0.00315117639959176	0.0177614796958442	"gene-71057"
"gene-72046"	0.448139514099518	4.62525587614936	8.70979910650811	0.00316504084639664	0.0178301771410353	"gene-72046"
"gene-277298"	0.741429489144179	2.5583752523545	8.70296387222659	0.00317693074561501	0.0178876841770044	"gene-277298"
"gene-253914"	1.70187549320243	1.39050103108055	8.69420706051022	0.00319222958081654	0.0179643141913041	"gene-253914"
"gene-90743"	0.359275162588144	5.46989413897387	8.6782819179178	0.0032202442051389	0.018112383588502	"gene-90743"
"gene-409145"	2.99976764358377	1.61182842887526	8.67662434353333	0.00322317443685122	0.0181192829335886	"gene-409145"
"gene-63855"	-0.838737345268504	8.36980912664223	8.67158064770764	0.00323210727365679	0.0181599011952528	"gene-63855"
"gene-287373"	0.50063948349573	5.38311114165613	8.66866390364657	0.00323728456607334	0.0181793868240528	"gene-287373"
"gene-362000"	-2.73140434030519	4.18055663727304	8.66746260284051	0.00323941935424024	0.018181775330712	"gene-362000"
"gene-278847"	-1.32176143816104	2.19365262935895	8.66586036540416	0.00324226885914661	0.01818817066766	"gene-278847"
"gene-89292"	-0.856319490430626	8.43722707013683	8.6647387460923	0.00324426512266651	0.0181897753530211	"gene-89292"
"gene-409994"	-1.512477238055	2.25412871671915	8.65973616148004	0.0032531839682887	0.0182274206497319	"gene-409994"
"gene-68176"	-1.01269222963575	7.5044241854411	8.65905130402376	0.00325440690239196	0.0182274206497319	"gene-68176"
"gene-306736"	-1.09644471657975	4.14850412112281	8.65388641108039	0.00326364479329277	0.0182628105438764	"gene-306736"
"gene-30101"	0.999801725872138	2.43056956112683	8.65295498123709	0.00326531357634924	0.0182628105438764	"gene-30101"
"gene-400674"	0.966809779932969	4.29652617443923	8.65264072711994	0.00326587680090758	0.0182628105438764	"gene-400674"
"gene-62891"	2.00336823844954	7.55975871399608	8.64797356477886	0.00327425319312033	0.0183000299327524	"gene-62891"
"gene-24278"	3.16365675464776	3.89313830037677	8.64412059134476	0.00328118477088164	0.0183291392978451	"gene-24278"
"gene-414452"	-0.689982023806058	10.4696354433052	8.64313906510048	0.00328295293893225	0.0183293897419861	"gene-414452"
"gene-134261"	1.29770878567739	0.0776516930853434	8.64155643666145	0.00328580600091996	0.0183356939274841	"gene-134261"
"gene-276836"	-0.579392445898109	9.26082124466808	8.64025928477081	0.00328814630300805	0.0183391316616642	"gene-276836"
"gene-396660"	-0.551563776491965	4.01438549934221	8.63759224349972	0.00329296346307469	0.0183563728476218	"gene-396660"
"gene-180043"	2.63702978115043	1.33197463964116	8.62912939906502	0.00330829643735049	0.0184316370604375	"gene-180043"
"gene-327649"	-1.87935446565971	0.540808459326732	8.62822954034153	0.00330993106294054	0.0184316370604375	"gene-327649"
"gene-350085"	0.488174470997005	3.7831409933963	8.62215634605361	0.00332098472526364	0.0184835131019906	"gene-350085"
"gene-20302"	1.34842491280207	2.34509157982321	8.60732517992917	0.00334813650719093	0.0186248848799596	"gene-20302"
"gene-333141"	1.51645603816034	-0.477054111763706	8.6040655596955	0.00335413415751229	0.0186484949813386	"gene-333141"
"gene-26326"	0.483949658711462	2.80453667424936	8.60056297837594	0.00336059102542138	0.0186746322603876	"gene-26326"
"gene-234850"	0.616268785592888	6.27227441358333	8.59743998422384	0.00336635879410279	0.0186969149525208	"gene-234850"
"gene-192067"	-2.45232058346036	3.91191481047379	8.59636399170822	0.00336834834378129	0.0186982009313454	"gene-192067"
"gene-243074"	-0.727227386056527	3.79857135331004	8.59314104251116	0.00337431485005777	0.018712927014172	"gene-243074"
"gene-45501"	-0.879540838939721	6.51300034416536	8.59303036483025	0.00337451993354475	0.018712927014172	"gene-45501"
"gene-202064"	0.509765386558857	3.95583141758489	8.5826055367312	0.00339389384032746	0.0188105549169999	"gene-202064"
"gene-58328"	-1.749326984214	1.57325733315889	8.5785276514888	0.00340150307217202	0.0188429097268863	"gene-58328"
"gene-321629"	-0.445759049725578	7.94555359851336	8.5773845005756	0.00340363927377694	0.0188449283268566	"gene-321629"
"gene-359749"	0.823044513618818	4.70553864711242	8.57600035364327	0.00340622764913395	0.0188494470739795	"gene-359749"
"gene-231228"	1.37948465569638	5.02990109852224	8.57213640337515	0.00341346388836883	0.0188796681834066	"gene-231228"
"gene-87554"	1.08756976615981	3.31610152287737	8.57003828959052	0.00341739968997458	0.0188916128391734	"gene-87554"
"gene-171527"	0.965774904236058	-0.888678758446628	8.56611588546107	0.00342477001278065	0.0189098226374625	"gene-171527"
"gene-126230"	1.22965477431689	3.79841412827806	8.56568943223702	0.00342557230535557	0.0189098226374625	"gene-126230"
"gene-402236"	2.01628482445106	1.1901474965073	8.56544753509867	0.00342602747483924	0.0189098226374625	"gene-402236"
"gene-363524"	0.509178556190011	6.41302512900811	8.55246367023179	0.00345054920128792	0.019035291133246	"gene-363524"
"gene-114574"	0.351571658781341	5.75518772484934	8.54977744050452	0.00345564473299222	0.0190535186003656	"gene-114574"
"gene-220908"	0.667345886229882	2.94302302930258	8.54732697097779	0.00346029972132546	0.0190692993969003	"gene-220908"
"gene-13844"	-0.561148667658676	8.72769657980971	8.54557326277013	0.0034636350333888	0.0190777950363145	"gene-13844"
"gene-400845"	0.653251058474847	4.6144153788801	8.54349551948702	0.00346759084597952	0.0190859440068518	"gene-400845"
"gene-32717"	0.696549589758275	4.65134547989619	8.54291157806793	0.00346870343787556	0.0190859440068518	"gene-32717"
"gene-32168"	-1.43190877975298	5.04487420468041	8.53937650647216	0.00347544661341588	0.0191131593486511	"gene-32168"
"gene-96261"	0.721980090997775	3.87032621740308	8.53782115975439	0.00347841766925233	0.0191166084089068	"gene-96261"
"gene-311426"	0.941683956207726	5.04994801890693	8.53685096941395	0.0034802722547414	0.0191166084089068	"gene-311426"
"gene-360387"	0.403864954356526	5.41985303196298	8.53544919352636	0.00348295362138726	0.0191166084089068	"gene-360387"
"gene-140477"	1.33919420657802	2.15420622629868	8.53528743607615	0.0034832631719125	0.0191166084089068	"gene-140477"
"gene-162436"	0.551070606281694	6.43238283019866	8.53260742272325	0.0034883959081219	0.0191349040117507	"gene-162436"
"gene-285536"	-1.34615602853504	2.67879979917229	8.52768708825329	0.00349783931333967	0.0191676549910234	"gene-285536"
"gene-45889"	0.624785512415262	4.03468731013029	8.52671234368871	0.00349971318474778	0.0191676549910234	"gene-45889"
"gene-64698"	-1.15761595298871	4.68168783402147	8.52668122009329	0.00349977303427674	0.0191676549910234	"gene-64698"
"gene-354188"	-0.935329541460504	2.96590859120423	8.52394231049679	0.00350504393387604	0.0191860889151597	"gene-354188"
"gene-407436"	-0.521205382660675	7.61367612140679	8.52305845079879	0.0035067466012665	0.0191860889151597	"gene-407436"
"gene-26216"	-0.401860874728976	7.61437892429437	8.51830682157179	0.00351591456360983	0.0192263585082541	"gene-26216"
"gene-424628"	-1.47082432004769	7.05089465670348	8.51635100679354	0.00351969525847894	0.0192371422246567	"gene-424628"
"gene-262761"	0.629006516889192	4.27586440498256	8.51468868754406	0.0035229118602219	0.0192448333566103	"gene-262761"
"gene-156678"	1.58567777734097	-0.941269863728377	8.50429297062936	0.00354309556530936	0.0193310385068476	"gene-156678"
"gene-351823"	-0.538194848637567	8.30436168753549	8.50382652129363	0.00354400394681584	0.0193310385068476	"gene-351823"
"gene-246174"	-2.64055415852628	2.37677648095511	8.50375415672224	0.00354414489360219	0.0193310385068476	"gene-246174"
"gene-233208"	0.567265208173117	6.3088929823396	8.49782369516751	0.00355571523800211	0.0193842066998413	"gene-233208"
"gene-331320"	1.17024809556348	3.67632961642405	8.49382053771949	0.00356354711381703	0.019416950359917	"gene-331320"
"gene-180364"	0.36954280531824	7.84409887888937	8.48724318254196	0.00357645331987141	0.0194772951920903	"gene-180364"
"gene-270956"	1.22055886543523	3.24098296591245	8.48555604142157	0.00357977151172185	0.0194853888427193	"gene-270956"
"gene-119488"	-0.572536194754085	6.00794714976912	8.47846079386584	0.00359376042037715	0.0195515272793511	"gene-119488"
"gene-121758"	-0.741581407191483	9.81986375974054	8.46943303939746	0.00361163983160669	0.0196387531947693	"gene-121758"
"gene-216514"	-2.17289018116423	3.32540511748074	8.46753428539698	0.00361541180047111	0.0196492181450233	"gene-216514"
"gene-72922"	1.12002609329148	2.09980357727527	8.45574499831001	0.00363892162826325	0.0197619175059513	"gene-72922"
"gene-111266"	1.9017123899875	1.5982116049447	8.45527391487238	0.0036398642717336	0.0197619175059513	"gene-111266"
"gene-16032"	1.63773542948806	-0.403678210304276	8.45264267992053	0.00364513397262496	0.0197804310881832	"gene-16032"
"gene-352883"	-0.692687254178588	6.13975751731147	8.44110115928611	0.00366834054407385	0.019889618825608	"gene-352883"
"gene-163028"	0.844343261143049	4.95082359454943	8.44069193159707	0.00366916613211452	0.019889618825608	"gene-163028"
"gene-357383"	0.448723630489111	7.84480133186596	8.43985005565622	0.00367086515181163	0.019889618825608	"gene-357383"
"gene-245478"	1.38078291709957	2.086218730566	8.43509634097852	0.00368047381740898	0.0199315272515081	"gene-245478"
"gene-152968"	2.00451472902142	-0.559498214403649	8.43227342654416	0.00368619186463307	0.0199523341843447	"gene-152968"
"gene-330993"	-0.630062836831865	4.73823052320277	8.42590169621574	0.00369913156730632	0.0200121888859969	"gene-330993"
"gene-359041"	0.301477997357325	6.04588540428096	8.42474717009696	0.00370148111661926	0.0200140782973714	"gene-359041"
"gene-231788"	0.486680895612965	4.55529172371896	8.42388127621875	0.00370324427315033	0.0200140782973714	"gene-231788"
"gene-43486"	0.478028973682064	7.23421033739744	8.40905972470433	0.00373355711510344	0.02016765539677	"gene-43486"
"gene-18027"	0.785116005664411	4.85361924749138	8.40194316621677	0.00374820136464849	0.0202364820885286	"gene-18027"
"gene-233537"	1.6426131808267	2.33821599353599	8.39884946562101	0.00375458569912077	0.020260666410882	"gene-233537"
"gene-208825"	1.81475775336579	0.558114621257616	8.3976078893714	0.00375715099484237	0.020264228185164	"gene-208825"
"gene-71524"	0.46474547796026	5.2334900660005	8.3928887589765	0.00376691775197478	0.0203066078104428	"gene-71524"
"gene-333111"	0.442344721185913	5.3216391505806	8.39073985164091	0.00377137370419526	0.0203203296442861	"gene-333111"
"gene-29499"	0.387583948166125	5.18336841261963	8.38549977403762	0.00378226196605536	0.0203686776055518	"gene-29499"
"gene-90542"	1.80920226700879	1.48127182689793	8.38238917278094	0.00378874054652811	0.020393241119875	"gene-90542"
"gene-125566"	0.487431841612221	4.61425662194784	8.37635566361387	0.00380133899040947	0.0204507038452175	"gene-125566"
"gene-215910"	-0.408464461665379	8.22127624236156	8.37520309159701	0.00380375049530225	0.0204533317836374	"gene-215910"
"gene-285792"	1.60047165573025	-0.452444574186293	8.36250654095319	0.00383041846787346	0.0205863217909561	"gene-285792"
"gene-406680"	-0.515849240434129	6.95232154198947	8.356124857902	0.00384389436940936	0.0206483133904232	"gene-406680"
"gene-330516"	1.96500304086522	-1.16875521863276	8.35440736018079	0.00384752935862097	0.020657406490809	"gene-330516"
"gene-230340"	-0.93753694443823	9.66223569565564	8.3505106675548	0.00385578946607424	0.020691310172132	"gene-230340"
"gene-290669"	1.35083794678494	0.123529491648095	8.34603838686034	0.00386529192703303	0.0207318431346058	"gene-290669"
"gene-64294"	-0.912708655664693	6.28884537096485	8.34478076368165	0.00386796834610686	0.0207357415973753	"gene-64294"
"gene-360655"	-1.2147078490175	1.8176154673529	8.33701375167488	0.00388453959270268	0.0208043819311642	"gene-360655"
"gene-288401"	-0.897080528629216	8.78514060344671	8.33694606211176	0.00388468432825235	0.0208043819311642	"gene-288401"
"gene-336946"	-7.48982219243301	7.9838643626469	8.33403086564377	0.00389092288449795	0.0208273053847611	"gene-336946"
"gene-392986"	0.578958519819364	3.15533780492223	8.32931797521584	0.00390103009426818	0.0208709034620908	"gene-392986"
"gene-131555"	-2.03930870353743	3.87177490379035	8.32479834353833	0.00391074793383129	0.0209123755777926	"gene-131555"
"gene-354858"	0.54088884073619	5.77661813583997	8.32222171241217	0.0039162990697623	0.0209315361336642	"gene-354858"
"gene-142215"	1.56908925976529	3.19284412547958	8.31938897284304	0.00392241122192769	0.0209536744130703	"gene-142215"
"gene-221101"	0.824064476776849	3.05228532227931	8.30561824567239	0.00395226263497861	0.0211025428642733	"gene-221101"
"gene-277218"	-1.17397393329758	4.82307672617107	8.30364128509425	0.00395656711324452	0.0211149261497585	"gene-277218"
"gene-345135"	-0.684644917729586	7.63920798121298	8.30051933324182	0.00396337432130739	0.021140646580454	"gene-345135"
"gene-336133"	0.448400519158167	6.24832074742607	8.29528861574773	0.00397480627176108	0.0211909972463413	"gene-336133"
"gene-364287"	0.738054217617863	4.29316110362567	8.29382564237399	0.00397800966093421	0.0211974502774029	"gene-364287"
"gene-354554"	0.545667417093823	5.01549207124521	8.28995608785222	0.00398649527177597	0.0212163886380462	"gene-354554"
"gene-6235"	1.23380378470018	0.822314948409735	8.28980285265263	0.00398683168266243	0.0212163886380462	"gene-6235"
"gene-288173"	-0.848377716719151	9.19655376736519	8.28947659845431	0.003987548033796	0.0212163886380462	"gene-288173"
"gene-337702"	1.53989530488662	3.01007309003195	8.28566123556714	0.00399593509283945	0.0212503828237202	"gene-337702"
"gene-341145"	0.393422551863751	6.0288880990746	8.27709512709032	0.0040148308513506	0.0213402003672988	"gene-341145"
"gene-34357"	1.69523317150447	2.95720249189366	8.2742475276015	0.00402113241324771	0.0213630191544968	"gene-34357"
"gene-87691"	0.439322345648337	5.62849358346791	8.26999881339637	0.00403055327151497	0.0214023787298219	"gene-87691"
"gene-258721"	0.456879772454365	5.05429891592583	8.26610986192428	0.00403919609869701	0.0214375697134438	"gene-258721"
"gene-116747"	0.57415129482589	5.31777085838878	8.26448402328613	0.00404281495938195	0.0214460747670755	"gene-116747"
"gene-138137"	0.447029127708019	6.26365495191434	8.26153856113798	0.00404937949917276	0.0214701896077774	"gene-138137"
"gene-48696"	1.07258518145829	5.07226696870916	8.25190945088796	0.00407091564798407	0.0215736217398897	"gene-48696"
"gene-176784"	0.464412327920441	5.16380193254174	8.24203076473999	0.00409313113335869	0.0216805491705194	"gene-176784"
"gene-213699"	2.0557423791017	3.97784056786805	8.23959284759927	0.00409863254948523	0.021698882925	"gene-213699"
"gene-169237"	-1.29440554164371	2.64102097153742	8.2312628324988	0.00411748695058908	0.0217878563216246	"gene-169237"
"gene-293061"	1.55202915313651	4.36935010584497	8.22404528774655	0.00413389471699411	0.0218638011983836	"gene-293061"
"gene-271117"	-1.29247651993592	2.59971875195246	8.21666571430567	0.00415073963206631	0.0219419814744817	"gene-271117"
"gene-35169"	-0.71676468978752	6.74340262768715	8.21220002921414	0.00416096709819727	0.0219671360458006	"gene-35169"
"gene-267919"	0.516375753414467	6.45522464365648	8.21212209687845	0.00416114580904383	0.0219671360458006	"gene-267919"
"gene-350762"	1.58014439867743	4.51874058889963	8.21188299100942	0.00416169416437459	0.0219671360458006	"gene-350762"
"gene-170149"	-1.50116455673041	9.85157783813975	8.20825182386761	0.00417003077534501	0.0220002218881793	"gene-170149"
"gene-123515"	-1.9749629430921	2.62848143532378	8.20660133633837	0.00417382566182128	0.022009325601949	"gene-123515"
"gene-334926"	-2.84359887566084	9.24415080530969	8.2021618721944	0.00418405055967719	0.0220523100855929	"gene-334926"
"gene-181373"	-0.792510734259048	7.83855416608329	8.19830781551561	0.00419294782891911	0.022082916451027	"gene-181373"
"gene-93589"	-1.66641051310572	1.33071892180492	8.19784823253376	0.00419401008189869	0.022082916451027	"gene-93589"
"gene-186178"	-3.51083208684037	1.18349034232358	8.19052181064806	0.00421098097703841	0.022161303152786	"gene-186178"
"gene-292957"	-3.34492953478507	4.38980102631596	8.18785197974347	0.00421718272527722	0.0221738340534227	"gene-292957"
"gene-190616"	-0.600568396198714	7.25406973257245	8.18770190136156	0.00421753161809648	0.0221738340534227	"gene-190616"
"gene-363225"	-1.36660299943009	1.77126802556336	8.18337013305814	0.00422761451370094	0.0222158636204166	"gene-363225"
"gene-207737"	2.80236157491753	2.5217612411941	8.18149580014987	0.00423198493038665	0.0222278477627617	"gene-207737"
"gene-90157"	-3.0962103378624	5.34233891903714	8.17298929048425	0.00425187758721701	0.0223213080047582	"gene-90157"
"gene-182960"	-0.496148362512868	6.0203247602603	8.17207116495268	0.0042540303267039	0.0223215917882697	"gene-182960"
"gene-100345"	0.863533704462456	1.97792957975221	8.16518435551917	0.00427021332076594	0.022395458027449	"gene-100345"
"gene-175298"	1.66977615555492	1.02060607722748	8.15596355885509	0.00429197901557053	0.0224985159239074	"gene-175298"
"gene-277366"	-0.59253220399495	10.7015931898834	8.152386023014	0.00430045416896737	0.0225318377049936	"gene-277366"
"gene-202489"	1.14180560897735	2.47674283758532	8.14987900320103	0.00430640342906085	0.0225518990012266	"gene-202489"
"gene-78124"	0.421624473514334	5.83450765778904	8.14563444554354	0.00431649504441936	0.0225810336265525	"gene-78124"
"gene-61456"	1.40952769400397	-1.28538974416514	8.14509953164198	0.00431776853182987	0.0225810336265525	"gene-61456"
"gene-287852"	0.905745394332188	4.19435975108939	8.14486119716543	0.00431833606585255	0.0225810336265525	"gene-287852"
"gene-287289"	-1.31714205637782	8.81843998419629	8.14098038511156	0.00432758794340057	0.0226182925631491	"gene-287289"
"gene-24308"	-0.855260474908262	9.75596275088828	8.13657472844491	0.00433811551365018	0.0226621790781843	"gene-24308"
"gene-141780"	-0.991595626075815	10.1964251343963	8.13195953188924	0.0043491717550468	0.0227087829095129	"gene-141780"
"gene-252296"	0.531051483109529	5.73592663378925	8.12335127422356	0.00436987055510867	0.0228032912805501	"gene-252296"
"gene-226571"	-1.05006815082744	3.06831983828683	8.12265054617377	0.00437155988351276	0.0228032912805501	"gene-226571"
"gene-272736"	1.87097116350166	6.40688326235967	8.11422250337278	0.00439193053513242	0.0228983201821904	"gene-272736"
"gene-84628"	2.49409847751823	0.878155572251175	8.10610648748561	0.00441163835862874	0.0229898018531971	"gene-84628"
"gene-142185"	-0.512348718582628	7.09966884561349	8.10406089109438	0.00441661979659655	0.0230044897926547	"gene-142185"
"gene-164192"	-0.756770804166747	7.15069979441477	8.09638830580278	0.00443535516261082	0.0230907672587022	"gene-164192"
"gene-357595"	3.11466332253496	2.28305931169189	8.09223775645369	0.00444552392287012	0.0231323837786921	"gene-357595"
"gene-33981"	1.20761741480708	7.31041965858409	8.09060853994538	0.00444952195439777	0.0231413102532183	"gene-33981"
"gene-45800"	-0.597484818391165	5.17906727289517	8.08976602141929	0.00445159089677366	0.0231413102532183	"gene-45800"
"gene-180600"	0.500700631423855	4.40098065332776	8.08588426917626	0.00446113583614796	0.0231795997817634	"gene-180600"
"gene-357446"	0.636203483900756	2.15114411698375	8.08357735835173	0.00446681822738035	0.0231977923175866	"gene-357446"
"gene-402629"	0.410602546140249	5.29264590259366	8.0822421183119	0.00447011056231462	0.0232035607324443	"gene-402629"
"gene-262672"	1.68670395961157	0.340053648656873	8.0797012102707	0.00447638256965824	0.023224782932139	"gene-262672"
"gene-59043"	0.45003901985648	6.2118790788967	8.07389085770649	0.00449075860780974	0.0232880100208018	"gene-59043"
"gene-232586"	0.577237084946453	4.00129017479663	8.06928637423085	0.00450218445472462	0.0233305475281896	"gene-232586"
"gene-401459"	0.559826988203572	6.59025536242016	8.06881796713443	0.0045033484463495	0.0233305475281896	"gene-401459"
"gene-378608"	1.23693360798627	1.99516244778547	8.06562219236486	0.00451129812830965	0.023360353891286	"gene-378608"
"gene-181154"	2.04594958865946	0.122224482461033	8.06345763987295	0.00451669069873077	0.0233768964825793	"gene-181154"
"gene-309660"	0.546944545792143	6.82157396895463	8.05955629470475	0.00452642674026847	0.0234158924170697	"gene-309660"
"gene-5761"	-0.748192638193039	5.40559016859963	8.058092479661	0.00453008528995471	0.0234234259328918	"gene-5761"
"gene-88936"	1.03608624385952	3.42190734966444	8.05391925489688	0.00454053207381831	0.0234660345661475	"gene-88936"
"gene-225787"	-0.50100197185694	11.0646854786908	8.05270779891688	0.00454356928923745	0.0234703268384311	"gene-225787"
"gene-123093"	-0.605147376624883	4.08384897799003	8.05076388941872	0.00454844714716716	0.0234841183773155	"gene-123093"
"gene-374248"	0.558803051008183	6.02676187747583	8.04533280833118	0.00456210365767456	0.0235411137070682	"gene-374248"
"gene-398558"	2.99700551932539	3.8231669829185	8.0446145724693	0.00456391279277685	0.0235411137070682	"gene-398558"
"gene-400501"	1.63757162832254	1.0986568704796	8.03211062358707	0.00459552582217949	0.023682370626697	"gene-400501"
"gene-118887"	0.601364652921923	4.38767131109923	8.03202167542401	0.00459575150183364	0.023682370626697	"gene-118887"
"gene-402545"	0.467600695785219	4.48368043142198	8.02763591525135	0.00460689308090635	0.0237282880428668	"gene-402545"
"gene-17136"	0.540468565161226	7.32123197096628	8.02625733906152	0.0046104008932278	0.0237348615200246	"gene-17136"
"gene-412663"	0.49397422737626	7.2710752398065	8.02393617471874	0.00461631328535505	0.0237436279218711	"gene-412663"
"gene-288660"	0.449008777555449	6.58013164799724	8.02383604825835	0.00461656849778389	0.0237436279218711	"gene-288660"
"gene-275877"	-0.456909933887507	6.15721907137746	8.02062151779526	0.00462476965814641	0.0237743113021002	"gene-275877"
"gene-288086"	0.55135980102429	3.12479391719194	7.99109243436694	0.00470080429569152	0.0241535045840459	"gene-288086"
"gene-165441"	2.11867565487819	2.20225945668431	7.98621947054776	0.00471347357568215	0.0242006400376946	"gene-165441"
"gene-82100"	-0.696448383393194	4.73581646861135	7.98527505266991	0.00471593300024056	0.0242006400376946	"gene-82100"
"gene-418031"	-0.9318249245437	7.0379314919999	7.98494072915863	0.00471680394867815	0.0242006400376946	"gene-418031"
"gene-160951"	-0.751577110162466	5.71523042139519	7.98214895949629	0.00472408320604418	0.0242263013401571	"gene-160951"
"gene-160098"	-1.28613289560219	5.6464634542512	7.95126661166427	0.00480537335485945	0.0246214830845016	"gene-160098"
"gene-171018"	0.524268940546843	2.27910504539855	7.9511162007532	0.00480577274195424	0.0246214830845016	"gene-171018"
"gene-13559"	-1.84148119613061	0.0834535980090594	7.9473873862277	0.00481568470576863	0.0246603863892899	"gene-13559"
"gene-343696"	0.482651050624333	5.08804628936143	7.93980869449567	0.00483589467340119	0.0247469078074249	"gene-343696"
"gene-172229"	1.70206369669605	4.27969084214173	7.9393075727921	0.00483723404772812	0.0247469078074249	"gene-172229"
"gene-393215"	-0.647719555455986	7.82465532686531	7.93334702432728	0.00485319413041547	0.0248166215245668	"gene-393215"
"gene-140945"	-1.21392276994092	2.45910451046903	7.93107840228242	0.00485928272367752	0.0248358150163547	"gene-140945"
"gene-412559"	0.862864552478007	-0.127054979501079	7.9264783652486	0.00487165233429357	0.0248771155600831	"gene-412559"
"gene-364550"	0.669837071164536	5.18329612191757	7.92633389336804	0.00487204134182523	0.0248771155600831	"gene-364550"
"gene-80743"	1.02952444079093	0.299494592085437	7.92491950718165	0.00487585141491038	0.0248846236319515	"gene-80743"
"g13963"	1.08285700944137	-1.03660837270994	7.91843671039583	0.00489335365272216	0.0249619709594019	"g13963"
"gene-63245"	-2.12055640599547	4.68176256106622	7.91698511427678	0.00489728143111668	0.0249700313045815	"gene-63245"
"gene-213368"	0.423618356686621	4.77140031357863	7.91205562214199	0.00491064381132494	0.0250261655856502	"gene-213368"
"gene-333956"	0.494028758075481	5.3523300709069	7.9085976696996	0.00492003945065854	0.0250620400369752	"gene-333956"
"gene-209401"	0.410421549641716	6.51037929382638	7.90624586655188	0.00492644002275291	0.0250826309631402	"gene-209401"
"gene-341905"	0.486643682069426	6.31557215981655	7.90034219003444	0.00494254463458716	0.0251393882037987	"gene-341905"
"gene-128286"	0.9483755940964	0.577533903865194	7.89957134929173	0.00494465136302164	0.0251393882037987	"gene-128286"
"gene-149137"	2.55777753791935	5.21339054095374	7.89956143608183	0.0049446784620484	0.0251393882037987	"gene-149137"
"gene-21668"	-1.58665921863801	5.02105827508838	7.89615431279103	0.00495400123869382	0.0251747525918526	"gene-21668"
"gene-323854"	-0.936556547317611	8.15517808145044	7.89071659826348	0.00496891735915642	0.025238493329507	"gene-323854"
"gene-237351"	1.20213110845068	-0.103032227082154	7.88709040085703	0.0049788897579002	0.0252768535579184	"gene-237351"
"gene-351534"	-0.81794714513044	5.24208080352026	7.88624314238492	0.00498122273950705	0.0252768535579184	"gene-351534"
"gene-336784"	1.52087698490023	-1.20078333337355	7.88208891743201	0.00499267780024382	0.0253228998967064	"gene-336784"
"gene-244202"	0.984039551816627	1.93942451557967	7.87724546366684	0.00500606727173688	0.0253787090096251	"gene-244202"
"gene-245550"	0.603676287511442	5.8370688375365	7.87540369278053	0.00501116834705491	0.0253924661930805	"gene-245550"
"gene-147691"	-0.564945004165263	5.59674416222419	7.87228090437404	0.00501982950971054	0.0254242412691816	"gene-147691"
"gene-285307"	0.921565120096213	1.00637027166678	7.87026547251266	0.00502542747834998	0.0254301399577833	"gene-285307"
"gene-315138"	0.761950431998953	7.375563207568	7.87014004805428	0.00502577606160779	0.0254301399577833	"gene-315138"
"gene-374715"	-1.52971466384596	7.43992394257806	7.86741845025013	0.00503334607540131	0.0254563332657957	"gene-374715"
"gene-60190"	2.20441193598977	3.39875069173501	7.8582127257051	0.0050590376537076	0.0255741085954534	"gene-60190"
"gene-58126"	-1.494133655887	5.38852922270536	7.85711343993388	0.00506211448808392	0.025577505793473	"gene-58126"
"gene-125969"	0.421056607700693	5.06323108943217	7.85437812144636	0.00506977875777658	0.0256040678384196	"gene-125969"
"gene-117227"	0.518083168653854	5.65062040063751	7.84672559889373	0.00509128374849724	0.0257004717366002	"gene-117227"
"gene-4553"	0.411641800244566	5.52255955693629	7.84366145482298	0.00509992059781277	0.0257318574375411	"gene-4553"
"gene-291835"	0.453411392209666	5.94658912651742	7.83373057961345	0.00512801533979466	0.0258539700579068	"gene-291835"
"gene-228023"	-1.39810347858853	6.64995527073255	7.83338906975693	0.00512898428189013	0.0258539700579068	"gene-228023"
"gene-165922"	-1.15869045736793	7.93295937793406	7.82964018841526	0.00513963299599473	0.0258953749622927	"gene-165922"
"gene-215388"	-0.566651375670373	10.2260656092424	7.82682881694499	0.00514763349192329	0.0259234042708789	"gene-215388"
"gene-232634"	0.466181398234115	5.08078867941737	7.8256763206899	0.00515091688981169	0.0259276186654477	"gene-232634"
"gene-118401"	1.45940015902602	-0.34936071499349	7.82482423977997	0.00515334579341447	0.0259276186654477	"gene-118401"
"gene-268235"	-2.5252105507366	6.46966280231612	7.82267065092314	0.00515948992213369	0.0259462575942383	"gene-268235"
"gene-311551"	0.551106107613043	6.91429764700118	7.81927037630792	0.00516920601449232	0.0259621578861589	"gene-311551"
"gene-127719"	-1.05271308583794	6.61555410854527	7.81915319686975	0.00516954118031242	0.0259621578861589	"gene-127719"
"gene-220093"	0.467422450008109	5.95415093432321	7.81896403442131	0.00517008228432327	0.0259621578861589	"gene-220093"
"gene-227164"	0.347935314002498	5.96896513894327	7.81814856284718	0.0051724156224869	0.0259621578861589	"gene-227164"
"gene-222242"	0.434233710649046	5.78513092627477	7.81480699124716	0.00518198819733881	0.0259979370126866	"gene-222242"
"gene-272953"	-1.09884828854582	8.43142836291121	7.81261346738749	0.00518828178358917	0.026017239533359	"gene-272953"
"gene-203284"	1.72137750479011	3.30982420443722	7.81048756913857	0.00519438877488841	0.0260355886002418	"gene-203284"
"gene-50890"	0.458229145079871	5.20319929322236	7.80824533568997	0.00520083789762713	0.0260556344225917	"gene-50890"
"gene-272891"	0.549635950513523	5.54498214936935	7.80496922725514	0.0052102753331728	0.0260906254442683	"gene-272891"
"gene-324110"	2.15898003781226	0.10383534803129	7.80015272831597	0.00522418185421995	0.0261479520948157	"gene-324110"
"gene-300750"	0.863467585830789	2.80103840059701	7.79792677928104	0.00523062154153059	0.0261678695746563	"gene-300750"
"gene-273297"	0.44478745170161	4.91872255725371	7.79117799603019	0.00525019532048509	0.0262534449594167	"gene-273297"
"gene-77004"	-1.55501940558542	2.63927004519909	7.788681919736	0.00525745369519016	0.0262773860441929	"gene-77004"
"gene-304606"	1.80786187268373	3.61350000223896	7.77911854148273	0.00528535797707848	0.0264044468972319	"gene-304606"
"gene-316886"	-0.539076522110773	7.6908904679229	7.77069134474129	0.00531007219761187	0.0265154591050703	"gene-316886"
"gene-68324"	1.48362412688267	6.03042327713178	7.76594922055806	0.00532403106700901	0.0265726862640581	"gene-68324"
"gene-59022"	-0.72862367573277	8.24601372280441	7.75964429586404	0.00534264813130547	0.0266530982760624	"gene-59022"
"gene-144545"	-0.525728013690052	8.13532322974912	7.75689389566104	0.00535079023921199	0.0266719870600025	"gene-144545"
"gene-309708"	0.968372026702907	2.18096132758894	7.75667127324048	0.00535144982945143	0.0266719870600025	"gene-309708"
"gene-353432"	0.457826324877494	4.01959473344887	7.74740511809888	0.00537897743795946	0.0267966295223123	"gene-353432"
"gene-390687"	3.00049349944716	3.7415253068998	7.73981336472986	0.00540163835084687	0.026896922050378	"gene-390687"
"gene-47336"	2.05443887144419	1.43836021686418	7.73457367226894	0.0054173352573205	0.0269624603635287	"gene-47336"
"gene-188540"	0.475388951456574	7.19133948732354	7.72829044971994	0.00543621967639263	0.0270437944238129	"gene-188540"
"gene-61417"	1.2391477209087	1.00417360508367	7.72738235934511	0.00543895451580237	0.0270447499906845	"gene-61417"
"gene-228106"	0.631035697577698	2.81637879469493	7.72652589318429	0.0054415351671978	0.0270449383356616	"gene-228106"
"gene-282029"	-2.49889831147387	3.77468819241599	7.7252222112034	0.00544546573862165	0.0270518325997104	"gene-282029"
"gene-258440"	-0.644492662385497	10.9823987097838	7.71863479032481	0.0054653709767748	0.0271380418809415	"gene-258440"
"gene-3862"	-0.769335918525753	9.09341214542842	7.71752073418554	0.00546874465208597	0.0271421223143193	"gene-3862"
"gene-296873"	0.413486902301708	6.79992876424492	7.71591770327099	0.00547360280680963	0.0271535631778112	"gene-296873"
"gene-280567"	1.61041507510537	1.50327335788675	7.7140937200314	0.00547913593330175	0.0271683402268519	"gene-280567"
"gene-307013"	0.486194503383448	5.72180962245419	7.71195693137821	0.00548562522227607	0.0271878424343562	"gene-307013"
"gene-115958"	0.658507226876604	9.14753350265006	7.70115955697039	0.00551853620309588	0.0273382166074186	"gene-115958"
"gene-354215"	0.828831659342798	5.00850875095818	7.70015960756943	0.00552159427119175	0.0273406315960872	"gene-354215"
"gene-159952"	1.34407367270722	3.8138736831634	7.6986591958229	0.0055261861066741	0.0273506353795187	"gene-159952"
"gene-409566"	0.438688890307947	5.40888749453816	7.69328416721226	0.00554266774082928	0.0274194484146327	"gene-409566"
"gene-68558"	-0.623312094422516	6.05488953012815	7.69029148070263	0.00555186603284728	0.0274521836937999	"gene-68558"
"gene-85606"	-2.26084643127821	6.50029691064034	7.6816011371467	0.00557866491946429	0.027571877362185	"gene-85606"
"gene-21385"	2.14123429872659	-0.076035967629127	7.67817582006234	0.00558926396762069	0.0276114312863974	"gene-21385"
"gene-227454"	0.679368182300623	6.16812033404314	7.67287047713299	0.00560572098116669	0.0276721783261809	"gene-227454"
"gene-218876"	-1.71716605974278	7.57034752169086	7.67253469624323	0.00560676422460699	0.0276721783261809	"gene-218876"
"gene-92883"	1.02004600730255	3.73220416386437	7.66984510830605	0.0056151276997015	0.0277006021400859	"gene-92883"
"gene-127968"	-1.66584589430968	-0.825611857391556	7.66733663487844	0.00562293945218523	0.0277262790975624	"gene-127968"
"gene-142462"	-1.13782964075811	5.28583326703627	7.66525674912916	0.00562942492412125	0.0277453955018321	"gene-142462"
"gene-159222"	0.378375707262015	6.78742036141038	7.66264304586022	0.00563758575699338	0.0277727476199081	"gene-159222"
"gene-32659"	1.00236302493953	3.9017011235277	7.66068408880016	0.00564371016846739	0.0277900469221385	"gene-32659"
"gene-92466"	0.638148261417903	5.60634088012159	7.65503726281464	0.00566140219622246	0.0278642636552624	"gene-92466"
"gene-7421"	0.421336665922109	4.26247321441972	7.64786661654301	0.00568395004248849	0.027962300024009	"gene-7421"
"gene-142399"	1.63637744808286	-0.337922204079394	7.64553804909215	0.00569129182498742	0.0279854738097856	"gene-142399"
"gene-37420"	-0.42499659157079	7.01696422951737	7.64434323137533	0.00569506274136647	0.0279910754700433	"gene-37420"
"gene-71361"	-0.720984512950329	2.79111567060444	7.64214376294345	0.00570201106026601	0.0280122815875239	"gene-71361"
"gene-134336"	0.4945736649552	5.45241538122343	7.6333370361472	0.00572991903679435	0.028136389139125	"gene-134336"
"gene-335557"	1.46476249541943	-1.12083587894922	7.62358937692087	0.00576097126024151	0.028275814639561	"gene-335557"
"gene-189246"	1.25695809105643	4.83455098243748	7.62178647438205	0.0057667333844238	0.0282910407180496	"gene-189246"
"gene-85237"	0.444266882283657	5.68576342805058	7.61787787277119	0.00577924557432694	0.0283359368614954	"gene-85237"
"gene-203433"	-0.762918735221975	4.42912624476292	7.61726402227756	0.00578121314304674	0.0283359368614954	"gene-203433"
"gene-119797"	0.552418482143317	4.37645722860788	7.61241307538588	0.00579678588885272	0.0283991776664383	"gene-119797"
"gene-275482"	0.850245430870872	4.0608657045413	7.61071333863659	0.00580225258415698	0.0284128722307061	"gene-275482"
"g5819"	1.57757205575611	-0.109021745029052	7.60220512556425	0.00582969585976747	0.028524549532751	"g5819"
"gene-275958"	0.574135638438905	5.38619716697526	7.60137035404033	0.00583239554165203	0.028524549532751	"gene-275958"
"gene-201188"	-0.719210642008392	8.51819956199675	7.600313691702	0.00583581465559262	0.028524549532751	"gene-201188"
"gene-126846"	-0.713223083061612	6.93313305061706	7.60000637747217	0.00583680943683066	0.028524549532751	"gene-126846"
"gene-190337"	1.04647012929797	3.62128115813141	7.59949416041957	0.0058384678763444	0.028524549532751	"gene-190337"
"gene-23834"	2.71852701970899	2.82210536853451	7.59811851288548	0.00584292428216145	0.0285332151813908	"gene-23834"
"gene-15471"	0.42065277022419	5.82324237992185	7.59637878899302	0.0058485650815941	0.0285476540650917	"gene-15471"
"gene-202373"	1.04826639838375	3.98186588568634	7.59264355417005	0.00586069480781941	0.0285937385210859	"gene-202373"
"g7754"	-2.76309580053448	0.558856373747789	7.59009344595498	0.00586899071631823	0.0286210844836133	"g7754"
"gene-34632"	-1.62495036791466	6.63997654120078	7.58322554121015	0.0058913927340345	0.0287171645825806	"gene-34632"
"gene-355612"	2.92108666256062	3.20808385485913	7.56808592898092	0.00594108437353388	0.0289461169935439	"gene-355612"
"gene-261671"	1.76187171781325	-0.696800893834967	7.56134940689005	0.00596333243329176	0.0290412105130454	"gene-261671"
"gene-143673"	-1.5455956284246	5.70126644815353	7.55412975320758	0.0059872704674686	0.029144443337298	"gene-143673"
"gene-130553"	0.546797253182301	5.66655445674213	7.55010061284553	0.00600067239550912	0.0291963182061459	"gene-130553"
"gene-130632"	-2.90010350535587	6.71913915357317	7.54670486499458	0.00601199126907917	0.0292380151522296	"gene-130632"
"gene-405608"	-2.75910069954425	0.291820122590819	7.51920494383936	0.00610446171828637	0.029674156689074	"gene-405608"
"gene-93911"	-0.7058152723112	11.1099666085053	7.51098686114796	0.00613237631587259	0.0297962332095116	"gene-93911"
"gene-426895"	0.595115360856407	3.35415972997394	7.50979001884186	0.00613645251769391	0.0298024241909554	"gene-426895"
"gene-99540"	0.971528917822785	1.79904349127716	7.50712123401206	0.00614555181669932	0.0298329936660949	"gene-99540"
"gene-191229"	0.911953642469289	4.77987383846225	7.50599094647088	0.0061494097143606	0.0298381029753373	"gene-191229"
"gene-79"	0.386206976055893	5.39084606928458	7.50021144026937	0.00616917498997721	0.029920358045325	"gene-79"
"gene-231177"	1.28957355080208	0.122805274951132	7.49661188858055	0.00618151781332271	0.0299546014696015	"gene-231177"
"gene-292"	-0.664581004234854	8.36873632834742	7.4960374345068	0.00618348994073686	0.0299546014696015	"gene-292"
"gene-188158"	-1.52011642554771	7.37230875529298	7.49568955316946	0.00618468454562287	0.0299546014696015	"gene-188158"
"gene-59252"	-0.372585203888103	7.2302898546624	7.49310180072254	0.00619357813718511	0.0299840223336827	"gene-59252"
"gene-26293"	0.47838763221131	2.84204153180944	7.48904192268257	0.00620755744228567	0.0300380259127163	"gene-26293"
"gene-409091"	-3.12396753230889	9.33482880043076	7.48626515526243	0.00621713717604546	0.0300622556591199	"gene-409091"
"gene-345115"	-1.38216032709909	1.80090980003955	7.4859522576943	0.00621821760530874	0.0300622556591199	"gene-345115"
"gene-233383"	0.629496279721532	4.74171194776372	7.48473573304092	0.0062224200626268	0.0300689049459785	"gene-233383"
"gene-413578"	1.21858553305606	4.50794868210314	7.47259451207171	0.0062645208064862	0.0302472576115567	"gene-413578"
"gene-231198"	-0.596132289114913	8.3518623824061	7.47245224655595	0.00626501584413872	0.0302472576115567	"gene-231198"
"gene-302940"	-1.30359070567328	1.21904658946111	7.47095739140939	0.00627021986765571	0.0302586472379248	"gene-302940"
"gene-299207"	-2.09327667735936	7.71348138821493	7.46865149540142	0.00627825601282679	0.0302826221274883	"gene-299207"
"gene-70415"	1.46429065139189	-0.50314062370986	7.46721892574669	0.0062832538721567	0.0302826221274883	"gene-70415"
"gene-78230"	-0.374074639942021	6.71615136059149	7.46708265201298	0.00628372950689796	0.0302826221274883	"gene-78230"
"gene-222290"	0.36158241671634	5.57434423550322	7.46347029956946	0.00629635106939688	0.0303297056042143	"gene-222290"
"gene-199473"	0.949610495671698	0.992527186587678	7.45896930226257	0.0063121137737189	0.0303918705736869	"gene-199473"
"gene-249157"	1.50350933160003	-1.24119747640302	7.44097301002145	0.00637554119619169	0.0306833738292737	"gene-249157"
"gene-117645"	-0.575060204272289	11.1573348690214	7.43953816984464	0.00638062616983509	0.0306939574592338	"gene-117645"
"gene-6217"	-0.708685518755658	7.63158447535206	7.43805285638574	0.00638589437844141	0.0307054125719271	"gene-6217"
"gene-297835"	2.03732562417184	2.98493459133708	7.42538714901924	0.00643099871638051	0.030908315565939	"gene-297835"
"gene-189466"	-1.09063009850441	1.11729996166187	7.42259158492894	0.00644099784344772	0.0309423907239883	"gene-189466"
"gene-4094"	1.38117967692882	2.58237780373521	7.41164894433941	0.0064802901982032	0.031117095507038	"gene-4094"
"gene-142563"	-1.74320877887043	4.20675573862158	7.40269568145898	0.00651262116023126	0.0312582304423374	"gene-142563"
"gene-207042"	2.22620136247872	2.1289062165978	7.39929480917757	0.00652494510369139	0.0313032549043129	"gene-207042"
"gene-255723"	0.514843058034782	5.94292662838997	7.39167862266565	0.0065526307756021	0.0314219030339513	"gene-255723"
"gene-131473"	1.94606511801454	4.61104562071999	7.37785331770623	0.00660319414521214	0.0316501004634864	"gene-131473"
"gene-270222"	-1.53510386483087	9.47592360613409	7.37663520790034	0.00660766819893747	0.0316549579217007	"gene-270222"
"gene-202329"	0.702531990890876	4.29704248321141	7.37556460139369	0.0066116030365378	0.0316549579217007	"gene-202329"
"gene-106209"	-1.22651734498121	-0.655385818278019	7.37514763131112	0.00661313618860653	0.0316549579217007	"gene-106209"
"gene-327554"	0.81020406449672	6.50372224800872	7.36884154925205	0.00663636725428953	0.0317302763952668	"gene-327554"
"gene-226271"	0.815751377176511	5.41350883782788	7.36878151787222	0.00663658880470742	0.0317302763952668	"gene-226271"
"g2416"	-1.81599592719951	0.736992052836789	7.3678598156432	0.00663999136591629	0.0317302763952668	"g2416"
"gene-286455"	0.87369937511668	5.47667994534976	7.36763965715063	0.00664080436779466	0.0317302763952668	"gene-286455"
"gene-266887"	-2.49372135454929	2.55268577150299	7.36110641507575	0.00666497666339861	0.0318243866009014	"gene-266887"
"gene-25878"	0.558781102825301	4.44760770174486	7.3606995753152	0.00666648489533737	0.0318243866009014	"gene-25878"
"gene-402347"	0.460659580285135	3.18912727467784	7.35864406503954	0.00667411039118439	0.0318464953434891	"gene-402347"
"gene-58980"	0.31592817548784	6.1894682432231	7.35632483044807	0.00668272494232357	0.0318733015634769	"gene-58980"
"gene-402161"	-0.678261087551241	5.92907276004785	7.35388263174705	0.00669180850494191	0.0319023197035241	"gene-402161"
"gene-207840"	0.482639747378898	5.99756517585326	7.34961639118465	0.00670770670810109	0.031963785191471	"gene-207840"
"gene-69559"	2.14410149372164	0.685767982437918	7.34868698090477	0.00671117528178802	0.0319659920721439	"gene-69559"
"gene-142614"	0.93053477830456	4.10092672031635	7.34362296797281	0.00673010646239006	0.0320418139364282	"gene-142614"
"gene-29815"	0.348827502551912	5.53138642592267	7.33591216296062	0.00675903714724538	0.0321651539588823	"gene-29815"
"gene-343084"	-2.04266348778509	0.126405126413013	7.3338124464963	0.00676693719380847	0.0321835922884509	"gene-343084"
"gene-227734"	-2.57309027468966	6.74949796485528	7.33327428337425	0.0067689635153502	0.0321835922884509	"gene-227734"
"gene-304"	1.00346031854068	1.70328431603382	7.33143967318058	0.00677587594939519	0.0322020628229523	"gene-304"
"gene-254351"	0.395560949506423	4.87301998016051	7.32444996393087	0.00680227786120022	0.0323100191112593	"gene-254351"
"gene-289790"	0.495713207234801	5.96797910702621	7.32381871073333	0.00680466743223211	0.0323100191112593	"gene-289790"
"gene-199509"	-0.440974864724528	5.9482478059974	7.31152924718739	0.00685135966659548	0.0325172072351225	"gene-199509"
"gene-350043"	-0.568722066061295	8.61944590841863	7.30626346417159	0.0068714663579927	0.0325980892879618	"gene-350043"
"gene-40755"	-0.947241975527555	5.18881022039604	7.29866885583301	0.00690057156143709	0.0327215689377819	"gene-40755"
"gene-93851"	0.932118155045152	3.67650428308044	7.28683907075444	0.00694615851595728	0.0329230579214446	"gene-93851"
"gene-258416"	1.81406588588995	2.67280794909503	7.28210410761642	0.00696449114999042	0.0329952462678388	"gene-258416"
"gene-53281"	1.08594136153369	3.88326891991538	7.28041553207436	0.00697104085639348	0.0330074403321691	"gene-53281"
"gene-335589"	0.491013569190834	7.75012911412265	7.27984075458343	0.00697327175878	0.0330074403321691	"gene-335589"
"gene-30553"	-0.89039562779188	8.05794198894795	7.27207940038172	0.0070034676687931	0.0331356237212115	"gene-30553"
"gene-210330"	-0.736703266537866	4.1225784957075	7.26879252070691	0.00701629565843806	0.0331815565242985	"gene-210330"
"gene-85657"	1.70419312027651	4.15509989503973	7.26796534441617	0.00701952772976095	0.0331820875261055	"gene-85657"
"gene-164771"	0.353517920352775	5.14758892456338	7.26622190172136	0.00702634496144264	0.0331895148770919	"gene-164771"
"gene-251688"	0.481401506739595	4.57435271601731	7.26596759223383	0.00702733993072688	0.0331895148770919	"gene-251688"
"gene-89385"	-0.643277029101917	9.42508677319456	7.25993645159637	0.0070509786073961	0.0332728946286478	"gene-89385"
"gene-158245"	-1.03157093379662	3.47384437104473	7.25986710153001	0.00705125089253216	0.0332728946286478	"gene-158245"
"gene-293157"	0.847769748071065	3.91601574453196	7.25687822401274	0.00706299616265403	0.033303042810044	"gene-293157"
"gene-218858"	-0.475426402519614	4.73780534399535	7.25664785251882	0.00706390227336021	0.033303042810044	"gene-218858"
"gene-334896"	-2.91003786844368	8.86385682862579	7.25231665025946	0.00708096013656292	0.0333541877079199	"gene-334896"
"gene-206855"	1.21736286042649	4.44864250973507	7.25230082223314	0.00708102255025227	0.0333541877079199	"gene-206855"
"gene-216765"	0.362122325105765	5.6683477177841	7.24636301324453	0.00710447645106428	0.0334498501697741	"gene-216765"
"gene-286732"	2.25770358828453	5.47690903856734	7.23439562611473	0.00715198822190366	0.0336586489947643	"gene-286732"
"gene-240602"	2.91571749733502	4.22027865668946	7.23045217309762	0.007167715153545	0.0337177436413554	"gene-240602"
"gene-312440"	1.29575095779278	2.70491036949113	7.22773494101595	0.00717857233761433	0.0337453632480695	"gene-312440"
"gene-203691"	-0.527153884743641	5.4024061510501	7.22739494708517	0.00717993202617349	0.0337453632480695	"gene-203691"
"gene-328923"	-1.68750678004796	6.59820810457574	7.22449593721236	0.00719153631035353	0.0337849735852121	"gene-328923"
"gene-246810"	0.349940442565617	5.73841740875506	7.22242860176946	0.00719982323587586	0.0338089712745146	"gene-246810"
"gene-227053"	1.13473828391825	5.47084074278647	7.21846608796093	0.00721573427989588	0.033868733363183	"gene-227053"
"gene-252078"	0.776607949381781	3.60854387326352	7.21703774201711	0.00722147845399579	0.0338807432010142	"gene-252078"
"gene-115904"	-0.826955862228223	8.7135157740739	7.20892631358028	0.00725418775269135	0.0340191979442792	"gene-115904"
"gene-358769"	0.867831351972448	3.56032956977859	7.20394791366946	0.00727433806394246	0.0340986600476386	"gene-358769"
"gene-116614"	1.2102206793296	4.55679050390217	7.20278632860622	0.00727904785913712	0.0341057061805209	"gene-116614"
"gene-237139"	0.467068378786448	6.02340408721471	7.19994483787389	0.0072905821861919	0.0341333157709906	"gene-237139"
"gene-393507"	-0.724969776662364	6.76466438129523	7.19975365496494	0.0072913589161048	0.0341333157709906	"gene-393507"
"gene-392902"	0.471493101064024	5.35676199744078	7.19584833425808	0.0073072438099797	0.0341765217316431	"gene-392902"
"gene-418912"	2.15222390756713	2.02132945449361	7.1952554368213	0.00730965851089712	0.0341765217316431	"gene-418912"
"gene-328216"	-0.900581083910455	6.14396120411136	7.19511559099839	0.00731022818159911	0.0341765217316431	"gene-328216"
"gene-22297"	-0.466970684165472	5.7016406007468	7.19345509306603	0.00731699579247252	0.0341931314801132	"gene-22297"
"gene-144392"	-0.827503443549393	4.28518489902992	7.18784392865731	0.00733991235570947	0.0342851593391857	"gene-144392"
"gene-278037"	0.400871930460328	6.82569692248522	7.18438983511126	0.00735405568460516	0.0343361441007289	"gene-278037"
"gene-143712"	-1.12938117721664	5.4092140601184	7.18323196791213	0.00735880298444094	0.0343432332349775	"gene-143712"
"gene-309399"	0.731323493578799	3.08786304459026	7.18013913118859	0.00737149909576491	0.0343873966590156	"gene-309399"
"gene-172560"	1.43382303732569	1.87476205624197	7.17300025197213	0.00740088977661592	0.0345093659202485	"gene-172560"
"gene-17022"	1.00588513671107	0.116777402029078	7.17147383032712	0.00740718956256599	0.0345236056912585	"gene-17022"
"gene-123530"	-3.94901839521093	8.64019661709238	7.16978165550547	0.00741417984451505	0.0345261899289598	"gene-123530"
"gene-121797"	-1.02895253562721	5.23022539729045	7.1697679840407	0.00741423634803913	0.0345261899289598	"gene-121797"
"gene-111421"	2.2809212541929	3.91585147633638	7.16690238891484	0.00742608943812471	0.0345662526319013	"gene-111421"
"gene-409312"	-2.41706059146497	2.51761932851668	7.16320598507217	0.00744140765006257	0.0346224023473602	"gene-409312"
"gene-44611"	-1.42077514446879	4.72782490670205	7.16224672016399	0.00744538820098252	0.0346257756474202	"gene-44611"
"gene-288356"	0.430407970125912	6.47613094990678	7.15950146018834	0.00745679192030341	0.034663653349802	"gene-288356"
"gene-227626"	0.793808672098278	4.92771890360549	7.15573080188726	0.00747248421783418	0.034721425138001	"gene-227626"
"gene-320782"	0.587901990820666	5.90741529587519	7.1495187049134	0.00749841066902538	0.034815628829075	"gene-320782"
"gene-221504"	2.75697763491549	3.32796926115586	7.14930486346194	0.00749930478068924	0.034815628829075	"gene-221504"
"gene-377763"	0.392065785525296	6.24623638862679	7.14590278674581	0.00751354417617211	0.0348665165173502	"gene-377763"
"gene-126335"	0.413107791345303	7.62212713347177	7.14339237114841	0.00752406924182412	0.034900131031854	"gene-126335"
"gene-1610"	-0.367605778144655	4.09808480152832	7.14128324993129	0.00753292350630226	0.034925969665663	"gene-1610"
"gene-377584"	-0.294008370832549	6.31343289317223	7.1393353254108	0.00754111051477789	0.0349486934358072	"gene-377584"
"gene-20960"	-1.5428531292585	2.81481272724242	7.12992437517922	0.00758079247968178	0.0351090736284629	"gene-20960"
"gene-18767"	-0.930747029527017	4.30374748805962	7.1292065666806	0.00758382791975247	0.0351090736284629	"gene-18767"
"gene-193640"	0.924224409275644	3.91286511425573	7.12878299009471	0.00758561970648813	0.0351090736284629	"gene-193640"
"gene-204930"	1.19195233479838	4.7731811199217	7.1274496854704	0.00759126259248672	0.0351146035827492	"gene-204930"
"gene-362918"	0.85449581202109	4.09857655813431	7.12646166969639	0.00759544689580968	0.0351146035827492	"gene-362918"
"gene-321346"	-0.832717969441433	3.49830243569025	7.12616141501862	0.00759671895862222	0.0351146035827492	"gene-321346"
"gene-392587"	0.587119511820164	4.51403970386086	7.12222674802256	0.00761340876053559	0.035176462023048	"gene-392587"
"gene-68504"	1.53626943637523	-0.72588088769699	7.11731519143507	0.0076342948786719	0.0352576466910787	"gene-68504"
"gene-175990"	0.440532607465138	7.38409805629098	7.11464134322557	0.00764568988326517	0.0352949468743092	"gene-175990"
"gene-368931"	-0.865891015638406	5.05638759449604	7.10873405771883	0.00767092634923448	0.0353960835793744	"gene-368931"
"gene-210277"	-0.539247303833059	7.65362565347316	7.10259566166253	0.00769724037654743	0.0354996905259756	"gene-210277"
"gene-417873"	1.56975010296576	1.63829574281384	7.1019403285864	0.00770005509998361	0.0354996905259756	"gene-417873"
"gene-188501"	0.806984719181	3.89379981125847	7.09172923278575	0.00774404901482952	0.0356840618159926	"gene-188501"
"gene-137409"	0.409999329176572	4.72039188480822	7.09110283150952	0.00774675618024886	0.0356840618159926	"gene-137409"
"gene-149188"	-1.71048789591075	8.32929299673893	7.08639739335518	0.00776712298535608	0.0357623896416655	"gene-149188"
"gene-17909"	-0.370621357252863	4.97699273891081	7.08471600978562	0.00777441387970384	0.0357804699370532	"gene-17909"
"gene-28147"	-1.09749688555499	3.89604536604332	7.07904699766286	0.0077990477295291	0.0358783181882662	"gene-28147"
"gene-238972"	0.422153575574209	5.54937949928362	7.07777985307724	0.00780456482297424	0.0358881761595997	"gene-238972"
"gene-194734"	0.547441004687111	5.4915040148886	7.07679840183227	0.0078088407622147	0.0358923208067915	"gene-194734"
"gene-27502"	-2.02860802445516	4.71269701723799	7.07327302447027	0.00782421972159099	0.0359474734163463	"gene-27502"
"gene-221564"	0.616223852900165	4.26278347001119	7.07008584616331	0.00783814999137174	0.0359959254353324	"gene-221564"
"gene-67761"	-1.30018032159261	0.816734108168322	7.06850394888242	0.00784507343927664	0.0360121713854753	"gene-67761"
"gene-65262"	-1.29011768100709	11.845439917458	7.0633405861272	0.00786771534160773	0.0361005264768506	"gene-65262"
"gene-2286"	2.64491564306001	4.25443988044517	7.05834333039734	0.00788969248272097	0.0361857564666754	"gene-2286"
"gene-110657"	2.1593060486507	4.88988392538102	7.05259385015303	0.00791505546880471	0.0362864353302616	"gene-110657"
"gene-333791"	0.844345780277198	3.91638714494566	7.049626494576	0.0079281781277056	0.0363309360475126	"gene-333791"
"gene-419489"	0.456701629541357	4.09012889424044	7.04750325540184	0.00793758147000858	0.0363583619789023	"gene-419489"
"gene-55914"	-1.53561859748391	5.53396338401675	7.038822357857	0.00797614598909635	0.0365110144340643	"gene-55914"
"gene-150499"	-0.455239359196152	3.92939131785128	7.03845697830945	0.0079777733682555	0.0365110144340643	"gene-150499"
"gene-128133"	-1.58560863910783	4.71705577229598	7.03663691049191	0.00798588490429385	0.0365166988003017	"gene-128133"
"gene-70645"	-0.867645961403316	5.77025723484315	7.03622172968903	0.00798773643088423	0.0365166988003017	"gene-70645"
"gene-266947"	-0.348145385387746	7.08985252083449	7.03550544741937	0.00799093177178653	0.0365166988003017	"gene-266947"
"gene-282437"	2.29931311496449	1.46692773467155	7.03509829479972	0.0079927486655794	0.0365166988003017	"gene-282437"
"gene-219180"	1.2115137394347	1.07430657832636	7.02859401799211	0.0080218309600052	0.0366338317263269	"gene-219180"
"gene-115285"	-0.535510536453315	6.66469670942777	7.02629018746102	0.00803215791598615	0.0366652496113428	"gene-115285"
"gene-29287"	0.482515738312807	6.32375995742241	7.01681230959923	0.00807478589120737	0.0368440251990054	"gene-29287"
"gene-149446"	1.48433859329011	-0.368246287971293	7.01530398636746	0.00808159108098378	0.0368584037893229	"gene-149446"
"gene-10506"	-1.2898034165004	7.91310137104362	7.0145781434273	0.00808486799929394	0.0368584037893229	"gene-10506"
"gene-88323"	-0.938870791960882	3.43543166713195	7.01180630659243	0.00809739434984054	0.0368996942180394	"gene-88323"
"gene-201816"	-1.289103514273	3.93298082816073	7.00747949745944	0.00811698754906399	0.0369731390029313	"gene-201816"
"gene-221881"	0.423527833711088	5.52953644278817	7.00344875518902	0.0081352836914438	0.0370406153005977	"gene-221881"
"gene-132922"	0.34163463049451	5.26873966234797	6.997641996852	0.00816171562734065	0.0371450609381237	"gene-132922"
"gene-214032"	-1.07965434402356	1.98494955447877	6.99565613464166	0.00817077527098283	0.037170387417525	"gene-214032"
"gene-72594"	0.551074718316859	4.97320102544576	6.98577424711515	0.00821601033895208	0.0373601906648544	"gene-72594"
"gene-321546"	0.88875684732083	5.62050421626701	6.9750054699943	0.00826559700660598	0.0375696110095133	"gene-321546"
"gene-123115"	0.60858197734562	6.38473219060956	6.96817621205386	0.00829720203647792	0.0376971554292948	"gene-123115"
"gene-209088"	0.703974901934351	5.69475317550914	6.95591778361953	0.00835424315153351	0.0379401068145647	"gene-209088"
"gene-89517"	-1.92574000620912	1.02757345229231	6.94705472221078	0.0083957346776814	0.0381122637779852	"gene-89517"
"gene-166547"	0.444913080197252	5.33048143777454	6.93772041190407	0.00843966031780008	0.0382759366785419	"gene-166547"
"gene-24347"	0.941333629314153	1.5582313454445	6.93757728465094	0.00844033567718496	0.0382759366785419	"gene-24347"
"gene-117360"	-2.52266656983932	5.44618960866956	6.93710040901969	0.00844258625873065	0.0382759366785419	"gene-117360"
"gene-183348"	0.373112254037826	4.60784264702707	6.93440758635914	0.00845530637785414	0.0383172725329598	"gene-183348"
"gene-205319"	-0.583786082779308	5.4519730610047	6.93334749351666	0.00846031932948755	0.0383236611535049	"gene-205319"
"gene-272072"	-3.0872681686133	5.84852423524837	6.9277389241612	0.0084868917048671	0.0384276629088831	"gene-272072"
"gene-84203"	0.381297373179924	4.72593572890831	6.92542464822625	0.00849788119720462	0.0384610486865823	"gene-84203"
"gene-176041"	0.462042730911522	4.98784766295792	6.92281837529382	0.00851027469170411	0.0385007578141067	"gene-176041"
"gene-322622"	-1.90015800056062	3.02041500824365	6.91692572887732	0.00853836396505451	0.038610172463579	"gene-322622"
"gene-367965"	0.527861710185596	4.52139297571537	6.91580424428318	0.00854372063465039	0.038610172463579	"gene-367965"
"gene-34578"	-0.317512007496465	7.90308619475714	6.91516236092676	0.00854678807972961	0.038610172463579	"gene-34578"
"gene-119402"	-1.46962721437455	7.85187069943676	6.91470373558056	0.00854898045804141	0.038610172463579	"gene-119402"
"gene-95616"	-0.604256825090358	5.83456372397074	6.91224166089239	0.00856075981759317	0.0386309718238983	"gene-95616"
"gene-73235"	1.26441887108932	3.59276303119967	6.91222282491918	0.00856084999895903	0.0386309718238983	"gene-73235"
"gene-317127"	0.506337670287181	5.75277905261671	6.91016280763726	0.00857071865469444	0.0386591024645166	"gene-317127"
"gene-7268"	0.332349197175269	5.17772830087538	6.9032220450156	0.00860405463950356	0.0387930161703094	"gene-7268"
"gene-242071"	0.36514592887843	6.33129354839428	6.90105824304435	0.00861447433508809	0.0388235377237275	"gene-242071"
"gene-243984"	0.946154766109362	5.21299049421569	6.90002212158448	0.00861946830515512	0.0388295912298305	"gene-243984"
"gene-249332"	0.674560427518539	5.00279303929098	6.89694962513333	0.00863429476445528	0.0388795809658831	"gene-249332"
"gene-212020"	0.410328242955914	5.77364425727286	6.89555992964691	0.0086410093680387	0.0388795809658831	"gene-212020"
"gene-42866"	0.967854932151263	2.11454070360955	6.89545190515095	0.00864153153472618	0.0388795809658831	"gene-42866"
"gene-137915"	-1.34904069096583	4.57229644605598	6.89466764106788	0.00864532346350803	0.0388801946544911	"gene-137915"
"gene-17349"	-0.491533060436511	8.08270820907314	6.89215565013295	0.00865748044473162	0.0389184116695543	"gene-17349"
"gene-46507"	1.16649125886742	0.106392982932314	6.89114310722051	0.00866238567359335	0.038924010994651	"gene-46507"
"gene-31269"	1.47031118623687	0.0340910193758142	6.88632237521216	0.00868577858202347	0.0390126440027034	"gene-31269"
"gene-127607"	-0.936892029305064	5.10985829691366	6.88403729263311	0.00869688966903866	0.039046061004599	"gene-127607"
"gene-128016"	-0.433085584124265	6.99996874896091	6.88143418043348	0.0087095648851256	0.0390864692481839	"gene-128016"
"gene-239186"	-0.581955907102427	7.69533747433612	6.87737520856964	0.0087293667927224	0.0391367379477115	"gene-239186"
"gene-37682"	0.566722114293545	4.41092674716774	6.87656055296937	0.00873334668225567	0.0391367379477115	"gene-37682"
"gene-91489"	1.24951896678888	0.892447545336309	6.87617189100924	0.00873524609195462	0.0391367379477115	"gene-91489"
"gene-247457"	0.838066156185303	4.73813713272732	6.87612306064997	0.00873548475816726	0.0391367379477115	"gene-247457"
"gene-233991"	0.812145190201438	1.88336431213803	6.87448592696925	0.00874349037602519	0.0391561110060648	"gene-233991"
"gene-361392"	0.682160589547747	3.31898655928364	6.86764102507108	0.00877704351259631	0.0392898294612687	"gene-361392"
"gene-122125"	-0.573235935231915	6.69426684088034	6.86534753316526	0.00878831547394257	0.0393237372237497	"gene-122125"
"gene-156537"	-0.495495802203424	11.0488534533197	6.8644292604988	0.00879283271651782	0.0393274048666457	"gene-156537"
"gene-238299"	0.526767264986412	7.28794035448099	6.8604798878393	0.00881228790571199	0.0393978537894715	"gene-238299"
"gene-287352"	-0.589814227822989	6.27539449318201	6.85837863357439	0.00882265694622954	0.0394276383529821	"gene-287352"
"gene-327074"	-0.543624482527628	3.2617820119562	6.85739871123806	0.0088274968297465	0.0394326989841175	"gene-327074"
"gene-10845"	-1.69949879927383	6.61508294974154	6.84610250926379	0.00888348596798869	0.039653592618404	"gene-10845"
"gene-206556"	1.30498439397923	5.92831749924509	6.8459180817986	0.00888440308477405	0.039653592618404	"gene-206556"
"gene-136758"	0.431646547819304	5.87884461494579	6.84434834154268	0.00889221297867301	0.0396718025340462	"gene-136758"
"gene-378238"	0.889308525567399	1.49964639533605	6.84230165371963	0.00890240637645494	0.0396842557155737	"gene-378238"
"gene-400866"	-0.797703809085234	7.16517621869837	6.84221943889259	0.0089028160919699	0.0396842557155737	"gene-400866"
"gene-3915"	-2.17930686502192	5.06002481642917	6.84075879168741	0.00891009840939784	0.0396842557155737	"gene-3915"
"gene-195652"	0.385621065467073	4.9048471761383	6.84064607178125	0.00891066064802016	0.0396842557155737	"gene-195652"
"gene-267308"	0.365424986323576	6.19898153638884	6.84004488851178	0.00891365991956616	0.0396842557155737	"gene-267308"
"gene-229515"	-0.618080735274431	5.74369060606278	6.83603863594675	0.00893367331205976	0.0397416750120909	"gene-229515"
"gene-272122"	-2.03477538228637	4.20589603704064	6.83596728280027	0.00893403017618554	0.0397416750120909	"gene-272122"
"gene-240295"	-0.518301464085247	5.52817724422907	6.83342050474538	0.00894677713987089	0.0397783438418621	"gene-240295"
"gene-20711"	0.481785132723726	4.37207461150729	6.83282640471897	0.00894975336720346	0.0397783438418621	"gene-20711"
"gene-46811"	1.778559910958	-0.0883460490862272	6.82981215040385	0.00896486932211936	0.0398288847577533	"gene-46811"
"gene-146948"	0.552665801995793	5.68600913715172	6.82641429985858	0.00898194028839638	0.0398880655145653	"gene-146948"
"gene-322136"	0.5524922444278	3.41002687199234	6.8210487003467	0.0090089651241562	0.039991382746463	"gene-322136"
"gene-263313"	-0.712613916399231	2.02563593386751	6.82011228348743	0.00901369008692297	0.0399956644824834	"gene-263313"
"gene-23884"	2.35156855172841	1.10092022606925	6.81640403886743	0.00903242604290118	0.0400620864855283	"gene-23884"
"gene-385084"	2.05609759533924	8.17136345837011	6.81187163295766	0.0090553802503124	0.0401398692265426	"gene-385084"
"gene-120720"	-0.468260118530198	6.8439253371734	6.8114515199947	0.0090575109198667	0.0401398692265426	"gene-120720"
"gene-99910"	-2.65705377785107	1.30511982375584	6.80841490466617	0.0090729268689777	0.0401914411405443	"gene-99910"
"gene-240280"	1.46418759589174	2.73226887364568	6.80636352741844	0.00908335627436176	0.0402186296101065	"gene-240280"
"gene-316880"	-0.617324295901024	5.44928808948773	6.80572065935251	0.00908662720506636	0.0402186296101065	"gene-316880"
"gene-291480"	-0.772485723094138	3.39745607438594	6.80452575678013	0.00909271010742621	0.0402227482210406	"gene-291480"
"gene-10417"	0.524267993349255	5.05710184125241	6.80405235011536	0.00909512123651774	0.0402227482210406	"gene-10417"
"gene-241886"	1.13714506363272	0.839476765365339	6.80066020122608	0.00911241710834592	0.0402824889294959	"gene-241886"
"gene-166442"	1.07392218087596	3.41472289236243	6.79497538954914	0.00914147835282937	0.0403941685752776	"gene-166442"
"gene-263447"	0.439969788042448	5.55135668893688	6.7907591177409	0.00916309358126197	0.0404565267561457	"gene-263447"
"gene-142780"	0.692176069547936	3.47376013251882	6.7902482798916	0.009165716005784	0.0404565267561457	"gene-142780"
"gene-115791"	0.894061936509317	9.71595137030369	6.78999789742051	0.00916700164369228	0.0404565267561457	"gene-115791"
"gene-312604"	-0.73869899046723	3.13782847259411	6.7880414586601	0.00917705372336437	0.0404840910002918	"gene-312604"
"gene-9548"	1.77453178576965	3.7629351992972	6.7814657170218	0.00921092234414724	0.0406166542505597	"gene-9548"
"gene-188773"	-0.514897248320529	6.18368772087699	6.77520578996086	0.00924328328459745	0.0407424620866053	"gene-188773"
"gene-3874"	0.418680064603564	5.61917457879673	6.77260191821851	0.00925677837038472	0.0407850433916371	"gene-3874"
"gene-260385"	-0.603105304199518	10.2343703921934	6.77178852326634	0.00926099808714624	0.0407867394016097	"gene-260385"
"gene-48952"	1.22197649695349	5.64208751829295	6.77063630880471	0.00926697889820548	0.0407961869045172	"gene-48952"
"gene-148811"	-1.70723558151752	13.2621739582897	6.76703652750348	0.00928568981641425	0.0408616453816227	"gene-148811"
"gene-54961"	-0.337221709797403	6.5495140775401	6.76341659734268	0.00930454448413526	0.040918694766012	"gene-54961"
"gene-362885"	0.421792769115174	4.54975519068936	6.76307063619115	0.00930634849934026	0.040918694766012	"gene-362885"
"gene-116301"	-1.54104150717362	0.224578331096415	6.76075596961561	0.00931842755333965	0.0409548741559175	"gene-116301"
"gene-158798"	0.600088126554422	4.33645301401688	6.75568109056236	0.0093449669654255	0.041054551278094	"gene-158798"
"gene-20990"	1.66812190682284	0.577677149313423	6.75434805723506	0.00935195098039679	0.0410682702838564	"gene-20990"
"gene-202593"	-0.844443974597619	5.55472008862777	6.75298315688732	0.00935910749220146	0.0410827351576784	"gene-202593"
"gene-73775"	0.401865111260015	6.36578136563354	6.74521748589382	0.00939993171907384	0.0412449149191705	"gene-73775"
"gene-17719"	0.438972452997983	5.11539164053661	6.73950365018072	0.00943008586515313	0.0413601621698015	"gene-17719"
"gene-166044"	0.483257951280418	6.46068843132916	6.73033476975832	0.00947868086368908	0.0415561622696608	"gene-166044"
"gene-10737"	0.671345067206465	5.7221580160691	6.72647404175844	0.00949921937053528	0.0416290470642824	"gene-10737"
"gene-421350"	-0.853683510584408	8.92133509943606	6.71909208136633	0.00953861733378812	0.0417844868048478	"gene-421350"
"gene-378483"	0.517061729179746	2.93995360656349	6.71637428803562	0.00955316448449883	0.0418184434123517	"gene-378483"
"gene-384842"	2.1284862734206	4.30400130836563	6.71617491060674	0.00955423255848202	0.0418184434123517	"gene-384842"
"gene-317217"	-1.12214037956528	0.951762327302068	6.71519987210245	0.00955945764653937	0.0418241018217165	"gene-317217"
"gene-136621"	0.613025743919163	4.78161343196617	6.71426910454784	0.00956444822418483	0.0418287299804399	"gene-136621"
"gene-24501"	0.89382098359521	4.26490658702431	6.71218681455716	0.0095756226875869	0.0418603875483659	"gene-24501"
"gene-21842"	0.70900138655931	7.54307495968819	6.70986127675363	0.00958811833464577	0.0418977923612541	"gene-21842"
"gene-252921"	1.41570713115636	-0.989691513511815	6.70816472945896	0.00959724480977515	0.0419204500192068	"gene-252921"
"gene-336575"	0.350226460596139	5.79921282945736	6.70591899815319	0.00960933927710953	0.0419560478453764	"gene-336575"
"gene-83060"	0.590808640369861	3.90395681860949	6.70321392507143	0.00962392828149085	0.0420025035707578	"gene-83060"
"gene-166529"	1.56728180970329	2.75980990281175	6.69831399733719	0.00965041238781058	0.0421008146664288	"gene-166529"
"gene-279171"	0.413870542089629	5.89325492261512	6.69640368254584	0.00966075785835721	0.0421286677250871	"gene-279171"
"gene-92580"	-0.911585083052776	9.32831679423061	6.69442601937352	0.0096714800313202	0.0421581400053777	"gene-92580"
"gene-402875"	-0.437578562991808	7.53556814157933	6.68610022888078	0.00971675333578274	0.0423381353868846	"gene-402875"
"gene-410018"	1.23488879921619	3.97469678067192	6.68517818644612	0.0097217804806898	0.0423426933630699	"gene-410018"
"gene-172202"	0.440657468181916	5.01352177141001	6.68155807756227	0.00974154376590192	0.0424057647154472	"gene-172202"
"gene-229613"	-1.82266058664555	4.16635426401114	6.68106560252494	0.00974423551753978	0.0424057647154472	"gene-229613"
"gene-327044"	-0.475560501835254	10.958292386508	6.67473372461353	0.00977891203013031	0.0425392672198225	"gene-327044"
"gene-75772"	2.11590973457357	0.822349135111907	6.67084224797679	0.00980028640505808	0.0426101128804374	"gene-75772"
"gene-296510"	-0.521396406907354	10.5340570107673	6.66959491661069	0.00980714764053118	0.0426101128804374	"gene-296510"
"gene-128193"	-0.466237398325129	6.46633638324542	6.66958237493074	0.00980721665394047	0.0426101128804374	"gene-128193"
"gene-174594"	-1.32051508103499	6.44697888447918	6.66490936319412	0.00983296561983487	0.0427045415812837	"gene-174594"
"gene-85011"	0.453778974989005	4.73109236828001	6.65839629874629	0.00986896915728693	0.0428434105946546	"gene-85011"
"gene-13038"	0.581784122828184	4.61447085061007	6.65457856065184	0.00989013598864283	0.0429177830988189	"gene-13038"
"gene-333531"	0.485031871148904	4.27799788163465	6.64869547238951	0.00992284494952554	0.0430421610453318	"gene-333531"
"gene-384593"	1.43904241002177	3.18031188101573	6.64338338897676	0.00995247446461998	0.0431367404364313	"gene-384593"
"gene-84970"	-1.37076245505674	0.428151569581762	6.64333218063494	0.0099527605331894	0.0431367404364313	"gene-84970"
"gene-182384"	0.436079006082108	6.17659709482523	6.63951585186521	0.0099741036790348	0.043196826661268	"gene-182384"
"gene-242098"	-1.16403610220553	7.84814845595346	6.63940099802212	0.00997474673562188	0.043196826661268	"gene-242098"
"gene-67177"	0.992060608012396	3.17213665843409	6.63667711757938	0.00999000996338026	0.0432453178553164	"gene-67177"
"gene-264690"	-1.97897730223526	-1.15463711836486	6.63565357874066	0.00999575153523183	0.0432525684819877	"gene-264690"
"gene-365838"	-1.24672879029418	3.76449560071134	6.63270890904047	0.0100122886175409	0.0433065074160897	"gene-365838"
"gene-111729"	1.91630452242944	0.573525220445532	6.6306927184274	0.0100236275895296	0.0433379280659501	"gene-111729"
"gene-377233"	0.381022490514794	5.80592719518987	6.6186755575664	0.0100914851691374	0.043613586452233	"gene-377233"
"gene-213648"	-1.49384058129224	6.0638444541355	6.61668620619248	0.0101027638298728	0.0436445963015949	"gene-213648"
"gene-36950"	1.68458997664917	0.541966764634662	6.61554619440268	0.0101092329687693	0.0436548119593301	"gene-36950"
"gene-73822"	-0.760054205058406	8.4662641828778	6.61303429795881	0.0101235020277777	0.043698688136138	"gene-73822"
"gene-367933"	0.400909614650443	5.61990410953108	6.61183555537834	0.0101303188709224	0.043710373838187	"gene-367933"
"gene-305196"	0.350406437956305	7.61743518384127	6.60958798145918	0.0101431127472653	0.0437478293511412	"gene-305196"
"gene-7044"	-1.24133252593839	4.01962203862365	6.60817024722583	0.0101511914408279	0.043764925887574	"gene-7044"
"gene-276238"	-2.37934092226217	7.6523004925191	6.60521993427713	0.010168024399706	0.0438197356220716	"gene-276238"
"gene-5100"	1.26363668276381	-0.0877484823883776	6.60321953080373	0.0101794539420203	0.0438512240288895	"gene-5100"
"gene-24698"	-0.492600992093299	8.5999845683772	6.601590856304	0.010188769292956	0.0438717379795868	"gene-24698"
"gene-42162"	-0.450970753546912	3.45054427961745	6.6009191675313	0.0101926136223295	0.0438717379795868	"gene-42162"
"gene-6618"	0.778087032477147	6.83925532362416	6.59999276842079	0.0101979181953118	0.0438717379795868	"gene-6618"
"gene-240202"	-0.458512574504099	6.55390715595183	6.59946394046649	0.01020094753963	0.0438717379795868	"gene-240202"
"gene-207502"	1.48131142819533	3.38731408178489	6.59878465100167	0.0102048401430517	0.0438717379795868	"gene-207502"
"gene-351817"	0.497460427142675	3.16917003658093	6.59495580725525	0.0102268094653679	0.043948422413597	"gene-351817"
"gene-393892"	0.423240936797046	6.78665650919976	6.59245769556389	0.0102411693818341	0.0439923576515296	"gene-393892"
"gene-378423"	-1.25922437525246	2.04270195090172	6.58520485315872	0.0102829782015996	0.0441447285593858	"gene-378423"
"gene-152165"	-0.699546592612077	7.30442997757253	6.58486501773988	0.0102849414601503	0.0441447285593858	"gene-152165"
"gene-358811"	-0.562322644060219	5.86224987468391	6.57531455764794	0.0103402727346837	0.0443643165817248	"gene-358811"
"gene-181827"	-1.14963916230402	6.98829428258884	6.57026580814744	0.0103696462489842	0.0444724022194339	"gene-181827"
"gene-378316"	1.20163602259573	-0.852531770882341	6.5690867792791	0.0103765181270785	0.044483936638294	"gene-378316"
"gene-122493"	1.2066200028293	3.14393303726632	6.56831490347723	0.0103810194740427	0.0444853034351001	"gene-122493"
"gene-212561"	0.56449914820554	6.31141213929663	6.56591748592636	0.0103950132613571	0.0445273302649191	"gene-212561"
"gene-253555"	0.620997459024671	4.47296059188191	6.56351471862327	0.0104090576827354	0.0445695400618254	"gene-253555"
"gene-285283"	0.496662349420325	5.14619636348944	6.56255186710088	0.0104146911077451	0.0445757161456649	"gene-285283"
"gene-24489"	1.28551101428863	-1.28172908453728	6.56062782534452	0.0104259576048796	0.0446059875645612	"gene-24489"
"gene-378468"	0.814059849860563	1.09100814282257	6.55923483852862	0.010434122233738	0.0446229690703809	"gene-378468"
"gene-203185"	-0.507398998978606	10.8225906808119	6.55379681037756	0.0104660586237136	0.0447415592933351	"gene-203185"
"gene-252642"	-0.447616523296185	6.77167195931245	6.55103697394598	0.0104823048854687	0.044793007136137	"gene-252642"
"gene-401796"	0.755510215728914	5.80791999909271	6.54098950323584	0.0105416698604652	0.0450236574625868	"gene-401796"
"gene-308424"	-1.14468873703008	2.76657645067448	6.54047025678666	0.01054474715488	0.0450236574625868	"gene-308424"
"gene-327746"	-1.25876537492678	4.89211886459706	6.53664857392191	0.0105674245740553	0.0451023787197641	"gene-327746"
"gene-248762"	-0.787640001125628	8.55950330401818	6.53107780909252	0.0106005704652881	0.0452256989445663	"gene-248762"
"gene-130641"	-1.24765471011945	3.10505302200016	6.52810335599034	0.0106183120206876	0.0452832264041835	"gene-130641"
"gene-164753"	0.648903907328053	2.99570800319577	6.52565485764472	0.0106329392929016	0.0453159331014807	"gene-164753"
"gene-318475"	-1.22385656276214	9.04912917304026	6.52539338577259	0.0106345025405506	0.0453159331014807	"gene-318475"
"gene-268283"	1.31161879587746	3.52272162447927	6.5235299542188	0.0106456501652789	0.0453452683852247	"gene-268283"
"gene-243127"	0.40737438842972	5.80709963323648	6.52259035648537	0.0106512756742902	0.0453510680831666	"gene-243127"
"gene-268975"	-0.651695601011762	6.27250565337585	6.51840880829817	0.0106763482153364	0.0454396317000072	"gene-268975"
"gene-341289"	-0.469552785778531	6.69949493730133	6.51561016869018	0.010693162650562	0.0454865739156612	"gene-341289"
"gene-268681"	0.436104611851433	5.82429737049311	6.51486281667496	0.0106976573903919	0.0454865739156612	"gene-268681"
"gene-336712"	-1.19405466014775	3.39514861245493	6.51443893142943	0.0107002075909162	0.0454865739156612	"gene-336712"
"gene-4628"	-0.464858949878673	7.16820202614899	6.51180236935406	0.0107160838204495	0.0455358639689576	"gene-4628"
"gene-346416"	1.82100577745386	-0.258394495948155	6.5076083000906	0.0107413884833292	0.0456105506220636	"gene-346416"
"gene-140385"	-1.35617036488734	8.11676488473253	6.50708093112536	0.0107445746669721	0.0456105506220636	"gene-140385"
"gene-46370"	0.394461962582075	4.43813163959715	6.50547216518684	0.0107543002732449	0.0456105506220636	"gene-46370"
"gene-367641"	0.438370356679272	6.35400712717621	6.5052625159713	0.0107555683479102	0.0456105506220636	"gene-367641"
"gene-286179"	0.380774303777816	5.27600201673569	6.50498005186402	0.0107572770899257	0.0456105506220636	"gene-286179"
"gene-163483"	1.00350444680791	5.93288253430482	6.50463084848955	0.0107593899502405	0.0456105506220636	"gene-163483"
"gene-4904"	0.351660906428354	6.88642733339289	6.5009654364403	0.010781593281643	0.0456864645990258	"gene-4904"
"gene-34596"	0.454586582154237	5.69139196446003	6.49244743620723	0.0108333729979489	0.0458684618948751	"gene-34596"
"gene-231430"	0.829050306827937	3.19887639277699	6.49186373892313	0.010836930536436	0.0458684618948751	"gene-231430"
"gene-320375"	-0.802994121694191	2.64289629062806	6.49177348903305	0.0108374807015627	0.0458684618948751	"gene-320375"
"gene-166666"	-1.66878536832155	2.95997918605452	6.48910954741336	0.0108537330537301	0.0459189756402043	"gene-166666"
"gene-371115"	1.41113421920338	-1.05599002427381	6.48799149438157	0.010860561592643	0.0459295956657461	"gene-371115"
"gene-89640"	0.768503547760486	5.75216349393272	6.48666211447947	0.0108686865516897	0.0459456876644559	"gene-89640"
"gene-145001"	-0.400054164177106	7.96070066273793	6.48587583412625	0.010873495106878	0.0459477528632318	"gene-145001"
"gene-317372"	2.01238648838676	4.12882259155755	6.47647285869732	0.0109311690891283	0.0461513429589177	"gene-317372"
"gene-123816"	2.90839494276264	7.29723065291854	6.47553364276605	0.0109369470654079	0.0461513429589177	"gene-123816"
"gene-230539"	1.76278344356817	1.87623452383991	6.47527447469157	0.010938541996801	0.0461513429589177	"gene-230539"
"gene-247721"	0.4872931666483	5.86260396548949	6.4751949932033	0.0109390311770808	0.0461513429589177	"gene-247721"
"gene-11475"	-0.563244422758557	8.33047912297278	6.47173591101188	0.0109603423543869	0.0462229188268277	"gene-11475"
"gene-77414"	-1.1099225136852	4.45930431750226	6.47048255990559	0.0109680746765871	0.0462371947127153	"gene-77414"
"gene-99841"	-1.87915618205355	-0.241300245759724	6.46816738428601	0.0109823724525419	0.0462629412704083	"gene-99841"
"gene-55700"	0.591133919789998	4.11484738219093	6.46706977186726	0.0109891576322686	0.0462629412704083	"gene-55700"
"gene-92565"	-0.877536158733755	8.35622105578671	6.46684440996036	0.0109905512982382	0.0462629412704083	"gene-92565"
"gene-323991"	0.375017104576297	5.34301436851255	6.46667796597008	0.0109915807249268	0.0462629412704083	"gene-323991"
"gene-182715"	0.349890135691988	6.55329213851199	6.46221697366635	0.0110192080620009	0.0463503242304318	"gene-182715"
"gene-280115"	0.390344802010943	6.12818041325412	6.4619187179002	0.0110210577264725	0.0463503242304318	"gene-280115"
"gene-414422"	-0.574761192884388	7.98028439524092	6.45930277720327	0.0110372944133887	0.0464002622058509	"gene-414422"
"gene-27855"	0.585170937799009	4.71246268061858	6.45558502725227	0.0110604120738517	0.0464699214431824	"gene-27855"
"gene-359886"	0.401858593227534	6.37018238646008	6.4552331659043	0.0110626025850073	0.0464699214431824	"gene-359886"
"gene-303336"	1.15299986879063	3.26662954748458	6.4503117730742	0.0110932873877189	0.0465804203141645	"gene-303336"
"gene-351991"	0.478513023998891	5.28281694213593	6.441804166951	0.0111465383042456	0.0467855490939054	"gene-351991"
"gene-349175"	1.39633030937954	-0.427349302269173	6.43409764314423	0.0111950014783703	0.0469704282934699	"gene-349175"
"gene-409417"	-1.25597777819607	3.59917802179386	6.43265304194422	0.0112041100210877	0.0469901081168332	"gene-409417"
"gene-211847"	1.98033503106638	4.00956298836126	6.42988246682744	0.0112216004193674	0.047044912124711	"gene-211847"
"gene-11156"	0.376485021807726	4.17658373545147	6.42816231719886	0.0112324736691964	0.0470719424529444	"gene-11156"
"gene-305638"	0.336122102405045	5.16916045930132	6.42713803027294	0.0112389534316444	0.0470805469472113	"gene-305638"
"gene-83600"	-0.621873322206417	7.1330983347755	6.42525409831406	0.0112508814299974	0.0471119586178947	"gene-83600"
"gene-393841"	0.40847346426305	4.91463222011059	6.42321516979634	0.0112638054186746	0.0471454648040171	"gene-393841"
"gene-290034"	0.404127327933132	6.67236524319224	6.42259359745655	0.0112677483576355	0.0471454648040171	"gene-290034"
"gene-23042"	-1.52830492066225	2.36254432703868	6.4192921328145	0.0112887149259886	0.047214617362491	"gene-23042"
"gene-213663"	1.59150876953239	5.33354013364673	6.41779742946842	0.0112982204816359	0.0472357991519968	"gene-213663"
"gene-76825"	1.68216813268287	0.961044988038807	6.41624772010312	0.0113080845212487	0.047258462462869	"gene-76825"
"gene-240871"	2.58288751385887	4.87288781443113	6.41495509709108	0.0113163189433904	0.0472743001892775	"gene-240871"
"gene-316836"	-1.12227120485597	1.87074276223283	6.41085190542348	0.0113424983815101	0.0473650619496431	"gene-316836"
"gene-292844"	-0.357269169792665	4.89134571337177	6.40683534018553	0.0113681853258331	0.047453696674082	"gene-292844"
"gene-277340"	2.31135173057343	5.94909072088401	6.40581767899299	0.0113747029996928	0.0474622758355168	"gene-277340"
"gene-409737"	1.28755825379676	1.27713409187095	6.39896178966424	0.0114187120339821	0.0476272239974251	"gene-409737"
"gene-361791"	-1.34571791243011	1.88867374943677	6.39566253733352	0.011439952703845	0.0476971136644827	"gene-361791"
"gene-358829"	-0.430527635090907	5.960801339065	6.39419987210952	0.0114493823502872	0.0477098055570273	"gene-358829"
"gene-280603"	-0.531064644481301	6.88249670438279	6.39379899073845	0.0114519681823139	0.0477098055570273	"gene-280603"
"gene-317235"	0.446615273229388	6.70051470928043	6.3914311214005	0.0114672540408555	0.047754782293868	"gene-317235"
"gene-323291"	0.789056019914932	2.83807322482824	6.38988313211173	0.0114772584561283	0.0477777381367438	"gene-323291"
"gene-198922"	0.907201633440357	5.0209184087429	6.38584882691633	0.0115033736675722	0.0478677160908835	"gene-198922"
"gene-243142"	0.654024296758873	5.61660841262454	6.38170651537527	0.0115302515065318	0.0479607958636965	"gene-243142"
"gene-110675"	1.60915927317104	-0.797193641195653	6.37927241764714	0.0115460754758587	0.0479886050746735	"gene-110675"
"gene-2467"	0.784949867920841	2.76140091507688	6.37852927428889	0.0115509110608976	0.0479886050746735	"gene-2467"
"gene-50072"	0.591777752578777	6.14811008739655	6.3782275400829	0.0115528750189143	0.0479886050746735	"gene-50072"
"gene-272422"	0.391283928374303	5.3520938760517	6.37790347153184	0.0115549847307483	0.0479886050746735	"gene-272422"
"gene-144197"	1.22044194027971	0.239302007768106	6.37335098253101	0.0115846636294232	0.0480930844506423	"gene-144197"
"gene-182787"	0.40284185532426	4.4037755977133	6.36998210788625	0.0116066766002536	0.0481656700430344	"gene-182787"
"gene-100826"	-1.12214784668506	3.70605972138773	6.36772625638991	0.0116214408314656	0.0482081297517425	"gene-100826"
"gene-48759"	0.71986730507542	7.23557183432526	6.35499279912585	0.0117051418568721	0.0485364088848701	"gene-48759"
"gene-299976"	1.49249831828472	2.55824479311155	6.35049372050693	0.0117348634751365	0.0486406889795605	"gene-299976"
"gene-284651"	-1.26075148446471	6.55214432898567	6.34111532523475	0.0117970679836625	0.0488613152093894	"gene-284651"
"gene-365301"	0.932710818872736	2.24213749726811	6.34108362547074	0.0117972788132486	0.0488613152093894	"gene-365301"
"gene-240250"	1.180120872609	-1.34730716686792	6.33950133626468	0.0118078072594352	0.0488840921127283	"gene-240250"
"gene-406094"	-1.18796664329062	5.49042872449747	6.33887607601122	0.0118119703581903	0.0488840921127283	"gene-406094"
"gene-82991"	0.358374274141381	6.27605696079241	6.3351971465969	0.0118364958927593	0.048966538434612	"gene-82991"
"gene-177267"	1.12640889817468	4.6265262710953	6.33069000269531	0.01186661399368	0.0490720476037249	"gene-177267"
"gene-262476"	2.97361461001006	2.9168106155567	6.32133763699162	0.0119293606490873	0.0493123512878714	"gene-262476"
"gene-134587"	-1.23448241245494	3.71153662444954	6.31442836580779	0.0119759349080031	0.0494856424559134	"gene-134587"
"gene-103023"	0.602755542487883	7.99762702425324	6.31354965596155	0.0119818715158197	0.0494909458028186	"gene-103023"
"gene-15070"	0.702594663824665	5.58106957084477	6.31221358755654	0.0119909038525862	0.0495090269317186	"gene-15070"
"gene-379447"	0.485828374827512	4.63871660652871	6.31140178686287	0.011996395352541	0.0495124800037353	"gene-379447"
"gene-165471"	-1.06881842219518	3.00038714732776	6.3080932962047	0.0120188026658235	0.049585719609658	"gene-165471"
"gene-203451"	0.584619919901765	4.18590390608997	6.30591011524806	0.0120336121638085	0.049627568427401	"gene-203451"
"gene-121516"	-1.1731574617286	1.73424180678179	6.30399913662048	0.0120465905721606	0.0496618361726745	"gene-121516"
"gene-360432"	0.738323023041333	1.91422806436802	6.29743684710917	0.0120912678984338	0.049826704908075	"gene-360432"
"gene-275750"	-2.54553954325652	2.8100326308874	6.29428779536897	0.0121127676371029	0.0498959707932713	"gene-275750"
"gene-412588"	1.08316496377776	1.07014978189819	6.29199821316429	0.0121284241088705	0.0499411222694333	"gene-412588"
