"logFC"	"logCPM"	"F"	"PValue"	"FDR"	"Gene"
"gene-372264"	-10.6418544494686	2.93846056463858	269.617271523061	1.10349916585964e-15	1.2130766330295e-11	"gene-372264"
"gene-372068"	-10.402145287101	2.43825486177899	81.6278208114399	1.7632428860322e-10	9.69166452307599e-07	"gene-372068"
"gene-333573"	3.63466805062687	3.7920723998598	71.0961359653568	5.5882324129455e-10	2.04771463051699e-06	"gene-333573"
"gene-41508"	-14.6532257784469	6.57630090140371	69.4851422337954	1.15904339979433e-09	3.18534102348476e-06	"gene-41508"
"gene-122433"	-7.17096441022333	4.27375323802489	64.5289022457136	1.74801587917011e-09	3.8431877119434e-06	"gene-122433"
"gene-198922"	-12.6497270160633	4.47335661371684	73.9196923185364	2.95849199275858e-09	5.42045041273251e-06	"gene-198922"
"gene-33981"	-11.7799329457607	6.81900046084118	62.0211861519746	4.14159965708129e-09	6.02553455285819e-06	"gene-33981"
"gene-163088"	-13.0752390323858	5.14253638309278	61.6997428471539	4.38499740042441e-09	6.02553455285819e-06	"gene-163088"
"gene-157744"	-11.7762511758398	3.77095011328237	63.3766381238829	5.08219573314436e-09	6.20761974382843e-06	"gene-157744"
"gene-227053"	-13.3207302941026	5.05846369021781	69.0672065835577	5.83746264977694e-09	6.41712269089979e-06	"gene-227053"
"gene-156891"	-8.8384082505909	5.32738646547735	56.9953652735065	7.13539306951273e-09	7.13085236483213e-06	"gene-156891"
"gene-39831"	-13.2228105769024	5.10263709440201	67.0137454575464	7.86516245010677e-09	7.20514423450198e-06	"gene-39831"
"gene-118220"	-13.4511051190692	5.24412594211921	59.4865021178589	9.89993035316425e-09	8.37153341325651e-06	"gene-118220"
"gene-87838"	-12.6637131303417	4.60532314975166	55.5137083765517	2.01726762360072e-08	1.55727344422595e-05	"gene-87838"
"gene-92145"	-9.78032790587458	4.90132051864899	57.2989225483488	2.23941096364128e-08	1.55727344422595e-05	"gene-92145"
"gene-122791"	-11.6353109099882	3.50108522577245	60.0772124147009	2.26656737083737e-08	1.55727344422595e-05	"gene-122791"
"gene-136337"	-11.8572218573772	3.94221623024061	58.7262000142002	2.81330822208691e-08	1.81921748737655e-05	"gene-136337"
"gene-242872"	-11.7546166916321	3.9070546904397	53.191087365615	3.10652735647035e-08	1.89722529053769e-05	"gene-242872"
"gene-38083"	-14.8013019395337	6.9912708816502	52.8923393596292	3.28682638215947e-08	1.90168854837258e-05	"gene-38083"
"gene-253843"	-12.6379282099148	4.45114708552939	57.0191023148705	3.71516601637042e-08	2.042041000898e-05	"gene-253843"
"gene-350745"	-13.5157396410938	5.68602757851557	51.8821876930498	3.98372474485015e-08	2.08538505333989e-05	"gene-350745"
"gene-181301"	-10.5236028261452	2.28639629505037	51.0280210769502	4.69593930150489e-08	2.33466597706452e-05	"gene-181301"
"gene-200848"	-10.9693982418775	2.95893951391459	50.8247214801711	4.88468275015773e-08	2.33466597706452e-05	"gene-200848"
"gene-44107"	-6.73556703587848	5.49828034598312	47.174520942555	5.38818088923837e-08	2.46801135480822e-05	"gene-44107"
"gene-362876"	-11.4704561920406	3.23843101832654	48.2411122960195	5.83078941161243e-08	2.56391472007422e-05	"gene-362876"
"gene-177267"	-12.4757704032834	4.23203403053747	47.8563271789677	6.31824039808056e-08	2.59263850617261e-05	"gene-177267"
"gene-178966"	-9.25327540379747	4.18595250391616	47.7062783043017	6.51987978962072e-08	2.59263850617261e-05	"gene-178966"
"gene-6405"	-12.4300885770638	4.18281039385559	49.2861439560508	6.60364579030592e-08	2.59263850617261e-05	"gene-6405"
"gene-237342"	-6.20441542081525	4.48420091061702	45.2521387316289	8.23908860032548e-08	3.12318279253028e-05	"gene-237342"
"gene-122800"	-10.9660100890512	2.85207063181027	47.8351870495013	8.82370813615245e-08	3.2099234662481e-05	"gene-122800"
"gene-401546"	-10.5419654929923	2.21198639112694	51.7813256182137	9.05190825558911e-08	3.2099234662481e-05	"gene-401546"
"gene-105556"	-9.4350355194411	1.44953993017998	46.0381932296192	1.27312735630346e-07	4.24973618900957e-05	"gene-105556"
"gene-26944"	-6.92921398117336	7.56956647895391	43.2137164950761	1.30763719478486e-07	4.24973618900957e-05	"gene-26944"
"gene-290343"	-12.8508736844705	4.84490563873467	45.7733884845071	1.34479618987479e-07	4.24973618900957e-05	"gene-290343"
"gene-285657"	-11.9270259746311	3.84222887209522	49.5274913584252	1.35304981911521e-07	4.24973618900957e-05	"gene-285657"
"gene-273241"	-10.575900772326	2.40680446048019	43.6267920878625	1.56861145479834e-07	4.75626666467856e-05	"gene-273241"
"gene-64689"	-12.1495890718822	4.23569559714928	43.5348045643598	1.60085387604027e-07	4.75626666467856e-05	"gene-64689"
"gene-187157"	-12.7205391912028	4.70136437302948	44.6903072005285	1.68586848317931e-07	4.8770400619974e-05	"gene-187157"
"gene-61479"	-12.99506069682	5.14614447318361	44.277898545344	1.83900675383134e-07	5.18364134483792e-05	"gene-61479"
"gene-59359"	-4.39961449814877	5.26854687332097	41.2466325197453	2.06660276357592e-07	5.67954104499753e-05	"gene-59359"
"gene-136450"	-3.54228959585589	5.88988393325931	40.9256544603933	2.22942828364942e-07	5.97758661516052e-05	"gene-136450"
"gene-145538"	-6.67755063448374	5.22674403145219	40.3781640548643	2.53925870518543e-07	6.62791933822427e-05	"gene-145538"
"gene-170101"	-11.3988286560237	3.20697482886436	42.6714054064593	2.59256373641084e-07	6.62791933822427e-05	"gene-170101"
"gene-76361"	-8.30600273259346	4.72262979766684	40.0964997612031	2.71610688146715e-07	6.67065833174423e-05	"gene-76361"
"gene-50706"	-10.9396871863434	2.85780604713108	42.43175700575	2.73064336330838e-07	6.67065833174423e-05	"gene-50706"
"gene-73742"	-11.5452722930352	3.3792539899375	41.0051338925176	2.82970702261281e-07	6.76238463034406e-05	"gene-73742"
"gene-20646"	-10.010131979632	1.73765427021734	41.7365371640526	3.17740077303264e-07	7.3256989373928e-05	"gene-20646"
"gene-280975"	-12.9991910169734	4.86712366262124	44.9224073986376	3.19870416624083e-07	7.3256989373928e-05	"gene-280975"
"gene-7352"	-8.16274467714502	4.09867034229733	38.7616378335613	3.75045291430317e-07	8.41402630345608e-05	"gene-7352"
"gene-29112"	-9.99502570031741	1.97979399876717	43.3852711921672	4.31699928331407e-07	9.49135462429431e-05	"gene-29112"
"gene-121573"	-12.1156921745081	3.94144741143898	43.0303234698819	4.63088353557548e-07	9.98182406011397e-05	"gene-121573"
"gene-20302"	-10.1282140303003	1.82442564320015	42.7068270042916	4.93836727159615e-07	0.000102538428265472	"gene-20302"
"gene-198937"	-10.2931661393468	2.51404908559378	42.7014763212773	4.94363385615395e-07	0.000102538428265472	"gene-198937"
"gene-8100"	-5.85315117937062	4.40004848838855	38.5029183967176	5.07219978270278e-07	0.000103256837428244	"gene-8100"
"gene-213719"	-10.472656184749	5.49957814000038	38.1250063187421	5.54974018438075e-07	0.000106925806936287	"gene-213719"
"gene-179836"	-12.5491104300688	4.51448984128681	42.117408994045	5.55645130267057e-07	0.000106925806936287	"gene-179836"
"gene-169536"	-11.2717241445801	2.90879481987492	38.1134342949664	5.56509521385615e-07	0.000106925806936287	"gene-169536"
"gene-53281"	-7.72127443449923	3.37961208559842	38.0563553044924	5.64149622696684e-07	0.000106925806936287	"gene-53281"
"gene-49788"	-8.0566211104686	3.05027316624313	36.662188589025	6.30817009933291e-07	0.000117535108308418	"gene-49788"
"gene-181319"	-12.0500761110068	4.11158309816578	38.2237888629236	6.9956127699925e-07	0.000126455416351136	"gene-181319"
"gene-170750"	-7.25596199964518	2.62209824860419	36.2399433930718	7.01699299319506e-07	0.000126455416351136	"gene-170750"
"gene-69960"	-7.2502899286929	2.23161680137645	37.0771946842395	7.14091291219441e-07	0.000126514545129511	"gene-69960"
"gene-323535"	-11.4893154298665	3.56654676455179	38.0687550161757	7.2504469600284e-07	0.000126514545129511	"gene-323535"
"gene-273137"	-7.7299156031552	4.48078103310583	35.8047205674392	7.83645820658111e-07	0.000133422856264583	"gene-273137"
"gene-409369"	-7.52717106756671	4.25292928391172	35.7784295340901	7.8890982054015e-07	0.000133422856264583	"gene-409369"
"gene-355067"	-4.11958877860341	3.60186381277996	35.6910256886069	8.06680393641274e-07	0.000134361175262099	"gene-355067"
"gene-240602"	-12.2249250712999	4.43320395194815	36.8783482295671	9.56967024127274e-07	0.000153699073839385	"gene-240602"
"gene-304890"	-6.17275041171879	5.16266394995924	34.9937178790922	9.64564720712873e-07	0.000153699073839385	"gene-304890"
"gene-198928"	-10.9609842795138	2.7762684929471	36.8194828291948	9.70317822460065e-07	0.000153699073839385	"gene-198928"
"gene-286539"	-11.0524165137478	2.86637205795745	39.3584705342904	9.78707829414805e-07	0.000153699073839385	"gene-286539"
"gene-145496"	-4.88970661442131	4.53782518305284	34.7295227486387	1.03265360501541e-06	0.000158443094797485	"gene-145496"
"gene-126153"	-11.0596118272311	2.97395667415929	36.5348046900019	1.03774245660138e-06	0.000158443094797485	"gene-126153"
"gene-104957"	-11.8118374911467	3.88611422164633	38.7299345048302	1.11721377112902e-06	0.000168240150493443	"gene-104957"
"gene-79002"	-8.27874758913586	3.88618819123565	37.2464203860636	1.14737957015429e-06	0.000170447886685217	"gene-79002"
"gene-145478"	-7.53649810282847	3.23900189857739	34.1948221237943	1.18650378628731e-06	0.000173909814968752	"gene-145478"
"gene-383831"	-11.2440233953895	3.08665713955812	35.778114719404	1.24240980392018e-06	0.000179708039138086	"gene-383831"
"gene-58265"	-9.74453197279687	4.95378433292156	33.7753571472722	1.32411859618975e-06	0.000189039425037843	"gene-58265"
"gene-55294"	-6.17913429397282	3.12737030162165	33.6419394859228	1.37135201820974e-06	0.000193272727386919	"gene-55294"
"gene-198745"	-11.5223060945003	3.30272022697147	35.2032258997605	1.42651255283201e-06	0.00019742404519537	"gene-198745"
"gene-143831"	-12.5697292712178	4.33439724468616	34.1901364517815	1.46031345768639e-06	0.00019742404519537	"gene-143831"
"gene-30586"	10.9841165557302	5.86878057130712	33.3976276394128	1.46252641654848e-06	0.00019742404519537	"gene-30586"
"gene-39079"	-11.6849537874695	3.73333073401031	37.41470192594	1.48006259260696e-06	0.00019742404519537	"gene-39079"
"gene-399571"	-11.7595672662351	3.5513345702209	35.0214639607849	1.49060272457161e-06	0.00019742404519537	"gene-399571"
"gene-340320"	-10.610878631851	2.4017446701089	34.9542342875132	1.51507928945538e-06	0.000198276983678369	"gene-340320"
"gene-232153"	-11.6711648374228	3.85671977819581	37.0654547160855	1.59642053875612e-06	0.000206464129206425	"gene-232153"
"gene-92106"	-6.42037032903472	3.91819791891496	33.7623663557639	1.62802546961545e-06	0.000208103302180031	"gene-92106"
"gene-303219"	-3.05383392394401	4.40714683811194	32.7941540563657	1.71634734353995e-06	0.000216871337327985	"gene-303219"
"gene-82952"	-8.18873800814116	4.98070522237233	32.6321586500976	1.79214198338005e-06	0.000223875191173828	"gene-82952"
"gene-359591"	-6.74354301552263	3.41202833722524	32.5236079625828	1.84490684418269e-06	0.000227877089192138	"gene-359591"
"gene-218523"	-12.2392078222048	4.08835286166341	36.1310295395883	1.95886458262444e-06	0.000238091020160559	"gene-218523"
"gene-175843"	-9.01335192365823	1.0603863859251	33.8783209766733	1.97091629533438e-06	0.000238091020160559	"gene-175843"
"gene-97398"	-9.18209579987267	4.54924239382116	32.9617571159371	1.99932621388274e-06	0.000238897750752314	"gene-97398"
"gene-114715"	-11.4025712412656	3.65098905101329	33.7635017275909	2.02756712140022e-06	0.000239667154468307	"gene-114715"
"gene-172229"	-12.1834394094756	3.84629025307978	32.8070223410495	2.08093400178514e-06	0.000243358590230043	"gene-172229"
"gene-133498"	-6.55704828850264	1.66851782931938	32.0100420461559	2.11780335844142e-06	0.000245063287572069	"gene-133498"
"gene-228543"	-12.1981843008831	4.12075030006322	32.6609448958914	2.16122566004258e-06	0.000247482850842167	"gene-228543"
"gene-259401"	-11.1981407162102	3.57518515872657	33.4016073289746	2.21776114469146e-06	0.000251042335318428	"gene-259401"
"gene-147790"	-12.7481861541867	4.75115106817043	33.3628236770738	2.23924385533706e-06	0.000251042335318428	"gene-147790"
"gene-31907"	-8.57462784991315	3.75225020843225	32.4875542229351	2.26081972132488e-06	0.000251042335318428	"gene-31907"
"gene-87275"	-3.30457478983611	4.56615838611238	31.5960855046297	2.36880092258293e-06	0.000260402285419541	"gene-87275"
"gene-57466"	-8.78392875182721	4.07023564999198	31.536596899783	2.40738197516327e-06	0.000260492692372935	"gene-57466"
"gene-211152"	-6.33062297448698	4.73961969242986	31.5218997611831	2.4170157938724e-06	0.000260492692372935	"gene-211152"
"gene-114203"	-9.19238302817538	1.06889940831405	32.8602304522909	2.53860263360185e-06	0.000266293754032563	"gene-114203"
"gene-367041"	-8.1613733259785	3.30202596224071	31.3400544358634	2.53964703219107e-06	0.000266293754032563	"gene-367041"
"gene-249784"	-7.60315364570256	3.19559357082888	32.0363690427139	2.54351352437179e-06	0.000266293754032563	"gene-249784"
"gene-233799"	-10.1100284968298	1.95201390771181	31.9021504407933	2.63467673542152e-06	0.000273235861815932	"gene-233799"
"gene-334325"	-8.49023742686022	4.32766533578204	31.7213253451859	2.76301733483016e-06	0.000283867752913906	"gene-334325"
"gene-41369"	-12.0901955361217	4.07232320114725	34.5059595818462	2.81728655814275e-06	0.000284863976637272	"gene-41369"
"gene-58286"	-13.3185556732591	5.27600812860127	34.4946164319882	2.82454047607229e-06	0.000284863976637272	"gene-58286"
"gene-215313"	-6.14555642296937	4.20854716932802	30.8700647908312	2.88811044252622e-06	0.000288627255406279	"gene-215313"
"gene-31263"	-12.4944115698931	4.46784102709468	32.2973030176586	2.92525706225026e-06	0.000289011137321989	"gene-31263"
"gene-280707"	-6.1307788984301	3.17040318798253	30.794583032093	2.94863489031392e-06	0.000289011137321989	"gene-280707"
"gene-170302"	-7.77013796700263	2.84575305615527	30.7673213812723	2.9708231162908e-06	0.000289011137321989	"gene-170302"
"gene-181289"	-11.443051340904	3.37517013865507	34.2304407302082	2.99928425019203e-06	0.000289220454055798	"gene-181289"
"gene-262696"	-11.8783791561963	3.97076435811149	34.1661422010669	3.04355047464873e-06	0.000290936959720117	"gene-262696"
"gene-48523"	-11.3964423585157	3.61945439271375	31.2847129369895	3.10105804968853e-06	0.000291529466982837	"gene-48523"
"gene-16181"	-8.01615773808383	3.1164583455182	31.2826108646507	3.10278792295024e-06	0.000291529466982837	"gene-16181"
"gene-189745"	-10.0477897472116	2.20605830237273	32.0036880571956	3.15141221749636e-06	0.000292365522730526	"gene-189745"
"gene-99832"	-11.421569387535	3.30775340327799	33.9619055783937	3.18887582174125e-06	0.000292365522730526	"gene-99832"
"gene-7154"	-14.7295814391159	6.47958106559944	31.8981153123994	3.23722147552627e-06	0.000292365522730526	"gene-7154"
"gene-130853"	-12.8869747990205	4.64917958326815	31.8671109142414	3.26289204399878e-06	0.000292365522730526	"gene-130853"
"gene-132117"	-13.6222156980548	5.45063878354665	31.0900695787703	3.26566493090386e-06	0.000292365522730526	"gene-132117"
"gene-426390"	-11.2819750429458	3.3511079698812	31.8570605994907	3.27125982860499e-06	0.000292365522730526	"gene-426390"
"gene-329863"	-11.4308478086538	3.68809138326286	31.0265295172611	3.32138803708893e-06	0.000294451763642892	"gene-329863"
"gene-99820"	-11.4153668334259	3.53902163730474	33.6932939501532	3.39146458905118e-06	0.000298258961819517	"gene-99820"
"gene-280993"	-9.81436972198173	1.74199068886529	31.6731707733497	3.42846939778111e-06	0.000299120349919109	"gene-280993"
"gene-42287"	-7.5771688579002	3.38266042430044	30.6497948400665	3.67319927439696e-06	0.000317649307486649	"gene-42287"
"gene-193392"	-7.39057079669915	3.32546246093404	29.9757150059708	3.69863652854463e-06	0.000317649307486649	"gene-193392"
"gene-176614"	-6.88211209170221	4.14076759723982	29.9171780495233	3.75947577424085e-06	0.000318395717511918	"gene-176614"
"gene-66244"	-9.16087135016729	4.19294918320809	30.5481192794873	3.77478178483986e-06	0.000318395717511918	"gene-66244"
"gene-116614"	-8.2290764096384	4.17828651808281	30.4968896985927	3.82709053824636e-06	0.000318395717511918	"gene-116614"
"gene-352199"	-4.33308669719519	4.14951598644522	29.8411064144296	3.84012623461156e-06	0.000318395717511918	"gene-352199"
"gene-377608"	-4.56696888743437	4.5393944770595	29.8299148897823	3.85214504039707e-06	0.000318395717511918	"gene-377608"
"gene-156645"	-5.77623680042409	3.58335582675081	29.7584086948944	3.92988284968371e-06	0.000321524465438361	"gene-156645"
"gene-378680"	-9.17522513680363	4.57159394313584	30.3526096059223	3.97858819540462e-06	0.000321524465438361	"gene-378680"
"gene-26135"	-7.83989890150356	4.01244394713645	30.3362218034154	3.996194205388e-06	0.000321524465438361	"gene-26135"
"gene-187747"	-5.51405910780367	2.49947772268815	30.3262099644106	4.00699097289688e-06	0.000321524465438361	"gene-187747"
"gene-226935"	-10.2010056076986	5.16656735161908	29.6514943568709	4.04922668403678e-06	0.000322559050272582	"gene-226935"
"gene-166071"	-5.51700549279872	4.65676844181814	29.5569630501958	4.15794434393584e-06	0.000328836562394868	"gene-166071"
"gene-295673"	-12.3494655800918	4.20689269944122	30.7478389098861	4.35149478492349e-06	0.000336840954715845	"gene-295673"
"gene-273987"	-12.1359157204179	4.18454511332394	30.7247597524067	4.37765575085006e-06	0.000336840954715845	"gene-273987"
"gene-39728"	-11.1132387689345	3.11200667314993	32.5703201517157	4.40116202407101e-06	0.000336840954715845	"gene-39728"
"gene-89251"	-11.5391714563498	3.24080991488107	30.7014755952705	4.40421896660189e-06	0.000336840954715845	"gene-89251"
"gene-199239"	-11.8711321175551	4.0733320254597	32.5594753312782	4.41236218312396e-06	0.000336840954715845	"gene-199239"
"gene-300876"	-8.40200801964384	4.14067301848912	29.8885105633568	4.51063662649041e-06	0.000339852714335089	"gene-300876"
"gene-249966"	-11.6108036911755	3.49833605888248	30.6026941735897	4.5188362298795e-06	0.000339852714335089	"gene-249966"
"gene-363459"	-11.3783552878594	3.57528523359952	32.4252423319721	4.55355801309154e-06	0.000339852714335089	"gene-363459"
"gene-398804"	-12.4141841532134	4.52335246980137	29.7937014463062	4.62834094634362e-06	0.000339852714335089	"gene-398804"
"gene-385611"	-9.01869550109283	4.83184940778613	29.1700563738713	4.63617842551148e-06	0.000339852714335089	"gene-385611"
"gene-348472"	-11.8491725710182	3.74960655656185	30.4838654757781	4.66094102763966e-06	0.000339852714335089	"gene-348472"
"gene-249793"	-11.3583234116025	3.16823734541095	29.7593928419495	4.67173449549482e-06	0.000339852714335089	"gene-249793"
"gene-79536"	-12.3315110638635	4.44260309701618	29.7379012450379	4.6991369579672e-06	0.000339852714335089	"gene-79536"
"gene-172875"	-3.82222822610637	4.04956938313343	29.0856819055503	4.74800363112462e-06	0.000341142509261131	"gene-172875"
"gene-131635"	-6.87753115566584	4.13078131342124	29.0487692074139	4.79782005058708e-06	0.000342483349455219	"gene-131635"
"gene-186344"	-11.3175993837097	3.10908774691021	30.335562468681	4.84500607231466e-06	0.000343620333890032	"gene-186344"
"gene-211303"	-10.4189928098019	2.57096620166811	29.597052306107	4.88300122484542e-06	0.000344095079902088	"gene-211303"
"gene-226987"	-5.59092167297201	4.87804243357306	28.9008591042067	5.00305424292499e-06	0.000350309396767353	"gene-226987"
"gene-294470"	-8.19003068937556	3.37419677088724	28.6773275666879	5.33103784721862e-06	0.000370912019332115	"gene-294470"
"gene-148324"	-9.46503309704398	1.37790922660186	30.7230934185734	5.41740839122277e-06	0.000374550757513912	"gene-148324"
"gene-408081"	-11.7791356761695	3.75108201466061	31.643898249579	5.47800440502942e-06	0.000376373140153052	"gene-408081"
"gene-83189"	-10.5690124594256	2.62171383901235	29.8348641918086	5.52587826067255e-06	0.000377304221860704	"gene-83189"
"gene-218211"	-11.2985406558366	3.23313950412284	31.432356748959	5.76165124580289e-06	0.000390974272500686	"gene-218211"
"gene-61384"	-8.33202329910629	3.92548182714227	28.3340115880059	5.87984794512257e-06	0.000396547045771364	"gene-61384"
"gene-209323"	-7.42319788413891	2.56694655660999	28.2994873677862	5.93825608416871e-06	0.000398044202032114	"gene-209323"
"gene-160909"	-9.96022571781645	1.77255353301946	29.3589151516285	6.26823644441032e-06	0.000417616504444865	"gene-160909"
"gene-46583"	-12.1354735394967	4.01636004890063	30.8473719020594	6.63147103319643e-06	0.000437368985055485	"gene-46583"
"gene-152204"	-2.0572969735042	3.16198358953089	27.9085082075124	6.64428459058183e-06	0.000437368985055485	"gene-152204"
"gene-37517"	-14.4184053747775	6.39898019218053	30.7746337915368	6.74912674989416e-06	0.000441625895009443	"gene-37517"
"gene-78601"	-9.92582436099521	5.05503381426844	27.7675450950383	6.9201834683934e-06	0.000448675260778062	"gene-78601"
"gene-92073"	-8.36297671867766	3.67371149614029	28.3231802963234	6.93848761323302e-06	0.000448675260778062	"gene-92073"
"gene-32615"	-11.8689519890932	3.88305871993309	30.6210914866599	7.00491700872796e-06	0.000449643293776518	"gene-32615"
"gene-10049"	-6.1002615730435	3.63445602304114	27.7031983798953	7.05013319488359e-06	0.000449643293776518	"gene-10049"
"gene-334058"	-7.55854725732561	4.64568060629112	28.2527503489501	7.07616572576527e-06	0.000449643293776518	"gene-334058"
"gene-356255"	-8.10168152698534	4.86211083772866	28.1587263330507	7.2645042691552e-06	0.000458500988419274	"gene-356255"
"gene-275101"	-13.5334205425722	5.38096263142416	28.7893102299392	7.29897871130474e-06	0.000458500988419274	"gene-275101"
"gene-401576"	-5.65656281273503	3.50462224967975	27.5017149926636	7.47401070794396e-06	0.000466828407456977	"gene-401576"
"gene-101990"	-8.49394418540625	3.69178267251718	27.3250615398741	7.86786433001251e-06	0.000486250840796211	"gene-101990"
"gene-218159"	-14.1750005333905	6.06964458295404	28.4569982665225	7.98256294517992e-06	0.000486250840796211	"gene-218159"
"gene-219248"	-10.9684739567572	3.0067829716096	27.811157658561	8.00826439916573e-06	0.000486250840796211	"gene-219248"
"gene-357892"	-11.5975823945963	3.44358952836602	27.8037844486647	8.02489210815944e-06	0.000486250840796211	"gene-357892"
"gene-262574"	-9.67384702259889	4.89946637599182	27.8014540935422	8.03015503486707e-06	0.000486250840796211	"gene-262574"
"gene-341425"	-7.45690294817162	3.7318923053495	27.246354829234	8.05036414308292e-06	0.000486250840796211	"gene-341425"
"gene-229595"	-10.395043708247	5.53431995453697	27.1876448312695	8.18941261441974e-06	0.000491946518417028	"gene-229595"
"gene-79518"	-9.31704177078085	5.68872649071804	27.1269781028268	8.33576965053075e-06	0.000498016933523285	"gene-79518"
"gene-133409"	-12.6719481949179	4.45449077119716	29.8016333114926	8.55840513621429e-06	0.000508554311688668	"gene-133409"
"gene-335727"	-8.15221937482849	3.03218968145621	26.9031327345172	8.9002076380598e-06	0.000523652196808198	"gene-335727"
"gene-364225"	-9.48854674499116	1.34008084776539	29.6394196226224	8.90775591768698e-06	0.000523652196808198	"gene-364225"
"gene-175431"	-11.1135181862238	3.26600756979167	27.3996591629405	8.99476412234481e-06	0.000525492036471425	"gene-175431"
"gene-56700"	-7.47490622972917	2.37694407842116	28.7187760375804	9.0456990697009e-06	0.000525492036471425	"gene-56700"
"gene-206297"	-13.4322735108276	5.53003656350092	27.9682435363208	9.11475091265346e-06	0.000525492036471425	"gene-206297"
"gene-32245"	-11.5755047746481	3.44718524839648	29.512164189755	9.19254453081487e-06	0.000525492036471425	"gene-32245"
"gene-242461"	-10.6374970283246	2.34521940683093	29.5026819954542	9.214153330139e-06	0.000525492036471425	"gene-242461"
"gene-146582"	-2.92639223203177	4.38983484463219	26.7725837745224	9.24795442897567e-06	0.000525492036471425	"gene-146582"
"gene-255049"	-11.3461426026789	3.45282255375705	29.4766884254336	9.27367006963126e-06	0.000525492036471425	"gene-255049"
"gene-301715"	-5.47362939809905	4.84887677147152	26.7236832714777	9.38189027888512e-06	0.000525750650551612	"gene-301715"
"gene-67362"	-8.57799428102405	6.49050831230739	26.7223493306861	9.38557251886164e-06	0.000525750650551612	"gene-67362"
"gene-22771"	-10.5947035472649	2.70386879732578	29.3978868398436	9.45663894523983e-06	0.000525750650551612	"gene-22771"
"gene-248416"	-11.9521930177073	4.26814254869957	28.543224483912	9.46953777942502e-06	0.000525750650551612	"gene-248416"
"gene-286274"	-11.2670898234349	3.14521954806819	27.7743837740846	9.61019096898202e-06	0.000527165935531967	"gene-286274"
"gene-29082"	-9.3774286376579	1.35407206612416	27.1633955278342	9.61881594831909e-06	0.000527165935531967	"gene-29082"
"gene-198760"	-6.77406855024729	3.6570330817711	27.156067080432	9.63889320858049e-06	0.000527165935531967	"gene-198760"
"gene-338346"	-9.78252239442639	1.51218174252157	27.0997126126261	9.79477880151136e-06	0.000533039620618883	"gene-338346"
"gene-290739"	-5.61844076822135	5.11736866385704	26.4903446611214	1.00498788166914e-05	0.000543416928080452	"gene-290739"
"gene-116474"	-12.5932840451818	4.3421116920932	29.139496145396	1.00843312406452e-05	0.000543416928080452	"gene-116474"
"gene-69615"	-9.50292408152437	4.62039316986253	26.9115369811062	1.03349966566288e-05	0.000554207893884488	"gene-69615"
"gene-69348"	-9.0789501167329	4.091823128176	26.3687601383891	1.04177325709726e-05	0.000555265207237562	"gene-69348"
"gene-9388"	-8.16786300171693	4.71165418033386	26.3564591795731	1.04557352768285e-05	0.000555265207237562	"gene-9388"
"gene-97311"	-6.58043527589114	3.28133192655547	26.2741227941692	1.07139154563139e-05	0.000566240733707976	"gene-97311"
"gene-206306"	-12.7284104310679	4.40864099480245	27.3044356413452	1.09343035126644e-05	0.000575123437869475	"gene-206306"
"gene-534"	-12.306588309116	4.30079695776657	28.7937854271705	1.09951383918638e-05	0.000575569315913135	"gene-534"
"gene-210469"	-6.04447461866698	3.42385467802514	26.1367765926401	1.11597232399434e-05	0.000581416291832692	"gene-210469"
"gene-252927"	-5.21041370868266	3.35367972225031	26.0372613058814	1.14949854663633e-05	0.000596058373734586	"gene-252927"
"gene-347049"	-9.94944775573491	4.42487631122055	26.0065013508767	1.16007590980275e-05	0.000598718989505238	"gene-347049"
"gene-83773"	4.71731140909694	6.30766977670579	25.9902320895035	1.16571200960328e-05	0.000598816454278919	"gene-83773"
"gene-221329"	-9.59744036352216	1.42497351031806	26.4317075420533	1.18608835966737e-05	0.000605414859209363	"gene-221329"
"gene-45063"	-11.5895109896826	3.37365924378558	28.4809822747331	1.18957163275923e-05	0.000605414859209363	"gene-45063"
"gene-340805"	-11.9431672159617	3.80161114335578	28.4510865781302	1.19858499168347e-05	0.000606404584428676	"gene-340805"
"gene-347420"	-12.990291146433	4.95023551586875	28.4245247161329	1.20665482642452e-05	0.000606404584428676	"gene-347420"
"gene-252984"	-9.2538517221005	5.07274420451833	26.3680469283251	1.20806516865169e-05	0.000606404584428676	"gene-252984"
"gene-238220"	-8.31592019714767	3.24270938871149	26.325485310039	1.22299918027541e-05	0.000610161413620678	"gene-238220"
"gene-244566"	-5.49735233378206	4.22110962148099	25.8194651737636	1.22665034485736e-05	0.000610161413620678	"gene-244566"
"gene-92883"	-3.99809572242337	3.52660121707321	25.7415698433356	1.25555929949303e-05	0.000621728080149862	"gene-92883"
"gene-280698"	-7.36910363138799	3.97327303097407	26.2096649730974	1.26463971418246e-05	0.000623416339820976	"gene-280698"
"gene-141719"	-12.3060235167597	4.066235465573	26.0914356966163	1.30870319708605e-05	0.000642257778819955	"gene-141719"
"gene-95842"	-11.1409824336169	3.32476872836084	26.5613077325962	1.34406666465931e-05	0.000654210052260857	"gene-95842"
"gene-174508"	-5.46727052329165	4.30772177067507	25.5121797749297	1.3449601729369e-05	0.000654210052260857	"gene-174508"
"gene-73653"	-9.17935218179746	1.384868639291	27.9265627221498	1.36927246896142e-05	0.000661463260653962	"gene-73653"
"gene-268898"	-1.04433227278567	4.94794610531814	25.4449570814591	1.37241805488248e-05	0.000661463260653962	"gene-268898"
"gene-359383"	-7.95936523714309	4.79417617973536	25.4244841137126	1.38089790970977e-05	0.000661463260653962	"gene-359383"
"gene-206715"	-11.3760262254968	3.33064493912716	27.8848106617782	1.38394023424371e-05	0.000661463260653962	"gene-206715"
"gene-188322"	-7.88049275820797	4.17115887888127	25.8785866295053	1.39219364876695e-05	0.000662130851859858	"gene-188322"
"gene-273360"	-6.88802248452721	3.36428377281715	25.3725077355013	1.40267659942042e-05	0.000662130851859858	"gene-273360"
"gene-294684"	-11.2640063253799	3.27838995912039	27.8301280152343	1.40340660859954e-05	0.000662130851859858	"gene-294684"
"gene-27908"	-11.6808842041518	3.92214082149076	26.3287954977072	1.43455293793022e-05	0.000673933352421663	"gene-27908"
"gene-213663"	-8.2049001755322	4.93779333706773	25.1288056668704	1.5097523479769e-05	0.000705363491039568	"gene-213663"
"gene-218923"	-3.76883169569593	3.20795662846062	25.590567607275	1.51428894646901e-05	0.000705363491039568	"gene-218923"
"gene-291112"	-6.22600640296371	2.76095179634672	25.0175543594472	1.56147984973659e-05	0.000720599795878142	"gene-291112"
"gene-411562"	-5.94868674400512	2.9688195436731	25.0081882538553	1.565919558417e-05	0.000720599795878142	"gene-411562"
"gene-38873"	-10.643617166618	2.35661573256149	27.4013111656596	1.56666379709702e-05	0.000720599795878142	"gene-38873"
"gene-246645"	-12.4348757369445	4.55850122472807	27.3659588885713	1.58100611172463e-05	0.000724166674424538	"gene-246645"
"gene-402218"	-5.31992113807924	3.56858698627575	24.7402315864817	1.69876822830532e-05	0.000773791896013055	"gene-402218"
"gene-2814"	-4.89988258173739	4.11879173117274	24.731243526961	1.70342616970035e-05	0.000773791896013055	"gene-2814"
"gene-145387"	-11.0176193778127	3.02761535434591	25.049695388608	1.77537431031164e-05	0.0008031559585702	"gene-145387"
"gene-170744"	-10.7592817750366	2.85083915828722	26.7765445221036	1.84213618469087e-05	0.000829942749110934	"gene-170744"
"gene-430128"	-4.33954151981718	1.9581133472625	24.4329770508339	1.86593070502119e-05	0.000837231683277466	"gene-430128"
"gene-189724"	-6.66633962814341	2.82841828689702	24.8322969633822	1.89343543517307e-05	0.00084611933897795	"gene-189724"
"gene-218286"	-7.50146568644137	5.26884527655078	24.2752301223671	1.95844242485009e-05	0.000871625812808785	"gene-218286"
"gene-40003"	-7.38079449271752	4.22479682469005	24.2557388375037	1.97020602593994e-05	0.000873325598514426	"gene-40003"
"gene-280686"	-12.8570980141216	5.05850269852617	26.504009045255	1.97823717241706e-05	0.00087336390507553	"gene-280686"
"gene-167337"	-2.48082902768182	3.87167616930986	24.150904346334	2.03477373021877e-05	0.000894730704651796	"gene-167337"
"gene-277647"	-3.51960838570958	4.42471240266884	24.1258869330211	2.05051079569959e-05	0.000898058373590661	"gene-277647"
"gene-21552"	-10.4899587995165	2.47168554119943	24.5106757996164	2.08363965702989e-05	0.000905402562084721	"gene-21552"
"gene-356770"	-11.9776166771345	3.99811215929853	24.5104953241966	2.08375191674188e-05	0.000905402562084721	"gene-356770"
"gene-302907"	-7.1760189307359	3.27927326212452	24.4665842145099	2.1112575182648e-05	0.000906653416183245	"gene-302907"
"gene-27654"	-7.32368122590195	5.89237015415242	24.0248624035005	2.11538316341148e-05	0.000906653416183245	"gene-27654"
"gene-193446"	-7.59211342372161	5.20752353014869	24.458691753626	2.11624206366657e-05	0.000906653416183245	"gene-193446"
"gene-16211"	-7.94310659059084	2.98060734327574	25.5419364194045	2.12119765842012e-05	0.000906653416183245	"gene-16211"
"gene-241985"	-10.9013737950026	3.28924093639954	24.4385441295436	2.12902323620701e-05	0.000906653416183245	"gene-241985"
"gene-39091"	-6.07824362747693	3.32550827081329	23.9932661428804	2.13611602648468e-05	0.000906653416183245	"gene-39091"
"gene-357898"	-5.94331708521901	4.73818564988099	23.9593361512717	2.15862009240214e-05	0.000912681179837565	"gene-357898"
"gene-101771"	-5.57379030474329	4.53122038043621	23.8420891208809	2.23833718968842e-05	0.000942760181082174	"gene-101771"
"gene-188385"	-12.5619119556247	4.42701278288542	24.7122625359846	2.27446675495763e-05	0.000950876010181864	"gene-188385"
"gene-351643"	-8.0821774483822	4.47902749901159	23.7897761008231	2.27490576437579e-05	0.000950876010181864	"gene-351643"
"gene-10198"	-4.79613947512808	7.28012014273163	23.7408230823692	2.30969903992811e-05	0.000961762179770066	"gene-10198"
"gene-360840"	-11.4981973693463	3.29912216953829	24.143403298539	2.32595502301002e-05	0.000964876361054687	"gene-360840"
"gene-104966"	-11.0744602731615	3.3720058398757	24.1228901104194	2.3403434254542e-05	0.000967195311128496	"gene-104966"
"gene-51064"	-6.27197308081938	4.42156784810137	23.6747837775462	2.35753200796161e-05	0.000968822071313461	"gene-51064"
"gene-330657"	-12.0740434266771	4.0961446208235	24.0923985603319	2.36190589567914e-05	0.000968822071313461	"gene-330657"
"gene-248977"	3.85232038125504	6.67747019303316	23.6131361884729	2.40313157989798e-05	0.000982067860885444	"gene-248977"
"gene-29902"	-5.64492100977174	3.79795910414615	23.5656408070286	2.43889983702194e-05	0.000989799287410886	"gene-29902"
"gene-236062"	-5.38010492224308	4.92530012955887	23.5569709507679	2.44548965305106e-05	0.000989799287410886	"gene-236062"
"gene-75362"	-12.4728099398746	4.14839291872454	24.4574131479812	2.44906218662568e-05	0.000989799287410886	"gene-75362"
"gene-291587"	-11.2544843710897	2.90325830382927	24.3641248026721	2.5165001501024e-05	0.00101332916300644	"gene-291587"
"gene-194202"	-11.1727069841552	3.10778233160896	25.4388743393678	2.6235099351263e-05	0.00105256367579721	"gene-194202"
"gene-3053"	-8.06373336258016	3.10273217578669	23.3021254091745	2.64786645192597e-05	0.00105847257840081	"gene-3053"
"gene-291622"	-12.6749784184784	4.693806933724	24.1746244576079	2.65966265599946e-05	0.00105933592671747	"gene-291622"
"gene-327631"	-8.22556647193745	4.11580058322262	24.5567105226827	2.79271536265407e-05	0.00110349849641707	"gene-327631"
"gene-259741"	-10.9273771365945	2.96663007721495	24.006765549712	2.79373862432291e-05	0.00110349849641707	"gene-259741"
"gene-64009"	-7.02073828229832	3.1332471684376	23.1230342066424	2.80065569453617e-05	0.00110349849641707	"gene-64009"
"gene-194467"	-10.8182077537047	2.76286603019824	23.9242900249014	2.86223939002899e-05	0.00112373562909245	"gene-194467"
"gene-348880"	-11.4520199986813	3.42170058023715	25.0799230898927	2.88931598313634e-05	0.00113032920294014	"gene-348880"
"gene-2355"	-7.64714770248803	4.1339210345589	24.2932807161952	3.00857248170246e-05	0.00117181260332657	"gene-2355"
"gene-306260"	-8.83733573878297	4.3231257250548	23.2853135573869	3.01667394470499e-05	0.00117181260332657	"gene-306260"
"gene-45480"	-6.69947385486875	3.70915132636487	22.7976326831483	3.10267321354839e-05	0.00120097488156822	"gene-45480"
"gene-131605"	-7.049329304562	2.41520740637456	23.1473991970173	3.1466686020013e-05	0.00121278678682673	"gene-131605"
"gene-27484"	-11.5266994188919	3.5139273786464	24.7547014848421	3.15525353436227e-05	0.00121278678682673	"gene-27484"
"gene-219239"	-10.6679876598942	2.60211206988349	23.5769360249788	3.17102223158737e-05	0.00121460095441951	"gene-219239"
"gene-297013"	-8.56057889709666	3.64105440112778	22.7095623223999	3.19021716927456e-05	0.00121771032436928	"gene-297013"
"gene-160999"	-5.93386513896818	4.23417253304694	22.6828041456783	3.21733082534714e-05	0.00122381030321941	"gene-160999"
"gene-199491"	-5.44988024314331	2.35280824068774	23.037831507531	3.25418513454914e-05	0.00123356059255513	"gene-199491"
"gene-353046"	-5.11877397827939	4.52683233430896	22.6144313310304	3.28772687709757e-05	0.00124199249346851	"gene-353046"
"gene-134255"	-10.0536136195188	2.06196703510835	24.5105044591308	3.37221067724637e-05	0.00126942489802387	"gene-134255"
"gene-41289"	-3.32974301863706	4.78128577938704	22.5239171312818	3.38343941709264e-05	0.00126942489802387	"gene-41289"
"gene-24483"	-12.8736704985445	4.78799568531722	24.4765803908686	3.40359827099159e-05	0.0012726447548643	"gene-24483"
"gene-259165"	-5.40792560272062	3.9870939139804	22.4798926668627	3.43105527319235e-05	0.00127856239383741	"gene-259165"
"gene-213608"	-7.05290176591031	3.474297598553	22.3966406911323	3.52305009303755e-05	0.00130684190321489	"gene-213608"
"gene-274084"	-7.55977163602781	3.82581364696377	23.7316948865492	3.53071996047322e-05	0.00130684190321489	"gene-274084"
"gene-153056"	-10.6345078588535	2.90601619756879	23.1982466226663	3.54857394065262e-05	0.00130904272918102	"gene-153056"
"gene-418688"	-10.6183302014816	2.66359965191265	22.7315343855359	3.57598806758322e-05	0.0013147437065867	"gene-418688"
"gene-9379"	-11.567496883165	3.51787349753749	24.2597680370427	3.61177141625612e-05	0.00132347343929679	"gene-9379"
"gene-191915"	-12.1992777008222	4.28394707205589	23.1060710398033	3.64754682767439e-05	0.0013321422683264	"gene-191915"
"gene-361821"	-8.61671425960011	3.67295857137811	22.2508077371651	3.69055373597202e-05	0.00134338600064703	"gene-361821"
"gene-281940"	-10.3062664388706	2.31021476900046	24.1368973179448	3.7357928427656e-05	0.00135536537031427	"gene-281940"
"gene-248072"	-11.6852303169888	3.75316574326435	22.5634786199005	3.76677390358979e-05	0.00136211005007114	"gene-248072"
"gene-10898"	3.24035245147451	0.140492795266562	22.1736871886233	3.78252675517134e-05	0.00136332185638028	"gene-10898"
"gene-125470"	-5.87559757033196	5.33648697949846	22.1505327365414	3.81061213119229e-05	0.00136895618164042	"gene-125470"
"gene-214179"	-9.0914316810071	4.28181608437942	22.4780136239832	3.86792159537169e-05	0.00138501830937853	"gene-214179"
"gene-291029"	-10.0244006275387	2.3623301664541	22.8850591024817	3.89704954791575e-05	0.00139091771689084	"gene-291029"
"gene-179634"	-10.7012954059067	2.9837903967098	22.4361901974397	3.91846793330677e-05	0.00139403618093338	"gene-179634"
"gene-227403"	-11.250066006058	3.27297883625252	22.3764862628398	3.99184400893495e-05	0.00141555939323297	"gene-227403"
"gene-348108"	-11.3925297308785	3.49811195539906	22.7457892199149	4.0635762741005e-05	0.00143636315052048	"gene-348108"
"gene-414371"	-6.21289956646099	2.58874315976177	21.9375282704721	4.07958714391272e-05	0.00143740068823822	"gene-414371"
"gene-272736"	-14.2741661409184	5.91530970672427	23.7644520835888	4.14054850305317e-05	0.00145421884006593	"gene-272736"
"gene-409357"	-7.33523280946616	3.43973704757035	21.8558634309717	4.18798317497445e-05	0.00146619423702211	"gene-409357"
"gene-220105"	-6.99599504919847	3.5033073536919	21.8118891542769	4.24761179880587e-05	0.00148234909537374	"gene-220105"
"gene-229684"	-11.6869298682738	3.49491862910912	23.6512645330515	4.27271560119595e-05	0.00148639122164389	"gene-229684"
"gene-172388"	-3.39410808405031	4.48401739142355	21.7828141652997	4.28753072412345e-05	0.00148683991325833	"gene-172388"
"gene-341956"	-8.57410698492481	0.611927118430167	22.5562587056427	4.3024985319332e-05	0.00148733856482835	"gene-341956"
"gene-8715"	-9.44799166698054	4.78260835559242	22.1212326029262	4.32242384008672e-05	0.00148954248508067	"gene-8715"
"gene-77298"	-11.7622390148751	3.64395664319873	23.5434943477048	4.40278219336414e-05	0.00151249327036413	"gene-77298"
"gene-253041"	-7.1638447194274	4.26029223428341	21.6743680410187	4.43996567696362e-05	0.00151864649467617	"gene-253041"
"gene-141624"	-11.4376878907535	3.20721354066268	23.5065675562002	4.44832321737221e-05	0.00151864649467617	"gene-141624"
"gene-207502"	-7.54419348141224	3.04229139270721	21.6545116430841	4.46849306409094e-05	0.0015208094196146	"gene-207502"
"gene-76840"	-11.2817713147709	3.2821975697086	23.4441283252105	4.52648507906189e-05	0.00153579168130023	"gene-76840"
"gene-404655"	-3.24473554430852	3.2687761664049	21.6008046851921	4.54663052425621e-05	0.00153672556029091	"gene-404655"
"gene-146304"	-11.67441073805	3.84939573281872	23.4199119709055	4.55719578508902e-05	0.00153672556029091	"gene-146304"
"gene-277158"	-10.8338709370199	2.62966328340748	23.2790581795288	4.74032578682757e-05	0.00159359025610384	"gene-277158"
"gene-16026"	-12.4510191281038	4.30251373054772	23.265642443753	4.75817664917092e-05	0.00159471450927854	"gene-16026"
"gene-207324"	-7.61666197537784	2.42734318033007	21.7726613128617	4.82163947946251e-05	0.00161107242546296	"gene-207324"
"gene-6435"	-9.8693985046109	2.24153205053496	22.0907228414037	4.95530322370053e-05	0.00164630335140591	"gene-6435"
"gene-307478"	-8.1199773104823	0.675498830149739	22.08957944716	4.95703092254486e-05	0.00164630335140591	"gene-307478"
"gene-347217"	-13.6784665420421	5.64871349573341	21.6088300303607	5.07712866682958e-05	0.00167958038236103	"gene-347217"
"gene-415190"	-11.4102322046037	3.53579170148872	23.0272187684064	5.087785566508e-05	0.00167958038236103	"gene-415190"
"gene-26108"	-6.402701729873	3.18434024393043	21.2422012009434	5.10691826454445e-05	0.00168084887671069	"gene-26108"
"gene-216870"	-7.29541178405285	2.68491117206581	21.2289526466159	5.12897063518451e-05	0.00168306788634577	"gene-216870"
"gene-34402"	-13.1687644473265	4.94990007260188	21.959443000448	5.15793231842369e-05	0.00168753422548904	"gene-34402"
"gene-53233"	-10.2442836879302	2.5498667223378	22.9400379553321	5.21437240534799e-05	0.0017009375623736	"gene-53233"
"gene-206132"	-11.5772540727481	3.63752081946147	21.8755541958634	5.29202953559201e-05	0.00171933008367755	"gene-206132"
"gene-1771"	-8.07609618229095	0.449576954434707	21.869385043133	5.30203673580177e-05	0.00171933008367755	"gene-1771"
"gene-115518"	-5.35400455432306	3.50646491471462	21.1005339946784	5.34803025310686e-05	0.0017291440168354	"gene-115518"
"gene-336035"	-11.7971032064034	3.69561753795913	22.8312970463297	5.37703373103565e-05	0.00173342322009604	"gene-336035"
"gene-302737"	-6.61722509895273	2.46666808509923	21.2948943281873	5.60778425179842e-05	0.00180032103731553	"gene-302737"
"gene-46835"	-11.719416001399	3.80353896137987	22.6769848277278	5.61730297279383e-05	0.00180032103731553	"gene-46835"
"gene-183629"	-7.34202142310146	3.30205495349036	22.1084869225614	5.66627390555457e-05	0.00181073689080702	"gene-183629"
"gene-366123"	-8.15102614003774	4.84202002663492	20.8930707052081	5.72313457696795e-05	0.00182360633056837	"gene-366123"
"gene-376728"	-3.95039730414331	3.11468178688107	20.8744087585373	5.75821726376195e-05	0.00182948214972645	"gene-376728"
"gene-304002"	-12.1134301023005	3.74496690188964	22.5367175800271	5.8457440716017e-05	0.00185122115110675	"gene-304002"
"gene-407334"	-7.95542240267724	4.18071463775919	20.8207742460554	5.86031984522105e-05	0.00185122115110675	"gene-407334"
"gene-183933"	-4.86169030461031	6.15615583967185	20.7994711778033	5.90140480433561e-05	0.001855643986141	"gene-183933"
"gene-33226"	-9.29913811310472	4.44054388988239	20.796024099343	5.90808146228827e-05	0.001855643986141	"gene-33226"
"gene-164026"	-11.7669790323458	3.46846749822821	21.9561330986771	5.92841032408785e-05	0.00185672406531902	"gene-164026"
"gene-194476"	-11.5234814211019	3.5186860834938	21.4665148985832	6.00134169106363e-05	0.00187422582982564	"gene-194476"
"gene-122764"	-9.94314137588695	1.92067819098223	21.070013478187	6.023997298097e-05	0.00187597173648669	"gene-122764"
"gene-348484"	-8.82350391475791	3.72966179217241	20.6896999515735	6.1180033601125e-05	0.00189970160899974	"gene-348484"
"gene-244768"	-3.02483952928643	4.68530441213315	20.6813804910523	6.13475913030937e-05	0.00189970160899974	"gene-244768"
"gene-20981"	-8.35037445259986	3.28014707687937	21.828240615522	6.15849234372698e-05	0.00190169399816266	"gene-20981"
"gene-194412"	-7.69343001352134	3.08430358907721	20.9791443081098	6.20138829013147e-05	0.00190832839190547	"gene-194412"
"gene-30595"	7.41117728408782	6.18131474245797	20.6420193632547	6.21469630039258e-05	0.00190832839190547	"gene-30595"
"gene-226923"	-10.9833175458197	2.83262872223166	22.3062875195716	6.24300947046007e-05	0.00191168253784868	"gene-226923"
"gene-336052"	-8.34997869120507	3.45230825415172	21.3237182775749	6.27230490919059e-05	0.00191531799629812	"gene-336052"
"gene-247244"	-9.11205107969892	0.913170244963125	21.312093647164	6.29493060403795e-05	0.00191690227507449	"gene-247244"
"gene-2673"	-5.27221586306634	3.04492696321275	20.5931393213222	6.31550489879427e-05	0.0019178548439902	"gene-2673"
"gene-331515"	-7.3510507229973	2.34817074509148	20.8875459807066	6.38583456716051e-05	0.00193386995583459	"gene-331515"
"gene-285316"	-6.71120343650938	2.92655213119503	20.5301906370555	6.4478884427878e-05	0.00194729773768039	"gene-285316"
"gene-371805"	-5.7298414106021	-1.24997034870449	22.1436980245213	6.54075321657519e-05	0.00196993150985784	"gene-371805"
"gene-153074"	-7.71940093658421	0.237058906741004	22.0752045651957	6.67072540984539e-05	0.0020019602228325	"gene-153074"
"gene-16220"	-9.92756281611146	1.96037036347095	22.068539543369	6.6835204382746e-05	0.0020019602228325	"gene-16220"
"gene-305917"	-11.323092111752	3.48022599337853	22.0005466318339	6.81556767079776e-05	0.00203137156003693	"gene-305917"
"gene-281505"	-1.66308892901073	3.94918303751976	20.3527824233405	6.83705823568809e-05	0.00203137156003693	"gene-281505"
"gene-259706"	-6.61718851534441	4.60509887774945	20.6716979788442	6.84393841888724e-05	0.00203137156003693	"gene-259706"
"gene-291432"	-10.7908641693327	2.90290511649343	20.666394443506	6.85562493199038e-05	0.00203137156003693	"gene-291432"
"gene-354992"	-7.58438037659281	2.72534650630547	20.3034585160797	6.94962598509512e-05	0.0020502692791541	"gene-354992"
"gene-285765"	-10.8492579510269	2.91876992215399	20.6209204133478	6.9567037307785e-05	0.0020502692791541	"gene-285765"
"gene-433"	-3.85885930626809	4.96477741581409	20.2390423443271	7.09960428471148e-05	0.00208679010432709	"gene-433"
"gene-8990"	-6.33680905870415	3.87653021472097	20.5307349739455	7.16188389356984e-05	0.00209948239045369	"gene-8990"
"gene-7331"	-12.2510401640805	4.48379458338585	20.8808818158519	7.19891517466568e-05	0.00210472538603989	"gene-7331"
"gene-21271"	-7.90953093644003	3.69940546928753	20.4985032748496	7.23676670746671e-05	0.00211017974576078	"gene-21271"
"gene-186151"	-7.72737647488489	3.64014973856183	20.4732060513638	7.29612192383523e-05	0.00211782037374478	"gene-186151"
"gene-334636"	-3.54953508428589	3.52178108597264	20.152315973403	7.30696815246307e-05	0.00211782037374478	"gene-334636"
"gene-390687"	-11.5417426715711	3.80256515723051	21.7529009152368	7.32076541456395e-05	0.00211782037374478	"gene-390687"
"gene-198802"	-2.84850408012368	3.61705377083905	20.1001919448092	7.43467844376492e-05	0.00214512913733091	"gene-198802"
"g14715"	-12.0747417966901	3.76385484898018	21.5949342537717	7.66397273146856e-05	0.00220549874966057	"g14715"
"gene-286572"	-8.04260067773881	4.19276882504021	19.9945720197992	7.70077187320083e-05	0.00220919686865748	"gene-286572"
"gene-279676"	2.89747898802784	5.18103170885744	19.9847190500466	7.72610474465284e-05	0.00220919686865748	"gene-279676"
"gene-78265"	-8.73464883240054	4.21797054305536	20.286868002845	7.74960545598245e-05	0.00220919686865748	"gene-78265"
"gene-247117"	-9.8707876069607	2.09446316859476	21.0604159221664	7.75720905395969e-05	0.00220919686865748	"gene-247117"
"gene-243159"	-2.94398061829316	4.67141333796453	19.9612392590573	7.78683019235241e-05	0.00221190243680956	"gene-243159"
"gene-119278"	-6.98759244639514	3.77454122316937	19.9441972035586	7.83122261971037e-05	0.0022187791303731	"gene-119278"
"gene-56282"	-6.66775637222999	3.38703837293774	19.9197076370037	7.89548527351148e-05	0.00222166083049405	"gene-56282"
"gene-358511"	-8.7944007456295	3.79254924446399	19.9190959694755	7.89709747805248e-05	0.00222166083049405	"gene-358511"
"gene-111890"	-9.23168294727931	3.30312722822097	19.9172280676049	7.90202296664398e-05	0.00222166083049405	"gene-111890"
"gene-237494"	-7.51512954201459	3.62355187160082	19.8665482726428	8.03691159487489e-05	0.00225382064189948	"gene-237494"
"gene-135898"	-5.86297804238216	3.13517408003137	19.8357291231855	8.12013125760645e-05	0.00227136394185414	"gene-135898"
"gene-229820"	-9.08905239595627	3.91206353360423	19.8113669717417	8.18656174736571e-05	0.00228413383981704	"gene-229820"
"gene-304606"	-11.6213263391164	3.2013375488096	21.3549631720626	8.21890845909911e-05	0.00228735343521206	"gene-304606"
"gene-340712"	-5.97277244498539	3.21295596082782	19.7892173557161	8.24745927976313e-05	0.00228950302682919	"gene-340712"
"gene-62933"	-11.843287999032	4.14784845134857	21.310249387046	8.32700971420624e-05	0.00230576367224859	"gene-62933"
"gene-104942"	-9.82665902025284	1.67742439350528	21.1646000585898	8.68987848334319e-05	0.00240019683837668	"gene-104942"
"gene-246947"	-10.8968521304658	2.97175482511459	21.1378443251181	8.75836887495774e-05	0.00241305135444638	"gene-246947"
"gene-280460"	-2.65441196472468	4.45573502070787	19.5600562299029	8.90645656350619e-05	0.00244771692506559	"gene-280460"
"gene-115189"	-4.07357108905831	3.09707829580616	19.4890888395058	9.12168552848937e-05	0.00250061568615171	"gene-115189"
"gene-396148"	-6.86901389527272	3.2057059587129	19.4459819892626	9.25510603066491e-05	0.00253088011430596	"gene-396148"
"gene-62605"	-7.65539067599937	2.63730160382648	19.4282133179782	9.31070289702747e-05	0.00253363272243601	"gene-62605"
"gene-179514"	-8.11316375186083	3.72773006276147	19.4280334968661	9.31126735071542e-05	0.00253363272243601	"gene-179514"
"gene-172049"	-9.68747104425991	1.83461773528895	20.9209444668811	9.33552580211882e-05	0.00253396136154795	"gene-172049"
"gene-305439"	-11.2927190577443	2.9989600364086	19.6932559201892	9.40543228964198e-05	0.00254664820591217	"gene-305439"
"gene-218723"	-5.00121212615177	4.53995055695882	19.3631665132916	9.51726977168441e-05	0.00257059819656331	"gene-218723"
"gene-268342"	-8.96042349416552	0.934888658958253	19.5884087739717	9.73511223043956e-05	0.00262299237130446	"gene-268342"
"gene-266926"	-11.4769818792364	3.52830050396403	20.7376805365344	9.85512186008144e-05	0.00264883507598717	"gene-266926"
"gene-517"	-9.62997501289164	1.87922671053656	20.6915118232466	9.9908733304816e-05	0.00267877245175571	"gene-517"
"gene-185593"	-7.53227420475174	0.0318379953285045	19.8276873279644	0.000100426119514089	0.00268609326476491	"gene-185593"
"gene-252936"	-7.89240496688312	4.21241246409456	19.1407178355117	0.000102612132393551	0.0027379009014619	"gene-252936"
"gene-299976"	-10.4420735776825	2.15893652263573	20.5890746333029	0.000102993143818874	0.00273953998502896	"gene-299976"
"gene-160317"	-3.80707789520536	3.69942365704719	19.1246751582281	0.000103171977967979	0.00273953998502896	"gene-160317"
"gene-210389"	-11.8569862133023	4.16393181988433	20.5412677600831	0.000104467563852695	0.00276725766128356	"gene-210389"
"gene-6993"	-11.1602490939454	3.3454475636766	20.5005893465991	0.000105740030152127	0.002790737125916	"gene-6993"
"gene-50383"	-10.5048274852752	2.35027519711787	20.4967282422107	0.000105861673929498	0.002790737125916	"gene-50383"
"gene-13811"	-4.7827909191385	3.89393662998648	19.030642591862	0.00010651926202057	0.00279862067147253	"gene-13811"
"gene-197725"	-4.60720565995	1.68815671278973	19.0264851922113	0.000106669886413808	0.00279862067147253	"gene-197725"
"gene-122782"	-8.50142105880901	0.70757465741778	20.4133410850467	0.000108525876624011	0.00284053562316132	"gene-122782"
"gene-322589"	-7.157700511106	3.15214964474884	19.2493881680484	0.000108879640731678	0.00284302586832147	"gene-322589"
"gene-183526"	-5.99616205567588	2.43308534088877	19.2140411116688	0.000110162663988621	0.00286971129200689	"gene-183526"
"gene-358996"	-7.35151637338388	3.37993444619142	18.9178032837535	0.000110688692664664	0.00287659763229942	"gene-358996"
"gene-79356"	-6.12113213611197	4.07563050926329	18.9058584929293	0.000111140078107017	0.00288151622318499	"gene-79356"
"gene-38092"	-6.24051982579462	3.45472234929199	18.885305103186	0.000111921352098365	0.00289279647842687	"gene-38092"
"gene-213743"	-10.7917871001107	2.64064923448508	20.3048277214996	0.000112101455454366	0.00289279647842687	"gene-213743"
"gene-185524"	-7.87958021614592	3.11123790338235	19.1506007147325	0.000112505924890474	0.00289643473611472	"gene-185524"
"gene-38816"	-7.44733199496028	4.40328783783206	18.8586815610198	0.000112942033253117	0.00290086862512035	"gene-38816"
"gene-180073"	-10.3808882277253	2.0011698181764	20.218627410276	0.000115032181530355	0.00294766613417995	"gene-180073"
"gene-78783"	-3.52666093436807	3.83283539181311	18.7951950213998	0.000115415997708797	0.00294776924066533	"gene-78783"
"gene-71665"	-7.24767913809146	-0.417613303162187	19.3903040710343	0.000115572504568976	0.00294776924066533	"gene-71665"
"gene-275720"	-5.39886377952546	4.53400788074445	18.7590501266668	0.000116850122554241	0.00297345693805271	"gene-275720"
"gene-238229"	-4.13921375066571	0.633885603796232	19.0283395337373	0.000117172686100214	0.00297477907228557	"gene-238229"
"gene-419692"	-7.72386833642379	2.87247525905506	18.9880249629093	0.000118756311173088	0.00300803716296258	"gene-419692"
"gene-47360"	-8.54922602688064	3.51897892289375	19.5943078578797	0.000121843442563925	0.00307913784851777	"gene-47360"
"gene-340742"	-8.14526365023222	0.0183293366573699	19.5788929241483	0.000122432865777653	0.00308693691168289	"gene-340742"
"gene-296096"	-6.24731949075523	3.71991184007591	18.6116849580567	0.00012289571851883	0.00309151632420479	"gene-296096"
"gene-171811"	-5.97738142991624	3.76706108479957	18.6006645915561	0.00012336096419465	0.00309613488445613	"gene-171811"
"gene-72366"	-3.91091273583084	4.50128858326006	18.5837990433663	0.000124076595829972	0.00309650089051425	"gene-72366"
"gene-360831"	-11.166508448376	3.37706144453589	19.9617780533608	0.000124264706803149	0.00309650089051425	"gene-360831"
"gene-288903"	-7.87314035614113	2.91363318165539	18.57660210346	0.000124383312417274	0.00309650089051425	"gene-288903"
"gene-76335"	-8.37682536240414	3.23933725119143	18.5700838259179	0.000124661800050249	0.00309650089051425	"gene-76335"
"gene-244823"	-6.52057851882602	3.98976993055142	18.5672298012034	0.000124783943827691	0.00309650089051425	"gene-244823"
"gene-146278"	-3.58110767641744	3.5255077144019	18.5350330613307	0.000126170695305777	0.00312386138174867	"gene-146278"
"gene-206961"	-10.4603075221367	2.34771138030736	18.7911607506308	0.00012682337738479	0.00313296491593482	"gene-206961"
"gene-375932"	-5.92689939678898	3.46334346473579	18.4602036690526	0.000129457217614165	0.00318974105724814	"gene-375932"
"gene-142614"	-3.39425797603837	3.69235385254274	18.4547108301489	0.000129702015154181	0.00318974105724814	"gene-142614"
"gene-189077"	-3.16873216227335	4.58438727295251	18.4452806382657	0.000130123433155948	0.00319053432821956	"gene-189077"
"gene-70225"	-6.4763218843648	4.22151541791602	18.4377351920471	0.000130461671200013	0.00319053432821956	"gene-70225"
"gene-290633"	-4.92189628342529	3.62001541461028	18.4345446989531	0.000130604971136069	0.00319053432821956	"gene-290633"
"gene-144820"	-8.04750539668188	3.71147081681678	18.4112356715707	0.000131656967158542	0.00320910208419923	"gene-144820"
"gene-114074"	-7.52383010375206	5.07387359931163	18.3581999129043	0.000134084242605582	0.00326103557292736	"gene-114074"
"gene-214212"	-8.22587912013819	3.2598189260701	18.6009173569127	0.000135174999563163	0.00328030633597761	"gene-214212"
"gene-119257"	-6.99706750465446	4.32404625532452	18.3268535602159	0.000135541144379902	0.00328153973020746	"gene-119257"
"gene-190490"	-9.63823675337493	4.78967039395019	18.5866859873042	0.000135822848835113	0.00328153973020746	"gene-190490"
"gene-270171"	-11.1625845727179	3.06225671818013	19.6584448043895	0.000136207559256492	0.00328361776076013	"gene-270171"
"gene-353876"	-11.7167410516995	3.50813193153361	18.8275332152751	0.000138743570066248	0.00333724761477271	"gene-353876"
"gene-204245"	-5.3424304388568	3.09959526366897	18.253023684277	0.000139039334809961	0.00333724761477271	"gene-204245"
"gene-126138"	-10.7696280317702	2.84896758011294	18.506393913533	0.000139540393078554	0.00334197721375283	"gene-126138"
"gene-183342"	-6.02145804514009	4.33121419976446	18.2355759076465	0.000139879951659746	0.00334282675781648	"gene-183342"
"gene-147885"	-7.90424808302526	4.132659137222	18.2174222920914	0.000140760300353565	0.00335656829020985	"gene-147885"
"gene-40814"	-3.89116849733386	3.23155750850678	18.2022598084193	0.000141500100302012	0.0033669060662771	"gene-40814"
"gene-79630"	-6.4406998390412	3.40453220139484	18.1693852332882	0.000143118301998895	0.00339423516859101	"gene-79630"
"gene-45037"	-12.1864190514899	3.98501520395101	19.4923446576498	0.000143266180135198	0.00339423516859101	"gene-45037"
"gene-141548"	-6.72176759056503	4.13736879496702	18.1599113462437	0.000143588275120317	0.0033945503406401	"gene-141548"
"gene-196757"	-4.50032540856645	2.72831181399456	18.1457678918698	0.00014429294124617	0.00340388906248743	"gene-196757"
"gene-426041"	-7.97704929425095	-0.032796730609919	19.0182402274062	0.00014609109991765	0.00343892818285808	"gene-426041"
"gene-326347"	-7.77812161781751	3.2658798569826	18.3453875986414	0.000147325215657756	0.00346056858061049	"gene-326347"
"gene-213699"	-11.6671651737886	3.49189841133621	18.6269251209975	0.000148163156081498	0.00347283064990173	"gene-213699"
"gene-288206"	-3.67363029765626	4.87963305508546	18.0555391841759	0.000148875621463459	0.00347889346890077	"gene-288206"
"gene-363160"	-4.06349009959141	3.65147804343825	18.0520724625369	0.000149054746097722	0.00347889346890077	"gene-363160"
"gene-285792"	-6.80716810942324	-0.94812021294666	19.3508175589385	0.000149591642584285	0.00348402738756153	"gene-285792"
"gene-53133"	3.52155641648811	0.860464365320327	18.0131256651613	0.000151082903447148	0.00351131999491438	"gene-53133"
"gene-195592"	-6.15449589986471	5.03504309604568	18.0015911956621	0.000151689165454184	0.00351797256505874	"gene-195592"
"gene-328642"	-7.24482829960482	2.82310469829401	17.9762153419723	0.000153032046097709	0.00354164480579392	"gene-328642"
"gene-118590"	-11.5940809839913	3.55537402334797	19.2551737387672	0.000154036316470007	0.00355739753561929	"gene-118590"
"gene-602"	-5.12178360739262	2.55128599844844	17.8692211495333	0.000158834396262749	0.00366051680946833	"gene-602"
"gene-123966"	-9.57089961041554	1.67781417438127	18.2632973121219	0.000167022810999623	0.00384117523288463	"gene-123966"
"gene-285738"	-12.5189494524084	4.31536727905902	18.9778166943644	0.000167749108767186	0.00384982453586153	"gene-285738"
"gene-335655"	-5.65154536226504	4.08315280529534	17.6985587426849	0.000168577767328296	0.0038607820754999	"gene-335655"
"gene-184811"	-10.5916950333107	2.52207798988288	18.5431518453022	0.000169985603694324	0.00388493085532579	"gene-184811"
"gene-199548"	-4.61570604056425	1.66436011685665	17.6042367261419	0.000174233101760108	0.00397374375030885	"gene-199548"
"gene-99641"	-7.51686297213925	2.93924736473954	17.7432941321007	0.000180792382382802	0.00411480467812453	"gene-99641"
"gene-93344"	-6.45722614641015	3.31450306816236	17.6958908158431	0.000183750888236839	0.00417349899666854	"gene-93344"
"gene-136310"	-8.88230913615422	3.92859178416017	17.6628022692052	0.000185846502659954	0.00421239299740387	"gene-136310"
"gene-385482"	-7.69822581645782	2.68513641147646	18.2505506594664	0.000186763041853817	0.00422445703518315	"gene-385482"
"gene-421725"	-11.3759642439003	3.56003507244117	17.8965782166111	0.000188662740523813	0.00425866428455498	"gene-421725"
"gene-142374"	-10.1476013713722	1.99691285759364	18.5898473843596	0.000189181723945334	0.00426162846584233	"gene-142374"
"gene-58220"	-5.31034696645473	3.91132180346241	17.3439644743085	0.000190908071054004	0.00429172275070894	"gene-58220"
"gene-77202"	3.70777025476166	1.1202727401163	17.3296234810397	0.00019187476631792	0.00430465164516917	"gene-77202"
"gene-254113"	-7.14321679984219	3.30828825013888	18.1417416456953	0.000193447722500248	0.00433110145304526	"gene-254113"
"gene-40060"	-5.73138128341239	4.28550015355901	17.2178119387716	0.000199592238296986	0.00445958836503814	"gene-40060"
"gene-76825"	-9.09695085849026	0.777144708390023	18.3981033278382	0.000200847676728327	0.00447853653199695	"gene-76825"
"gene-340338"	-5.40321946028226	2.72372920734237	17.4284280865604	0.000201438425302059	0.00448261661810836	"gene-340338"
"gene-229699"	-4.33050471705024	3.6697489297929	17.167362337368	0.000203181605708461	0.00451227351828911	"gene-229699"
"gene-222430"	-3.72887701658622	4.64510747675308	17.1430611698672	0.000204934962473027	0.0045420363759395	"gene-222430"
"gene-164657"	-11.3063411426635	3.09769818573248	17.6373413278475	0.000205757353956874	0.00455108771035798	"gene-164657"
"gene-48598"	1.38745290124017	6.55901578612587	17.1060186537898	0.000207638583248551	0.00458212434719497	"gene-48598"
"gene-384593"	-4.58580079110448	2.90860296859501	17.0986360220938	0.000208181928760504	0.00458212434719497	"gene-384593"
"gene-355061"	-8.75829298589026	1.12135831874024	17.5991712231106	0.0002084110046027	0.00458212434719497	"gene-355061"
"gene-194969"	-10.1920434638595	2.06846500120563	18.2296808718571	0.000211735162191867	0.00463697119091584	"gene-194969"
"gene-212345"	-1.63658784745378	3.27390645672203	17.050667657885	0.000211749252964591	0.00463697119091584	"gene-212345"
"gene-166529"	-7.52896585058179	2.27682971173085	17.5155446021659	0.00021435351601435	0.0046846683927351	"gene-166529"
"gene-285922"	-7.6842204374687	3.65999308611412	17.2294245030259	0.000215771140512045	0.00470629394374784	"gene-285922"
"gene-23335"	-7.06645936024826	3.71766516778568	16.9612563793768	0.000218572919344543	0.00475517625207669	"gene-23335"
"gene-104716"	-11.0439743093077	3.01012856771853	18.120559642494	0.000219127524960319	0.00475517625207669	"gene-104716"
"gene-50869"	-1.78849314307496	3.51682785420003	16.9517766280387	0.000219309957227589	0.00475517625207669	"gene-50869"
"gene-361727"	-2.31527329184411	3.3838713526866	16.9087147493106	0.000222691321368721	0.00481898759016999	"gene-361727"
"gene-22821"	-6.57451179583039	1.57367177776842	16.9025748128928	0.00022317793924201	0.00482002963867861	"gene-22821"
"gene-294758"	-4.57991015744748	4.6227787408426	16.8927665366958	0.000223957632601455	0.00482738481409372	"gene-294758"
"gene-244392"	-5.13243795288288	4.82021878234691	16.8660104824683	0.000226099299327343	0.00486401095402248	"gene-244392"
"gene-225876"	-1.32866432715501	5.00418744849249	16.8460929805115	0.000227707688623889	0.00488654014222545	"gene-225876"
"gene-115297"	-1.25041725793232	6.34124438079189	16.8420509030707	0.000228035576545225	0.00488654014222545	"gene-115297"
"gene-152610"	-10.4608975512533	2.29836965934941	17.5070327580427	0.000237922671103916	0.00508849012343453	"gene-152610"
"gene-118573"	-8.28402627877493	3.45463782584528	16.8748996778442	0.000244063906904564	0.00520969811379003	"gene-118573"
"gene-251998"	-2.97178514676318	3.62632103034557	16.6303251550297	0.000245930996617601	0.00523937877096373	"gene-251998"
"gene-198883"	-2.35213258392485	1.74062874541393	16.6167780290625	0.000247125654226053	0.00525464664778918	"gene-198883"
"gene-187248"	-4.44935701540992	0.910466004558218	16.5780260239367	0.000250577151744433	0.00531775024927906	"gene-187248"
"gene-53224"	-9.20201577263106	0.957700089437667	17.0345357917041	0.000252243256652737	0.00534104394235156	"gene-53224"
"gene-299566"	-11.1164870792368	3.16871717063198	17.6710407604615	0.000252646488676686	0.00534104394235156	"gene-299566"
"gene-180343"	-10.9597908136083	2.98944571205862	17.0034470169184	0.000254926832890731	0.00537405725908383	"gene-180343"
"gene-11707"	-3.27905677600458	2.61078213178966	16.5230396701688	0.000255562667760613	0.00537405725908383	"gene-11707"
"gene-429407"	-9.70505753556046	1.96973327871085	17.6336368067165	0.000255674697216487	0.00537405725908383	"gene-429407"
"gene-432055"	-7.66046285506591	2.7823897661554	17.2761196391052	0.000256725860953928	0.00538585379669186	"gene-432055"
"gene-136420"	-2.3275472068582	4.3840114373266	16.4989087454084	0.000257783723454618	0.00539774566083165	"gene-136420"
"gene-37544"	-7.51406103107245	3.28502418976022	16.4679453254478	0.000260663714036729	0.00544295849026482	"gene-37544"
"gene-152584"	-10.6467211131487	2.50251733283761	17.569804368313	0.000260933241550947	0.00544295849026482	"gene-152584"
"gene-13404"	-10.181708968151	2.11299335600369	16.9147144115531	0.000262755381112722	0.00547058694047757	"gene-13404"
"gene-258416"	-10.4427574408535	2.15645056140734	17.1883694674245	0.000264284037141402	0.00549201213666434	"gene-258416"
"gene-164684"	-4.72564102138783	5.67742099751853	16.4095403037753	0.000266189510176489	0.00551267320178333	"gene-164684"
"gene-14822"	-3.70957584968269	3.70542258226743	16.4085818482094	0.000266281221699895	0.00551267320178333	"gene-14822"
"gene-111809"	-9.54992559961578	1.32789469891738	16.854254773476	0.000268236421274705	0.0055325926814098	"gene-111809"
"gene-122773"	-7.67848254008833	-0.26120244416414	17.4832572631686	0.000268249968088004	0.0055325926814098	"gene-122773"
"gene-42529"	-2.56486995971981	1.77389136616905	16.3487506742372	0.000272073211069951	0.00560093784511605	"gene-42529"
"gene-80079"	5.44954827474409	6.58178737433345	16.3339327433332	0.000273528235059759	0.0056203661458167	"gene-80079"
"gene-255416"	-7.47722580396501	3.61403933343974	16.3191823503683	0.000274984834570879	0.00563975426574192	"gene-255416"
"gene-54550"	-11.3833399519381	3.26711154705819	17.0109987952017	0.000280300340666082	0.00573806637791851	"gene-54550"
"gene-80050"	-4.18935029935051	2.62222169665613	16.2452192678848	0.000282413895698224	0.00577058727771482	"gene-80050"
"gene-168137"	-6.01969293865152	2.40166535979659	16.974235894016	0.000283748480304612	0.00578710026714026	"gene-168137"
"gene-138051"	-4.18052982094212	3.11066978580851	16.1105778942521	0.000296490149476278	0.00603577076517171	"gene-138051"
"gene-293139"	-10.5946667355691	2.65652660923847	17.1559327142937	0.000297987043865461	0.00605503063440482	"gene-293139"
"gene-111720"	-10.3263606603306	2.34826605584232	16.23768793931	0.00030532912827225	0.00619277326032628	"gene-111720"
"gene-181931"	-3.76446090304515	3.09606756849281	15.8306059128153	0.000328201159565915	0.00664441132064107	"gene-181931"
"gene-326377"	-10.7873923649835	2.89395588835624	16.2603506941281	0.000329060254840894	0.00664955768651828	"gene-326377"
"gene-64072"	-11.0062734073145	2.77331217391133	16.8291110076638	0.000331253128507122	0.00668158833335559	"gene-64072"
"gene-184749"	-9.34139127365639	1.12043092508173	16.7593644687451	0.000338858189711211	0.00682246901006472	"gene-184749"
"gene-420821"	-10.7958722400902	2.81489192771192	16.7477978988599	0.000340137483634218	0.00683570632100723	"gene-420821"
"gene-272210"	-6.66650267389513	3.776649222612	15.8637831336161	0.000348744966469577	0.00699490014829869	"gene-272210"
"gene-233784"	-8.37241328773584	0.558699010860597	16.3496820625579	0.000349842844811119	0.00699490014829869	"gene-233784"
"gene-73861"	-2.4851123787955	4.37074477630582	15.6510857845721	0.000350415488420228	0.00699490014829869	"gene-73861"
"gene-183222"	-5.25292368767832	1.56109139405167	15.649614449038	0.00035060401907692	0.00699490014829869	"gene-183222"
"gene-162742"	-6.8092154455343	2.48355832786423	15.8438179782676	0.000351240966422557	0.00699491294181734	"gene-162742"
"gene-147823"	-9.68594931726374	1.43507395430317	16.0418693224222	0.000355012411653594	0.00705723587939957	"gene-147823"
"gene-416888"	-7.69052028837138	2.81906131628582	16.2769819008624	0.000358549883412914	0.00711469109811943	"gene-416888"
"gene-303012"	-5.79938701748711	3.90614394652305	15.577195300961	0.000360017951598555	0.00712463348965103	"gene-303012"
"gene-238199"	-6.58152813611597	2.88585775163802	15.5746993782685	0.000360347150026924	0.00712463348965103	"gene-238199"
"gene-191573"	-6.10970114859269	1.13632182947266	16.1943551054555	0.000368729039452691	0.00727726809821083	"gene-191573"
"gene-374454"	0.743964616027756	5.76345776417231	15.4319613445861	0.000379715902062385	0.00748067546840824	"gene-374454"
"gene-38909"	-10.4850113370028	2.29965099515211	16.3913078877255	0.000382234568659705	0.00751682399512726	"gene-38909"
"gene-150996"	-6.99491538039168	2.68726228579361	15.3837184594781	0.000386509772636323	0.00758732487605553	"gene-150996"
"gene-203530"	-7.5807320446626	2.57706472666607	15.3634142166441	0.000389407646214821	0.00763058512449113	"gene-203530"
"gene-218232"	-9.38017771100498	1.28465101184296	15.7700957525318	0.000390387322274252	0.00763617052270614	"gene-218232"
"gene-205337"	-5.10483268991326	3.5662601235431	15.3398813721145	0.0003927952159217	0.00766962310590986	"gene-205337"
"gene-171856"	-6.61608120933703	2.12102385378541	15.960541801026	0.00039925141048158	0.00778186304153193	"gene-171856"
"gene-249148"	-7.72050926150195	3.69652094006899	15.4694301699469	0.000401747647804092	0.00781665821647855	"gene-249148"
"gene-360036"	-9.80733230210673	1.8525940023376	16.1866535217945	0.000408913689785441	0.0079361922738597	"gene-360036"
"gene-405804"	-1.91460796367228	4.40193853423196	15.2279948051553	0.000409335124104289	0.0079361922738597	"gene-405804"
"gene-419031"	-13.3569809908953	4.99325157187612	15.3997003022448	0.000411981421611214	0.00797343621086634	"gene-419031"
"gene-89397"	-5.15698605181023	2.84069323096655	15.1836083369813	0.000416100244973907	0.00803899823022523	"gene-89397"
"gene-31079"	-5.6526801679411	2.69764791025201	15.169099622716	0.000418337254388641	0.00804058223436874	"gene-31079"
"gene-352598"	-10.5838919760357	2.37175673339342	15.3569426864791	0.000418393772712508	0.00804058223436874	"gene-352598"
"gene-114185"	-6.6790055683173	-1.11907302333044	16.1096390243142	0.000419467621219113	0.00804058223436874	"gene-114185"
"gene-76715"	-7.07745705587326	4.23403324284487	15.1603741999569	0.000419688723004249	0.00804058223436874	"gene-76715"
"gene-57448"	-4.30816742687773	3.85054495669626	15.1575561667575	0.000420126194555364	0.00804058223436874	"gene-57448"
"gene-249870"	-5.41171045773736	3.27514010659675	15.154695383329	0.000420570798213593	0.00804058223436874	"gene-249870"
"gene-26733"	-3.63208310324269	4.03643465274044	15.1012123901507	0.00042897544493536	0.0081870261565528	"gene-26733"
"gene-328216"	1.63449869999764	6.03232038003007	15.0928989680453	0.000430297810355967	0.00819583548108295	"gene-328216"
"gene-129453"	-7.73367499019208	0.122327285419719	16.0283403385199	0.000430928127723637	0.00819583548108295	"gene-129453"
"gene-127707"	-3.43171556850335	3.55749425905273	15.0054929318659	0.00044446604563208	0.00843871371266573	"gene-127707"
"gene-287098"	-5.13781579276431	1.92870468665448	15.5757535612355	0.000455543859330452	0.00863221977665107	"gene-287098"
"gene-414380"	-4.46139007377519	2.82936120594635	14.9351485818256	0.000456228480872762	0.00863221977665107	"gene-414380"
"gene-165465"	-11.2000917048357	3.02900654320568	15.8421400563493	0.000458468721688281	0.00865970216068604	"gene-165465"
"gene-206855"	-3.80345713349014	4.16716403076602	14.9157048822617	0.000459537729995241	0.0086650056017799	"gene-206855"
"gene-205721"	-3.06699193275862	3.76827363945827	14.8761680462627	0.000466345674976627	0.00877831850174326	"gene-205721"
"gene-152706"	-2.04008731151857	4.13824620991382	14.8688320931364	0.000467620615628891	0.00878293916491364	"gene-152706"
"gene-247179"	-2.64886750548344	3.42811291566638	14.8645161797153	0.000468372423123597	0.00878293916491364	"gene-247179"
"gene-402450"	-6.45379518269813	5.03977775392601	15.0413935022143	0.000469135489292499	0.00878293916491364	"gene-402450"
"gene-55869"	2.45512451515885	6.97796386517691	14.8564155508212	0.000469786976163852	0.00878293916491364	"gene-55869"
"gene-24278"	-11.2453220501414	3.60440951567073	14.9857413364313	0.000478745749377985	0.00893523263652325	"gene-24278"
"gene-421051"	-5.60847535833982	3.62237567948804	14.9739563211599	0.000480807632292127	0.00895850559624974	"gene-421051"
"gene-409737"	-3.47272275713517	1.26993043805925	14.7884341601393	0.000481838507854794	0.00896252236353258	"gene-409737"
"gene-60444"	-8.03615541264312	0.527156202568933	15.144903737427	0.000486894797709397	0.00904127451219494	"gene-60444"
"gene-253133"	-4.82013582078	3.95440856713869	14.7505628844903	0.00048869431805514	0.00905938724853314	"gene-253133"
"gene-163028"	-1.97164986654435	4.62802944727563	14.7196577507409	0.000494365856803942	0.00914909741388171	"gene-163028"
"gene-79960"	-10.8279039142482	2.7664263903037	15.5691001617392	0.000502342762980035	0.00928109914863785	"gene-79960"
"gene-69862"	-2.84003775315099	3.14377603936325	14.6335871994126	0.000510532854132975	0.00941659004275804	"gene-69862"
"gene-168981"	-4.64661011162305	3.96316495846692	14.6051246875195	0.000516001958065479	0.00950152349248545	"gene-168981"
"gene-104386"	-5.96009683936244	2.54559801034166	14.58430676176	0.000520041555417955	0.0095598943456682	"gene-104386"
"gene-159952"	-3.65584903999077	3.37113257045721	14.5259661314752	0.000531542327534418	0.00975499967710493	"gene-159952"
"gene-305392"	-10.9340541954447	2.99518486597595	15.3517945191507	0.000540497348138273	0.00990281224680672	"gene-305392"
"gene-163988"	-4.65023900958142	3.77449819417946	14.4548858909865	0.000545920949219715	0.00998553909279922	"gene-163988"
"gene-177979"	-5.63918320393454	4.41770866129897	14.4493996756935	0.000547047795189598	0.00998952892445058	"gene-177979"
"gene-299548"	5.19260754703251	6.52131832217788	14.3622060184921	0.00056529279870177	0.0103055783352049	"gene-299548"
"gene-111421"	-7.84953022335955	2.91614851259123	14.5112678308801	0.000569730889172168	0.0103692908355458	"gene-111421"
"gene-39560"	-5.53329841749678	0.877954089132632	14.8558603413286	0.000585084947771489	0.0106311385633917	"gene-39560"
"gene-400426"	-11.1699893388116	3.10500547192262	14.5529181315825	0.000602084619046487	0.0109219739557393	"gene-400426"
"gene-287217"	-3.53511405799416	4.16279075534817	14.1859169863502	0.000604186176668054	0.0109420405932651	"gene-287217"
"gene-311521"	0.735822344577957	5.11948768062636	14.1761731908517	0.000606417225835137	0.0109643825059304	"gene-311521"
"gene-34357"	-6.03149157491699	2.57016908659359	14.3105946587015	0.000613610097178	0.0110762164175333	"gene-34357"
"gene-294618"	0.654155103962179	8.30375389427633	14.1169414280833	0.000620169418959497	0.011176266266593	"gene-294618"
"gene-384842"	-12.3298921221433	3.95327635383199	14.4371988732401	0.000627835306682588	0.0112958977518195	"gene-384842"
"gene-152552"	-5.22325825980262	0.391856950800282	14.0669083800629	0.000632044238737099	0.0113530430007139	"gene-152552"
"gene-271525"	2.3420298558906	1.38274816300711	14.0531862516574	0.000635343115241621	0.0113936816734929	"gene-271525"
"gene-109867"	-11.9514293873888	3.89328610835552	14.8306725352955	0.000645345844533795	0.0115542131416287	"gene-109867"
"gene-270837"	-2.66728865872445	3.00212616288466	14.0010689064762	0.00064804018803007	0.0115835866455521	"gene-270837"
"gene-65074"	-5.85339317828268	4.63002117981882	13.9833935665859	0.000652407376427766	0.0116401535522663	"gene-65074"
"gene-104371"	4.15057290118059	2.19399215929849	13.9797055438029	0.000653322545415108	0.0116401535522663	"gene-104371"
"gene-233371"	2.86624915004788	3.16947047580117	13.9656324604395	0.000656827289625314	0.0116754566053723	"gene-233371"
"gene-357185"	-4.70691364650775	1.89604570023306	13.9632277671016	0.000657428148706033	0.0116754566053723	"gene-357185"
"gene-225900"	1.15856385953952	5.05011768242525	13.9487569776173	0.00066105631745327	0.0117209549963932	"gene-225900"
"gene-17915"	-2.79797798895757	3.93263404276419	13.9333679105346	0.00066493809030082	0.0117707961782237	"gene-17915"
"gene-418586"	-6.17696955085595	3.55039398447544	13.8919160294812	0.000675515067394747	0.0119262892795726	"gene-418586"
"gene-14434"	-5.47934485822426	1.81768717324899	14.446863290658	0.000675891769414514	0.0119262892795726	"gene-14434"
"gene-22862"	-8.17257038979546	0.191060560991962	14.3956199469685	0.000688295848886434	0.0121256991455266	"gene-22862"
"gene-219328"	-5.30973288550967	2.77639121015548	13.8300344256238	0.000691639146631922	0.0121651026222795	"gene-219328"
"gene-118973"	-10.7458954261342	2.64770606711024	14.579281292291	0.000703600268381774	0.0123557152561036	"gene-118973"
"gene-101238"	-10.3132368429174	2.26691204237782	13.924485707553	0.000708502351358696	0.012421955898702	"gene-101238"
"gene-378417"	0.979166772365477	6.73716474485117	13.7389327177912	0.000716125959408404	0.0125356252735296	"gene-378417"
"gene-374700"	-5.11477449887856	2.52048701709226	13.7162963501066	0.000722352188832787	0.01262451130658	"gene-374700"
"gene-258523"	-3.46188628068767	4.74617123478541	13.7082013163538	0.000724592715436693	0.0126435678107866	"gene-258523"
"gene-247144"	-1.3064704066235	3.63844138103302	13.6440111055594	0.000742622983863577	0.0129376457394807	"gene-247144"
"gene-405096"	-9.41794783124104	1.51808229257719	14.3256365711854	0.000768171222087642	0.0133615605133061	"gene-405096"
"gene-70534"	-8.28902849441421	0.124308472039796	14.3191042103796	0.000769916452961596	0.013370760769995	"gene-70534"
"gene-15837"	-4.85128827812095	2.01284003299765	13.5422561615206	0.000772189366656226	0.0133890815578106	"gene-15837"
"gene-42302"	1.03689072631793	6.61801252928258	13.5181635410248	0.000779371539521503	0.0134923328093857	"gene-42302"
"gene-235586"	1.01998378824358	8.46203046938071	13.4958121872227	0.000786098186224635	0.0135873857879991	"gene-235586"
"gene-225158"	-3.50077779070916	2.38252393875728	13.463964413966	0.000795789670685723	0.0137333058867318	"gene-225158"
"gene-188376"	-5.30389020287107	4.01129682548871	13.4421836434108	0.000802490832309029	0.0138150342716995	"gene-188376"
"gene-405599"	-8.87950784345612	0.877714872928843	13.591171440164	0.000803038924735378	0.0138150342716995	"gene-405599"
"gene-47998"	0.952332514825297	7.06672738434135	13.3689672001667	0.000825460467840325	0.01414813063758	"gene-47998"
"gene-377584"	0.526811803409768	6.32902531513284	13.3676935334399	0.000825866181125076	0.01414813063758	"gene-377584"
"gene-198946"	-6.5627415029832	3.11039979444127	13.3653198431168	0.000826622861638965	0.01414813063758	"gene-198946"
"gene-308117"	-3.53921454348814	2.9698984859499	13.3624171860674	0.000827549167648863	0.01414813063758	"gene-308117"
"gene-357269"	-9.6365773563838	1.46854935186965	13.6623485288881	0.000833739924595737	0.0142318369426723	"gene-357269"
"gene-300888"	-6.52153241262758	3.05871306169702	13.3200039732121	0.000841210901398547	0.0143371030063166	"gene-300888"
"gene-92831"	-6.44824924150731	-0.973188974251717	13.6126412373202	0.000849215032522078	0.0144511158707666	"gene-92831"
"gene-400657"	-6.67805012472427	1.64644963898713	13.4149721287577	0.000858374231570539	0.0145694005090325	"gene-400657"
"gene-197659"	-3.98812110495854	4.76433735950978	13.2664144580551	0.000858816658769497	0.0145694005090325	"gene-197659"
"gene-324167"	-10.2769848356506	2.32665025661403	13.9913337032946	0.000863227765038388	0.0146216684454037	"gene-324167"
"gene-23834"	-10.5372192064151	2.67653057482821	13.9659496856599	0.000870947366217448	0.0147297298412745	"gene-23834"
"gene-315138"	1.65434704071689	7.79737215592897	13.1644519343609	0.000893406054891952	0.015059148447163	"gene-315138"
"gene-413822"	-9.66302913260102	1.65360100452815	13.6661237039506	0.000894102413668092	0.015059148447163	"gene-413822"
"gene-151619"	-4.67695652690354	1.98903171425252	13.1611950067799	0.000894535061948278	0.015059148447163	"gene-151619"
"gene-147255"	-6.51138157556004	4.50013302332817	13.1189105573806	0.000909331467182987	0.0152848330561813	"gene-147255"
"gene-406501"	-6.14538377915195	2.11179454752141	13.2506573394535	0.000913654173370577	0.0153340463020805	"gene-406501"
"gene-33009"	-0.866842050643842	5.33197432662065	13.0901772666586	0.000919534440274031	0.0154092105212384	"gene-33009"
"gene-63245"	2.78201749696198	4.37615996121024	13.0779343201844	0.000923918763618197	0.0154356521555355	"gene-63245"
"gene-65056"	-2.82281263835238	0.827779793372499	13.0779292146563	0.000923920596592594	0.0154356521555355	"gene-65056"
"gene-253193"	-5.59208138754705	3.32531123109589	13.0695147104418	0.000926946816493829	0.0154619873327831	"gene-253193"
"gene-377626"	-2.84364626456314	3.04130909779308	13.0657339262331	0.000928309982683238	0.0154619873327831	"gene-377626"
"gene-1807"	-4.67381810173498	1.23145575380253	13.0460309911436	0.000935448506659205	0.0155573153308694	"gene-1807"
"gene-371913"	-5.9309427190249	-1.65235684235612	13.7069952985656	0.000954099305238392	0.0158435251699179	"gene-371913"
"gene-75666"	-4.51897596318437	2.60747959061461	13.127716404469	0.000957495357561951	0.0158759373539646	"gene-75666"
"gene-84601"	-6.38391386386335	2.28668387551934	13.1160233190015	0.000961780578993377	0.0159229727483045	"gene-84601"
"gene-110642"	-8.57066910891638	0.514323978352967	13.6545367256632	0.000971966388225523	0.0160674082793431	"gene-110642"
"gene-298464"	-6.93307459111177	2.68505741464104	12.9058009992647	0.000987973333497955	0.016307493776491	"gene-298464"
"gene-226108"	-3.58631568467225	2.67392721263017	12.8681127978849	0.00100261882244366	0.0165244208622535	"gene-226108"
"gene-80062"	5.14532233460873	8.45072327910921	12.8064873643672	0.00102706625496802	0.0169020050012926	"gene-80062"
"gene-324122"	-4.91198159509253	3.45594104431897	12.799339362991	0.00102994273715286	0.0169240067406897	"gene-324122"
"gene-262476"	-10.7850396397319	3.0129099635667	13.4806021921177	0.001033840453831	0.0169468847280572	"gene-262476"
"gene-7712"	-7.62510367047056	-0.0660882402914387	12.9249532005811	0.00103478102536822	0.0169468847280572	"gene-7712"
"gene-29269"	-8.61195958793769	3.86514427267256	13.0795115877203	0.0010359598414677	0.0169468847280572	"gene-29269"
"gene-119402"	1.88705567864084	7.46195342702222	12.7736487272152	0.00104035209942313	0.0169934481856737	"gene-119402"
"gene-133302"	-1.83654206775846	3.74705378844468	12.7386239662704	0.00105472423407796	0.0172026461501766	"gene-133302"
"gene-53242"	-5.69024109038469	3.27172047620355	12.7233862638106	0.00106104274117023	0.0172800634869398	"gene-53242"
"gene-283117"	-7.81367794686759	-0.0955791076898763	13.0044693423372	0.00106559546141449	0.017328536845162	"gene-283117"
"gene-9263"	-6.11081168744915	-1.62097783520673	13.1527484354326	0.00107819317095011	0.017507500041735	"gene-9263"
"gene-275883"	-3.74575063864137	1.13865400247115	12.6706247682786	0.00108323410723821	0.0175419183311148	"gene-275883"
"gene-152968"	-7.09092949671525	-0.84935246175187	12.8052690318657	0.00108350427970772	0.0175419183311148	"gene-152968"
"gene-145820"	-3.09811939478169	3.65071898423444	12.6492941851719	0.00109234547926869	0.0176590497847069	"gene-145820"
"gene-329410"	-4.91493465506259	1.13880234276165	12.6212237756818	0.00110446028394063	0.0178041324815974	"gene-329410"
"gene-398654"	-9.34883901409146	1.19027006215606	12.9091398748414	0.00110455911511411	0.0178041324815974	"gene-398654"
"gene-331800"	0.625636535902551	8.38497125436861	12.5930271084507	0.00111677368294524	0.0179578321182295	"gene-331800"
"gene-258455"	-6.59764820020372	3.66409347814554	12.5916888888463	0.00111736170006995	0.0179578321182295	"gene-258455"
"gene-9326"	-3.78815150084124	1.89034186291161	12.5486090269616	0.00113646829411636	0.0182382422733155	"gene-9326"
"gene-53026"	-4.67985495895371	1.276367134114	12.5367112728123	0.00114180621399384	0.0182714270957512	"gene-53026"
"gene-381574"	0.544290040858397	5.39995617805862	12.536590995427	0.00114186031245166	0.0182714270957512	"gene-381574"
"gene-61250"	-0.902454052342847	4.97538973371878	12.5321948707527	0.00114383947866072	0.0182764932978449	"gene-61250"
"gene-428729"	-6.28421054658718	2.20497637016108	12.6307708007205	0.00115898129119155	0.0184915549115656	"gene-428729"
"gene-100345"	-2.23536299098724	1.98484947885672	12.4602092694651	0.00117677275888152	0.018748207157079	"gene-100345"
"gene-146310"	-6.52210351133806	1.95024073253112	12.9069380988614	0.00118042477066422	0.0187791743906103	"gene-146310"
"gene-186909"	-11.3343330487251	3.18029201328914	13.0932309287016	0.00118747840149836	0.0188640896931669	"gene-186909"
"gene-347435"	-6.87618056823573	6.1203226010973	12.4229550441022	0.00119421160647621	0.0189436770418369	"gene-347435"
"gene-109484"	-11.3974661591842	3.06228944321944	13.071986759382	0.00119658931483329	0.0189540437146431	"gene-109484"
"gene-117360"	3.86279479609634	5.01510805742121	12.3947086706669	0.00120761717955671	0.0190975781993648	"gene-117360"
"gene-233537"	-4.95765748085473	2.01133209513163	12.3915358418764	0.00120913296643523	0.0190975781993648	"gene-233537"
"gene-164032"	-2.31902928647292	1.39184333867508	12.3879206668005	0.0012108625493457	0.0190975781993648	"gene-164032"
"gene-46811"	-7.62587724954464	-0.401883534993806	12.9446469433457	0.00125280903440526	0.0197308448642077	"gene-46811"
"gene-53860"	-7.52505105444458	3.55704498981288	12.425405015142	0.00125506940742227	0.0197381659453405	"gene-53860"
"gene-39698"	-3.12607546164903	2.14519987159113	12.2771892322693	0.00126513588438093	0.0198556195283105	"gene-39698"
"gene-222332"	2.07955703410073	7.32149530171352	12.2751681988876	0.00126615021280321	0.0198556195283105	"gene-222332"
"gene-420856"	4.66361166775461	6.96650592075618	12.2584927326628	0.00127455252272716	0.0199589115133044	"gene-420856"
"gene-362918"	-1.80550149465993	3.94907782801121	12.249614629962	0.00127905015987703	0.0200008512198126	"gene-362918"
"gene-46640"	1.53711658541669	0.0167406599730318	12.2389635312356	0.00128446830814211	0.020057045612793	"gene-46640"
"gene-122692"	-8.14238000901634	0.261118676954053	12.8410916988879	0.0013006331772558	0.0202806532164156	"gene-122692"
"gene-293157"	-2.23065368000078	3.618624237451	12.1954397260747	0.00130686393948406	0.0203464050460058	"gene-293157"
"gene-223581"	2.05907035535424	-0.817835852944455	12.1921920493491	0.00130855165719331	0.0203464050460058	"gene-223581"
"gene-266992"	-1.13002402394156	5.69843732118326	12.1494917821703	0.00133095887263655	0.0206655803487197	"gene-266992"
"gene-105058"	0.807620026411963	6.44910705048866	12.1365856924676	0.00133781157219011	0.0207292687915601	"gene-105058"
"gene-169515"	1.3948910551895	6.19209562486498	12.1346697721556	0.00133883206058471	0.0207292687915601	"gene-169515"
"gene-68540"	3.81160496046137	0.312717681909933	12.1305177913343	0.00134104640191925	0.0207343503464111	"gene-68540"
"gene-23884"	-9.02561040750433	1.00723712729836	12.7346669579547	0.00135184533486566	0.0208719603457559	"gene-23884"
"gene-908"	-7.09430673937929	-0.653813742133156	12.2964221287129	0.00139444740820093	0.0214995236442536	"gene-908"
"gene-411056"	-10.030307095221	2.48839551043339	12.2680492092668	0.00140971159138173	0.0217044251037246	"gene-411056"
"gene-422359"	-7.41851422493148	-0.273978862762511	12.5827610140159	0.0014287554190421	0.0219668647853564	"gene-422359"
"gene-188340"	-2.57556676259882	1.00573544367087	11.9642232100545	0.00143302183084118	0.0220016885285434	"gene-188340"
"gene-271599"	0.739756791234882	5.90807407914949	11.9555562097669	0.00143799609767278	0.0220472679242913	"gene-271599"
"gene-405508"	-1.06716427754591	5.96829350756079	11.8671401925098	0.00148980485753695	0.0228097838424842	"gene-405508"
"gene-44413"	-4.13005054143398	-0.531782388184651	11.9827051525149	0.00149238296476159	0.0228174769563618	"gene-44413"
"gene-41383"	-6.14009027866899	4.10770528964995	11.8399407933326	0.00150613997869063	0.0229958288690919	"gene-41383"
"gene-129043"	-2.12309098174925	2.08265415639647	11.826489052092	0.00151428910963324	0.023088183331759	"gene-129043"
"gene-46480"	-6.71412621097226	-0.982659710911789	11.9395131698739	0.00151798108885469	0.0231124184345977	"gene-46480"
"gene-333603"	0.805400331498216	8.45583683103478	11.8074304729368	0.00152591541836792	0.0232010901716715	"gene-333603"
"gene-231997"	-7.80222593903111	-0.0755332084275841	12.3968231503521	0.0015293952997478	0.02322188194769	"gene-231997"
"gene-17262"	1.90961906851426	7.75600049953632	11.7709130791917	0.00154845867784797	0.0234789051663209	"gene-17262"
"gene-53872"	-10.0760100789928	1.86954547748929	12.3500973924016	0.00155587357138397	0.023558840454854	"gene-53872"
"gene-280481"	-6.28785879154277	1.82776305263233	11.8281740574273	0.00158615594673648	0.023984336069428	"gene-280481"
"gene-282437"	-9.81634697877284	1.81781187136586	11.944248090039	0.00159718071342159	0.0241136326963251	"gene-282437"
"gene-341232"	1.04597585400391	7.56523622238304	11.6909146176318	0.00159909380838906	0.0241136326963251	"gene-341232"
"gene-368606"	-6.98002453228196	4.21151354221847	11.6269834932394	0.00164082717122607	0.024657574965301	"gene-368606"
"gene-341043"	-3.60888802072691	1.364775809978	11.6268965890244	0.00164088468475852	0.024657574965301	"gene-341043"
"gene-111729"	-7.87890359242216	0.0494790073175862	11.8695556262874	0.00164411389111185	0.024657574965301	"gene-111729"
"gene-88517"	0.560021492298447	6.77179658939293	11.6219869393001	0.0016441374010339	0.024657574965301	"gene-88517"
"gene-105121"	-5.13135834929888	3.19469966128915	11.6008367589636	0.00165822847996299	0.0248350213627155	"gene-105121"
"gene-236990"	-3.43739727280881	4.31032975197587	11.5591259357743	0.00168639647858429	0.0252225258354791	"gene-236990"
"gene-399223"	-9.36080105503283	1.73819665939508	12.1182436375065	0.00169480005114473	0.0253137730465136	"gene-399223"
"gene-246959"	-10.0358740804142	2.40788927175169	12.1072217500721	0.00170173011481595	0.0253827939649549	"gene-246959"
"gene-260566"	-6.59000365210441	4.97543871640347	11.5193044465855	0.00171376482488092	0.0255276649321355	"gene-260566"
"gene-74305"	-3.16455795078493	4.73445931447031	11.4176711733705	0.00178578379863554	0.0265644401872808	"gene-74305"
"gene-89517"	3.40371858918586	1.33112878601664	11.375745454255	0.00181642693761406	0.0269837585475559	"gene-89517"
"gene-281451"	-1.45282015495477	3.1415771408594	11.3532922084438	0.00183306787947569	0.0271942175426131	"gene-281451"
"gene-141064"	-1.99595238562103	4.06197448813259	11.3178556237199	0.00185966280218177	0.0275515811110299	"gene-141064"
"gene-218556"	-1.79751874784956	4.15012787292657	11.3019836003911	0.00187170776801834	0.0276927099513131	"gene-218556"
"gene-324110"	-7.76584766085537	-0.0578874349089906	11.3373026656826	0.00192823485188858	0.028490706622058	"gene-324110"
"gene-165441"	-7.09953968510813	1.83766703051371	11.2940558568954	0.00196194810038521	0.0289499268020599	"gene-165441"
"gene-165990"	-2.10891660291157	2.32054265823308	11.1825029694914	0.00196509346340394	0.028957469763002	"gene-165990"
"gene-143786"	-0.962026781089884	4.52757932833242	11.1635347276053	0.00198037035680106	0.0291435225332183	"gene-143786"
"gene-166511"	1.38595608847705	6.98475225532723	11.1544684550661	0.00198771695983642	0.0292084197108888	"gene-166511"
"gene-101301"	-6.12438384108224	3.4472416565245	11.1515423163281	0.0019900942748527	0.0292084197108888	"gene-101301"
"gene-333791"	-2.06026108641999	3.70841071038152	11.0459719157282	0.00207792484259819	0.0304347172595896	"gene-333791"
"gene-418912"	-9.3630061786224	1.20167598565294	11.1496268720764	0.0020791842683482	0.0304347172595896	"gene-418912"
"gene-212426"	-1.13120674118941	5.04446495637689	11.0245351780825	0.0020962592303488	0.0306057621570068	"gene-212426"
"gene-128016"	0.594351052145219	7.03424804919174	11.0243275712219	0.00209643763342364	0.0306057621570068	"gene-128016"
"gene-429248"	1.75104089239396	0.424221453014283	11.0206442135171	0.00209960555193564	0.0306113578679423	"gene-429248"
"gene-221311"	-4.03838754672071	1.61459885920098	10.9967620032829	0.0021202700296772	0.0308716932930351	"gene-221311"
"g9726"	-1.99492635195606	0.874761014787507	10.9904819089427	0.00212573993325454	0.0309103956167555	"g9726"
"gene-326728"	-3.38528005436466	3.10915054332687	10.9854278002792	0.00213015294562768	0.0309336477295708	"gene-326728"
"gene-419019"	-8.10066237706357	3.03396470652049	11.0830867414757	0.002135697993557	0.0309732559936307	"gene-419019"
"gene-183393"	1.08059196100262	7.51933990767724	10.9695669694145	0.00214406545282135	0.0310536383700462	"gene-183393"
"gene-68483"	-2.38919639900594	1.60530136434737	10.9511763407789	0.00216031844848682	0.0312478693476521	"gene-68483"
"gene-290159"	-0.894089598683322	5.05430912193193	10.8675781398543	0.00223587399961524	0.0322982429405654	"gene-290159"
"gene-22"	-3.32532865831568	1.84329907168141	10.858605457227	0.00224414941837635	0.0323752421997523	"gene-22"
"gene-71829"	-5.22372190953847	2.64775337968379	10.8368068182766	0.00226439052594459	0.0326244365028951	"gene-71829"
"gene-77229"	-2.84008845735299	2.01440445310334	10.8258387836596	0.00227464846103873	0.0327024449267396	"gene-77229"
"gene-292255"	-8.70407612913627	0.909700533528079	11.041818275788	0.00227575460465349	0.0327024449267396	"gene-292255"
"gene-199539"	-4.44101326919018	0.42710037429643	11.0318298294763	0.00228480925411246	0.0327896972982485	"gene-199539"
"gene-239929"	-6.8477052478018	-1.01722677101626	11.3170312948725	0.00228829735245075	0.0327969397594408	"gene-239929"
"gene-225738"	-2.24129710280513	3.22112217568831	10.7934725183581	0.00230520933096998	0.0329963101241576	"gene-225738"
"gene-208804"	0.694167249411722	6.11412707759858	10.7812559184776	0.00231685811548278	0.0331199236196387	"gene-208804"
"gene-355708"	-4.07754625682468	3.64470369418259	10.8632035993832	0.0023344426115364	0.0333279579592463	"gene-355708"
"gene-145063"	4.09931805881448	2.25649360167285	10.7591512706824	0.00233809529683592	0.0333368114113064	"gene-145063"
"gene-3833"	-1.06524598273481	4.4964507740919	10.753399121107	0.0023436557037428	0.0333728071907313	"gene-3833"
"gene-249163"	-2.42569088478497	2.12941220084915	10.741956198034	0.00235475918597947	0.0334875391092786	"gene-249163"
"gene-290097"	-4.70655869658889	2.96565630632768	10.7366694899071	0.00235990801514869	0.0335174015639917	"gene-290097"
"gene-131458"	5.50958147827716	5.77947734770032	10.6890837614495	0.00240679708763015	0.0341392521087978	"gene-131458"
"g7272"	1.67134918407507	1.32765293554743	10.6290576380114	0.00246736714045619	0.0349533079575192	"g7272"
"gene-375885"	1.10438212033762	6.40134665024129	10.6206266391836	0.00247600399161195	0.0350305172198071	"gene-375885"
"gene-271501"	-7.65819635096786	-0.337020182170444	11.0807969917637	0.00250369471035598	0.0353767557210067	"gene-271501"
"gene-93794"	-0.954604303255553	3.16504454119141	10.58866911033	0.00250903590267807	0.0354067158897817	"gene-93794"
"gene-267901"	-3.32934523937698	3.27265066196658	10.5755822547767	0.00252269818258123	0.0355538732321993	"gene-267901"
"gene-252078"	-1.76292555030619	3.41291128277244	10.5446599475898	0.00255529660368856	0.0359671902232373	"gene-252078"
"gene-394641"	-6.74604996536605	-1.13678383800439	11.0001297821457	0.00258219584546735	0.0362993336690826	"gene-394641"
"gene-260493"	-6.91279115670609	-0.943668086898103	10.7187446902984	0.00258918168943845	0.0363324739569942	"gene-260493"
"gene-409964"	-2.666029485915	0.86739419065836	10.5111200935766	0.00259116342966283	0.0363324739569942	"gene-409964"
"gene-371922"	-5.74999116407044	-1.83595865719198	10.9718631511878	0.00261033079320812	0.0365546068913845	"gene-371922"
"gene-29437"	1.09000437244657	2.5961353774477	10.4699791699629	0.0026358941316086	0.0368468929579913	"gene-29437"
"gene-311758"	0.764607779572304	6.91512175549697	10.468145972015	0.00263790637295908	0.0368468929579913	"gene-311758"
"gene-414302"	1.44171091237234	7.56720792072886	10.4386901484041	0.00267046492724971	0.0372296026895428	"gene-414302"
"gene-335052"	2.36032616248158	5.1967205853805	10.4372405284659	0.00267207827909117	0.0372296026895428	"gene-335052"
"gene-54398"	-1.61858703289704	1.93784573482471	10.3751890235553	0.00274212343520905	0.0381571682572824	"gene-54398"
"gene-107333"	-2.446913798363	3.77577338037844	10.3711372747467	0.00274676481794969	0.0381734331779025	"gene-107333"
"gene-188973"	-1.11162344191626	5.66990532009521	10.3349304784527	0.00278861496592991	0.0387061165662468	"gene-188973"
"gene-371844"	-6.03162985301121	-1.26108296713983	10.4121150078437	0.00280688605006327	0.03891059060321	"gene-371844"
"gene-44392"	-2.09849978557377	1.89048514083262	10.3039197323025	0.0028250005824086	0.0391123821189141	"gene-44392"
"gene-257883"	-1.27329134227631	3.93571858238832	10.2800554630758	0.00285334615666961	0.0394551374846151	"gene-257883"
"gene-381766"	1.90249688754069	0.95013061313149	10.2061398372024	0.00294308587546065	0.0405800859697784	"gene-381766"
"gene-167611"	-7.23612791392326	-0.721126885274431	10.6602958525927	0.00294343300534011	0.0405800859697784	"gene-167611"
"gene-267483"	-2.62965637857148	2.11951760006252	10.2039618969771	0.00294577536649533	0.0405800859697784	"gene-267483"
"gene-375719"	-6.7184875618631	-1.03440331112537	10.5964252246749	0.00301725043411778	0.0415126833820485	"gene-375719"
"gene-284570"	1.89549129737492	4.4852916518296	10.1355491011113	0.00303160735277549	0.0416580745363261	"gene-284570"
"gene-420709"	-6.71970845850224	4.20160514946581	10.4407471920717	0.00303825713804907	0.0416973292366709	"gene-420709"
"gene-333448"	-2.16462564259785	1.52692829593761	10.1201293640783	0.00305131974088491	0.0418243864233764	"gene-333448"
"gene-402599"	-7.20659660574605	-0.461134429896157	10.5638533193547	0.00305566515749727	0.0418317896343306	"gene-402599"
"gene-419068"	-10.9615311360906	2.74126267223102	10.1734810080416	0.00309738123022156	0.0423501391341114	"gene-419068"
"gene-392509"	0.531941415743599	7.23225962825078	10.0713124344875	0.00311463474876404	0.0425331426002026	"gene-392509"
"gene-395396"	-6.96915541951924	-0.856070177319189	10.4978546288737	0.00313513783548054	0.0427600126866471	"gene-395396"
"gene-429776"	-10.1336758236592	1.75120790139627	10.1274835810678	0.00315699074105224	0.0430047078269979	"gene-429776"
"gene-181803"	0.515973819439346	5.75786721852171	10.0249221701179	0.00317610427401421	0.0431810640303281	"gene-181803"
"gene-93172"	-4.27124464791532	-0.143806643887755	10.0236611238694	0.00317779321391208	0.0431810640303281	"gene-93172"
"gene-404022"	0.5058516806106	6.09716114669326	10.0178860291055	0.00318554016101191	0.0432319097589328	"gene-404022"
"gene-213851"	-1.11121932629374	4.31613498863474	10.0150139314744	0.00318940041976662	0.0432319097589328	"gene-213851"
"gene-72321"	0.57568766388456	5.58730710958371	9.9964793790526	0.00321443239093644	0.0435175557556211	"gene-72321"
"gene-143329"	-0.938582590625926	5.17522757107699	9.98151711946369	0.00323479288684688	0.043708819462132	"gene-143329"
"gene-206319"	-4.58978600845599	3.32089050998036	10.0675494050072	0.00323651223889524	0.043708819462132	"gene-206319"
"gene-108266"	-8.75741922746817	3.45247949169425	10.0560062034034	0.00325207297639583	0.0438650775822323	"gene-108266"
"gene-26305"	-1.15528359401521	3.08723969792759	9.95475351982927	0.00327155700414862	0.044073806552213	"gene-26305"
"gene-421316"	-0.839233348474357	4.70107251744696	9.94966965810105	0.00327859082736888	0.0441145030174615	"gene-421316"
"gene-18276"	0.784694461571232	12.2563887113184	9.93415571203645	0.00330015536208843	0.044350376400291	"gene-18276"
"gene-385530"	-6.11819420407164	-0.554977167878773	10.0163523240071	0.0033061418450863	0.044376577903582	"gene-385530"
"gene-161445"	-2.11509540069058	1.36336812914447	9.90443604977858	0.00334189040124127	0.0448017087571284	"gene-161445"
"gene-349411"	-9.69106492896598	2.13773789202337	10.2914636541188	0.00339846944065642	0.0455047193192887	"gene-349411"
"gene-431362"	4.86104999275837	0.937294118548257	9.83727785240866	0.00343829167452562	0.0459819226010464	"gene-431362"
"gene-18874"	-3.53447604338706	1.65873596152187	9.83075924550622	0.00344780570882843	0.0460531326332332	"gene-18874"
"gene-7080"	-3.65699510073443	4.69495889019214	9.81059797091711	0.00347740999197675	0.046392194225486	"gene-7080"
"gene-206544"	1.15582471418649	8.51066614145519	9.79862960376348	0.00349511243897844	0.046571843686897	"gene-206544"
"gene-59210"	-2.01644842785915	3.55918611831722	9.74697541396873	0.00357262672759837	0.047547077017541	"gene-59210"
"gene-211119"	1.28274341055524	6.09780977879366	9.74403045444633	0.00357710106490676	0.0475490592581862	"gene-211119"
"gene-31203"	-6.01584951057717	1.20184802511776	10.0247621388072	0.00358891411743189	0.0476484696774502	"gene-31203"
"gene-350762"	-3.14959514708322	4.04862555950066	9.72302552933883	0.00360918852170379	0.0478598424838236	"gene-350762"
"gene-383777"	0.507841218543572	6.55063998902542	9.71833092322936	0.00361640205932217	0.047897720286902	"gene-383777"
"gene-261982"	-6.58492606878773	3.34691676856323	9.79533635691385	0.00362569650894822	0.0479630345642212	"gene-261982"
"gene-269822"	-1.83040040220804	1.88881137842595	9.66328117990335	0.00370214877003322	0.0489155305636721	"gene-269822"
"gene-221519"	-3.33795833467391	2.66701805293973	9.6351194570324	0.00374685216467242	0.0494028007213264	"gene-221519"
"gene-143673"	2.00878175638829	5.5477146387855	9.63439131599162	0.00374801562827128	0.0494028007213264	"gene-143673"
"gene-18027"	-1.24133244649136	4.62085518391634	9.62385035442248	0.00376490189346096	0.0495436766539934	"gene-18027"
"gene-49094"	-7.03443847642809	-0.844042375940078	10.0295481105455	0.00376771706383503	0.0495436766539934	"gene-49094"
"gene-292044"	-5.2440447429956	0.430662398297276	9.61842043802337	0.00377363216287529	0.0495607517947052	"gene-292044"
"gene-369485"	-9.81316624944242	1.5932211589998	9.79031538114705	0.00377803238460502	0.0495607517947052	"gene-369485"
