"logFC"	"logCPM"	"F"	"PValue"	"FDR"	"Gene"
"gene-413846"	8.94022765800852	5.4962554549462	64.8058547046463	1.04395300751937e-10	7.04938509245261e-07	"gene-413846"
"gene-76789"	-0.734422864844803	5.66874247758016	62.9673094927702	1.58739800427323e-10	7.04938509245261e-07	"gene-76789"
"gene-306335"	7.18799526834535	7.98659314415551	61.0607677059169	2.4694515309036e-10	7.04938509245261e-07	"gene-306335"
"gene-279912"	-2.53305952187497	6.814349495462	60.7575063315233	2.65114144131351e-10	7.04938509245261e-07	"gene-279912"
"gene-34416"	-2.33472597555776	7.20024621757396	56.8199791315089	6.78695641832906e-10	1.19226711973084e-06	"gene-34416"
"gene-254128"	-0.869457570129661	6.37276035786033	56.4530263062915	7.42149892310341e-10	1.19226711973084e-06	"gene-254128"
"gene-353013"	-2.21573084592616	6.31443644587575	55.9868322757563	8.31766533542453e-10	1.19226711973084e-06	"gene-353013"
"gene-294618"	-0.79609526858878	8.31019573602504	54.7489183201305	1.12860971137444e-09	1.19226711973084e-06	"gene-294618"
"gene-129711"	3.77212882681339	4.34903351555767	54.7274103896012	1.1346465299679e-09	1.19226711973084e-06	"gene-129711"
"gene-137445"	6.77064816090602	3.90384566709644	54.4689762349754	1.20986376716257e-09	1.19226711973084e-06	"gene-137445"
"gene-350792"	7.29275907898139	6.47607904151119	53.9668595069152	1.37118812230202e-09	1.19226711973084e-06	"gene-350792"
"gene-231540"	-1.71008039164774	9.12082900771205	53.7702298329901	1.44031383726424e-09	1.19226711973084e-06	"gene-231540"
"gene-162992"	1.90125579127533	3.84169769318385	53.6456450071642	1.48597711479342e-09	1.19226711973084e-06	"gene-162992"
"gene-73253"	9.19837022229266	8.61245216650824	53.4280780325637	1.56936251186835e-09	1.19226711973084e-06	"gene-73253"
"gene-288834"	7.7888522046804	5.0748776802754	52.1584161938128	2.16326785178333e-09	1.39926060910141e-06	"gene-288834"
"gene-222600"	9.66464607245453	7.04132916583755	52.0586100781717	2.21891958429175e-09	1.39926060910141e-06	"gene-222600"
"gene-132340"	3.07866036605672	7.40761681881857	52.0276184182437	2.23650153767619e-09	1.39926060910141e-06	"gene-132340"
"gene-259467"	-1.06697071379868	6.84267409678288	51.7349989355119	2.40982018582568e-09	1.42393597202455e-06	"gene-259467"
"gene-252927"	3.11072372741802	3.91790227278724	50.9567931900978	2.94207458972162e-09	1.64694238611995e-06	"gene-252927"
"gene-312890"	-2.29040736949739	4.43250175647338	50.300812021983	3.48528478173965e-09	1.73336849091135e-06	"gene-312890"
"gene-215727"	-2.4006873607919	6.32984660092987	49.9125030914473	3.85502430919378e-09	1.73336849091135e-06	"gene-215727"
"gene-16817"	-1.45055289381151	8.93855332139615	49.9072540498656	3.86029262765315e-09	1.73336849091135e-06	"gene-16817"
"gene-19748"	0.790415394146712	5.8877448283471	49.8390999424316	3.92938022642944e-09	1.73336849091135e-06	"gene-19748"
"gene-286708"	1.81673895332696	5.98029629585001	49.7721632971826	3.99848492558612e-09	1.73336849091135e-06	"gene-286708"
"gene-172388"	2.64675474712633	4.8811266800055	49.7000995456049	4.07429600157801e-09	1.73336849091135e-06	"gene-172388"
"gene-140566"	1.04549109487641	5.42210491568374	49.3081546079452	4.51359992989481e-09	1.84640957132158e-06	"gene-140566"
"gene-70225"	4.13094901470265	4.61563556231184	49.0775584185123	4.79479532215743e-09	1.88879418690616e-06	"gene-70225"
"gene-215313"	4.02892188185112	4.23677235521497	48.3417176338321	5.82025465117033e-09	2.12814462003665e-06	"gene-215313"
"gene-17229"	-1.54339767953959	7.28261780771476	48.2790456126204	5.91753047826831e-09	2.12814462003665e-06	"gene-17229"
"gene-232048"	-3.96399381015428	3.13798316532818	48.2250684809952	6.00266440401463e-09	2.12814462003665e-06	"gene-232048"
"gene-347717"	-0.674958140419085	5.00413939821084	48.0347493042189	6.31313401807402e-09	2.16601591665275e-06	"gene-347717"
"gene-330292"	2.32382615765784	2.85657541053063	47.5748035280326	7.13431211172205e-09	2.34381739656612e-06	"gene-330292"
"gene-152989"	-1.79180807322315	7.04770885412942	47.4477407104509	7.38020000730005e-09	2.34381739656612e-06	"gene-152989"
"gene-414380"	3.33608200471507	3.29423216676952	47.2854700992399	7.7070861412364e-09	2.34381739656612e-06	"gene-414380"
"gene-258523"	2.28493809861233	5.08508873962237	47.2826854447086	7.71282520494681e-09	2.34381739656612e-06	"gene-258523"
"gene-103023"	1.41555610188401	7.99762702425324	47.1309082860953	8.03244663141776e-09	2.37314173254887e-06	"gene-103023"
"gene-120763"	8.19167997077154	10.1438237324347	46.7794220140646	8.82659974626878e-09	2.52150607412541e-06	"gene-120763"
"gene-57466"	3.97690275177167	4.47167343828832	46.703434717581	9.00876559014343e-09	2.52150607412541e-06	"gene-57466"
"gene-99805"	6.55432840794275	3.17789883599752	46.3752814221007	9.84147701882796e-09	2.67092263148195e-06	"gene-99805"
"gene-387251"	-0.760726358107857	8.18942655977528	46.2995246761468	1.00448387795485e-08	2.67092263148195e-06	"gene-387251"
"gene-246231"	-0.76333690302577	7.02896407073589	45.7368759774818	1.16987261162247e-08	3.03482075541868e-06	"gene-246231"
"gene-249870"	4.12595537371369	3.85324782162182	45.5802060726071	1.22079097852483e-08	3.09150782085479e-06	"gene-249870"
"gene-259401"	3.70527961177426	3.94920139547182	45.4372167451344	1.26927392097014e-08	3.13953428452056e-06	"gene-259401"
"gene-63617"	-1.64399068811153	7.28472698156267	44.9814274616407	1.43761635688558e-08	3.40838375009006e-06	"gene-63617"
"gene-170302"	3.18991405443049	3.26618511306313	44.9701664772681	1.44205781077522e-08	3.40838375009006e-06	"gene-170302"
"gene-425553"	3.46897632472686	3.04173661075871	44.8761949359276	1.47968181466397e-08	3.42128169147086e-06	"gene-425553"
"gene-8365"	-2.01476811938094	8.35534615990479	44.7695183641265	1.5236317323763e-08	3.44794619267113e-06	"gene-8365"
"gene-335655"	3.64649889397677	4.62801785980867	44.4384154691189	1.66888971018678e-08	3.65091042640411e-06	"gene-335655"
"gene-97398"	3.8956152239216	5.01549353726495	44.410077675845	1.68197264849381e-08	3.65091042640411e-06	"gene-97398"
"gene-247825"	1.18337877853762	5.83267856028844	44.1763359233226	1.79403688565851e-08	3.80306941662392e-06	"gene-247825"
"gene-410057"	-1.86851359637092	7.20719989001774	44.0909414432064	1.8368895268969e-08	3.80306941662392e-06	"gene-410057"
"gene-163088"	2.59975304634543	5.59457014979751	44.0470222434715	1.85934194870669e-08	3.80306941662392e-06	"gene-163088"
"gene-224956"	6.26826565214897	8.37238281211759	43.9200583016169	1.9258666927208e-08	3.86481474410913e-06	"gene-224956"
"gene-294470"	3.73695234427191	3.9722337933229	43.7919566684638	1.99549820278014e-08	3.91762610901115e-06	"gene-294470"
"gene-145538"	2.64637739195312	5.64326596473779	43.6826590550867	2.05697597151566e-08	3.91762610901115e-06	"gene-145538"
"gene-241126"	10.4841968487114	5.43632294170012	45.6325973452847	2.09865049702061e-08	3.91762610901115e-06	"gene-241126"
"gene-246732"	-1.03956797008275	5.34646591403733	43.4840311024627	2.17379092870532e-08	3.91762610901115e-06	"gene-246732"
"gene-341425"	3.43425284037705	4.15919449490665	43.4766839467747	2.17824183749674e-08	3.91762610901115e-06	"gene-341425"
"gene-402450"	4.28460629563938	5.58907765346434	43.3882297323651	2.23257694680605e-08	3.91762610901115e-06	"gene-402450"
"gene-236990"	2.70241713029892	4.8015761694379	43.3750604462863	2.24078616639718e-08	3.91762610901115e-06	"gene-236990"
"gene-218834"	-1.49453111566241	6.76609291772029	43.2946566269965	2.29159191829283e-08	3.91762610901115e-06	"gene-218834"
"gene-375932"	4.09254094721073	3.95064812615619	43.2004755783478	2.35262913017869e-08	3.91762610901115e-06	"gene-375932"
"gene-206576"	3.69557155244426	3.00315779335233	43.1997943922012	2.35307669867835e-08	3.91762610901115e-06	"gene-206576"
"gene-26108"	3.38384042648473	3.65066515286174	43.1849842882138	2.36282947908118e-08	3.91762610901115e-06	"gene-26108"
"gene-243308"	1.86099336494572	4.07924294740436	43.0609735997908	2.44616034535058e-08	3.91762610901115e-06	"gene-243308"
"gene-156645"	2.72461989620402	3.97809199037889	43.0382461341242	2.46176065107844e-08	3.91762610901115e-06	"gene-156645"
"gene-350745"	3.17978439704186	6.14126921015737	43.0294096273515	2.46785397991488e-08	3.91762610901115e-06	"gene-350745"
"gene-119464"	-1.2132094381167	8.291476126608	42.7582680662496	2.66264858738822e-08	4.10540699836388e-06	"gene-119464"
"gene-38885"	-2.26484899788511	8.98596287667665	42.7573397947192	2.6633422610672e-08	4.10540699836388e-06	"gene-38885"
"gene-78783"	2.75034693243506	4.36871073933127	42.6712340624573	2.72851065676694e-08	4.14577704933902e-06	"gene-78783"
"gene-222486"	8.05690913982438	5.30254890436365	42.6071302456272	2.77810183572437e-08	4.16028774755245e-06	"gene-222486"
"gene-321078"	-1.43484603563816	6.54032218381239	42.5585704422234	2.81629106641384e-08	4.16028774755245e-06	"gene-321078"
"gene-407253"	4.76303137919614	-0.908427678082869	44.2302579956656	3.01548240629563e-08	4.39351655799457e-06	"gene-407253"
"gene-72366"	2.7226378059292	4.69993742469536	42.1545167656571	3.15600755576731e-08	4.43817397840864e-06	"gene-72366"
"gene-197659"	2.82131200221531	5.16870709425485	42.1348797337625	3.17356548706264e-08	4.43817397840864e-06	"gene-197659"
"gene-6223"	-1.23404314541953	8.54903260577195	42.0978995857229	3.2069064529791e-08	4.43817397840864e-06	"gene-6223"
"gene-107333"	2.57642670557481	4.10982888044585	42.0911353086442	3.21304434315029e-08	4.43817397840864e-06	"gene-107333"
"gene-335259"	3.5284468902728	4.43903275993801	41.8704133928282	3.42017479944348e-08	4.6056415455637e-06	"gene-335259"
"gene-296096"	3.60878902381665	4.28612366634744	41.8696772962967	3.42088832361351e-08	4.6056415455637e-06	"gene-296096"
"gene-198937"	3.76781940970598	2.91698701096405	41.7704557943108	3.5184974317309e-08	4.6546653757663e-06	"gene-198937"
"gene-69775"	3.65773744031236	4.01092120176653	41.7441800224301	3.54482789993485e-08	4.6546653757663e-06	"gene-69775"
"gene-244065"	-1.74251688322712	6.03430864823995	41.6396030513564	3.65166897070614e-08	4.65753962255387e-06	"gene-244065"
"gene-31907"	3.13988946948955	4.17418099686282	41.6016022031099	3.6913168851408e-08	4.65753962255387e-06	"gene-31907"
"gene-6190"	-1.05199555401168	6.54106855679493	41.5592685214534	3.73601271334253e-08	4.65753962255387e-06	"gene-6190"
"gene-301823"	-2.92977435235875	5.6364096823878	41.5464821473021	3.74962286253673e-08	4.65753962255387e-06	"gene-301823"
"gene-59464"	-0.598381466479448	6.45429534783097	41.5311894739294	3.76596848006424e-08	4.65753962255387e-06	"gene-59464"
"gene-39091"	2.7122348975527	3.76088713219541	41.4459022578654	3.85849617447241e-08	4.71712244961937e-06	"gene-39091"
"gene-240871"	10.2105167132549	4.87288781443113	43.1807815660499	3.97040945669729e-08	4.79878124789004e-06	"gene-240871"
"gene-390956"	8.35601060308741	5.33232507546529	41.2696735471218	4.05724882308798e-08	4.84864027891727e-06	"gene-390956"
"gene-224968"	7.7769698049527	3.52789960956353	43.756377811725	4.15332151324393e-08	4.90830306831805e-06	"gene-224968"
"gene-129750"	4.92990452841887	3.68239770197768	41.1124750731639	4.24351824973312e-08	4.95978682463313e-06	"gene-129750"
"gene-106101"	-0.989642616541301	6.94363146726868	41.0440936186073	4.32729915235981e-08	5.00273410701075e-06	"gene-106101"
"gene-144104"	-1.46764856033579	6.51823310299005	40.9678221213481	4.42277831646007e-08	5.02461746506502e-06	"gene-144104"
"gene-217093"	11.6194555794716	4.71528029865577	42.721247695714	4.48345053695795e-08	5.02461746506502e-06	"gene-217093"
"gene-40814"	2.83456433731206	3.68138041679945	40.9167352962634	4.48795279410659e-08	5.02461746506502e-06	"gene-40814"
"gene-189724"	3.76763183229666	3.19166728859985	40.8483326464787	4.57678484710081e-08	5.07069621185044e-06	"gene-189724"
"gene-88517"	-0.667632437532003	6.83253240329917	40.7808591784014	4.66620182413041e-08	5.11646624757228e-06	"gene-88517"
"gene-224227"	7.06017797560993	3.54771039345853	40.6426109338911	4.85512828657231e-08	5.21495334418762e-06	"gene-224227"
"gene-280163"	2.30656657569516	5.70302239627718	40.63732129741	4.86251296039281e-08	5.21495334418762e-06	"gene-280163"
"gene-222365"	9.44317885352136	4.65792895387201	42.3174015154407	4.99147871089841e-08	5.21495334418762e-06	"gene-222365"
"gene-17915"	1.7410137690028	4.28078362631121	40.5402608281347	5.00010796734693e-08	5.21495334418762e-06	"gene-17915"
"gene-206556"	3.27578164074396	5.92831749924509	40.5091829954397	5.04501497322637e-08	5.21495334418762e-06	"gene-206556"
"gene-351823"	-0.896473499303976	8.30436168753549	40.5056072655237	5.0502086729158e-08	5.21495334418762e-06	"gene-351823"
"gene-199239"	3.76949568723865	4.4755237212158	40.3427044208004	5.29281521194338e-08	5.32381150037046e-06	"gene-199239"
"gene-163988"	3.55947272500716	4.31875871430878	40.3319338997763	5.30927641385141e-08	5.32381150037046e-06	"gene-163988"
"gene-199895"	4.8516488917142	3.69591884061115	40.2824426873388	5.38560352247682e-08	5.32381150037046e-06	"gene-199895"
"gene-221543"	7.22030896830973	3.06044278825897	40.2574547210482	5.4245732761031e-08	5.32381150037046e-06	"gene-221543"
"gene-26733"	2.60224700576329	4.39232174738661	40.2229322358084	5.47889528021859e-08	5.32381150037046e-06	"gene-26733"
"gene-227996"	2.02570510958156	5.36429925516265	40.2089427292092	5.50106882321116e-08	5.32381150037046e-06	"gene-227996"
"gene-40796"	-1.34578960504428	10.2656116134968	40.2058330327219	5.50601038962721e-08	5.32381150037046e-06	"gene-40796"
"gene-255049"	3.75136024170558	3.96782271716294	40.1518946122922	5.592460995316e-08	5.35868604920549e-06	"gene-255049"
"gene-154029"	3.58112159185546	2.37904982796479	40.0652964866851	5.73422015734611e-08	5.40184731506722e-06	"gene-154029"
"gene-269228"	-0.947534826078662	6.97828313599507	40.0459942783263	5.76632338336363e-08	5.40184731506722e-06	"gene-269228"
"gene-5528"	-1.79189798043993	9.54966400285111	40.0165890129358	5.81558942827523e-08	5.40184731506722e-06	"gene-5528"
"gene-37420"	-0.729988571376963	7.01696422951737	40.0017253377319	5.8406585298301e-08	5.40184731506722e-06	"gene-37420"
"gene-222430"	10.4952829828049	4.42047015299537	42.2103984067975	6.19559425802317e-08	5.65205534054653e-06	"gene-222430"
"gene-62605"	3.90459274781741	3.12524984341546	39.7792725315965	6.22956508706608e-08	5.65205534054653e-06	"gene-62605"
"gene-359591"	2.89658916641493	3.83798924498765	39.7511861358244	6.28054726811233e-08	5.65205534054653e-06	"gene-359591"
"gene-10049"	2.75372346879993	4.01876439884289	39.7275676119366	6.32375503502291e-08	5.65205534054653e-06	"gene-10049"
"gene-241985"	4.41539462792357	3.44457128312631	39.6700605860709	6.43025538857734e-08	5.69234451285017e-06	"gene-241985"
"gene-226944"	4.23676930143491	2.35959792868698	39.645731448065	6.4758714371462e-08	5.69234451285017e-06	"gene-226944"
"gene-244392"	3.58190028573268	4.9293435105271	39.5445253427679	6.66926838522542e-08	5.81301731262949e-06	"gene-244392"
"gene-242872"	2.81437214498797	4.37610982964691	39.5172228858874	6.72246266879868e-08	5.81301731262949e-06	"gene-242872"
"gene-54991"	1.91229986126068	3.70628578643831	39.4382220044548	6.87888119459103e-08	5.86848391158967e-06	"gene-54991"
"gene-38083"	3.46547065375952	7.44451468790951	39.4027153301257	6.95041066398479e-08	5.86848391158967e-06	"gene-38083"
"gene-323148"	8.33900202072931	3.99611554271678	39.4018645691713	6.95213400583207e-08	5.86848391158967e-06	"gene-323148"
"gene-222332"	7.72205759950088	6.44227896759804	39.3088317781408	7.14329154858148e-08	5.96937751852464e-06	"gene-222332"
"gene-218286"	4.16386596824315	5.60180860595824	39.2893985909909	7.18390675414774e-08	5.96937751852464e-06	"gene-218286"
"gene-429407"	4.8238639234335	2.24917829600132	39.211299585678	7.3495693082257e-08	6.05969140792934e-06	"gene-429407"
"gene-116902"	-1.51530719368541	7.87380039142297	39.1012588282809	7.58975417411035e-08	6.16587418342218e-06	"gene-116902"
"gene-125470"	3.41388121569517	5.93845167410138	39.0538949487485	7.69563302993007e-08	6.16587418342218e-06	"gene-125470"
"gene-252007"	-1.03650388770777	5.65199981485497	39.0371332395439	7.73346954881167e-08	6.16587418342218e-06	"gene-252007"
"gene-243547"	-0.894841064374178	7.75709222564614	39.0065995383836	7.80289160090567e-08	6.16587418342218e-06	"gene-243547"
"gene-210098"	3.40870847920196	5.02967028319581	38.9992463634437	7.81970650980754e-08	6.16587418342218e-06	"gene-210098"
"gene-78601"	3.74622007362902	5.62456143091316	38.996417788378	7.82618479467839e-08	6.16587418342218e-06	"gene-78601"
"gene-384303"	8.38484178363361	7.08543661049413	38.8068686181792	8.27327618306789e-08	6.47018863846398e-06	"gene-384303"
"gene-224357"	6.87677051416857	5.2073910234951	38.7289360337877	8.46472391090712e-08	6.52434799733636e-06	"gene-224357"
"gene-170879"	1.62521751273429	3.69278016412542	38.7287394125592	8.46521270808967e-08	6.52434799733636e-06	"gene-170879"
"gene-34034"	1.68719157860951	5.63758338857373	38.6510657442116	8.66062218912079e-08	6.60781960623655e-06	"gene-34034"
"gene-183222"	3.92178875090171	2.10056715213691	38.6365062800789	8.69776931998042e-08	6.60781960623655e-06	"gene-183222"
"gene-48535"	6.85558097778846	4.96200066733175	38.5959112788391	8.80222094393562e-08	6.63974623827654e-06	"gene-48535"
"gene-196757"	2.95388329509374	3.10673221263204	38.5404886680412	8.94693375327718e-08	6.69224485973303e-06	"gene-196757"
"gene-313040"	-1.37333590150579	10.434994932749	38.5212820044785	8.99765903480465e-08	6.69224485973303e-06	"gene-313040"
"gene-224782"	6.19205466595878	3.49594755055853	38.4937654292562	9.07085250122623e-08	6.69983244465571e-06	"gene-224782"
"gene-203965"	0.945014640788844	5.83345082071643	38.3759517472649	9.39130175900575e-08	6.88868175922656e-06	"gene-203965"
"gene-204245"	3.2773275384746	3.63509106098721	38.1492930176944	1.00413385466356e-07	7.25383793037881e-06	"gene-204245"
"gene-99641"	3.95989417561498	3.44287215651614	38.1477892103634	1.00458041860292e-07	7.25383793037881e-06	"gene-99641"
"gene-64360"	-1.22484813307397	9.42465021741521	38.1106035705774	1.01568881835989e-07	7.25383793037881e-06	"gene-64360"
"gene-146278"	2.99556894149049	3.84414065221439	38.1089290539069	1.01619203800907e-07	7.25383793037881e-06	"gene-146278"
"gene-89219"	-1.61371542746237	7.85820851254198	38.0671329990295	1.02883676106974e-07	7.27156460701314e-06	"gene-89219"
"gene-392536"	1.37589469581967	4.0977031500207	38.0407878690713	1.03689099488939e-07	7.27156460701314e-06	"gene-392536"
"gene-115189"	2.96621573688443	3.53252188793911	38.0024314058868	1.04873469709086e-07	7.27156460701314e-06	"gene-115189"
"gene-64009"	3.04959586507096	3.51450354434044	37.9938525853802	1.05140285466267e-07	7.27156460701314e-06	"gene-64009"
"gene-408081"	3.83072493171703	4.00219863337872	37.9891798866602	1.052859110079e-07	7.27156460701314e-06	"gene-408081"
"gene-8990"	2.97499624453403	4.39532969571044	37.813403460163	1.10919133295365e-07	7.52233155373722e-06	"gene-8990"
"gene-294758"	3.02905652744939	5.08829041565734	37.8096494568497	1.11042801606525e-07	7.52233155373722e-06	"gene-294758"
"gene-312908"	-1.1970452814486	9.4964537913288	37.8004488943545	1.11346502665405e-07	7.52233155373722e-06	"gene-312908"
"gene-116747"	1.04238761153344	5.31777085838878	37.7883917168966	1.11745805330056e-07	7.52233155373722e-06	"gene-116747"
"gene-24278"	9.74276979219922	3.89313830037677	39.235152537453	1.1521683116877e-07	7.7072089076166e-06	"gene-24278"
"gene-39079"	3.14849602294086	4.155503810253	37.6614617128074	1.16040849643568e-07	7.71381548005616e-06	"gene-39079"
"gene-330422"	-1.36695515632954	9.33807433409103	37.5292882731794	1.20696085361466e-07	7.97343828512141e-06	"gene-330422"
"gene-101822"	-1.11539002333865	7.61075539093649	37.5021007535921	1.21677487227107e-07	7.98865280337967e-06	"gene-101822"
"gene-27654"	3.76995586519695	6.49135103520327	37.4565299356104	1.2334112825159e-07	8.04819779192584e-06	"gene-27654"
"gene-244780"	0.977629328619685	6.11489974861969	37.3612308529426	1.26897063509556e-07	8.22973882614412e-06	"gene-244780"
"gene-222383"	7.24707775538192	5.33250942977472	37.3079703136198	1.28930661614386e-07	8.27605512862546e-06	"gene-222383"
"gene-303012"	3.6720192502414	4.24694382891935	37.2815273716379	1.29952864858611e-07	8.27605512862546e-06	"gene-303012"
"gene-131635"	3.14015535441321	4.65650689297876	37.2670795453186	1.30514929169134e-07	8.27605512862546e-06	"gene-131635"
"gene-368606"	3.96048009713901	4.52142428912444	37.2462164863778	1.31331028706408e-07	8.27605512862546e-06	"gene-368606"
"gene-277647"	2.36531830174805	4.87361114314253	37.2418674697402	1.31501816165636e-07	8.27605512862546e-06	"gene-277647"
"gene-16181"	2.84555142726143	3.62553102909232	37.1062175138169	1.36946407588425e-07	8.56801171241463e-06	"gene-16181"
"gene-368146"	3.73167470671972	3.1594176199515	37.0374724439767	1.39794600477402e-07	8.64717990633543e-06	"gene-368146"
"gene-360831"	4.50652018969547	3.88571564685932	37.0364407762805	1.39837809692525e-07	8.64717990633543e-06	"gene-360831"
"gene-289528"	-1.68474045269334	8.4639537401436	37.0102367463869	1.40939977447836e-07	8.66495722621495e-06	"gene-289528"
"gene-183526"	3.55318663748861	2.87495050119105	36.9683821732561	1.42719191743144e-07	8.69481290509881e-06	"gene-183526"
"gene-324122"	3.45444392450545	3.89292076880143	36.9513799281845	1.43448601864883e-07	8.69481290509881e-06	"gene-324122"
"gene-240833"	6.69044424622787	5.47007232150818	36.9414113670569	1.43878062363425e-07	8.69481290509881e-06	"gene-240833"
"gene-240910"	8.26659615772231	4.31466299448898	38.9861110778144	1.46219180477456e-07	8.78636838168486e-06	"gene-240910"
"gene-240929"	10.64313499147	4.41678910498956	41.2774780426493	1.47076765684436e-07	8.78824988662732e-06	"gene-240929"
"gene-168981"	3.40345970875969	4.48093700936891	36.7612018145908	1.51876566410279e-07	9.02435285105992e-06	"gene-168981"
"gene-116732"	1.91674641318854	5.57061767256835	36.7425819596538	1.52728942051123e-07	9.02458348697633e-06	"gene-116732"
"gene-92073"	3.24029430013794	4.23667278965624	36.6311962841087	1.57932861139038e-07	9.18139444190261e-06	"gene-92073"
"gene-9326"	2.55241855620087	2.06777494812887	36.6259166080388	1.58184055789573e-07	9.18139444190261e-06	"gene-9326"
"gene-304890"	2.39533492383695	5.5570505957548	36.6126531228524	1.58816935419636e-07	9.18139444190261e-06	"gene-304890"
"gene-200721"	-1.20855853736186	8.64313712874697	36.5843904647957	1.60174310843466e-07	9.18139444190261e-06	"gene-200721"
"gene-166071"	2.80582823080665	5.02892016208777	36.5643400223607	1.61144585624942e-07	9.18139444190261e-06	"gene-166071"
"gene-101771"	3.47400838499111	4.94415990148672	36.5454758093192	1.620630359468e-07	9.18139444190261e-06	"gene-101771"
"gene-431701"	6.52418850199608	3.58044402495365	36.5451265915695	1.62080089678014e-07	9.18139444190261e-06	"gene-431701"
"gene-211137"	-2.73382859237401	9.72172256985995	36.5386174144642	1.62398301106747e-07	9.18139444190261e-06	"gene-211137"
"gene-602"	3.90721066205459	2.96464292819253	36.5232550097574	1.63151894464046e-07	9.18139444190261e-06	"gene-602"
"gene-326993"	-2.07644821109301	7.38465878164333	36.4667576821154	1.65954750957466e-07	9.21715308471735e-06	"gene-326993"
"gene-136337"	2.37960391154626	4.40596908135434	36.4583160447457	1.66377823094209e-07	9.21715308471735e-06	"gene-136337"
"gene-164684"	2.63876247702653	6.20008511885136	36.4406381436371	1.67267428424178e-07	9.21715308471735e-06	"gene-164684"
"gene-249163"	2.32600600595766	2.85749831044351	36.438583943737	1.67371122171242e-07	9.21715308471735e-06	"gene-249163"
"gene-104966"	3.58069605707888	3.75208610642887	36.4237813844866	1.68120317641516e-07	9.21715308471735e-06	"gene-104966"
"gene-232153"	3.36407307705163	4.10891537054698	36.4032232837394	1.69166603625173e-07	9.2228267095188e-06	"gene-232153"
"gene-183629"	3.25059266760637	3.77222180246888	36.3658378221261	1.7108668700637e-07	9.2228267095188e-06	"gene-183629"
"gene-55294"	2.41720029326556	3.58795217242982	36.3395282363959	1.72451495263679e-07	9.2228267095188e-06	"gene-55294"
"gene-6978"	3.05339318594705	4.70905193033949	36.3354691382336	1.72663066447258e-07	9.2228267095188e-06	"gene-6978"
"gene-2814"	2.59651541730041	4.55048530067659	36.3279329041987	1.73056591240495e-07	9.2228267095188e-06	"gene-2814"
"gene-281505"	1.24529656534481	4.26703679545285	36.3208632052597	1.73426602285047e-07	9.2228267095188e-06	"gene-281505"
"gene-300107"	3.64008788628122	3.18009550295622	36.1875595738165	1.80559498758263e-07	9.51057714483252e-06	"gene-300107"
"gene-206544"	-1.26167969235003	8.53287566555129	36.1789954427897	1.81028055134227e-07	9.51057714483252e-06	"gene-206544"
"gene-299351"	3.56537725118327	6.90494335721929	36.164636183969	1.81816510154325e-07	9.51057714483252e-06	"gene-299351"
"gene-368072"	1.97049676437984	5.16231059546625	36.1045835004135	1.85152839294649e-07	9.51057714483252e-06	"gene-368072"
"gene-374263"	4.73144919609259	0.656881538083497	36.0885964798814	1.8605170870204e-07	9.51057714483252e-06	"gene-374263"
"gene-32272"	0.743374165598853	4.74971131987464	36.0675626671468	1.87241249647928e-07	9.51057714483252e-06	"gene-32272"
"gene-228118"	-1.08667964340243	7.55657890007017	36.0635704137931	1.87467917864516e-07	9.51057714483252e-06	"gene-228118"
"gene-130302"	1.97912999382166	4.40166223149453	36.0526740861747	1.88088031769781e-07	9.51057714483252e-06	"gene-130302"
"gene-340712"	2.93260418353435	3.59677426423251	36.0506634579068	1.88202690197557e-07	9.51057714483252e-06	"gene-340712"
"gene-357898"	3.27909786993089	5.17564345944398	36.0456544946774	1.88488648289682e-07	9.51057714483252e-06	"gene-357898"
"gene-173435"	-0.902505652664185	6.55706877871544	36.0424200465038	1.88673540575372e-07	9.51057714483252e-06	"gene-173435"
"gene-204771"	1.45326132108021	5.19530496098116	35.9997842824003	1.91128449065416e-07	9.54853063662521e-06	"gene-204771"
"gene-306260"	3.74371677429762	4.80909393627709	35.9840878490321	1.92040570639826e-07	9.54853063662521e-06	"gene-306260"
"gene-185530"	4.30296641055789	4.96729309504498	35.9824703231157	1.92134822108103e-07	9.54853063662521e-06	"gene-185530"
"gene-32875"	2.83753519301008	3.33080556760795	35.9583950263693	1.93543362045096e-07	9.54853063662521e-06	"gene-32875"
"gene-224896"	9.46513411426762	4.56040307022675	40.1486030170266	1.94418379557873e-07	9.54853063662521e-06	"gene-224896"
"gene-287217"	2.15773216857343	4.45602653260826	35.9368493481809	1.94813007535509e-07	9.54853063662521e-06	"gene-287217"
"gene-315114"	2.81862834911522	2.63878742515283	35.8884986967216	1.97693837747958e-07	9.5774662361236e-06	"gene-315114"
"gene-229699"	3.05278926530876	4.15872134261237	35.8753642109427	1.98484041679366e-07	9.5774662361236e-06	"gene-229699"
"gene-255669"	-1.18321185827112	7.74424934395337	35.8726872082389	1.98645499374579e-07	9.5774662361236e-06	"gene-255669"
"gene-259165"	2.44567518860461	4.38833110983085	35.8651746148025	1.99099335054752e-07	9.5774662361236e-06	"gene-259165"
"gene-23893"	6.54264852632325	-0.361712050711256	37.2539352231667	2.00613120588945e-07	9.5774662361236e-06	"gene-23893"
"gene-54363"	-1.11393141706293	7.35156238716106	35.8227712350059	2.01681214381931e-07	9.5774662361236e-06	"gene-54363"
"gene-79536"	3.93319468797373	5.01174461470518	35.8223555287244	2.01706697714525e-07	9.5774662361236e-06	"gene-79536"
"gene-254639"	-1.36030345859872	8.6989904030141	35.7947208581961	2.03408268914605e-07	9.61533488078108e-06	"gene-254639"
"gene-275916"	1.21524207631747	6.42000300930222	35.7417923863168	2.06709066834113e-07	9.72813112764434e-06	"gene-275916"
"gene-222531"	10.1146550520324	3.94004830683983	39.8630132762209	2.08778642012979e-07	9.78224509449357e-06	"gene-222531"
"gene-286274"	4.04174175949589	3.51093375825071	35.6808604795038	2.10578043765337e-07	9.82328102407073e-06	"gene-286274"
"gene-48823"	1.18006792193083	4.5919183345644	35.6303773129632	2.13840563317638e-07	9.90832609031118e-06	"gene-48823"
"gene-149727"	-0.680705455375542	5.57787006364406	35.6238795032088	2.14264291159418e-07	9.90832609031118e-06	"gene-149727"
"gene-328642"	4.07029632652734	3.10424058690097	35.5881781405488	2.16608032873187e-07	9.95443293200221e-06	"gene-328642"
"gene-179634"	4.0153612426513	3.37924302281623	35.5802339329297	2.1713317414672e-07	9.95443293200221e-06	"gene-179634"
"gene-59252"	-0.577677551913172	7.2302898546624	35.5341564820347	2.20205277287359e-07	1.00519456190058e-05	"gene-59252"
"gene-353384"	-1.33076956997155	8.64940304876365	35.403288406163	2.29179478280597e-07	1.03818375034893e-05	"gene-353384"
"gene-145820"	2.56256076149909	4.04610533702066	35.4003635624698	2.29384337468973e-07	1.03818375034893e-05	"gene-145820"
"gene-225030"	4.78878270653123	6.36632865731678	35.3800318845824	2.30813661656245e-07	1.04022631583721e-05	"gene-225030"
"gene-291029"	4.18930341240965	2.80019608733703	35.3559368461217	2.32519548195516e-07	1.04349279097363e-05	"gene-291029"
"gene-31079"	3.25600491522925	3.110326041816	35.334314153318	2.3406155640167e-07	1.04599945961688e-05	"gene-31079"
"gene-58265"	3.05855124228651	5.41070830872324	35.2975622204712	2.36706935974756e-07	1.04908180157302e-05	"gene-58265"
"gene-259706"	3.1220221020546	5.17909753437664	35.2806284643296	2.37936258778118e-07	1.04908180157302e-05	"gene-259706"
"gene-213608"	3.16351403838441	3.98212365417692	35.2765400343788	2.38234055928343e-07	1.04908180157302e-05	"gene-213608"
"gene-209323"	2.98128489791018	2.98571510770118	35.2701991453454	2.3869668670616e-07	1.04908180157302e-05	"gene-209323"
"gene-187157"	2.95289911891965	5.18871215342787	35.2530391783583	2.399533665847e-07	1.05026502345468e-05	"gene-187157"
"g14784"	4.1506613606533	2.723363912099	35.1594620743055	2.46928401879325e-07	1.07636495179856e-05	"g14784"
"gene-45480"	3.14174614210243	4.04147289330221	35.1225073749872	2.49740687662247e-07	1.08418038937782e-05	"gene-45480"
"gene-95842"	4.01164067627834	3.74601891549879	35.0595576261072	2.5460814984395e-07	1.09595613889409e-05	"gene-95842"
"gene-310012"	-1.74699360557968	8.10380344167526	35.0432463416739	2.55885405739308e-07	1.09595613889409e-05	"gene-310012"
"gene-57242"	4.1309544173927	4.32120405491421	35.0358314303848	2.56468231432599e-07	1.09595613889409e-05	"gene-57242"
"gene-202958"	-0.552265814949599	5.47567632153115	35.0344760739816	2.56574914050986e-07	1.09595613889409e-05	"gene-202958"
"gene-409357"	3.49356435167722	3.90081085740489	34.997372259593	2.59513415032279e-07	1.10407387291333e-05	"gene-409357"
"gene-132117"	3.8911578657089	5.94479123239966	34.9063921659365	2.6686778064476e-07	1.13083893025405e-05	"gene-132117"
"gene-170648"	-1.4817459316415	7.38279102644516	34.8687402666951	2.69974456332992e-07	1.13946361807845e-05	"gene-170648"
"gene-53233"	3.43671351144142	2.93421360735868	34.849311213225	2.71592240936577e-07	1.14047156610078e-05	"gene-53233"
"gene-148324"	3.41801083971363	1.90816846692197	34.840158762225	2.72357820411432e-07	1.14047156610078e-05	"gene-148324"
"gene-354489"	1.30107782643389	3.62121476290259	34.8070716112969	2.75144246102855e-07	1.14110138535065e-05	"gene-354489"
"gene-405508"	1.06572771728414	6.13633874770239	34.8002856146005	2.7571938052904e-07	1.14110138535065e-05	"gene-405508"
"gene-205849"	-1.71237255640417	8.1947960760371	34.8001978189653	2.75726829668218e-07	1.14110138535065e-05	"gene-205849"
"gene-273137"	2.55571814801163	4.90722978697757	34.7751796820021	2.77858075989515e-07	1.1439292429463e-05	"gene-273137"
"gene-42302"	-1.17308991199436	6.83191008873074	34.7669698436369	2.78561182703171e-07	1.1439292429463e-05	"gene-42302"
"gene-310065"	-1.38746957991877	8.26556698944646	34.7504273619854	2.79983537875097e-07	1.14408080834819e-05	"gene-310065"
"gene-283338"	-1.90855086850932	9.16300841593295	34.7415559551592	2.80749427396464e-07	1.14408080834819e-05	"gene-283338"
"gene-329082"	1.46243673048067	4.85120752630272	34.7008504575496	2.84291657816934e-07	1.15409392081714e-05	"gene-329082"
"gene-205337"	3.07219756285959	3.91611832422835	34.677066855074	2.86382805738913e-07	1.15816255583235e-05	"gene-205337"
"gene-61479"	2.93086701598017	5.63622954767736	34.6357064096383	2.90057552157496e-07	1.168580350283e-05	"gene-61479"
"gene-375677"	3.41638028325452	5.44011340244014	34.5394193001063	2.98803536237974e-07	1.19927336280267e-05	"gene-375677"
"gene-106824"	2.81566357334919	4.34923657889318	34.5110235050525	3.01434811553211e-07	1.20528596078194e-05	"gene-106824"
"gene-83189"	2.90130579874889	3.12896139450218	34.4851365694526	3.03854599039001e-07	1.20899715968887e-05	"gene-83189"
"gene-285720"	1.38768177975656	6.34610509775364	34.4768189994349	3.0463636592386e-07	1.20899715968887e-05	"gene-285720"
"gene-136450"	1.55389999501645	6.27421392538069	34.4576182824266	3.06449034030732e-07	1.21075836901454e-05	"gene-136450"
"gene-93014"	3.2863728226715	4.57087240478321	34.4480464189849	3.07356863138327e-07	1.21075836901454e-05	"gene-93014"
"gene-398804"	3.33442776942511	5.03292331193842	34.3994662255875	3.12007680442131e-07	1.22454379674631e-05	"gene-398804"
"gene-49788"	2.76339837260868	3.51775084870616	34.3579687337684	3.16038370690396e-07	1.23580298186142e-05	"gene-49788"
"gene-145496"	2.21417160514059	4.99034324679851	34.2891142843219	3.22846134110064e-07	1.25549782712307e-05	"gene-145496"
"gene-210469"	2.84893265411297	3.90296671519627	34.283220710467	3.2343588250444e-07	1.25549782712307e-05	"gene-210469"
"gene-146304"	3.82817973839203	4.37890281590982	34.2338416202614	3.28421291791316e-07	1.26720852314989e-05	"gene-146304"
"gene-221504"	7.64118431322297	3.32796926115586	34.2297730672226	3.28835607737279e-07	1.26720852314989e-05	"gene-221504"
"gene-233799"	2.86026738156245	2.58215109524369	34.2143728974417	3.30408792555391e-07	1.26867433849066e-05	"gene-233799"
"gene-179544"	-1.75440057941952	5.92117605255358	34.1692094689355	3.35067689237079e-07	1.28110362824958e-05	"gene-179544"
"gene-433"	2.20822791727003	5.42918148608484	34.1576545050448	3.36270595562722e-07	1.28110362824958e-05	"gene-433"
"gene-534"	3.81910759129912	4.80949851453442	34.1481890503149	3.37259322969051e-07	1.28110362824958e-05	"gene-534"
"gene-160999"	2.37200066200806	4.70200363297032	34.0543438666154	3.47227167962622e-07	1.3142733659966e-05	"gene-160999"
"gene-45501"	-1.48538792372545	6.51300034416536	34.0107799140468	3.51957983905186e-07	1.32511874163771e-05	"gene-45501"
"gene-296201"	2.32817326121678	1.65575958898083	33.9848105883529	3.54809952771136e-07	1.32511874163771e-05	"gene-296201"
"gene-285316"	2.98405059477431	3.28797930408686	33.9560629147898	3.57995081328209e-07	1.32511874163771e-05	"gene-285316"
"gene-6199"	-1.95995510693987	9.73589710462389	33.9510947622962	3.58548538880595e-07	1.32511874163771e-05	"gene-6199"
"gene-64689"	3.04464276898041	4.57854977404652	33.9509266364206	3.5856728383983e-07	1.32511874163771e-05	"gene-64689"
"gene-225709"	9.6730397190656	4.33421318100097	37.7232947877371	3.59247084833499e-07	1.32511874163771e-05	"gene-225709"
"gene-248416"	3.67913182687071	4.66577796656324	33.9400978961179	3.59776767977744e-07	1.32511874163771e-05	"gene-248416"
"gene-149557"	-2.26553396422476	7.23804331638213	33.9375717312405	3.60059530211825e-07	1.32511874163771e-05	"gene-149557"
"gene-279859"	-1.22483635563889	8.74976671075218	33.886297629451	3.65849032211636e-07	1.34178286434585e-05	"gene-279859"
"gene-424330"	4.63604714833973	5.54477371483234	33.8444190885595	3.70649437166757e-07	1.34659675972555e-05	"gene-424330"
"gene-363160"	2.6384969796363	4.06120628345036	33.8406785883259	3.71081372938184e-07	1.34659675972555e-05	"gene-363160"
"gene-336052"	4.03319065807274	3.93284910303406	33.8329082338891	3.71980331456888e-07	1.34659675972555e-05	"gene-336052"
"gene-390616"	6.09581405205923	4.08204781006052	33.830789162141	3.72225881308115e-07	1.34659675972555e-05	"gene-390616"
"gene-13493"	1.23749262653748	5.25887263396748	33.8075092378617	3.74934591693156e-07	1.35179807364353e-05	"gene-13493"
"gene-259590"	0.743685652302986	4.94285000011097	33.7655970211758	3.79863030070446e-07	1.3613457055262e-05	"gene-259590"
"gene-280872"	1.79770060115945	8.19508122955367	33.7632364462695	3.80142604871456e-07	1.3613457055262e-05	"gene-280872"
"gene-68519"	5.80643944172392	3.3922927864963	33.7378548217	3.831622316509e-07	1.36248674923029e-05	"gene-68519"
"gene-23884"	7.0801032450741	1.10092022606925	34.997932591451	3.83748819869134e-07	1.36248674923029e-05	"gene-23884"
"gene-377608"	1.88488664011694	5.03329431393677	33.7283094990857	3.8430427300591e-07	1.36248674923029e-05	"gene-377608"
"gene-13404"	7.27187790353688	2.20851978489574	34.9510555941799	3.89033924239573e-07	1.37358878914854e-05	"gene-13404"
"gene-57689"	1.97014803183347	1.56052769297882	33.6809869782809	3.90018629487456e-07	1.37358878914854e-05	"gene-57689"
"gene-320821"	-1.16931635625548	7.99531383599933	33.6664669125636	3.91789634961233e-07	1.37527213117085e-05	"gene-320821"
"gene-27378"	-1.15566817311172	6.86830472592152	33.6469447895897	3.94183927299271e-07	1.37912508248521e-05	"gene-27378"
"gene-275720"	2.7264630299174	4.77818631017778	33.6121592909041	3.98487977763953e-07	1.38961250213029e-05	"gene-275720"
"gene-188322"	3.03084407036735	4.58935327040874	33.5955880575901	4.00555511849216e-07	1.3922576549112e-05	"gene-188322"
"gene-75666"	4.15350192127018	3.15026344914813	33.5815668331083	4.02313601070136e-07	1.39381350520585e-05	"gene-75666"
"gene-8715"	4.2903307980344	5.34777818636814	33.5593058826505	4.05121350167519e-07	1.39898398713693e-05	"gene-8715"
"gene-9388"	3.39002449344169	5.21968958340974	33.5231590797119	4.09723988953981e-07	1.41029914126684e-05	"gene-9388"
"gene-54922"	-0.735951468088243	5.56752000235637	33.493337232344	4.1356218156149e-07	1.4155405731312e-05	"gene-54922"
"gene-89463"	-1.38248259677813	7.6613902556659	33.4906603143469	4.13908535392819e-07	1.4155405731312e-05	"gene-89463"
"gene-80550"	1.90712170547667	2.24539321062435	33.462209037667	4.17608404967813e-07	1.42361634462745e-05	"gene-80550"
"gene-222519"	9.59078954158758	3.18753161008775	37.0957021658254	4.22519548502237e-07	1.43575652328108e-05	"gene-222519"
"gene-390687"	11.4326292902302	3.7415253068998	37.0766059894875	4.24619734484972e-07	1.43829792865674e-05	"gene-390687"
"gene-218211"	3.86157237533379	3.42425440667578	33.3729910761057	4.29435125368059e-07	1.4482150426237e-05	"gene-218211"
"gene-367758"	-1.64434708405366	8.55407560586786	33.3667843734808	4.30270734739649e-07	1.4482150426237e-05	"gene-367758"
"gene-392461"	1.1046656513063	4.30736926860852	33.3399330509586	4.33905257580034e-07	1.45584111029061e-05	"gene-392461"
"gene-240602"	11.3524694922521	4.22027865668946	36.948081680115	4.39043990805098e-07	1.46629885839617e-05	"gene-240602"
"gene-153482"	8.70813816624134	7.55232530670446	33.2906520168026	4.40659103893889e-07	1.46629885839617e-05	"gene-153482"
"gene-246947"	3.99603334096702	3.47126015584339	33.2708707965378	4.43400732566927e-07	1.46629885839617e-05	"gene-246947"
"gene-122060"	4.20342637613647	2.24345200919239	33.2694062868614	4.43604413901449e-07	1.46629885839617e-05	"gene-122060"
"gene-299231"	4.55561582907484	3.4673331194674	33.2594526710673	4.44991324750384e-07	1.46629885839617e-05	"gene-299231"
"gene-286539"	2.9102759659217	3.06182235456347	33.2572858372585	4.45293842856302e-07	1.46629885839617e-05	"gene-286539"
"gene-253133"	3.16075975786134	4.4582866320317	33.2152850412538	4.51200136096509e-07	1.48116192824767e-05	"gene-253133"
"gene-87838"	2.86248187885881	4.9590178201347	33.1835558395886	4.55715981000999e-07	1.49138313043896e-05	"gene-87838"
"gene-224682"	7.01412546356538	3.04203974857567	34.8695381541696	4.61099624372458e-07	1.50437288491579e-05	"gene-224682"
"gene-13811"	3.22822994489208	4.30882002901368	33.1192578948624	4.65011862061522e-07	1.51249729813038e-05	"gene-13811"
"gene-270956"	2.4186643075045	3.24098296591245	33.0971573730977	4.68252398841531e-07	1.51839405917028e-05	"gene-270956"
"gene-252936"	3.80632094058729	4.78376930330349	33.0628262132473	4.73332926309708e-07	1.52611822190536e-05	"gene-252936"
"gene-218053"	-0.983734603642697	8.2097861727925	33.0580542476155	4.74043633960714e-07	1.52611822190536e-05	"gene-218053"
"gene-6993"	4.40683227065445	3.69193923894808	33.05205292324	4.74939010389879e-07	1.52611822190536e-05	"gene-6993"
"gene-57300"	4.99995304031124	4.79030447489208	33.0241159607655	4.79130312948796e-07	1.53494879774801e-05	"gene-57300"
"gene-32910"	2.25227563060295	6.06808568094332	33.0091083134043	4.81397729611803e-07	1.53712222449927e-05	"gene-32910"
"gene-200694"	-0.86784748026318	7.01312160935398	32.9899872860763	4.84302786839882e-07	1.53712222449927e-05	"gene-200694"
"gene-32203"	1.56372588542487	5.72495312966136	32.9869414719175	4.84767217781579e-07	1.53712222449927e-05	"gene-32203"
"gene-152706"	1.42526391806551	4.37210497153492	32.9815557820563	4.85589570733127e-07	1.53712222449927e-05	"gene-152706"
"gene-111729"	4.8313215985764	0.573525220445532	32.9573060581148	4.89310324598074e-07	1.54245004415739e-05	"gene-111729"
"gene-7080"	2.17002342212233	5.05395390751954	32.9517103373407	4.90173105420455e-07	1.54245004415739e-05	"gene-7080"
"gene-238577"	1.11654402880588	5.4288882205221	32.9323861693789	4.93164802122965e-07	1.54728638211795e-05	"gene-238577"
"gene-267326"	6.94463849456997	1.53262526088537	32.9227543494735	4.9466304925897e-07	1.54742240938777e-05	"gene-267326"
"gene-78265"	3.42548507153507	4.82035326658674	32.8964408734113	4.98780334354765e-07	1.55572657953e-05	"gene-78265"
"gene-144578"	0.884322055366549	5.48150653726797	32.8818690959562	5.01075704435094e-07	1.55831613812037e-05	"gene-144578"
"gene-215617"	1.05932749752171	4.92492928806762	32.8651257024785	5.03726718118205e-07	1.56199340347091e-05	"gene-215617"
"gene-80893"	3.56842345569575	0.54050650154293	32.821299878451	5.10735020148002e-07	1.57912141694597e-05	"gene-80893"
"gene-144820"	3.93135376660779	4.23260493321121	32.7966353500512	5.147237035704e-07	1.58248090392269e-05	"gene-144820"
"gene-41289"	1.94728748327956	4.99594821169243	32.7961822166011	5.14797285405464e-07	1.58248090392269e-05	"gene-41289"
"gene-409369"	3.01810236677161	4.67364522519242	32.777029938698	5.17917340280294e-07	1.58748381303205e-05	"gene-409369"
"gene-280975"	3.09646372764037	5.26749835523041	32.7439978475041	5.23344810610647e-07	1.59951017403875e-05	"gene-280975"
"gene-224743"	7.76355105471672	2.55454216589392	36.2645412250874	5.24935473852882e-07	1.59977469911153e-05	"gene-224743"
"gene-211303"	2.80056603766071	2.93658720662733	32.7128743116961	5.28512814474141e-07	1.60607494135628e-05	"gene-211303"
"gene-99820"	2.87678387809633	3.9613245729337	32.6991957838867	5.30800867519459e-07	1.60843248630683e-05	"gene-99820"
"gene-114715"	2.95163880880154	4.13176107568581	32.6576059706392	5.37821217196484e-07	1.6250757005971e-05	"gene-114715"
"gene-390637"	8.38436802111534	2.08361247050524	33.8354140856434	5.40066890592963e-07	1.62723837063647e-05	"gene-390637"
"gene-104583"	4.4242302846515	3.11601434055243	32.6071926289638	5.4646062416852e-07	1.63744680237684e-05	"gene-104583"
"gene-326728"	2.99180712424583	3.56365544526345	32.6067677333839	5.46534049307802e-07	1.63744680237684e-05	"gene-326728"
"gene-82952"	2.66712663746014	5.24812703443785	32.5827527414523	5.5070074067425e-07	1.64529580837397e-05	"gene-82952"
"gene-129873"	-1.19556868994112	8.71576569115654	32.5702259270722	5.52887285971858e-07	1.64720144918675e-05	"gene-129873"
"gene-38092"	3.55449178650391	4.11341408032122	32.5293258260152	5.60089435304386e-07	1.663997551368e-05	"gene-38092"
"gene-333603"	-0.813836844981571	8.51590715494146	32.500830572974	5.6516480925332e-07	1.67439913961513e-05	"gene-333603"
"gene-222350"	8.39059226551469	2.90501066139187	35.9495493681328	5.70317567901105e-07	1.68220421622081e-05	"gene-222350"
"gene-160065"	0.825576605010897	5.29644345265737	32.4686037065981	5.70962506633802e-07	1.68220421622081e-05	"gene-160065"
"gene-175696"	-1.38063833536723	8.77272314278233	32.4393723551593	5.7627479685205e-07	1.69316539760177e-05	"gene-175696"
"gene-115518"	2.64273569197577	3.84774327107651	32.4061455038982	5.82375665697282e-07	1.70637674389981e-05	"gene-115518"
"gene-404112"	1.90225229946686	4.27047308147409	32.3478638706178	5.93239667930067e-07	1.73321683460702e-05	"gene-404112"
"gene-199548"	2.29175714930985	2.13100202407589	32.3396100660157	5.94795171710758e-07	1.73321683460702e-05	"gene-199548"
"gene-174594"	-2.66664346466714	6.44697888447918	32.3091150615928	6.00579109875416e-07	1.74528945700408e-05	"gene-174594"
"gene-414434"	3.20272587558674	4.94708840348878	32.2029272116675	6.21180169542649e-07	1.8002376793612e-05	"gene-414434"
"gene-335834"	1.76548629273896	2.99618037930254	32.1707340154453	6.27569963600753e-07	1.81381362305913e-05	"gene-335834"
"gene-54892"	-0.836224755416238	7.88564661609517	32.157252946084	6.30265992017747e-07	1.81666913037961e-05	"gene-54892"
"gene-418688"	2.82721734754465	3.11486654544291	32.128875504747	6.35980523710747e-07	1.82818617572635e-05	"gene-418688"
"gene-329863"	3.61595169571413	4.16568600261688	32.1166845828814	6.38452001616246e-07	1.83034379762544e-05	"gene-329863"
"gene-356255"	3.16014757381688	5.33752611679131	32.07956623321	6.46038727530789e-07	1.84711502849932e-05	"gene-356255"
"gene-208432"	2.1087157651936	4.7579830386129	32.0664054919546	6.48751150807772e-07	1.84989738337573e-05	"gene-208432"
"gene-183330"	0.685057314592338	6.18252228022016	32.0429362018997	6.5361759100544e-07	1.85726931306577e-05	"gene-183330"
"gene-191915"	3.77725902669437	4.92928364052934	32.0348311579747	6.55307006103713e-07	1.85726931306577e-05	"gene-191915"
"gene-280707"	2.14265402264467	3.66733552278706	32.0281008312085	6.56713325930272e-07	1.85726931306577e-05	"gene-280707"
"gene-72859"	0.954474364346907	5.81720448052712	32.0204237907617	6.58321296564304e-07	1.85726931306577e-05	"gene-72859"
"gene-176053"	1.98634598287939	2.62853089389719	32.0062569798354	6.61299319665384e-07	1.86073533438122e-05	"gene-176053"
"gene-21271"	3.38288884732998	4.21293722162526	31.9416762919862	6.75053462689381e-07	1.89442444041273e-05	"gene-21271"
"gene-30604"	-5.2722209354856	4.99074048156816	31.9250448735979	6.78643501736781e-07	1.89948744328221e-05	"gene-30604"
"gene-225173"	8.13491337012479	3.04679936610041	35.2083256011016	6.94214033272515e-07	1.93339541157096e-05	"gene-225173"
"gene-405544"	4.43864391782061	-0.657835092666178	31.848087847301	6.9551570266748e-07	1.93339541157096e-05	"gene-405544"
"gene-31263"	3.29420314419443	4.93958612671141	31.844956472104	6.96211397735689e-07	1.93339541157096e-05	"gene-31263"
"gene-23834"	7.86054361574437	2.82210536853451	32.9711571325667	6.98654274840055e-07	1.93512678833303e-05	"gene-23834"
"gene-221519"	3.36323724527122	3.13755037781304	31.8251998745592	7.00617423355005e-07	1.93520897602633e-05	"gene-221519"
"gene-271328"	1.33233824764942	6.25500979773888	31.8175870699753	7.02322926613541e-07	1.93520897602633e-05	"gene-271328"
"gene-7406"	-1.05871785313254	8.16746534088248	31.7855631933536	7.09544681194262e-07	1.94674879329861e-05	"gene-7406"
"gene-221107"	-0.660977615325928	6.90515916229967	31.7827991393212	7.10171616961131e-07	1.94674879329861e-05	"gene-221107"
"gene-358996"	2.77809229034792	3.67595350738033	31.723166215423	7.23838613572263e-07	1.97911246631223e-05	"gene-358996"
"gene-215534"	-0.832356580022855	8.93918272620717	31.6811146213314	7.33640462939304e-07	2.00076922149293e-05	"gene-215534"
"gene-17262"	-2.54973176789518	7.89136882788306	31.6499421902232	7.40995498989119e-07	2.01565936758268e-05	"gene-17262"
"gene-87275"	1.68059725893008	4.820408418259	31.6353188371321	7.44472216478594e-07	2.01995063634345e-05	"gene-87275"
"gene-206132"	3.84572604785651	4.13000870785659	31.5758642637277	7.58783238843835e-07	2.0535416102654e-05	"gene-206132"
"gene-392368"	4.87178456941237	3.82703980698989	31.5354494105557	7.6867440079132e-07	2.0750306920854e-05	"gene-392368"
"gene-66244"	2.96737494993876	4.5339698272785	31.519038395352	7.72729037512476e-07	2.07852827693689e-05	"gene-66244"
"gene-253801"	-0.816875552014552	5.39777772332979	31.508099676437	7.75443993260327e-07	2.07852827693689e-05	"gene-253801"
"gene-347049"	3.51050980665296	4.88811888318845	31.5065365635529	7.75832762263958e-07	2.07852827693689e-05	"gene-347049"
"gene-122368"	1.33887722166869	3.57728076551189	31.4812885024324	7.82140480091079e-07	2.0901623483037e-05	"gene-122368"
"gene-194202"	3.4241039071095	3.61168839349645	31.461963440928	7.8700447588786e-07	2.09287639005679e-05	"gene-194202"
"gene-62933"	4.13122637447955	4.59865688020561	31.4616186825654	7.87091534432792e-07	2.09287639005679e-05	"gene-62933"
"gene-213755"	5.32375185236937	3.82375579035505	31.4470347676021	7.90783459343972e-07	2.0974495944096e-05	"gene-213755"
"gene-262696"	3.15140112649139	4.26039626632973	31.4249016304992	7.96420915347051e-07	2.10714747652518e-05	"gene-262696"
"gene-147255"	4.33679621913412	5.16870822841468	31.4132547860982	7.99404211074284e-07	2.10946854913908e-05	"gene-147255"
"gene-225107"	7.61682400487989	1.54182015425699	34.6725146207845	8.01264849428534e-07	2.10946854913908e-05	"gene-225107"
"gene-270896"	-0.954854277863187	7.26428279059727	31.3161234127651	8.24741236223026e-07	2.15893989290471e-05	"gene-270896"
"gene-285922"	3.60052589900784	4.20856497233639	31.3051063868795	8.27667337176811e-07	2.15893989290471e-05	"gene-285922"
"gene-229820"	4.0689293815093	4.50991273939572	31.3017993618701	8.2854778190607e-07	2.15893989290471e-05	"gene-229820"
"gene-255088"	-0.739486327232604	8.75641411735586	31.2975815312377	8.29672128236542e-07	2.15893989290471e-05	"gene-255088"
"gene-146131"	4.22897245912113	5.17632234339004	31.2955832797815	8.30205355582951e-07	2.15893989290471e-05	"gene-146131"
"gene-39831"	2.11295820728343	5.4904251044402	31.2798632399972	8.34412651021101e-07	2.16056521189717e-05	"gene-39831"
"gene-249939"	9.05448954221616	8.81989903178046	31.2780733447629	8.3489310087414e-07	2.16056521189717e-05	"gene-249939"
"gene-399571"	3.0866863794314	4.06394226538116	31.2480936121114	8.42983270316523e-07	2.17620632599188e-05	"gene-399571"
"gene-249793"	3.54006427897021	3.6568773057212	31.2383415052947	8.45632460482179e-07	2.17743574695649e-05	"gene-249793"
"gene-281451"	1.1225176767683	3.43721515599936	31.2312879819288	8.47553966942448e-07	2.17743574695649e-05	"gene-281451"
"gene-258455"	3.74934241770216	4.09990458840431	31.193465494684	8.5793523051553e-07	2.19601899108372e-05	"gene-258455"
"gene-58286"	3.553153006344	5.72799423257726	31.1837130410023	8.6063340411726e-07	2.19601899108372e-05	"gene-58286"
"gene-280686"	3.66678617206612	5.5150853783245	31.1824571908844	8.60981496128162e-07	2.19601899108372e-05	"gene-280686"
"gene-385482"	4.27310491632292	3.18492925227622	31.1312265501026	8.75306964008617e-07	2.22721647588413e-05	"gene-385482"
"gene-74305"	2.60533009047226	5.14814711360054	31.1206501848025	8.78295145358545e-07	2.22948619714403e-05	"gene-74305"
"gene-326849"	7.17055984269721	4.24465190185676	31.1053654424221	8.82632360384378e-07	2.23516137739244e-05	"gene-326849"
"gene-119278"	3.5798956615863	4.30904469831379	31.072922996369	8.91912240593015e-07	2.25329657742216e-05	"gene-119278"
"gene-30328"	6.73114668428803	8.8752094560175	31.0391768394844	9.01672764987074e-07	2.26929316873272e-05	"gene-30328"
"gene-342049"	2.67693464252743	3.48612664545529	31.0362954457905	9.02511292190619e-07	2.26929316873272e-05	"gene-342049"
"gene-3862"	-1.27303198375537	9.09341214542842	30.9448930619943	9.29535983080365e-07	2.32741016982365e-05	"gene-3862"
"gene-119257"	3.91790190379676	5.01058977822276	30.9386033883857	9.3142631257635e-07	2.32741016982365e-05	"gene-119257"
"gene-122692"	5.249999539037	0.308226476167855	30.9337873017591	9.32876465447976e-07	2.32741016982365e-05	"gene-122692"
"gene-79088"	-1.35686948042269	9.314110016877	30.9279955367713	9.34623511341797e-07	2.32741016982365e-05	"gene-79088"
"gene-125638"	-1.37035350267212	10.8756944992244	30.9215691886289	9.36565957770327e-07	2.32741016982365e-05	"gene-125638"
"gene-228465"	-1.51286918933979	6.65075077951744	30.8618648009557	9.54814345020831e-07	2.36624658064296e-05	"gene-228465"
"gene-404013"	1.20836138687587	4.07342185119672	30.8559457857134	9.56643502892511e-07	2.36624658064296e-05	"gene-404013"
"gene-259602"	-0.56900495595006	8.83132168355717	30.8344843712725	9.63306360860498e-07	2.3771987132511e-05	"gene-259602"
"gene-348484"	3.44671772497393	4.19058334900084	30.8241712895676	9.66525285730669e-07	2.37962105070171e-05	"gene-348484"
"gene-70534"	3.64924548500395	0.200119952059976	30.8161872977035	9.6902493500829e-07	2.38026540617741e-05	"gene-70534"
"gene-156998"	-1.7307255376797	5.3944068270557	30.7681756240028	9.84199015707128e-07	2.40744361596867e-05	"gene-156998"
"gene-300876"	3.31780399197539	4.44730179169628	30.7668659876533	9.84616371705876e-07	2.40744361596867e-05	"gene-300876"
"gene-285669"	3.56966739569318	2.87119291561734	30.6053889610499	1.03751324666845e-06	2.53096121366183e-05	"gene-285669"
"gene-326168"	1.4482899142698	8.14707787111554	30.5865560257285	1.04387221453737e-06	2.54064642421499e-05	"gene-326168"
"gene-240983"	8.4424667348194	2.66219599876373	33.6837613384275	1.04709200607474e-06	2.54266451520797e-05	"gene-240983"
"gene-97311"	3.01888117228508	3.61349590263086	30.5520410229102	1.05563169203906e-06	2.55756234089463e-05	"gene-97311"
"gene-210389"	4.09013453662706	4.78053241126399	30.5244196373906	1.06514168421951e-06	2.57181560735135e-05	"gene-210389"
"gene-285657"	2.55245953399326	4.20958343243157	30.5209262763874	1.06635077363854e-06	2.57181560735135e-05	"gene-285657"
"gene-234650"	3.10870022555937	1.61093937800551	30.5118697448319	1.06949198753504e-06	2.57355583244856e-05	"gene-234650"
"gene-327631"	3.186691548034	4.39844089973406	30.4713803712424	1.0836536686935e-06	2.60174727318828e-05	"gene-327631"
"gene-214179"	3.5510319261033	4.70394320376353	30.4401430700649	1.09471251875306e-06	2.62237890753549e-05	"gene-214179"
"gene-280698"	3.5184439398876	4.44730942444143	30.4329112027286	1.09728948816979e-06	2.62264516767951e-05	"gene-280698"
"gene-58752"	-2.01274577889247	8.58223440820182	30.4190723367421	1.10223836781161e-06	2.62856665471845e-05	"gene-58752"
"gene-291876"	-1.29034213372351	9.37604454950756	30.3953289332295	1.11078333600525e-06	2.63308203377838e-05	"gene-291876"
"gene-147790"	3.22796491312354	5.226403932292	30.3953020738257	1.11079304130222e-06	2.63308203377838e-05	"gene-147790"
"gene-348108"	3.94265128740113	4.04168947236225	30.3828340828255	1.11530772441569e-06	2.63308203377838e-05	"gene-348108"
"gene-147885"	3.82719161970427	4.78750999788012	30.3810488150155	1.11595573353728e-06	2.63308203377838e-05	"gene-147885"
"gene-195592"	3.18906040013547	5.48589647189011	30.3795227642522	1.11650996355213e-06	2.63308203377838e-05	"gene-195592"
"gene-146310"	4.1250096256935	2.32297556174406	30.3374726594455	1.13189485548654e-06	2.66027286011646e-05	"gene-146310"
"gene-56282"	3.38950833022405	3.88026885719161	30.334360782716	1.13304212639409e-06	2.66027286011646e-05	"gene-56282"
"gene-321546"	1.71266052998587	5.62050421626701	30.3047571781455	1.14401690339415e-06	2.67663516672066e-05	"gene-321546"
"gene-174050"	0.887570523971321	4.69698452760958	30.294113431395	1.14798977187837e-06	2.67663516672066e-05	"gene-174050"
"gene-32615"	3.07116174684068	4.40130762934124	30.2878403376994	1.15033797541307e-06	2.67663516672066e-05	"gene-32615"
"gene-172797"	-1.07776503957521	7.82186111699265	30.2846423391995	1.15153700236641e-06	2.67663516672066e-05	"gene-172797"
"gene-13914"	-1.0351518265936	8.58134755825124	30.2818262071477	1.15259393226595e-06	2.67663516672066e-05	"gene-13914"
"gene-252747"	2.43083982745293	4.52781629691029	30.2586681747888	1.16132379042225e-06	2.68940237263149e-05	"gene-252747"
"gene-133861"	-0.884605249451895	6.2587123820792	30.2538497175689	1.16314882607229e-06	2.68940237263149e-05	"gene-133861"
"gene-200848"	2.15590814969	3.25236694785691	30.2290110702262	1.17260413208294e-06	2.70516517610759e-05	"gene-200848"
"gene-84601"	4.28618844070688	2.38908238411792	30.2226121126854	1.17505294411593e-06	2.70516517610759e-05	"gene-84601"
"gene-58220"	2.69158684041239	4.62354093116462	30.2103169020809	1.179773128756e-06	2.71016565819629e-05	"gene-58220"
"gene-153056"	3.1096346849008	3.42931971897197	30.200509421017	1.18355240063768e-06	2.71298778732379e-05	"gene-153056"
"gene-225738"	5.10978252762003	2.76350466313644	30.1632467328698	1.19802661258545e-06	2.74026044117394e-05	"gene-225738"
"gene-206961"	3.26881249551377	2.7662115752757	30.1207320103093	1.21476601847454e-06	2.77258613143673e-05	"gene-206961"
"gene-211119"	-1.50362758118758	6.12634353044878	30.111412439614	1.21846783040486e-06	2.77501080269641e-05	"gene-211119"
"gene-173646"	1.59095215052091	5.26597904151239	30.1049378477857	1.22104649836585e-06	2.77501080269641e-05	"gene-173646"
"gene-127607"	-1.6936206199969	5.10985829691366	30.0956939623897	1.22473794759029e-06	2.77746541803206e-05	"gene-127607"
"gene-402536"	-1.20666439908711	9.58752554955679	30.0773083723218	1.23211458447678e-06	2.78280128208168e-05	"gene-402536"
"gene-31823"	1.77132813224434	1.9365595054415	30.0767890361854	1.23232362153109e-06	2.78280128208168e-05	"gene-31823"
"gene-218159"	3.85162216008033	6.48834360518637	30.0636232528015	1.2376352964443e-06	2.78887479088593e-05	"gene-218159"
"gene-224250"	10.0672948182751	2.54009577617977	31.0556623736493	1.24962912461141e-06	2.8099482810501e-05	"gene-224250"
"gene-273987"	3.57228403583365	4.60367164416424	29.9815134290201	1.27130397170337e-06	2.84037256232016e-05	"gene-273987"
"gene-348472"	3.80335170286843	4.24519430727876	29.9796170671479	1.27209272513364e-06	2.84037256232016e-05	"gene-348472"
"gene-142683"	1.27729967578811	4.21017910393187	29.9784748532047	1.2725680515589e-06	2.84037256232016e-05	"gene-142683"
"gene-73181"	1.70090920893726	8.67135360999388	29.9747032088416	1.27413891438731e-06	2.84037256232016e-05	"gene-73181"
"gene-244566"	2.08078568670389	4.56582203620185	29.9649677752456	1.27820298140573e-06	2.84037256232016e-05	"gene-244566"
"gene-116890"	-1.77507698265024	6.1981267469676	29.9615653673345	1.27962649764988e-06	2.84037256232016e-05	"gene-116890"
"gene-259741"	3.37903913355264	3.38767461362074	29.9562516405538	1.28185298036262e-06	2.84037256232016e-05	"gene-259741"
"gene-407334"	2.90623889004119	4.58636550270905	29.9484869901678	1.28511366273419e-06	2.84167752948875e-05	"gene-407334"
"gene-144404"	1.61555885229797	4.4781131011403	29.9163843109757	1.29868668156758e-06	2.86573268571634e-05	"gene-144404"
"gene-387992"	0.927399380441603	5.67254923908962	29.9024046666318	1.30464380014961e-06	2.87291748620937e-05	"gene-387992"
"gene-330657"	3.79987585454567	4.67267400692448	29.8877130973841	1.31093492754946e-06	2.88080658872233e-05	"gene-330657"
"gene-199509"	-0.698725690677454	5.9482478059974	29.8622961290967	1.32189343802499e-06	2.89889868182141e-05	"gene-199509"
"gene-101301"	3.81209048473134	3.92355452878359	29.8294777108665	1.33618418842249e-06	2.92420885351062e-05	"gene-101301"
"gene-185524"	3.50387798428092	3.51834573333323	29.8011088478834	1.34866686116572e-06	2.94546627009417e-05	"gene-185524"
"gene-136420"	1.56308250739716	4.79293064416772	29.7865917385479	1.35510143610399e-06	2.95249862740072e-05	"gene-136420"
"gene-362111"	0.747286204733443	4.51560646800585	29.7813363003246	1.3574387258358e-06	2.95249862740072e-05	"gene-362111"
"gene-240184"	-1.54065429710175	7.82241632754404	29.7613102273975	1.36638357013141e-06	2.96588890855463e-05	"gene-240184"
"gene-122000"	1.33846768318892	4.04818720888329	29.6892260788931	1.39909144853889e-06	3.03069992803659e-05	"gene-122000"
"gene-329366"	-0.567385534126645	5.43331768495013	29.6452900141249	1.41942575293708e-06	3.06849843663389e-05	"gene-329366"
"gene-266947"	-0.505031790094752	7.08985252083449	29.6273072512189	1.42783689469212e-06	3.08042052980636e-05	"gene-266947"
"gene-431436"	-0.788969933853212	7.84044603081058	29.591468461876	1.44475488032624e-06	3.10203005991049e-05	"gene-431436"
"gene-211528"	0.78042975605875	5.12740293112755	29.5907996207549	1.4450725866825e-06	3.10203005991049e-05	"gene-211528"
"gene-118985"	7.60753522021744	5.63204133867276	29.5875799898731	1.44660296137232e-06	3.10203005991049e-05	"gene-118985"
"gene-47321"	2.40690916615284	4.95592441754819	29.5720165143631	1.45402449387613e-06	3.11167092894699e-05	"gene-47321"
"gene-49103"	1.16274306068998	6.39837487383484	29.5558460988696	1.46177741096359e-06	3.12198083192947e-05	"gene-49103"
"gene-137421"	-1.04706780564239	8.88305996235958	29.5347627660437	1.47195046004315e-06	3.13740783427233e-05	"gene-137421"
"gene-54961"	-0.510372428529312	6.5495140775401	29.4828188440159	1.49732970102362e-06	3.18052932163264e-05	"gene-54961"
"gene-121573"	3.00707135400922	4.3139718530048	29.4811307497708	1.49816208173933e-06	3.18052932163264e-05	"gene-121573"
"gene-229595"	3.73885227831888	5.99299339060162	29.4635400684229	1.50686454745827e-06	3.19106937048537e-05	"gene-229595"
"gene-70190"	1.60120112584349	3.77557400127287	29.4589833903866	1.50912739126941e-06	3.19106937048537e-05	"gene-70190"
"gene-69615"	3.56076928983594	5.01836054266362	29.432853317417	1.52217199980179e-06	3.21226614878805e-05	"gene-69615"
"gene-273360"	3.2746575161911	3.77418764793234	29.4112068930868	1.53306709578739e-06	3.22623010757433e-05	"gene-273360"
"gene-70158"	3.20961763859683	3.75759443299826	29.407668746092	1.53485561717997e-06	3.22623010757433e-05	"gene-70158"
"gene-171811"	3.17213423693461	4.18592059481071	29.3600552037092	1.55913634593261e-06	3.27080358487954e-05	"gene-171811"
"gene-9803"	0.947802277648501	5.31695186476837	29.3462537383541	1.5662488999016e-06	3.27726470688093e-05	"gene-9803"
"gene-20981"	3.25255882224725	3.65876295797141	29.3421334020724	1.56837884148401e-06	3.27726470688093e-05	"gene-20981"
"gene-253041"	3.23314227449351	4.72948737996089	29.3298952440174	1.57472294272398e-06	3.28220265186152e-05	"gene-253041"
"gene-378680"	2.98112590362163	5.02868691751052	29.3256807888715	1.57691383518356e-06	3.28220265186152e-05	"gene-378680"
"gene-224201"	6.86086563431291	3.38395062742913	30.2342658784129	1.61109040049641e-06	3.34579811035246e-05	"gene-224201"
"gene-190496"	0.855633170832354	3.75466549570817	29.2535489791097	1.61490723871869e-06	3.34579811035246e-05	"gene-190496"
"gene-146645"	2.53424076348023	2.28224430991847	29.249805028542	1.61690506649226e-06	3.34579811035246e-05	"gene-146645"
"gene-250782"	0.853558445692549	3.76130693655855	29.2307568626882	1.62710933906353e-06	3.35717726424997e-05	"gene-250782"
"gene-331776"	-1.17252261132353	4.54525597706807	29.2258926895102	1.62972584170164e-06	3.35717726424997e-05	"gene-331776"
"gene-252158"	4.22279203260669	1.82241504032572	29.2219061969623	1.63187349155437e-06	3.35717726424997e-05	"gene-252158"
"gene-350043"	-0.891140528670694	8.61944590841863	29.1795189547457	1.65489174853943e-06	3.39795919642188e-05	"gene-350043"
"gene-360036"	4.08011068230785	2.21450399622369	29.1732691668514	1.65831413859357e-06	3.39842566051661e-05	"gene-360036"
"gene-182960"	-0.741722948077273	6.0203247602603	29.1562850372684	1.66765190391208e-06	3.40890265411187e-05	"gene-182960"
"gene-145387"	3.32522900998532	3.52065913544558	29.1523255230625	1.66983667054558e-06	3.40890265411187e-05	"gene-145387"
"gene-254113"	3.14363688098304	3.78596408001777	29.1031577322842	1.69721568320319e-06	3.45209756245969e-05	"gene-254113"
"gene-328666"	-2.70510972555493	8.0182376225689	29.1026748825861	1.69748686081837e-06	3.45209756245969e-05	"gene-328666"
"gene-121758"	-1.11315090040222	9.81986375974054	29.0911064567595	1.70399740304169e-06	3.45872449976172e-05	"gene-121758"
"gene-9713"	0.928805016054253	6.26218245003953	29.0687124500744	1.71667433882685e-06	3.46568464562395e-05	"gene-9713"
"gene-129453"	3.59466918502124	0.702429141654107	29.0674771146718	1.71737649376119e-06	3.46568464562395e-05	"gene-129453"
"gene-84083"	3.73651906792024	1.83171222009605	29.0623104355371	1.72031643275668e-06	3.46568464562395e-05	"gene-84083"
"gene-245652"	-0.985593331969869	7.62346462954797	29.0620579732057	1.72046022272419e-06	3.46568464562395e-05	"gene-245652"
"gene-181373"	-1.23741335517512	7.83855416608329	29.0465200595202	1.72933395019399e-06	3.47697464919912e-05	"gene-181373"
"gene-326347"	2.88891839362707	3.91928478735976	29.0086044690558	1.751188013711e-06	3.51427088940192e-05	"gene-326347"
"gene-206715"	3.39666069808623	3.89310668409808	28.9857132225476	1.76452113660358e-06	3.53435909772423e-05	"gene-206715"
"gene-374700"	3.09779422357126	2.91103610846261	28.9745492919379	1.77106189030031e-06	3.54079215511919e-05	"gene-374700"
"gene-141548"	3.02928204579593	4.56970875368076	28.9352419531353	1.79429281327207e-06	3.58050625927987e-05	"gene-141548"
"gene-337600"	7.16709662606174	7.20952158793417	28.9114517645804	1.80850675985339e-06	3.60211196588026e-05	"gene-337600"
"gene-302394"	-1.78855410515535	8.68408920599409	28.893222367213	1.81947752877421e-06	3.61718934505468e-05	"gene-302394"
"gene-287167"	2.71768677869805	2.8676025770177	28.8757347507453	1.8300669507537e-06	3.62690545088915e-05	"gene-287167"
"gene-384593"	3.21040533719064	3.18031188101573	28.8738947397896	1.83118486943162e-06	3.62690545088915e-05	"gene-384593"
"gene-79470"	-0.72101731755667	6.63174093423515	28.8191896497592	1.86474812543275e-06	3.68651692604139e-05	"gene-79470"
"gene-5362"	1.96525696586599	1.51097728875823	28.7999837164694	1.87668279178008e-06	3.70062368157052e-05	"gene-5362"
"gene-365693"	-0.960952258144492	8.79981346792087	28.7965219154543	1.87884241072591e-06	3.70062368157052e-05	"gene-365693"
"gene-358125"	3.8591490025265	4.20539343445331	28.7827614352801	1.88745237859603e-06	3.71071044339138e-05	"gene-358125"
"gene-24483"	3.60239255378899	5.21845985293833	28.7687556350384	1.89625800050241e-06	3.71540681782164e-05	"gene-24483"
"gene-193592"	1.36103748872376	6.58149200443786	28.7628899073891	1.89995854338982e-06	3.71540681782164e-05	"gene-193592"
"gene-143631"	-2.11161216875387	7.94390363535771	28.7605947181827	1.90140856572849e-06	3.71540681782164e-05	"gene-143631"
"gene-300864"	1.43635133634433	6.30215600731424	28.7553680407752	1.90471489966008e-06	3.71540681782164e-05	"gene-300864"
"gene-165465"	4.07581916741463	3.60239203894167	28.7512764356776	1.90730737357147e-06	3.71540681782164e-05	"gene-165465"
"gene-26944"	2.07397298767221	8.0534703042164	28.735646288122	1.91724460219609e-06	3.72183749766563e-05	"gene-26944"
"gene-190490"	4.01890009920187	5.26417696512025	28.7350776591491	1.91760713493867e-06	3.72183749766563e-05	"gene-190490"
"gene-288912"	-0.530924292140514	6.30750749676601	28.726229947902	1.92325724147373e-06	3.72310628671675e-05	"gene-288912"
"gene-323535"	2.77557699801908	3.81054807348753	28.7230974213675	1.92526180678283e-06	3.72310628671675e-05	"gene-323535"
"gene-280460"	1.88614295974713	4.89739137834412	28.7166933139345	1.92936668746995e-06	3.72427297421604e-05	"gene-280460"
"gene-89828"	2.09792067928039	2.86658906834198	28.6944810029647	1.94367494281106e-06	3.74509541517002e-05	"gene-89828"
"gene-362311"	-1.21063276893623	7.62646304883905	28.6597107944098	1.96629450810307e-06	3.78182791829733e-05	"gene-362311"
"gene-157744"	1.90574410624061	4.13078285008279	28.6400343263549	1.97921608823941e-06	3.7998090820423e-05	"gene-157744"
"gene-21552"	2.98840759044654	2.7927305583572	28.6177040461279	1.99398750180514e-06	3.82127046291882e-05	"gene-21552"
"gene-104695"	1.6909016694995	4.80226802921819	28.6115778721302	1.99805996129174e-06	3.82215721852022e-05	"gene-104695"
"gene-225158"	7.73788408882766	1.94052884990776	31.3476927879938	2.00163743015773e-06	3.82215721852022e-05	"gene-225158"
"gene-27484"	3.48309142883187	3.91800691062028	28.592432139908	2.01084321948338e-06	3.83285456674287e-05	"gene-27484"
"gene-288903"	3.47281932156222	3.45253847862679	28.5653848771809	2.02904735273659e-06	3.85016982360625e-05	"gene-288903"
"gene-323934"	4.24057514755498	0.817326820076432	28.5642140545207	2.0298392343498e-06	3.85016982360625e-05	"gene-323934"
"gene-125426"	-1.33316345968003	9.6345082785947	28.5628130741357	2.03078720481676e-06	3.85016982360625e-05	"gene-125426"
"gene-206297"	3.43644556298609	5.98648458899165	28.5444116246538	2.0432813467241e-06	3.86195959702663e-05	"gene-206297"
"gene-164804"	1.47153853899023	5.87125755402159	28.5392967125775	2.0467684324831e-06	3.86195959702663e-05	"gene-164804"
"gene-68417"	0.862410996087299	5.62989699825806	28.5368050050588	2.04846939328343e-06	3.86195959702663e-05	"gene-68417"
"gene-27908"	3.43905036832655	4.35317310565962	28.5323271784742	2.05152987243329e-06	3.86195959702663e-05	"gene-27908"
"gene-185170"	-1.30383060953345	9.95513114518735	28.5268107329408	2.05530676152751e-06	3.86223369533686e-05	"gene-185170"
"gene-10198"	2.47873428378091	7.8198277917459	28.5124660981961	2.06516185571066e-06	3.87390855332249e-05	"gene-10198"
"gene-146041"	0.781092864392163	6.01612592642296	28.4890006619799	2.08138926577438e-06	3.89747468851696e-05	"gene-146041"
"gene-226935"	3.24860937181295	5.59986286927482	28.4774910901428	2.08939708714502e-06	3.90559357097969e-05	"gene-226935"
"gene-106467"	-0.788494242114947	5.50790516226975	28.4686914774882	2.09554106080938e-06	3.91020609171378e-05	"gene-106467"
"gene-39728"	3.0957495208163	3.55920120203444	28.4374360712018	2.11751624614547e-06	3.94429120735608e-05	"gene-39728"
"gene-345162"	-0.986667932978835	7.7096504857274	28.411467704963	2.13595648782875e-06	3.97168412666898e-05	"gene-345162"
"gene-430068"	5.53183732577718	4.44700824652782	28.4016083933207	2.14300130779719e-06	3.97782930361795e-05	"gene-430068"
"gene-29902"	2.02615894259336	4.25547206042422	28.372444796469	2.16398155067717e-06	4.00977487334536e-05	"gene-29902"
"gene-222555"	7.67227904607423	0.970232334754876	31.0408496614992	2.18317877425251e-06	4.03362107149501e-05	"gene-222555"
"gene-152165"	-1.21469537400417	7.30442997757253	28.3442943871819	2.18443563104657e-06	4.03362107149501e-05	"gene-152165"
"gene-206204"	0.781063356001718	4.95748323946202	28.3332422447182	2.1925210047543e-06	4.04072775694626e-05	"gene-206204"
"gene-164192"	-1.17508657629687	7.15069979441477	28.3275993195537	2.19666117759932e-06	4.04072775694626e-05	"gene-164192"
"gene-179836"	2.71040885046863	4.95314444740471	28.3234895272032	2.19968162022554e-06	4.04072775694626e-05	"gene-179836"
"gene-293061"	2.9772924383909	4.36935010584497	28.290515181085	2.22407267180905e-06	4.07848912713121e-05	"gene-293061"
"gene-39635"	4.59424473852288	-1.13832394875907	29.5426230596806	2.2472317283892e-06	4.11386517437995e-05	"gene-39635"
"gene-169660"	2.19553949262146	1.74973517060224	28.2223555620461	2.27538626645539e-06	4.15824885395524e-05	"gene-169660"
"gene-388159"	1.8355135696167	3.5769237666361	28.2124084146795	2.28297727912545e-06	4.16496506702886e-05	"gene-388159"
"gene-79356"	3.08068176365652	4.42243224866596	28.1862808994235	2.30304183467314e-06	4.19227569786837e-05	"gene-79356"
"gene-286572"	3.51647044456123	4.72294957624528	28.1826683741611	2.30583046563839e-06	4.19227569786837e-05	"gene-286572"
"gene-228519"	-0.838819898259492	8.00547488086988	28.1369063989127	2.34146134520631e-06	4.2497922982277e-05	"gene-228519"
"gene-216870"	3.0564554325491	3.34681891405956	28.105616146134	2.36615369740773e-06	4.28729313894866e-05	"gene-216870"
"gene-17372"	2.74887552279162	0.901231282927684	28.081473232003	2.38539087257614e-06	4.31479886406799e-05	"gene-17372"
"gene-2673"	2.84554690963739	3.20606554488679	28.0500197020154	2.41069754377942e-06	4.35317132014226e-05	"gene-2673"
"gene-274084"	2.83900626835605	4.41031768225315	28.0382079396572	2.42027297025471e-06	4.3630547985812e-05	"gene-274084"
"gene-183933"	2.27583049139666	6.56325431127815	27.9973838033658	2.45367365149547e-06	4.4118024324599e-05	"gene-183933"
"gene-43088"	1.2006915204994	5.2628029456584	27.9950345732928	2.45561022942484e-06	4.4118024324599e-05	"gene-43088"
"gene-378608"	2.25408301344083	1.99516244778547	27.9413433541642	2.50030654167243e-06	4.4834359713424e-05	"gene-378608"
"gene-188973"	0.903850907324594	5.9300664559096	27.9370557371369	2.503912153984e-06	4.4834359713424e-05	"gene-188973"
"g8866"	3.11187290171317	1.24756771740227	27.9142739000697	2.52316116332745e-06	4.51030960221022e-05	"g8866"
"gene-64119"	4.29665399451122	5.35662394935242	27.9079903049891	2.52849738869343e-06	4.51226480304419e-05	"gene-64119"
"gene-402584"	4.09538122698629	1.60841728483916	27.8963958584159	2.53837459707423e-06	4.52230355351449e-05	"gene-402584"
"gene-100197"	1.19460163882052	4.07527850015347	27.8840730377952	2.54891631415166e-06	4.53002932375246e-05	"gene-100197"
"gene-67362"	2.99626834287151	6.84879877136805	27.8813762593729	2.5512293765774e-06	4.53002932375246e-05	"gene-67362"
"gene-280603"	-0.897065928572569	6.88249670438279	27.863614797326	2.56651827240492e-06	4.54728917340288e-05	"gene-280603"
"gene-219239"	3.11155262385968	2.76777650285175	27.8601630398659	2.56950055774269e-06	4.54728917340288e-05	"gene-219239"
"gene-225140"	6.71110823040217	4.01972328117184	28.7329653930024	2.58294535569058e-06	4.55901665202285e-05	"gene-225140"
"gene-280046"	4.64205952695662	4.10605584011366	27.8426352715242	2.5847001139242e-06	4.55901665202285e-05	"gene-280046"
"gene-220007"	1.47019517849362	2.00394288543618	27.8365882515398	2.58996558565981e-06	4.56074072335724e-05	"gene-220007"
"gene-174585"	-1.47140440656498	6.87860540740351	27.8194360219739	2.60496177838946e-06	4.57956586362815e-05	"gene-174585"
"gene-22297"	-0.726734913262889	5.7016406007468	27.8055465770567	2.61717150061625e-06	4.59343829712119e-05	"gene-22297"
"gene-285630"	4.57273883509978	1.96256940383012	27.7740697532057	2.64506253444539e-06	4.63165176751147e-05	"gene-285630"
"gene-253053"	2.58137232473942	1.74130177058507	27.7711632161195	2.6476535113266e-06	4.63165176751147e-05	"gene-253053"
"gene-127295"	2.47010121503311	4.17122101760409	27.7433317558658	2.67259743722346e-06	4.66761023683231e-05	"gene-127295"
"gene-365624"	1.91323507455006	2.45615913260654	27.7376205285879	2.67774628364434e-06	4.66893597915429e-05	"gene-365624"
"gene-116114"	-1.16519120925052	5.91652556202402	27.6941673969607	2.71726014805849e-06	4.73007838539281e-05	"gene-116114"
"gene-144119"	-1.59625370103353	2.7941761010998	27.6803486548516	2.72995289414343e-06	4.73954311449919e-05	"gene-144119"
"gene-13300"	-0.959271873187836	7.56473628701902	27.6785499552583	2.73160956110192e-06	4.73954311449919e-05	"gene-13300"
"gene-100673"	0.865573400226062	5.72179375987391	27.6700757671079	2.73942867644137e-06	4.74536863235024e-05	"gene-100673"
"gene-115297"	0.846267729176821	6.50869853466734	27.6284032098977	2.77822007650951e-06	4.80473963150491e-05	"gene-115297"
"gene-13844"	-0.770504615334705	8.72769657980971	27.6189005812721	2.78714546060321e-06	4.81235050632723e-05	"gene-13844"
"gene-338655"	2.81568993282539	0.0154772770168965	27.6010673657566	2.8039759998532e-06	4.83356381433365e-05	"gene-338655"
"gene-23335"	3.39888341515757	4.52245980694851	27.5815159276761	2.82254971982636e-06	4.85770854693741e-05	"gene-23335"
"gene-390678"	5.52127445071183	1.201860501404	27.5203310984712	2.88150636156762e-06	4.94445523668792e-05	"gene-390678"
"gene-211152"	2.17580017200492	5.15832005484264	27.5189986828306	2.88280441646596e-06	4.94445523668792e-05	"gene-211152"
"gene-253843"	2.10773172099216	4.82921803690443	27.5147989062878	2.88689987023618e-06	4.94445523668792e-05	"gene-253843"
"gene-180073"	3.62156822356741	2.39916137986231	27.5025089517678	2.89891935286804e-06	4.95705888056342e-05	"gene-180073"
"gene-46835"	3.45048045619287	4.25052520347594	27.4968206860539	2.90450004780013e-06	4.95862961611592e-05	"gene-46835"
"gene-336035"	3.67609822578308	4.13485488999532	27.4789265519522	2.92212878720308e-06	4.98073105459807e-05	"gene-336035"
"gene-37909"	0.822747807542413	4.46353313207806	27.4685944608067	2.93235829949603e-06	4.99017005975037e-05	"gene-37909"
"gene-125748"	1.37571954696469	5.28258477951054	27.4576248163141	2.94325982118408e-06	5.00072068020989e-05	"gene-125748"
"gene-407436"	-0.715829800063047	7.61367612140679	27.4406029570643	2.96025952605673e-06	5.02158218806051e-05	"gene-407436"
"gene-203691"	-0.828632139474907	5.4024061510501	27.3895932016692	3.01181733783183e-06	5.09894097423793e-05	"gene-203691"
"gene-14276"	-1.18802635607304	4.13901574461217	27.3860323279853	3.01545117788234e-06	5.09894097423793e-05	"gene-14276"
"gene-102776"	0.992200522115381	4.38647981321718	27.3799602631249	3.02165819113995e-06	5.10099665987124e-05	"gene-102776"
"gene-350762"	2.99705237888258	4.51874058889963	27.3754680154333	3.02625883074347e-06	5.10099665987124e-05	"gene-350762"
"gene-225635"	4.80925235925104	1.42722391895308	27.3694538962205	3.03242947488659e-06	5.10331010995154e-05	"gene-225635"
"gene-220664"	0.668633049129378	5.24299613434565	27.3460412203758	3.05657644636135e-06	5.1358210242495e-05	"gene-220664"
"gene-340338"	2.68068569215205	3.17581008074748	27.333777566057	3.06930448291472e-06	5.14907294641655e-05	"gene-340338"
"gene-414094"	1.36341556295424	4.13771365105588	27.2723513196944	3.13389171231463e-06	5.24914523656353e-05	"gene-414094"
"gene-357892"	3.17379879941263	3.842349997952	27.2637836156338	3.14301204792515e-06	5.24953704308056e-05	"gene-357892"
"gene-56796"	-0.63060412662696	11.2477870180858	27.2540016385097	3.15345875180204e-06	5.24953704308056e-05	"gene-56796"
"gene-141064"	1.72179628248728	4.34003868741153	27.2537922853008	3.15368272590168e-06	5.24953704308056e-05	"gene-141064"
"gene-130853"	3.2958841197503	5.06945574411517	27.2536189718393	3.15386815581843e-06	5.24953704308056e-05	"gene-130853"
"gene-391198"	8.75777186092268	2.43950587533339	29.7447352747814	3.1647098459853e-06	5.25935217529681e-05	"gene-391198"
"gene-302737"	3.29967000369248	2.75131428098896	27.2211599776863	3.18879717814216e-06	5.28432173487676e-05	"gene-302737"
"gene-305683"	3.57773425953268	1.61037013291095	27.2203522838123	3.18967144959654e-06	5.28432173487676e-05	"gene-305683"
"gene-411562"	2.82090512736121	3.33917274521242	27.1925032554395	3.21996910343743e-06	5.32621949986944e-05	"gene-411562"
"gene-198946"	3.43785254759536	3.5124991222605	27.169209207175	3.24554121072084e-06	5.35573280433514e-05	"gene-198946"
"gene-335727"	2.52161508009239	3.42047329414808	27.1670861816395	3.24788234185423e-06	5.35573280433514e-05	"gene-335727"
"gene-34402"	4.01277518776601	5.59783899579692	27.148014900073	3.26899183160135e-06	5.3821976967356e-05	"gene-34402"
"gene-185569"	-1.16651832364955	7.18406161319783	27.1215147083319	3.29856145011466e-06	5.42248834365062e-05	"gene-185569"
"gene-288401"	-1.3487217355952	8.78514060344671	27.1076691864867	3.31412120251082e-06	5.42662607631432e-05	"gene-288401"
"gene-76840"	3.36528312946099	3.85681262025954	27.1058445859318	3.31617739675053e-06	5.42662607631432e-05	"gene-76840"
"gene-170317"	-0.913984305453945	10.8193604283468	27.1056605446718	3.31638487176035e-06	5.42662607631432e-05	"gene-170317"
"gene-402650"	0.741179841634564	5.78490068792479	27.0946020571711	3.32887624271451e-06	5.43738624193301e-05	"gene-402650"
"gene-111421"	4.98305719123655	3.91585147633638	27.0882726499014	3.33604778965276e-06	5.43738624193301e-05	"gene-111421"
"gene-330274"	-1.65272953316437	6.76318070682408	27.0862900392034	3.3382974952823e-06	5.43738624193301e-05	"gene-330274"
"gene-393215"	-0.961778135654293	7.82465532686531	27.0795664179521	3.34593867549604e-06	5.44149904473637e-05	"gene-393215"
"gene-176614"	2.37416566809433	4.50901768969674	27.0699533480748	3.35689524462904e-06	5.45098287356862e-05	"gene-176614"
"gene-291622"	3.50198027055531	5.18562225732197	27.0537828400387	3.37540999353902e-06	5.47269217854894e-05	"gene-291622"
"gene-287852"	1.50269702530039	4.19435975108939	27.0443150664481	3.38629959756532e-06	5.47359409665926e-05	"gene-287852"
"gene-96237"	2.67219925308248	4.69594609106014	27.04145339389	3.38959821305037e-06	5.47359409665926e-05	"gene-96237"
"gene-76361"	2.91784540872175	4.99496778580822	27.0397737801285	3.39153584041693e-06	5.47359409665926e-05	"gene-76361"
"gene-186344"	3.12819144582052	3.58222636422928	27.0354306948014	3.39655143267687e-06	5.47359409665926e-05	"gene-186344"
"gene-287098"	2.97855086765155	2.42172102094983	27.0109262996419	3.42499519936191e-06	5.50548141146804e-05	"gene-287098"
"gene-358347"	-2.36970081597862	9.55980049345556	27.0094719385221	3.42669113801414e-06	5.50548141146804e-05	"gene-358347"
"gene-5124"	2.25580459653179	4.49318505743006	26.9904696251952	3.44893030588706e-06	5.53285410760403e-05	"gene-5124"
"gene-137003"	-1.23039599729572	9.53192198929635	26.9282201907244	3.5228409653764e-06	5.64291212466015e-05	"gene-137003"
"gene-43486"	0.681515723909257	7.23421033739744	26.9171657015688	3.53613767966833e-06	5.65569328736126e-05	"gene-43486"
"gene-118590"	3.66492822736589	3.93317943379234	26.9028044705353	3.55348988485002e-06	5.67491267496468e-05	"gene-118590"
"gene-64607"	-1.36754158632928	10.1290107797027	26.8571260952686	3.609273011878e-06	5.7553564849077e-05	"gene-64607"
"gene-7331"	3.60631929268425	4.86075159529259	26.8427960086662	3.62696028392525e-06	5.77490263171093e-05	"gene-7331"
"gene-16026"	3.91374453758339	4.72612458134859	26.8272343096575	3.64626988669011e-06	5.79696958368252e-05	"gene-16026"
"gene-403809"	6.05983833820529	8.26841344904062	26.8146211011723	3.66199935350416e-06	5.80519247344974e-05	"gene-403809"
"gene-321653"	-0.663440248017432	8.50511473033751	26.8143340299394	3.66235817006842e-06	5.80519247344974e-05	"gene-321653"
"gene-38226"	1.39205484113198	1.7605714825419	26.7573233676267	3.73434714706231e-06	5.90884655568258e-05	"gene-38226"
"gene-228255"	2.2023107622494	2.73177051491801	26.7537860080709	3.73886210227001e-06	5.90884655568258e-05	"gene-228255"
"gene-290633"	2.74136124610241	4.18924263615444	26.730435012033	3.7688093083475e-06	5.94733765631811e-05	"gene-290633"
"gene-177812"	1.05986610200991	3.62598400694244	26.7188833993067	3.78371620033613e-06	5.96201563063334e-05	"gene-177812"
"gene-196966"	-0.787385372880558	7.13684717012077	26.6993285839972	3.80909089571119e-06	5.99311993591482e-05	"gene-196966"
"gene-120112"	-1.02829232825513	8.22319538620848	26.6949196347084	3.81483645354063e-06	5.99329402065851e-05	"gene-120112"
"gene-219328"	3.16560172360124	3.01171569805559	26.6721636273069	3.84463484423445e-06	6.03120002998194e-05	"gene-219328"
"gene-222344"	7.05174426138521	0.984589966218426	29.0583834154024	3.86412868265251e-06	6.05285311762771e-05	"gene-222344"
"gene-170750"	2.05061449626647	2.93204502678348	26.6237262357427	3.90887156286556e-06	6.11393499156442e-05	"gene-170750"
"gene-152610"	3.64856196071445	2.71100296006851	26.6063690715884	3.93216122770829e-06	6.14133139763662e-05	"gene-152610"
"gene-131482"	5.96526056088621	7.99432933054903	26.5924111078665	3.95099460267346e-06	6.16169774106083e-05	"gene-131482"
"gene-188385"	3.46079175610183	4.9328753390285	26.5789480433397	3.96924915254148e-06	6.18110307268393e-05	"gene-188385"
"gene-141642"	1.49842698648331	5.01829335063351	26.5745157110964	3.97527812965602e-06	6.18144125541249e-05	"gene-141642"
"gene-13249"	2.34590153460213	3.66448185045962	26.5127656781696	4.06027039945239e-06	6.30438481293075e-05	"gene-13249"
"gene-355708"	2.68626683152587	4.11037152601105	26.4821910841947	4.10305081655799e-06	6.36152310275667e-05	"gene-355708"
"gene-179931"	-0.695961998385968	7.46812306005044	26.4532949757158	4.14391387586829e-06	6.41221402482072e-05	"gene-179931"
"gene-354992"	3.1080685108644	3.24107447735915	26.4505602823653	4.14780297957565e-06	6.41221402482072e-05	"gene-354992"
"gene-30322"	-0.792057031235595	5.36879503165575	26.4387548418015	4.16463554968757e-06	6.42889168453948e-05	"gene-30322"
"gene-73653"	2.8628052174413	1.89615722697553	26.4270601774271	4.18138026471853e-06	6.44538557906467e-05	"gene-73653"
"gene-214212"	3.34541088619479	3.65812992350515	26.4091460988128	4.20716606822592e-06	6.47574794524614e-05	"gene-214212"
"gene-255416"	3.50911126718908	4.10318207842501	26.398178875228	4.22303406925198e-06	6.48907745683185e-05	"gene-255416"
"gene-174315"	-1.50336856712765	7.80362455209517	26.3907926775108	4.2337559230167e-06	6.48907745683185e-05	"gene-174315"
"gene-364323"	1.03614660965673	5.33573891758661	26.3890937585916	4.23622608956367e-06	6.48907745683185e-05	"gene-364323"
"gene-189745"	3.80835005644196	2.5793099721965	26.3844596799964	4.24297149901804e-06	6.48907745683185e-05	"gene-189745"
"gene-104948"	2.45886547596374	4.09488069137634	26.382154403984	4.24633124290614e-06	6.48907745683185e-05	"gene-104948"
"gene-241001"	7.04323945009211	2.70378651232098	27.1498624330319	4.2966271131317e-06	6.55651735656654e-05	"gene-241001"
"gene-159952"	2.47191357911824	3.8138736831634	26.3279454006216	4.32613936566434e-06	6.58684882035139e-05	"gene-159952"
"gene-14616"	0.945830502296325	4.27183981661036	26.3260957026513	4.32888992612413e-06	6.58684882035139e-05	"gene-14616"
"gene-286491"	2.55550246733329	4.17687183364327	26.319036525399	4.33940388600253e-06	6.59341424736041e-05	"gene-286491"
"gene-206319"	3.01483956865607	3.65694221066905	26.3147436809378	4.34581065125938e-06	6.5937292563188e-05	"gene-206319"
"gene-305392"	4.10406551044419	3.41961092675165	26.2630023368758	4.42380981678645e-06	6.70251299306848e-05	"gene-305392"
"gene-275877"	-0.641059550102678	6.15721907137746	26.2436426346609	4.45336749356292e-06	6.73769796038908e-05	"gene-275877"
"gene-30718"	2.04911997593412	3.58838964266213	26.1868456599617	4.54127471268768e-06	6.85890153048244e-05	"gene-30718"
"gene-138051"	2.88990040266409	3.58238546652136	26.1835848764012	4.54637606147999e-06	6.85890153048244e-05	"gene-138051"
"gene-347217"	3.91475940122865	6.27877251978525	26.1731442501401	4.5627501014131e-06	6.87385411878608e-05	"gene-347217"
"gene-72076"	-1.07023616853779	9.29792500671034	26.1355285925223	4.6222533743304e-06	6.95364736766311e-05	"gene-72076"
"gene-20041"	1.09851062474175	3.54210158369638	26.1188495688321	4.64889537406486e-06	6.9822279009613e-05	"gene-20041"
"gene-324223"	-0.540659921083451	7.00218212955472	26.1154277130458	4.65438095316055e-06	6.9822279009613e-05	"gene-324223"
"gene-392290"	6.48752019456762	7.18651355548269	26.0878028826704	4.69891377552453e-06	7.03152814122487e-05	"gene-392290"
"gene-14434"	3.95461534926592	2.23501765765116	26.0866014064947	4.7008606568043e-06	7.03152814122487e-05	"gene-14434"
"gene-257601"	-1.01550201868231	8.53129122939368	26.0827680422679	4.70707788318175e-06	7.03152814122487e-05	"gene-257601"
"gene-101124"	-1.45427920325598	6.33915456192395	26.0381745738872	4.78003475618954e-06	7.13049784948555e-05	"gene-101124"
"gene-59022"	-1.09204216412067	8.24601372280441	26.0278240548762	4.79713630779053e-06	7.13736397530311e-05	"gene-59022"
"gene-287310"	-1.06413281291659	8.78739039667726	26.027266874237	4.79805870848225e-06	7.13736397530311e-05	"gene-287310"
"gene-243284"	-1.64291947787859	5.98914264911727	26.0222870111408	4.80631096680455e-06	7.13965411214151e-05	"gene-243284"
"gene-349411"	5.089609745584	2.62277609882388	26.0173195447533	4.81455739779906e-06	7.14192921659565e-05	"gene-349411"
"gene-219248"	3.06785378031288	3.47136210787982	25.9901626858432	4.85990118078652e-06	7.18938695810429e-05	"gene-219248"
"gene-268393"	2.01861679324942	4.64094436916365	25.9900627603928	4.86006884437475e-06	7.18938695810429e-05	"gene-268393"
"gene-356770"	3.69612809635334	4.48968441541379	25.9660799362733	4.90048391330357e-06	7.23910373637455e-05	"gene-356770"
"gene-297013"	3.24225084261913	4.00226685677415	25.9557534411464	4.91799335155746e-06	7.25489282762345e-05	"gene-297013"
"gene-3053"	3.02577079047072	3.6358618273403	25.9459761460164	4.93463158118995e-06	7.26935477805213e-05	"gene-3053"
"gene-347435"	3.91583009559982	6.6665171681888	25.9386736801937	4.94709654753632e-06	7.27763746605758e-05	"gene-347435"
"gene-347420"	3.43972393295673	5.47500230642658	25.91433223905	4.98888341435635e-06	7.32417537824598e-05	"gene-347420"
"gene-74169"	1.12908116065371	5.22545659730064	25.912233250444	4.99250390111728e-06	7.32417537824598e-05	"gene-74169"
"gene-357185"	2.89423540197912	2.30609598854105	25.8941086131283	5.0238805505426e-06	7.36005420600152e-05	"gene-357185"
"gene-65074"	3.12516693210042	5.01247850607601	25.8619374524519	5.08008038486879e-06	7.43215061533211e-05	"gene-65074"
"gene-127531"	-0.994349213920756	6.48823132203851	25.8525369218807	5.0966254012582e-06	7.43775378186384e-05	"gene-127531"
"gene-78230"	-0.50959965882841	6.71615136059149	25.845053941221	5.10983559244706e-06	7.43775378186384e-05	"gene-78230"
"gene-327116"	2.81774791680415	4.41211137646353	25.8444930320325	5.11082723628344e-06	7.43775378186384e-05	"gene-327116"
"gene-310158"	-1.05765200237103	4.58645556596895	25.8438963744925	5.11188230024677e-06	7.43775378186384e-05	"gene-310158"
"gene-359383"	2.92534335574596	5.26850552959103	25.8398575369993	5.11903010146114e-06	7.43797871026512e-05	"gene-359383"
"gene-104957"	2.39983757777937	4.3189230015501	25.8298279770238	5.13682510494729e-06	7.45365236237645e-05	"gene-104957"
"gene-212345"	1.07991641977875	3.50514266987612	25.8133162024567	5.16626157580435e-06	7.48615233245982e-05	"gene-212345"
"gene-14156"	-0.623728510327535	6.82461036934806	25.7973837188222	5.19483175105636e-06	7.51731027268509e-05	"gene-14156"
"gene-358388"	-1.02729072346573	8.36585137264771	25.7792455818508	5.22755734908707e-06	7.53669051231446e-05	"gene-358388"
"gene-197737"	1.80532533136211	5.90215037579978	25.7789584701444	5.22807708971624e-06	7.53669051231446e-05	"gene-197737"
"gene-79960"	4.12029265350515	3.23823167704398	25.7781822455933	5.22948251042504e-06	7.53669051231446e-05	"gene-79960"
"gene-217099"	4.26511402949319	3.90880322992061	25.7626897762119	5.25761533199693e-06	7.56250821487429e-05	"gene-217099"
"gene-253193"	3.42925754089991	3.74320025451984	25.7566219741836	5.26867675374391e-06	7.56250821487429e-05	"gene-253193"
"gene-198760"	2.03827602397742	4.15533182331199	25.7531943333663	5.27493594222509e-06	7.56250821487429e-05	"gene-198760"
"gene-41467"	-1.24793673284823	8.70898959126804	25.7527008033588	5.27583781067763e-06	7.56250821487429e-05	"gene-41467"
"gene-37517"	3.36360648496176	6.7637026021223	25.7325608381968	5.31277846647114e-06	7.60521019776407e-05	"gene-37517"
"gene-89397"	3.3246876019526	3.12691714210628	25.7186994196497	5.33835933632854e-06	7.63155778241806e-05	"gene-89397"
"gene-430314"	6.31531407857295	0.847936492545227	26.7873113156405	5.35306047049213e-06	7.64230216968514e-05	"gene-430314"
"gene-70296"	-0.779401586647481	7.91759478951434	25.7037491329319	5.3660934094073e-06	7.65063934349277e-05	"gene-70296"
"gene-93305"	-0.814833288621936	8.24640340494665	25.6652135020201	5.43827388597401e-06	7.7431701541124e-05	"gene-93305"
"gene-238220"	2.87404101868758	3.55811961439168	25.6407229490809	5.48467123545614e-06	7.79879187972078e-05	"gene-238220"
"gene-145752"	0.89127053272944	4.78993716040387	25.6193251349302	5.52554657721855e-06	7.84642368428524e-05	"gene-145752"
"gene-134255"	2.99236687208809	2.52699636105621	25.6142761108217	5.53523766208549e-06	7.84970503652551e-05	"gene-134255"
"gene-9379"	3.34150887128671	3.95456252918317	25.6088555398231	5.54566158423488e-06	7.85401552728658e-05	"gene-9379"
"gene-363284"	2.86309947148802	3.20623339253821	25.5971707203703	5.56820138888843e-06	7.86556426505885e-05	"gene-363284"
"gene-93911"	-1.0635688553424	11.1099666085053	25.5969611491786	5.56860651710165e-06	7.86556426505885e-05	"gene-93911"
"gene-115728"	0.859841136745422	3.96338212389752	25.4892660834583	5.78090839361087e-06	8.15460764913066e-05	"gene-115728"
"gene-220105"	2.60195117898638	4.03855396305696	25.4852934299397	5.78889902414269e-06	8.15506357891148e-05	"gene-220105"
"gene-288762"	1.70075701010548	5.82909780289435	25.4794810377715	5.80061083915597e-06	8.16075355625171e-05	"gene-288762"
"gene-40060"	2.41899548349093	4.86789223723776	25.4704498057437	5.81885747894138e-06	8.17561005891948e-05	"gene-40060"
"gene-326882"	10.1283205013137	2.68644486697521	27.6586325787021	5.84617160271587e-06	8.19770860872975e-05	"gene-326882"
"gene-171982"	1.02284577061662	3.44549148302783	25.4551031969034	5.8500007841537e-06	8.19770860872975e-05	"gene-171982"
"gene-104716"	3.66566716368407	3.53977613015771	25.4409421177384	5.87889215679738e-06	8.2273548657496e-05	"gene-104716"
"gene-175494"	-2.63776918837966	6.52279964823389	25.4348575130976	5.89135151312148e-06	8.23395725276742e-05	"gene-175494"
"gene-76335"	3.20310189570856	4.23956353907368	25.4188736327314	5.92421256056299e-06	8.26901900185669e-05	"gene-76335"
"gene-104386"	2.9309036630718	2.99395239758187	25.4124100857113	5.93755499411849e-06	8.27678046100187e-05	"gene-104386"
"gene-220249"	3.13689982709727	3.15852535297632	25.4080999341266	5.94646963948682e-06	8.2783574719348e-05	"gene-220249"
"gene-40567"	6.01867687264712	3.20782970089071	25.390546253717	5.98291988156748e-06	8.31101043175863e-05	"gene-40567"
"gene-222501"	5.62470642181563	0.34230822401559	26.4409369215557	5.98555283069491e-06	8.31101043175863e-05	"gene-222501"
"gene-9417"	-1.16165168608459	7.7221073782089	25.3614668162943	6.0438159145858e-06	8.37864239245335e-05	"gene-9417"
"gene-123554"	2.47362081418855	-0.0787991622774823	25.3585230821649	6.05001631948493e-06	8.37864239245335e-05	"gene-123554"
"gene-258078"	-1.30201289778664	8.59876108684804	25.3250687377716	6.12094833866928e-06	8.46585260469265e-05	"gene-258078"
"gene-329989"	5.10541131974615	2.97002649135394	25.2725331363871	6.23408945326521e-06	8.61113966557517e-05	"gene-329989"
"gene-68203"	-2.97924036161333	5.80052820154725	25.2502345289822	6.28276787637307e-06	8.66712310416394e-05	"gene-68203"
"gene-286289"	-0.533406292297193	6.37582708483461	25.2414783215699	6.30199091734566e-06	8.67561855951951e-05	"gene-286289"
"gene-208825"	3.41097283799917	0.558114621257616	25.2400011422589	6.30523988953421e-06	8.67561855951951e-05	"gene-208825"
"gene-285307"	1.57031422005972	1.00637027166678	25.2302495343661	6.32673178429967e-06	8.68974173070558e-05	"gene-285307"
"gene-24914"	1.38073474789151	6.89849397525967	25.2279347833708	6.33184452923733e-06	8.68974173070558e-05	"gene-24914"
"gene-258431"	-1.53455653162255	9.03447271481831	25.2128812193318	6.36519942614309e-06	8.71935606828994e-05	"gene-258431"
"gene-146206"	0.625846183540844	4.45602768792301	25.2108027366544	6.36981916609748e-06	8.71935606828994e-05	"gene-146206"
"gene-79002"	2.20347016188527	4.26770524293674	25.1941819106688	6.40688720589858e-06	8.75882420590454e-05	"gene-79002"
"gene-21008"	1.40218712543852	4.18840466163639	25.1868877256759	6.42322563227943e-06	8.76988803914301e-05	"gene-21008"
"gene-405599"	4.04791221605883	1.32507635984434	25.1429825836682	6.52249023709468e-06	8.87918755136263e-05	"gene-405599"
"gene-145469"	-0.92252227466841	6.66073612219973	25.1409252829524	6.52718054002796e-06	8.87918755136263e-05	"gene-145469"
"gene-253623"	3.55922638236013	5.81857525698091	25.1404242675634	6.52832330308911e-06	8.87918755136263e-05	"gene-253623"
"gene-196133"	2.12461940864784	1.98179845092134	25.1352741070655	6.54008235275228e-06	8.88382067737845e-05	"gene-196133"
"gene-178537"	-1.35921787602059	7.97880417364235	25.1121196695807	6.59322245963259e-06	8.94458087763421e-05	"gene-178537"
"gene-262574"	2.84328045041068	5.33883414429084	25.0993921442239	6.62262370955577e-06	8.97302239169874e-05	"gene-262574"
"gene-410366"	4.94470914149498	-0.542439302128351	25.8283172751232	6.63160360861398e-06	8.97375775842472e-05	"gene-410366"
"gene-292"	-0.980155826232949	8.36873632834742	25.0864472058472	6.65266719534904e-06	8.99082189196092e-05	"gene-292"
"gene-156867"	-0.912355322716538	6.72671319079276	25.0751553715054	6.67898987701562e-06	9.01202115413375e-05	"gene-156867"
"gene-238238"	1.9492425797157	2.87037335394594	25.0724555105755	6.68529963389576e-06	9.01202115413375e-05	"gene-238238"
"gene-101990"	3.44358690351447	3.95193349852144	25.0640109782674	6.7050751542986e-06	9.02373961109251e-05	"gene-101990"
"gene-188540"	0.690029518383253	7.19133948732354	25.0615026474901	6.71096091799001e-06	9.02373961109251e-05	"gene-188540"
"gene-215910"	-0.485143365906218	8.22127624236156	25.038955770406	6.76410887955719e-06	9.07308413950097e-05	"gene-215910"
"gene-32659"	1.69107664770334	3.9017011235277	25.0386977757004	6.76471955869149e-06	9.07308413950097e-05	"gene-32659"
"gene-393507"	-1.13136603175353	6.76466438129523	25.0314156008853	6.78198031572137e-06	9.08477866977487e-05	"gene-393507"
"gene-279361"	-1.21610085587201	8.22425557005592	25.0179909723958	6.81392062450402e-06	9.11608298895909e-05	"gene-279361"
"gene-178688"	-0.660020564125393	6.83066471299469	25.0111052155475	6.83036414664113e-06	9.12660214367778e-05	"gene-178688"
"g6035"	5.21712430590713	2.28516520015888	25.0024365371695	6.85112411674484e-06	9.14285522028835e-05	"g6035"
"gene-30553"	-1.39443756999289	8.05794198894795	24.9811412365123	6.90240193812782e-06	9.19974273357487e-05	"gene-30553"
"gene-105154"	2.8392432958991	1.78972707538958	24.9522333078554	6.97265049167575e-06	9.28174100493908e-05	"gene-105154"
"gene-45037"	4.12376957876864	4.4519488977692	24.9447758737437	6.99089310968929e-06	9.29067417117808e-05	"gene-45037"
"gene-239030"	0.369370486460626	7.38714040744992	24.9423526663514	6.99683152605645e-06	9.29067417117808e-05	"gene-239030"
"gene-239938"	1.36335054800498	7.30306469347739	24.9140702278477	7.06653121245316e-06	9.3715244358668e-05	"gene-239938"
"gene-279942"	-1.97686111521178	5.70568896514555	24.8941555790518	7.11604247201855e-06	9.42543309245197e-05	"gene-279942"
"gene-141780"	-1.46398737167376	10.1964251343963	24.8770925726364	7.15875123860098e-06	9.47020872807961e-05	"gene-141780"
"gene-116468"	4.38597560368071	3.45461480118807	24.8642169809062	7.19115545442384e-06	9.49398801176888e-05	"gene-116468"
"gene-75772"	4.35041741461576	0.822349135111907	24.8586897247105	7.20511279184961e-06	9.49398801176888e-05	"gene-75772"
"gene-345135"	-0.957491781295797	7.63920798121298	24.8525854048183	7.22056009080517e-06	9.49398801176888e-05	"gene-345135"
"gene-324110"	4.08762376718734	0.10383534803129	24.8525826348084	7.2205671082784e-06	9.49398801176888e-05	"gene-324110"
"gene-76751"	-1.12271197251362	7.65987581176986	24.8511106846365	7.22429711394293e-06	9.49398801176888e-05	"gene-76751"
"gene-273412"	-1.69057283045215	9.79622080220386	24.8483231497072	7.23136638261147e-06	9.49398801176888e-05	"gene-273412"
"gene-291432"	3.97131237336537	3.46534808781589	24.8432674610633	7.2442061312104e-06	9.49398801176888e-05	"gene-291432"
"gene-267435"	-1.98470725318911	8.02124561784113	24.8417216260636	7.24813676716466e-06	9.49398801176888e-05	"gene-267435"
"gene-258440"	-0.922800214031679	10.9823987097838	24.8360059412517	7.26268947965111e-06	9.50134874607248e-05	"gene-258440"
"gene-88667"	-0.493227988330787	6.40944859540779	24.8100812406228	7.32907919439722e-06	9.57642337980452e-05	"gene-88667"
"gene-30831"	1.54933381322887	1.69425439174773	24.8065764492745	7.33810284931426e-06	9.57644931353454e-05	"gene-30831"
"gene-418700"	3.63658614374672	2.40662065021978	24.7987896095471	7.35819274446328e-06	9.59089926839601e-05	"gene-418700"
"gene-363459"	2.5583376421598	4.1689840350609	24.7951107052792	7.36770414993279e-06	9.59154239151593e-05	"gene-363459"
"gene-232248"	-0.883082455056741	6.66746422854743	24.7908436156962	7.37875227547025e-06	9.59311872923826e-05	"gene-232248"
"gene-283117"	3.36732508495408	0.232694648858188	24.7873022056635	7.38793460303256e-06	9.59311872923826e-05	"gene-283117"
"gene-45063"	2.83121298467462	3.80438278480631	24.7840431659187	7.39639529696245e-06	9.59311872923826e-05	"gene-45063"
"gene-194476"	3.28127089812495	4.09063187478968	24.7807353513596	7.40499292657447e-06	9.59311872923826e-05	"gene-194476"
"gene-409572"	0.933486321957266	5.41104989522806	24.7749137709893	7.42014957672152e-06	9.60105971995257e-05	"gene-409572"
"gene-196868"	1.25728369043209	8.16402337255695	24.7701918630882	7.43246691349962e-06	9.60531204033803e-05	"gene-196868"
"gene-172875"	1.45696775701492	4.42597361235783	24.745318900321	7.49770152526537e-06	9.6598646678032e-05	"gene-172875"
"gene-411056"	7.54998520713517	2.33955199812934	25.7469498787306	7.50002983808641e-06	9.6598646678032e-05	"gene-411056"
"gene-142656"	1.07740620507503	2.44905387183672	24.7437160451126	7.50192573862866e-06	9.6598646678032e-05	"gene-142656"
"gene-316880"	-0.971357292088552	5.44928808948773	24.7349417237609	7.52509378833771e-06	9.67798035462634e-05	"gene-316880"
"gene-235586"	-0.897495420291914	8.35386087603932	24.7184328402056	7.56888656649295e-06	9.72254559435012e-05	"gene-235586"
"gene-136310"	3.66892010896357	4.45343580498674	24.6903374412409	7.64402555075689e-06	9.80722023617012e-05	"gene-136310"
"gene-272210"	3.77641002946313	4.24880748304344	24.6864968925889	7.65435696091044e-06	9.80864345014981e-05	"gene-272210"
"gene-172624"	2.89074866155594	1.4697510501501	24.6824339682425	7.66530240296305e-06	9.81084914054332e-05	"gene-172624"
"gene-1807"	2.54695499320441	1.30199335943061	24.6755246548177	7.68395338774788e-06	9.822900027895e-05	"gene-1807"
"gene-194969"	3.53241614383648	2.51300138609253	24.6358869958212	7.79186785827089e-06	9.93772293280569e-05	"gene-194969"
"gene-69348"	3.18732241122532	4.51031079403853	24.6356709170445	7.79246044185779e-06	9.93772293280569e-05	"gene-69348"
"gene-226923"	3.27995615743322	3.19077120706242	24.630110949875	7.80772447454534e-06	9.93804047462811e-05	"gene-226923"
"gene-175431"	2.80111081371675	3.62167719920473	24.6287749148139	7.81139698833123e-06	9.93804047462811e-05	"gene-175431"
"gene-63727"	-0.718979950229883	6.51070073888634	24.6214510328898	7.83156095632675e-06	9.95179000376241e-05	"gene-63727"
"gene-89234"	0.951752967503728	2.8270739923414	24.6170229748587	7.84377847184548e-06	9.95542098168837e-05	"gene-89234"
"gene-294684"	2.6222208925375	3.77130114979618	24.6116152601189	7.85872588422144e-06	9.96250399339442e-05	"gene-294684"
"gene-89304"	1.36869032639082	5.18753801132343	24.563481189495	7.99308646226932e-06	0.000101207699538924	"gene-89304"
"gene-215940"	1.15334858614567	4.99461519886259	24.5540843973376	8.0195942716326e-06	0.00010142259770878	"gene-215940"
"gene-357404"	0.92689703724699	6.03476525143826	24.496875840629	8.18296293692436e-06	0.000103320413819257	"gene-357404"
"gene-288173"	-1.20571514893809	9.19655376736519	24.4947551588657	8.18908507424159e-06	0.000103320413819257	"gene-288173"
"gene-161445"	1.88695984449549	1.484877394364	24.4753985043234	8.24518611037479e-06	0.000103872930085431	"gene-161445"
"gene-402599"	3.40410857894572	-0.0753051132224695	24.4729162194483	8.25240935710691e-06	0.000103872930085431	"gene-402599"
"gene-148961"	-2.23067554987689	3.08705797509563	24.4667210267083	8.2704656108773e-06	0.000103977153944788	"gene-148961"
"gene-296429"	0.525030721704283	5.77060448708576	24.4042140177792	8.45496334420271e-06	0.000106171180789776	"gene-296429"
"gene-186681"	2.74506036833658	6.51765741167179	24.3685946982488	8.56200985955562e-06	0.000107388604795087	"gene-186681"
"gene-356649"	3.95714587517759	4.57202485539844	24.3639236022378	8.57615214750585e-06	0.000107439286502794	"gene-356649"
"gene-230049"	1.41671527508804	5.11772965017557	24.3591227780113	8.59071254221959e-06	0.000107495080704762	"gene-230049"
"gene-152204"	0.876094816291564	3.25031438026686	24.3556338440609	8.60131025519339e-06	0.000107501217243522	"gene-152204"
"gene-218086"	2.44343619861293	2.65996786741479	24.333400188021	8.66916593318581e-06	0.000108222123081413	"gene-218086"
"gene-56700"	2.19927370509352	2.72836315704414	24.3247954740936	8.6955763044381e-06	0.000108424559875737	"gene-56700"
"gene-37769"	0.901595015467609	6.87040775599039	24.2969972786564	8.78147084834856e-06	0.000109241169458132	"gene-37769"
"gene-214979"	1.02189708070779	4.92459479406072	24.296952598069	8.78160961702733e-06	0.000109241169458132	"gene-214979"
"gene-149164"	1.91480997762089	2.31329039555671	24.2914656295748	8.79866837236048e-06	0.00010928626481387	"gene-149164"
"gene-164068"	-2.02549195187373	9.75660001540555	24.2824341255198	8.82682209476602e-06	0.00010928626481387	"gene-164068"
"gene-366750"	3.31181905600499	2.09947479839622	24.2801756167334	8.8338771439094e-06	0.00010928626481387	"gene-366750"
"gene-69862"	1.53546119797212	3.5478092196578	24.2778837876346	8.84104227827637e-06	0.00010928626481387	"gene-69862"
"gene-416888"	3.36897392098436	3.34061790398919	24.2770627913982	8.84361049799843e-06	0.00010928626481387	"gene-416888"
"gene-21635"	-1.16175482592194	5.39847789888283	24.2760162195269	8.84688548371026e-06	0.00010928626481387	"gene-21635"
"gene-247117"	3.52505321598187	2.60810565422748	24.2721304400413	8.85905611101507e-06	0.000109309652896469	"gene-247117"
"gene-410227"	2.87818967149913	0.915536996777955	24.2679560820956	8.87215001282617e-06	0.000109344365627369	"gene-410227"
"gene-4047"	1.99736453295867	5.08475801742125	24.2557661615796	8.91050213346004e-06	0.000109689931355881	"gene-4047"
"gene-385168"	4.13892209518205	5.46641960785816	24.2448658694685	8.94494295825382e-06	0.000109986604975708	"gene-385168"
"gene-246645"	2.94677735148194	4.99462751787392	24.2331001076409	8.9822738925988e-06	0.000110069893943785	"gene-246645"
"gene-16211"	2.75286856914795	3.26645599505138	24.2320472831257	8.98562223685295e-06	0.000110069893943785	"gene-16211"
"gene-334373"	-1.18874806492751	3.07090670764003	24.231775599059	8.98648649655657e-06	0.000110069893943785	"gene-334373"
"gene-352289"	0.894560133598771	4.07476736336496	24.2296937853781	8.99311186885571e-06	0.000110069893943785	"gene-352289"
"gene-223746"	7.62311350866975	7.46202462330797	24.2193203495987	9.02620120246591e-06	0.000110258933589733	"gene-223746"
"gene-118573"	3.52373190208211	3.89533200964855	24.2183539589857	9.02929025542099e-06	0.000110258933589733	"gene-118573"
"gene-367523"	-1.50708388907926	8.47229354755697	24.2075765285242	9.06381481210465e-06	0.000110553594428377	"gene-367523"
"gene-351643"	2.59850386591046	5.05043965320629	24.1994850425889	9.08982547436865e-06	0.000110728817002117	"gene-351643"
"gene-141719"	3.37563271898435	4.60332536097797	24.1966361047154	9.09900207407394e-06	0.000110728817002117	"gene-141719"
"gene-171856"	2.91367303246711	2.63793895281297	24.1908794000151	9.11757420746152e-06	0.000110828022023498	"gene-171856"
"gene-343099"	-0.436767594704191	6.0007902919631	24.184241069832	9.13903961531956e-06	0.000110844917361052	"gene-343099"
"gene-517"	2.53507332116676	2.36529160807081	24.1840038980988	9.13980749582954e-06	0.000110844917361052	"gene-517"
"gene-426158"	-1.43129445630303	8.28454141120571	24.1656020818928	9.19959148263431e-06	0.000111442887254326	"gene-426158"
"gene-111720"	4.45795039724928	2.96557467828515	24.156491946674	9.22933907832863e-06	0.000111676052829469	"gene-111720"
"gene-226987"	1.51450316688146	5.35741936910283	24.1486661673051	9.25497277625353e-06	0.000111858966418446	"gene-226987"
"gene-393138"	-1.13463876249674	6.1752176725721	24.1372438942994	9.29252005512934e-06	0.000112176503423635	"gene-393138"
"gene-188072"	2.38572277743806	6.03427977604998	24.1337239908583	9.30412261049645e-06	0.000112176503423635	"gene-188072"
"gene-182614"	-1.03214399089634	8.36566107022998	24.1310685262019	9.31288572048418e-06	0.000112176503423635	"gene-182614"
"gene-414452"	-0.915597078182464	10.4696354433052	24.116850345171	9.3599525049329e-06	0.000112615899143061	"gene-414452"
"gene-197599"	-1.02768440470806	8.22671283952537	24.1104898642544	9.38108785411975e-06	0.00011274265583776	"gene-197599"
"gene-73822"	-1.20859542108421	8.4662641828778	24.0570089533835	9.56077758846925e-06	0.000114772494843069	"gene-73822"
"gene-136773"	-3.05964231348462	9.12559029000468	24.0506640260039	9.58233231500574e-06	0.000114901563136867	"gene-136773"
"gene-72234"	-0.852978442460637	10.6641386415696	24.0413208713225	9.61416462909782e-06	0.000115144904799208	"gene-72234"
"gene-77298"	3.10192814458215	4.11148527224433	24.0383592308343	9.62427795848965e-06	0.000115144904799208	"gene-77298"
"gene-24308"	-1.21675976492913	9.75596275088828	24.0210506841091	9.68360461202506e-06	0.000115683350774625	"gene-24308"
"gene-11475"	-0.862294001631069	8.33047912297278	24.0172631862231	9.69663730401244e-06	0.000115683350774625	"gene-11475"
"gene-86720"	3.93408060664992	1.39474382996816	24.015731434817	9.70191320900391e-06	0.000115683350774625	"gene-86720"
"gene-159886"	1.17427800745453	4.93296199172523	24.0021513391472	9.74881885249824e-06	0.000116055555108354	"gene-159886"
"gene-345180"	1.15887154820283	5.85283238110685	24.0003807906074	9.75495169865257e-06	0.000116055555108354	"gene-345180"
"gene-160918"	-1.27442371457798	9.98610250740994	23.9566526156267	9.90769922821649e-06	0.000117649575014293	"gene-160918"
"gene-177979"	2.90846821614095	4.87678158740304	23.9556988093959	9.9110585946603e-06	0.000117649575014293	"gene-177979"
"gene-138137"	0.610241181771615	6.26365495191434	23.9397436434616	9.96742986336535e-06	0.00011818682723161	"gene-138137"
"gene-72321"	-0.52728711362963	5.58437620130205	23.9325985142746	9.99278245649689e-06	0.000118355494662919	"gene-72321"
"gene-429764"	5.50815052051096	1.20625320800008	23.9158264058055	1.00525579103536e-05	0.000118931041084006	"gene-429764"
"gene-122493"	2.26319706979136	3.14393303726632	23.9033550929842	1.00972466330363e-05	0.000119327016876638	"gene-122493"
"gene-163213"	0.915248099368919	7.41813278954699	23.8980175294009	1.0116435989193e-05	0.000119421102309719	"gene-163213"
"gene-180052"	-1.94677690083952	5.56410718041688	23.8940059445693	1.01308832353567e-05	0.000119459062185426	"gene-180052"
"gene-414320"	1.56996182515287	7.89206057519608	23.889280581311	1.01479286240655e-05	0.000119483193671668	"gene-414320"
"gene-311551"	0.806076480031589	6.91429764700118	23.8852051658076	1.01626534906244e-05	0.000119483193671668	"gene-311551"
"gene-232392"	3.75494829503473	1.84352391643835	23.8841052843022	1.01666312780049e-05	0.000119483193671668	"gene-232392"
"gene-152584"	3.6152458610255	3.00481223259751	23.8646337266999	1.02373203017362e-05	0.000120181168575349	"gene-152584"
"gene-162742"	3.22168440928779	2.81250889243498	23.8400077050497	1.03274554002484e-05	0.000121105640173145	"gene-162742"
"gene-166814"	1.72615482662201	4.54439931866138	23.8332921733952	1.03521783832709e-05	0.000121261860445451	"gene-166814"
"gene-388261"	4.01245981196588	6.6281913971942	23.8102361843869	1.0437528067042e-05	0.000122127116084773	"gene-388261"
"gene-134098"	-0.919946431359427	6.7406737949409	23.8047694391949	1.04578723365721e-05	0.000122230692496462	"gene-134098"
"gene-1428"	-0.755870044966442	6.51967205029509	23.7973681246221	1.04854818264005e-05	0.000122330209758605	"gene-1428"
"gene-187893"	0.880948172000824	3.94760928685097	23.7963221130976	1.04893899304107e-05	0.000122330209758605	"gene-187893"
"gene-131251"	0.767625882064351	5.61080863834295	23.7659664171013	1.06034677940113e-05	0.000123525173556522	"gene-131251"
"gene-175551"	-0.850363000844909	7.24733729919884	23.7538477138674	1.06493703891542e-05	0.000123924183215584	"gene-175551"
"gene-18027"	1.17218796233762	4.85361924749138	23.7441789871269	1.06861414313117e-05	0.000124039814414849	"gene-18027"
"gene-260693"	8.71257110162756	3.33145514690837	24.4038865375368	1.06918523401982e-05	0.000124039814414849	"gene-260693"
"gene-27768"	2.52326115791357	2.33332069709071	23.7394452177542	1.07041925582038e-05	0.000124039814414849	"gene-27768"
"gene-146582"	1.30491258816596	4.62800552530148	23.738983174517	1.0705956152015e-05	0.000124039814414849	"gene-146582"
"gene-421725"	3.80261602654502	3.87744580817335	23.7320855103424	1.07323201540414e-05	0.000124209964263748	"gene-421725"
"gene-241055"	4.76209305082258	3.69236461410818	23.6918404995407	1.08874966916753e-05	0.000125661028380333	"gene-241055"
"gene-226245"	2.48552442314453	2.45480746417113	23.6904150526519	1.08930355649437e-05	0.000125661028380333	"gene-226245"
"gene-258129"	-0.459552800059287	5.32732316273482	23.6903874302545	1.08931429265388e-05	0.000125661028380333	"gene-258129"
"gene-350897"	0.655463251827746	4.80519804471028	23.6426110691085	1.10804969963648e-05	0.000127550520541796	"gene-350897"
"gene-157103"	-1.15735611208429	9.36187741975476	23.642503777945	1.10809214912203e-05	0.000127550520541796	"gene-157103"
"gene-431323"	1.97893949182671	6.7459579164969	23.6345795400328	1.11123203921921e-05	0.000127773664531195	"gene-431323"
"gene-117206"	-1.11140169119119	10.6334603799814	23.6290693966554	1.11342083004685e-05	0.000127887083675792	"gene-117206"
"gene-97407"	2.58337254432851	4.44563872014018	23.5856211494615	1.13083775925733e-05	0.000129747469336149	"gene-97407"
"gene-358511"	3.42611270880402	4.19044056421179	23.57590138246	1.13477276325561e-05	0.000130058654202443	"gene-358511"
"gene-317127"	0.78935919278815	5.75277905261671	23.5710364191918	1.1367476722529e-05	0.000130144760409923	"gene-317127"
"gene-258951"	0.658955742935863	5.75229757868893	23.5467097770887	1.14667677740401e-05	0.00013114036778999	"gene-258951"
"gene-403818"	8.64082922299344	5.13170375486031	24.1779002831934	1.1544723042173e-05	0.000131755900373589	"gene-403818"
"gene-55724"	-0.782937076814881	5.29078440977109	23.5276082547049	1.15453647187086e-05	0.000131755900373589	"gene-55724"
"gene-207324"	3.09543761755756	2.88227066022511	23.5100290445774	1.16181934438289e-05	0.000132377883880078	"gene-207324"
"gene-85884"	1.11197706255465	5.6504270259158	23.5067716500195	1.16317409088457e-05	0.000132377883880078	"gene-85884"
"gene-42287"	2.49896747337273	3.79802186113934	23.5054587602863	1.16372058506838e-05	0.000132377883880078	"gene-42287"
"gene-122782"	3.6561771486452	0.805496562117266	23.4811827898545	1.17387383975576e-05	0.000133380333120838	"gene-122782"
"gene-275101"	3.0594317479853	5.84769686112101	23.4784059271136	1.17504110694081e-05	0.000133380333120838	"gene-275101"
"gene-257466"	1.12417328581258	3.31719961811485	23.454205771522	1.18526505277139e-05	0.000134397431783331	"gene-257466"
"gene-348395"	0.819448529439893	5.01137983353705	23.4448189980039	1.18925561348291e-05	0.000134706312087372	"gene-348395"
"gene-233537"	2.933741168326	2.33821599353599	23.4246099686514	1.19789454245449e-05	0.00013554049312283	"gene-233537"
"gene-127707"	2.39984533772363	3.65237203916311	23.3943723757189	1.21094267276468e-05	0.000136824059179421	"gene-127707"
"gene-331551"	1.4159330661247	5.14809024811819	23.3923711853202	1.21181143049092e-05	0.000136824059179421	"gene-331551"
"gene-240691"	6.05758281930169	4.56460526784458	24.024528768487	1.21638556675623e-05	0.000137194876861286	"gene-240691"
"gene-255284"	1.43595336425248	1.78917725158438	23.366560218025	1.22307483767368e-05	0.000137584715839182	"gene-255284"
"gene-64072"	3.7379839994813	3.14809651915288	23.3663457664244	1.22316887541763e-05	0.000137584715839182	"gene-64072"
"gene-205239"	1.40511182057576	5.50933399100118	23.3650832374533	1.223722651221e-05	0.000137584715839182	"gene-205239"
"gene-6435"	3.14598432398262	2.42551719836676	23.3521649059551	1.22940396677496e-05	0.000138068783490245	"gene-6435"
"gene-341289"	-0.704069955483185	6.69949493730133	23.3493980559967	1.23062435829966e-05	0.000138068783490245	"gene-341289"
"gene-327554"	1.29922443888544	6.50372224800872	23.2821743746559	1.26066597134875e-05	0.000141290234681404	"gene-327554"
"gene-152619"	1.85669807017499	5.84346298579624	23.2610349180777	1.27027000557338e-05	0.000142216755571352	"gene-152619"
"gene-149020"	0.86310003682227	6.46167524078384	23.2361063468146	1.28169346072401e-05	0.000143340233421892	"gene-149020"
"gene-230234"	0.660417024221847	3.18743545168021	23.2327777569176	1.28322685310605e-05	0.000143340233421892	"gene-230234"
"gene-22"	2.05852527951239	2.19530685950452	23.2303468835071	1.284347898186e-05	0.000143340233421892	"gene-22"
"gene-7154"	3.20002976528766	6.91886072288495	23.2219978871101	1.28820597333571e-05	0.000143620112498938	"gene-7154"
"gene-134773"	0.721596461529976	6.31648526674151	23.2138042248029	1.29200400117924e-05	0.000143797905485371	"gene-134773"
"gene-309660"	0.775155540545534	6.82157396895463	23.2127259607196	1.29250467886438e-05	0.000143797905485371	"gene-309660"
"gene-232527"	1.54387650920721	4.81674612965485	23.2027434082421	1.29714954850818e-05	0.000144104267420558	"gene-232527"
"gene-76715"	3.40543471688949	4.86814485752883	23.200988048953	1.29796811008739e-05	0.000144104267420558	"gene-76715"
"gene-120784"	3.3669299751886	7.54149399874881	23.193307006608	1.30155627482376e-05	0.000144351955568567	"gene-120784"
"gene-305344"	0.734623486860709	5.90575696234555	23.1856890766403	1.30512515843452e-05	0.000144596991511557	"gene-305344"
"gene-172899"	-0.487531172203163	7.87362914063704	23.179535332273	1.30801553227395e-05	0.000144766422489758	"gene-172899"
"gene-348186"	-0.525587745200515	6.36928447738928	23.1764415898626	1.30947115974116e-05	0.000144776873752671	"gene-348186"
"gene-180043"	4.62288546457162	1.33197463964116	23.1465354638666	1.32362945966497e-05	0.000146120627749543	"gene-180043"
"gene-160909"	2.67645248307991	2.10291730373525	23.144974659777	1.32437274492816e-05	0.000146120627749543	"gene-160909"
"gene-126081"	1.8742909998869	7.56302307380223	23.12985008194	1.33159791204785e-05	0.000146583817850582	"gene-126081"
"gene-149291"	-1.05916042947119	9.50070942862341	23.1291028942695	1.3319559133711e-05	0.000146583817850582	"gene-149291"
"gene-309583"	0.916538709569731	5.22764122906647	23.1275392028827	1.33270545187582e-05	0.000146583817850582	"gene-309583"
"gene-230340"	-1.30079264629263	9.66223569565564	23.1235159919613	1.33463595357029e-05	0.000146644504154686	"gene-230340"
"gene-133525"	0.973572445296945	5.71324834610491	23.1028730288009	1.34458719149847e-05	0.000147585442402247	"gene-133525"
"gene-422359"	3.2887280844399	0.049482057999535	23.0999092034304	1.3460222755955e-05	0.000147590648693131	"gene-422359"
"gene-50383"	3.67294875302008	2.56132552113383	23.0824178470889	1.35452412932193e-05	0.000148337377309351	"gene-50383"
"gene-167083"	3.05340076720904	-0.467581946689682	23.080167956296	1.35562176330095e-05	0.000148337377309351	"gene-167083"
"gene-295673"	2.90629934540828	4.54799610863189	23.0603306414266	1.36533978802982e-05	0.000149247214650413	"gene-295673"
"gene-27242"	1.36598187093213	4.41737921890766	23.0510553620925	1.36990847736437e-05	0.00014949627625935	"gene-27242"
"gene-332616"	0.645458149573204	5.83154075906623	23.0499998704757	1.37042938466403e-05	0.00014949627625935	"gene-332616"
"gene-358829"	-0.644725836312263	5.960801339065	23.0216520601084	1.38449704946164e-05	0.000150876133381906	"gene-358829"
"gene-94341"	0.856636132405284	3.21446856506411	23.0170305166068	1.38680471700069e-05	0.000150972927021693	"gene-94341"
"gene-170982"	0.941776946573029	3.24825847106449	23.0060914342093	1.3922828830623e-05	0.00015141432253835	"gene-170982"
"gene-418912"	4.19510477782092	2.02132945449361	22.9538144758815	1.41877543316588e-05	0.000153858947837431	"gene-418912"
"gene-363122"	-0.904780323784176	5.58563315146434	22.9526711604001	1.41936066515082e-05	0.000153858947837431	"gene-363122"
"gene-292407"	3.30985201718032	3.09089022407529	22.9514319297286	1.41999527737296e-05	0.000153858947837431	"gene-292407"
"gene-29269"	4.28240766319011	4.40373362802741	22.95035305017	1.4205480140688e-05	0.000153858947837431	"gene-29269"
"gene-255723"	0.762716013860002	5.94292662838997	22.9193308998634	1.43653763480152e-05	0.000155432495256856	"gene-255723"
"gene-314900"	2.61091452106267	2.18817857995464	22.8915601511408	1.45101036745887e-05	0.000156838884840372	"gene-314900"
"gene-220580"	1.02003125168337	3.98626412474277	22.8380535624996	1.47932501075497e-05	0.000159737064105481	"gene-220580"
"gene-47360"	3.22487303184728	3.95752979130408	22.8255781401275	1.48600908878307e-05	0.000160296071686579	"gene-47360"
"gene-116483"	1.19487607163363	3.87026802571824	22.8171210223017	1.49055811888228e-05	0.00016032794334192	"gene-116483"
"gene-248072"	2.61141104693157	4.06233780625175	22.8166198376335	1.49082815762837e-05	0.00016032794334192	"gene-248072"
"gene-123115"	0.954049633537782	6.38473219060956	22.8148520928467	1.49178102685599e-05	0.00016032794334192	"gene-123115"
"gene-356607"	3.54760792723872	6.07288302959415	22.8138264238461	1.49233418492385e-05	0.00016032794334192	"gene-356607"
"gene-205721"	1.45936818201702	4.29399948958231	22.787453515457	1.50663106541946e-05	0.000161700585386492	"gene-205721"
"gene-211092"	-1.26417810873062	8.1444900670679	22.7598971009508	1.52172197235687e-05	0.000163155593729714	"gene-211092"
"gene-38044"	-0.783069699414014	6.4966876459951	22.75682195672	1.52341576921304e-05	0.000163172710184793	"gene-38044"
"gene-326008"	-0.529291918276107	4.93664445124926	22.7146233545008	1.54685818743395e-05	0.000165516938446151	"gene-326008"
"gene-198955"	1.54446985052871	3.18801932218427	22.6977115929409	1.55635825817734e-05	0.000166366094813811	"gene-198955"
"gene-79485"	-0.486056528745717	6.85177002606886	22.6939598048597	1.55847402205481e-05	0.000166424996973644	"gene-79485"
"gene-311934"	-0.913938468289171	5.42838082940119	22.6887737196381	1.5614035683706e-05	0.000166570595317851	"gene-311934"
"gene-7002"	2.25175954622719	4.4352264611621	22.6787245371872	1.56709654167614e-05	0.000167010408990655	"gene-7002"
"gene-47823"	2.00192048548288	6.86705545877747	22.6720070952552	1.57091409615563e-05	0.000167249672940053	"gene-47823"
"gene-225787"	-0.628098814000684	11.0646854786908	22.6554154227447	1.58038477764536e-05	0.00016808972495036	"gene-225787"
"gene-51133"	-0.952024238679918	5.89052556211371	22.6474602935187	1.58494670743998e-05	0.000168258318669576	"gene-51133"
"gene-147246"	1.40767170621509	7.78347096291773	22.647134478156	1.58513384079461e-05	0.000168258318669576	"gene-147246"
"gene-175085"	-0.688604296943702	4.39566457572051	22.590301617233	1.61813065292185e-05	0.0001715896074225	"gene-175085"
"gene-169536"	2.36418314734124	3.31844557976833	22.5674519622746	1.63159788152303e-05	0.00017282252956853	"gene-169536"
"gene-172049"	3.07418369769589	2.16817459705748	22.5650722078881	1.63300716638184e-05	0.00017282252956853	"gene-172049"
"gene-157073"	1.24620758130386	3.63871626873743	22.5610564100649	1.63538818712238e-05	0.000172849740014641	"gene-157073"
"gene-105466"	2.13791281642975	5.35305566019581	22.559158811797	1.63651455617472e-05	0.000172849740014641	"gene-105466"
"gene-21229"	4.42117677367934	2.83454231935856	22.5536734783048	1.6397750641076e-05	0.000173022297438972	"gene-21229"
"gene-361821"	3.29859444641743	3.79620439226311	22.5496856545725	1.64214969108824e-05	0.000173101130965456	"gene-361821"
"gene-101238"	3.52842238362729	2.94006005923709	22.5414101286369	1.64708894624312e-05	0.000173449881507345	"gene-101238"
"gene-225236"	4.27779682638317	2.74743589835888	22.5359592538813	1.65035075422474e-05	0.000173485253459772	"gene-225236"
"gene-157376"	0.68421591539279	7.27891295013978	22.5351868497124	1.65081350532538e-05	0.000173485253459772	"gene-157376"
"gene-169304"	-1.01151298384665	9.04749841644472	22.5310202232649	1.65331208281972e-05	0.000173485253459772	"gene-169304"
"gene-326680"	3.00841836989465	1.37066888584172	22.5299586580156	1.65394929492487e-05	0.000173485253459772	"gene-326680"
"gene-221564"	0.948595238707299	4.26278347001119	22.5095332451973	1.66625971961269e-05	0.000174488538501905	"gene-221564"
"gene-222105"	3.28442907169361	-0.0690830297795603	22.5086480735843	1.66679536590763e-05	0.000174488538501905	"gene-222105"
"gene-385686"	-0.929615300378062	6.98832087322241	22.5034478193406	1.66994583285824e-05	0.000174646449147298	"gene-385686"
"gene-270171"	3.04020546611831	3.50317869868562	22.4942783811381	1.67551606338913e-05	0.000175056864933269	"gene-270171"
"gene-115285"	-0.771088483400006	6.66469670942777	22.4890861400428	1.67867881106853e-05	0.000175171428225777	"gene-115285"
"gene-247804"	0.726934515123899	4.79976788639001	22.4870733809676	1.6799065136357e-05	0.000175171428225777	"gene-247804"
"gene-272164"	2.61965184040175	5.63368500086979	22.4709494677276	1.68977526473814e-05	0.000176027911026002	"gene-272164"
"gene-115904"	-1.21586959146987	8.7135157740739	22.4498146254237	1.70280249858947e-05	0.00017704565403591	"gene-115904"
"gene-71829"	2.7984738104188	3.08040125625019	22.4496987031992	1.70287423917578e-05	0.00017704565403591	"gene-71829"
"gene-6405"	1.88536318625876	4.61820053775774	22.4256108363978	1.71784994648906e-05	0.000178288140760123	"gene-6405"
"gene-249772"	1.07055800078457	2.83534814448822	22.4250866456312	1.71817736253409e-05	0.000178288140760123	"gene-249772"
"gene-225629"	4.63199580745335	3.05276874276712	22.4185616819843	1.72225837878778e-05	0.000178417574932248	"gene-225629"
"gene-381766"	-2.21029141103264	1.06519984624014	22.4177293150817	1.72277970529728e-05	0.000178417574932248	"gene-381766"
"gene-184811"	3.14270059486484	2.826907752721	22.4011949370112	1.73316961008617e-05	0.000179318988063001	"gene-184811"
"gene-285157"	1.42647754301068	4.12679600399999	22.383892910387	1.74411178001183e-05	0.000180275732674498	"gene-285157"
"gene-192127"	1.63372359090034	4.04233024081641	22.372690162808	1.75123498346741e-05	0.000180836264894752	"gene-192127"
"gene-84949"	2.53783933729632	4.80144228973925	22.3626208977766	1.75766332087002e-05	0.000181324026001683	"gene-84949"
"gene-31388"	1.93028386785501	3.23270980860409	22.3495676687652	1.76603324969008e-05	0.00018201094615992	"gene-31388"
"gene-124244"	4.56335699826709	1.10953868666438	22.3305054303174	1.77833088295232e-05	0.000183100941636795	"gene-124244"
"gene-126635"	3.84980843185621	1.84731036641271	22.3101994466407	1.79152902958892e-05	0.000184281458014582	"gene-126635"
"gene-121262"	1.88904697373595	4.7343785110947	22.305679160303	1.79448090636059e-05	0.000184406752850737	"gene-121262"
"gene-143831"	2.62235918258477	4.69132296310455	22.2918134825395	1.803567229219e-05	0.00018516159314646	"gene-143831"
"gene-331515"	2.89837397238801	2.69805583108523	22.2614032882277	1.82366351500427e-05	0.000187044215482984	"gene-331515"
"gene-392224"	6.42571486288581	2.83133567073668	22.8417977340215	1.82761553739848e-05	0.000187195048940006	"gene-392224"
"gene-74816"	1.21188497400721	4.46010046722245	22.2539054168045	1.82865415427479e-05	0.000187195048940006	"gene-74816"
"gene-218858"	-0.650492280411875	4.73780534399535	22.2375732503428	1.83957425938664e-05	0.000187879935493607	"gene-218858"
"gene-47336"	3.71580681588684	1.43836021686418	22.2372229991937	1.8398091886817e-05	0.000187879935493607	"gene-47336"
"gene-130862"	-1.64855270900278	9.34356452630695	22.2359788160407	1.84064397127058e-05	0.000187879935493607	"gene-130862"
"gene-411002"	6.89602381822269	3.57063238483495	22.2171658222168	1.85331470354698e-05	0.000188984512051899	"gene-411002"
"gene-305917"	2.87479319652021	4.07809675386628	22.2146454404019	1.8550190915963e-05	0.000188984512051899	"gene-305917"
"gene-188268"	2.0833944410331	4.77017169838292	22.2118971798992	1.85687944122663e-05	0.000188993011836234	"gene-188268"
"gene-105043"	1.3948992256609	1.35411982451547	22.2089126985302	1.8589018939479e-05	0.000189017978432408	"gene-105043"
"gene-7352"	2.01990651918524	4.48570650073643	22.1935162377238	1.86937190628312e-05	0.000189901046754797	"gene-7352"
"gene-177950"	0.984520685793672	6.13168819524371	22.1866582550124	1.87405527255497e-05	0.000190020263373113	"gene-177950"
"gene-186433"	-1.0745914856919	8.22773996844754	22.1865656179706	1.87411861863854e-05	0.000190020263373113	"gene-186433"
"gene-238407"	5.87817028743999	3.4873251753523	22.1751906149045	1.88191392526805e-05	0.000190628919134771	"gene-238407"
"gene-198575"	2.84230069729156	0.265039355624208	22.1612363420814	1.89152295142451e-05	0.000191419963000486	"gene-198575"
"gene-367041"	2.44703248097758	3.9598348973527	22.1143397898956	1.92419240977376e-05	0.000194540974052792	"gene-367041"
"gene-280481"	3.5279252979392	2.23971166460535	22.1030991250707	1.93210992573473e-05	0.000194991269685095	"gene-280481"
"gene-130665"	1.13076633995148	7.92437246982802	22.1028116131394	1.9323128831148e-05	0.000194991269685095	"gene-130665"
"gene-68000"	-1.03416459308558	6.46447944838947	22.0996233279586	1.93456501243532e-05	0.000195033492628077	"gene-68000"
"gene-225720"	4.18634616686224	2.52149555284312	22.0776877489638	1.9501340742045e-05	0.000196416913004158	"gene-225720"
"gene-269822"	1.45674179756269	2.13479716319429	22.0711724378932	1.95478349200525e-05	0.000196698933027132	"gene-269822"
"gene-54550"	3.55177632749866	3.8738192171492	22.0451574291312	1.97346354776597e-05	0.000198390910151596	"gene-54550"
"gene-60190"	4.28242157392538	3.39875069173501	22.0379421387468	1.97867734215572e-05	0.000198727216347198	"gene-60190"
"gene-203530"	3.60763715794885	3.10563377281908	22.0178453291819	1.99327512677479e-05	0.000199965734265905	"gene-203530"
"gene-266926"	3.45182014755258	3.86356286919366	22.0157971906621	1.99476912425842e-05	0.000199965734265905	"gene-266926"
"gene-33226"	3.35656220032733	4.89468753313212	22.0066372529597	2.00146504821688e-05	0.000200448043812004	"gene-33226"
"gene-400845"	0.90055314216621	4.6144153788801	21.9932244889567	2.011312054208e-05	0.000201244731971367	"gene-400845"
"gene-6092"	-0.5334345768036	6.23023347134875	21.9804299426952	2.0207522186932e-05	0.000201990680582868	"gene-6092"
"gene-258532"	-1.04384143989585	6.12276840421425	21.9779793694843	2.02256557747983e-05	0.000201990680582868	"gene-258532"
"gene-7139"	1.60224223771828	5.50783864229874	21.9632503957574	2.03350038719084e-05	0.000202892214992137	"gene-7139"
"gene-89292"	-1.12326065798077	8.43722707013683	21.9519809667247	2.04190839079277e-05	0.00020354018410939	"gene-89292"
"gene-105007"	1.56986382115934	4.30334294311388	21.9474383742015	2.04530780275718e-05	0.000203622645347122	"gene-105007"
"gene-188199"	-1.75769361026427	8.36000560694262	21.9457609593989	2.04656457198264e-05	0.000203622645347122	"gene-188199"
"gene-6217"	-0.99953321562316	7.63158447535206	21.9332707283633	2.05594795225801e-05	0.000204365069347815	"gene-6217"
"gene-30298"	-0.978323225730131	8.606190108043	21.9299871741408	2.05842217714e-05	0.000204419965229328	"gene-30298"
"gene-10177"	0.639628653348106	6.05024528741868	21.9267196754158	2.06088738230765e-05	0.000204473863789404	"gene-10177"
"gene-147823"	3.16213301774266	1.94447038811731	21.9205857676209	2.06552349288423e-05	0.000204729515403413	"gene-147823"
"gene-116474"	3.14255559888653	4.76720822379589	21.918220852325	2.06731383549516e-05	0.000204729515403413	"gene-116474"
"gene-149260"	-0.776257110288707	6.88722013975309	21.9092146729689	2.07414671074184e-05	0.000205215110841398	"gene-149260"
"gene-361518"	0.761330729710537	7.11268755057492	21.8876995684764	2.09056532919529e-05	0.000206647331239044	"gene-361518"
"gene-115225"	-0.812858431060862	5.45938652652053	21.8786013948584	2.09754899991491e-05	0.000207145136147585	"gene-115225"
"gene-10767"	1.47301551507586	2.50414268660766	21.8757347595609	2.09975443184012e-05	0.000207170576410497	"gene-10767"
"gene-392587"	0.876279349592358	4.51403970386086	21.8614087824969	2.11081230067693e-05	0.000208068578591286	"gene-392587"
"gene-18178"	2.59418587449311	1.57223882118933	21.8414686998675	2.1263046117163e-05	0.000209347518445426	"gene-18178"
"gene-2835"	0.651618369406617	6.17904371663042	21.839650072548	2.12772346219918e-05	0.000209347518445426	"gene-2835"
"gene-366123"	2.6284235159708	5.29726724826586	21.8191915580807	2.14375282371584e-05	0.000210729713798906	"gene-366123"
"gene-341353"	4.88375874277381	1.70040480875869	21.7801870028362	2.17466253759996e-05	0.000213570736379623	"gene-341353"
"gene-172542"	4.47092142013159	1.42831254906967	21.7532687360624	2.19626472653409e-05	0.000215493280732625	"gene-172542"
"gene-92565"	-1.36568487508325	8.35622105578671	21.7478015765452	2.20067941745317e-05	0.000215727431189234	"gene-92565"
"gene-42066"	0.548215195528087	6.164438709893	21.7435819088651	2.20409308681028e-05	0.000215863112995526	"gene-42066"
"gene-30586"	-5.84985667633862	5.80962911223665	21.7386608670952	2.20808112807072e-05	0.000216054745889238	"gene-30586"
"gene-366177"	3.78346343443487	0.36204712068842	21.7273965974054	2.21723807400965e-05	0.000216643533702971	"gene-366177"
"gene-79630"	1.91415120763121	3.93795669078623	21.7262500716629	2.21817232232546e-05	0.000216643533702971	"gene-79630"
"gene-90542"	3.11718203734198	1.48127182689793	21.722483767713	2.22124418759159e-05	0.000216744524580038	"gene-90542"
"gene-118665"	-0.864251188169322	6.44429195072881	21.7099402843351	2.23150686744764e-05	0.000217546352357223	"gene-118665"
"gene-38909"	3.53814747397717	2.83713825877159	21.6987553802502	2.24069965152489e-05	0.000218242504520318	"gene-38909"
"gene-88715"	1.37781838979857	2.11065431160543	21.6838723029422	2.25299313442667e-05	0.000219239112330851	"gene-88715"
"gene-243520"	-0.775583844516078	5.9340167240145	21.6755633135926	2.25988693013029e-05	0.000219572827158394	"gene-243520"
"gene-213699"	3.69077507831467	3.97784056786805	21.6747638463973	2.26055138904138e-05	0.000219572827158394	"gene-213699"
"gene-205011"	3.87368902149175	3.64654768227567	21.6565812097202	2.2757185392858e-05	0.000220730901355764	"gene-205011"
"gene-180343"	3.11243403261274	3.36414889279192	21.6554989359805	2.27662465952683e-05	0.000220730901355764	"gene-180343"
"gene-293157"	1.32463740730475	3.91601574453196	21.6485903199816	2.28241767464398e-05	0.000221091023565696	"gene-293157"
"gene-268137"	1.13977424857601	3.03130505461819	21.6459452215753	2.28463970590164e-05	0.000221104894558415	"gene-268137"
"gene-410018"	2.17955257507914	3.97469678067192	21.6156364308714	2.31026220921379e-05	0.000223381353247253	"gene-410018"
"gene-81834"	0.531576491340151	6.72122904032163	21.5965613842011	2.3265412036719e-05	0.000224751064870612	"gene-81834"
"gene-163646"	0.817061591968218	6.1738298541046	21.5587544412725	2.35916038879599e-05	0.000227493531014231	"gene-163646"
"gene-101881"	2.15993929157988	2.87768965972178	21.5575332630494	2.36022190778815e-05	0.000227493531014231	"gene-101881"
"gene-46880"	-1.6740512157365	6.49312854678716	21.5562396679068	2.36134691838766e-05	0.000227493531014231	"gene-46880"
"gene-304606"	3.22682786328112	3.61350000223896	21.5338448079876	2.38091200587248e-05	0.000229170860583346	"gene-304606"
"gene-198700"	2.36259579073495	3.73894621294194	21.529051339696	2.38512167408329e-05	0.000229368482147829	"gene-198700"
"gene-332033"	1.29765101058627	4.60138466551506	21.5249167242362	2.38875895876312e-05	0.000229510752352344	"gene-332033"
"gene-46583"	3.06929568907669	4.29376903497526	21.5212629706399	2.39197803035576e-05	0.000229612620314655	"gene-46583"
"gene-131587"	0.695165356067408	4.4558014479376	21.4933034627968	2.4167613027401e-05	0.000231782445590114	"gene-131587"
"gene-150162"	3.60299505624506	-0.248558872048839	21.4894140030103	2.42023004640024e-05	0.000231906006968585	"gene-150162"
"gene-363133"	-1.08383358697361	6.26611330420481	21.4787512996986	2.42976600289264e-05	0.000232610181879083	"gene-363133"
"gene-248762"	-1.19236398272926	8.55950330401818	21.45699453584	2.44934528273205e-05	0.00023394074120451	"gene-248762"
"gene-2601"	-2.36315949032477	1.89659776295139	21.4568295143554	2.44949441469173e-05	0.00023394074120451	"gene-2601"
"gene-222081"	2.3432443628759	2.37676774967626	21.4559790692621	2.45026312243159e-05	0.00023394074120451	"gene-222081"
"gene-147032"	-2.36538050796225	3.28821256839374	21.443164494756	2.46187653846047e-05	0.000234838734197897	"gene-147032"
"gene-377043"	1.74175997208733	4.7312936508689	21.4351986714886	2.46912457820405e-05	0.000235319077184394	"gene-377043"
"gene-341443"	3.31543267638491	2.03397698383434	21.4268429444525	2.476751277038e-05	0.000235834615779554	"gene-341443"
"gene-351382"	-0.864907014534672	6.96418801289335	21.4188439663451	2.48407534258996e-05	0.000236116212684068	"gene-351382"
"gene-227445"	0.994009242609256	5.04950049590705	21.4187641142103	2.48414857082993e-05	0.000236116212684068	"gene-227445"
"gene-321775"	-1.550302682046	1.84931123055176	21.4057605156788	2.49610354269149e-05	0.000237040690000595	"gene-321775"
"gene-123966"	3.74054519446919	2.05827371789651	21.3954189391864	2.50565393439348e-05	0.000237696698248379	"gene-123966"
"gene-194412"	2.78826315111153	3.42396335437978	21.3934450274495	2.50748115301505e-05	0.000237696698248379	"gene-194412"
"gene-190876"	1.09294991595932	4.77396501568043	21.3419741023204	2.55562016681617e-05	0.000242044310723569	"gene-190876"
"gene-324167"	3.32365783511674	2.84789876377531	21.3349741151316	2.56224099479255e-05	0.000242455473493003	"gene-324167"
"gene-430080"	5.67897774948343	2.18610536508621	22.0846245377177	2.57191394615022e-05	0.000242979354488684	"gene-430080"
"gene-203412"	2.3160884252272	5.29362904606947	21.3236590349695	2.57298099222741e-05	0.000242979354488684	"gene-203412"
"gene-363148"	-0.727527858879343	10.6284252092504	21.3219252406306	2.57463080583628e-05	0.000242979354488684	"gene-363148"
"gene-228193"	0.830049301293991	3.11350718254391	21.3179579495838	2.57841007776201e-05	0.000243120297757773	"gene-228193"
"gene-224307"	5.5981303479735	0.212883936000974	21.8494596143864	2.58728163196511e-05	0.000243740721324897	"gene-224307"
"gene-402818"	2.37045247241492	3.50681964026517	21.2955710570849	2.5998445771372e-05	0.000244707494888772	"gene-402818"
"gene-414422"	-0.835236844977534	7.98028439524092	21.2804919727544	2.61438670414439e-05	0.000245858682451633	"gene-414422"
"gene-237585"	0.787118306860213	5.60407726480758	21.2677052635196	2.62678446541372e-05	0.000246806356662017	"gene-237585"
"gene-247533"	-0.771079415921785	6.09507951417628	21.2373198122985	2.65649194243762e-05	0.000249377301851425	"gene-247533"
"gene-309708"	1.52071425212466	2.18096132758894	21.2308056515486	2.66290618710155e-05	0.00024975899652568	"gene-309708"
"gene-150996"	3.29253035131374	3.30837161482532	21.2248367421394	2.6687977073031e-05	0.000250091034492298	"gene-150996"
"gene-413822"	3.56627135362121	1.9369594412764	21.2168293123753	2.67672264988018e-05	0.000250431407149795	"gene-413822"
"gene-166511"	1.39143288765461	6.7991215195407	21.2164092558121	2.67713905537153e-05	0.000250431407149795	"gene-166511"
"gene-89251"	3.03611685445672	3.46588395750567	21.206066294639	2.68741343054428e-05	0.000251171610257196	"gene-89251"
"gene-203469"	0.579576278872667	6.31451170620698	21.1914178995121	2.70203501853617e-05	0.000252175297589255	"gene-203469"
"gene-55397"	2.364810913126	3.7135202391136	21.1905595989404	2.70289431413831e-05	0.000252175297589255	"gene-55397"
"gene-334325"	2.1594915484275	4.74946439130901	21.1536506924952	2.74011662432323e-05	0.000255424017671357	"gene-334325"
"gene-153411"	2.88801841672433	1.2068691798326	21.1512520318459	2.74255405558941e-05	0.000255427363706208	"gene-153411"
"gene-3950"	3.36277345057385	2.72034742001402	21.1465532759816	2.74733530712603e-05	0.000255648804257152	"gene-3950"
"gene-219091"	0.709496153232981	4.74026948829411	21.1252187702431	2.76915384344384e-05	0.000257304560270028	"gene-219091"
"gene-167850"	-0.492834601144574	6.67207247552335	21.1244267538497	2.76996729512206e-05	0.000257304560270028	"gene-167850"
"gene-240623"	4.35883063555133	3.72751499234777	21.1134835516441	2.78123217999053e-05	0.000258125527629837	"gene-240623"
"gene-118973"	3.5519347197735	3.09283957477957	21.1111094283263	2.78368238555164e-05	0.000258127688341127	"gene-118973"
"gene-134261"	2.17919371787439	0.0776516930853434	21.1055906932803	2.78938666870463e-05	0.000258431329340962	"gene-134261"
"gene-32245"	2.80610428220458	3.7736173826178	21.0840656373428	2.81175205133095e-05	0.000260276717301619	"gene-32245"
"gene-24501"	1.45797547323303	4.26490658702431	21.0751668832275	2.82105270913701e-05	0.000260910579255489	"gene-24501"
"gene-75362"	3.06535144678629	4.64430783550379	21.069104203593	2.82740755336267e-05	0.000261271127172592	"gene-75362"
"gene-160479"	4.24364945040237	0.283892416750632	21.0387455265239	2.85945427906326e-05	0.000264003087778792	"gene-160479"
"gene-160691"	1.46363488199384	3.77781238899971	21.0279212061103	2.87097177559913e-05	0.000264836563792475	"gene-160691"
"gene-400866"	-1.17639977576313	7.16517621869837	21.0216116543846	2.87770766760442e-05	0.000265227892137267	"gene-400866"
"gene-195335"	-0.961846027963931	4.25896924872807	21.0102898447556	2.88983580424958e-05	0.000266115096225096	"gene-195335"
"gene-115031"	1.81814810330719	4.8368532106106	21.0036979886631	2.89692163892505e-05	0.00026653683868172	"gene-115031"
"gene-53459"	1.34356537989833	4.23723020542974	21.001157356954	2.8996574896738e-05	0.000266557969405104	"gene-53459"
"gene-227403"	2.85317193537081	3.94160945684594	20.9914733397494	2.91011032073284e-05	0.000267287852947448	"gene-227403"
"gene-322912"	6.81276008488242	2.30155851502254	22.5193813644067	2.91286434148681e-05	0.000267309966661378	"gene-322912"
"gene-179029"	-0.805660352498357	5.44593412376472	20.9694808226	2.93399487816143e-05	0.000268709317906707	"gene-179029"
"gene-428765"	7.79001019472528	3.19357489775312	22.4964055407198	2.93481530173604e-05	0.000268709317906707	"gene-428765"
"gene-127849"	-0.755151141352754	6.54130020615526	20.9679250166637	2.93569224715677e-05	0.000268709317906707	"gene-127849"
"gene-289284"	1.00575726607347	4.14278974389332	20.9581380808553	2.94639318082115e-05	0.000269456903449818	"gene-289284"
"gene-187601"	-0.537819379677192	5.67622892113692	20.9277446883812	2.97988478574616e-05	0.000272285692278318	"gene-187601"
"gene-295963"	1.04784870894656	1.54266303553255	20.9122141574585	2.99715131554548e-05	0.000273628338129972	"gene-295963"
"gene-360840"	3.13993338619768	3.74255664415758	20.9004827606339	3.01026312398909e-05	0.000274589696284288	"gene-360840"
"gene-358397"	0.78078541152667	3.23126285746189	20.8946983056393	3.01675020680502e-05	0.000274945631530233	"gene-358397"
"gene-296510"	-0.714384208011997	10.5340570107673	20.8873824902201	3.02497552406795e-05	0.000275459243784133	"gene-296510"
"gene-93980"	-0.892065351367658	7.10276420316054	20.8560416181831	3.06047800179542e-05	0.000278316796059	"gene-93980"
"gene-362138"	-1.17802996957712	9.48562525931682	20.8542652149394	3.06250323836641e-05	0.000278316796059	"gene-362138"
"gene-347615"	1.52224781606425	9.20807699940555	20.8527724635478	3.06420616947245e-05	0.000278316796059	"gene-347615"
"gene-16220"	2.72906581490151	2.20780359021482	20.8468503932468	3.0709717940397e-05	0.000278693310592203	"gene-16220"
"gene-430263"	4.91142681075826	3.01320303074942	21.3587717332445	3.07891950059555e-05	0.000278743824165854	"gene-430263"
"gene-267939"	0.791394134126753	3.67669788023111	20.8371388602836	3.08210036602108e-05	0.000278743824165854	"gene-267939"
"gene-15427"	-0.39011611548298	6.10570857915665	20.8369654752217	3.08229943150296e-05	0.000278743824165854	"gene-15427"
"gene-327074"	-0.771454324090239	3.2617820119562	20.8353057595959	3.08420564892871e-05	0.000278743824165854	"gene-327074"
"gene-199730"	0.941641116443065	5.91273668609243	20.8349345120785	3.08463220236188e-05	0.000278743824165854	"gene-199730"
"gene-131449"	2.49626830001102	4.58175523919801	20.8301091484859	3.09018200955941e-05	0.000279008283987045	"gene-131449"
"gene-30274"	0.703634492665249	5.08654971994829	20.822778748584	3.09863285206775e-05	0.000279215086559538	"gene-30274"
"gene-232643"	1.06328209359212	4.99666103854024	20.8218117355164	3.09974946804347e-05	0.000279215086559538	"gene-232643"
"gene-213663"	3.03689466242663	5.33354013364673	20.8212935114293	3.10034803710807e-05	0.000279215086559538	"gene-213663"
"gene-199423"	-1.06112513708478	5.87911356111751	20.815105160424	3.10750513550442e-05	0.000279499627208065	"gene-199423"
"gene-284863"	5.9938730587122	4.86579123997695	20.8140188745734	3.10876324734055e-05	0.000279499627208065	"gene-284863"
"gene-2613"	-1.44704453574695	4.90641233481377	20.8001026927585	3.12492767906524e-05	0.000280715631710625	"gene-2613"
"gene-430032"	5.77659597496713	4.44605353315781	20.7954245608912	3.13038123770709e-05	0.000280968226533777	"gene-430032"
"gene-123646"	5.51939611990019	5.69189114009628	20.7876751326154	3.13943700353407e-05	0.000281244889505853	"gene-123646"
"gene-299566"	2.94294173651523	3.81416745681517	20.7862122177112	3.14114958510503e-05	0.000281244889505853	"gene-299566"
"gene-403700"	10.0828944474307	4.65960729203841	22.288667003512	3.14139647172765e-05	0.000281244889505853	"gene-403700"
"gene-125679"	-0.758286166381523	10.6056102918895	20.781445746476	3.14673627508431e-05	0.000281486013640006	"gene-125679"
"gene-60444"	3.80514724850149	0.643571135219479	20.7424952484463	3.19277913778161e-05	0.000285364696718027	"gene-60444"
"gene-38486"	-0.419295124624297	7.62229139260685	20.7244214655236	3.21438177701944e-05	0.000287054278592601	"gene-38486"
"gene-276196"	-0.815467572575301	8.06782024909664	20.707518920952	3.23472230304453e-05	0.000288628409523335	"gene-276196"
"gene-59055"	-1.16347687133324	5.99588101830047	20.7046618216338	3.23817376403969e-05	0.000288694184026204	"gene-59055"
"gene-90053"	2.42591647581057	4.61933215136927	20.6800323624752	3.26808644737312e-05	0.00029111698035394	"gene-90053"
"gene-194467"	2.56112124132281	3.25983049216253	20.6721892414489	3.27767229962541e-05	0.000291674191053982	"gene-194467"
"gene-217111"	5.85154576676018	8.14492395837706	20.6704300762582	3.27982636800078e-05	0.000291674191053982	"gene-217111"
"gene-148862"	1.60724814831763	4.51544423126	20.6616214730198	3.29063455808176e-05	0.000292390886881852	"gene-148862"
"gene-20570"	0.615384308216864	6.03797186109853	20.6579301091352	3.29517490248664e-05	0.000292549918721602	"gene-20570"
"gene-195497"	0.550715187709838	6.31799516036553	20.6470365962712	3.30861191380788e-05	0.000293497884197336	"gene-195497"
"gene-175837"	-1.15068101968608	8.23574655196783	20.6255878974571	3.3352357262476e-05	0.000295613059869746	"gene-175837"
"gene-128145"	-2.48151584487693	3.65059449389996	20.5956295432777	3.37279653238539e-05	0.000298693288246886	"gene-128145"
"gene-272736"	3.20594641021118	6.40688326235967	20.5923797336197	3.37689744961197e-05	0.000298807664509758	"gene-272736"
"gene-190421"	1.62594038708648	5.73530309068335	20.5898439027465	3.38010100886988e-05	0.000298842513136658	"gene-190421"
"gene-156537"	-0.656644986420077	11.0488534533197	20.5796139841547	3.39305682798268e-05	0.000299738807495214	"gene-156537"
"gene-22247"	1.58895183635095	4.23296382390441	20.5611734768759	3.41654190883696e-05	0.000301340011743979	"gene-22247"
"gene-359832"	-0.924352547694652	6.81679937033672	20.5577284303647	3.42094812167254e-05	0.000301340011743979	"gene-359832"
"gene-164492"	-1.64207010402595	6.80254392034981	20.5570734802141	3.42178647212772e-05	0.000301340011743979	"gene-164492"
"gene-327044"	-0.633120824601471	10.958292386508	20.5547161196802	3.42480571701736e-05	0.000301340011743979	"gene-327044"
"gene-93851"	1.44283109899744	3.67650428308044	20.5540265651179	3.42568940479212e-05	0.000301340011743979	"gene-93851"
"gene-34578"	-0.348451465328475	7.90308619475714	20.5520827254027	3.42818178084068e-05	0.000301340011743979	"gene-34578"
"gene-414302"	1.5020603999439	7.91154651467274	20.5491245866685	3.43197830877963e-05	0.000301424618432537	"gene-414302"
"gene-245448"	-0.778603387020213	6.82475885442138	20.5355022243301	3.44951810643904e-05	0.000302715136799386	"gene-245448"
"gene-125867"	1.8936509541917	2.70655273850013	20.518146595535	3.47200014564823e-05	0.000304436880042165	"gene-125867"
"gene-125903"	-0.555333972902514	5.48309476440564	20.509460145326	3.48330962171127e-05	0.00030504312039633	"gene-125903"
"gene-166529"	2.86745861242943	2.75980990281175	20.5084324667516	3.48465016248158e-05	0.00030504312039633	"gene-166529"
"gene-300888"	2.87772261989227	3.47579113739941	20.5060004628849	3.48782469697374e-05	0.000305069929909644	"gene-300888"
"gene-72937"	-0.476138219351237	6.74481561045927	20.500673743081	3.49478828282029e-05	0.000305427840395042	"gene-72937"
"gene-414371"	1.99799195796709	3.11085289548544	20.4976850663756	3.49870170220521e-05	0.000305518812025079	"gene-414371"
"gene-10898"	3.13385604816574	1.23909935246827	20.4796547112928	3.52240798427468e-05	0.000307336598201357	"gene-10898"
"gene-258782"	-0.563944487825122	6.61574194736709	20.4752009372386	3.52828953355648e-05	0.000307597438351694	"gene-258782"
"gene-9670"	-0.981673086598282	8.90097931105723	20.4659730042877	3.54050830972514e-05	0.000308409880280398	"gene-9670"
"gene-408231"	-0.87490277141636	6.00560424974633	20.4604652800222	3.54782213040452e-05	0.000308794076751084	"gene-408231"
"gene-150508"	-0.683609717686512	5.46047371211704	20.4576492657543	3.551567653601e-05	0.000308867322679479	"gene-150508"
"gene-105121"	3.06510442432915	3.58753962355303	20.4514552313441	3.55982071654817e-05	0.000309332133506588	"gene-105121"
"gene-285387"	2.74612371746625	3.5241907181118	20.4337742567198	3.58348932766976e-05	0.000311134632564045	"gene-285387"
"gene-79236"	1.96158094344553	2.46491174737765	20.4310483246479	3.58715295450244e-05	0.000311198685351451	"gene-79236"
"gene-335022"	-0.774736325060263	5.88086448679457	20.4174122466506	3.60553838880668e-05	0.000312414189019779	"gene-335022"
"gene-215563"	0.609861778532049	4.56664708460562	20.4163027806459	3.60703858702791e-05	0.000312414189019779	"gene-215563"
"gene-228157"	0.613939979099825	4.55421712940589	20.4041832519347	3.62346879442462e-05	0.000313448137030345	"gene-228157"
"gene-175298"	2.75723191830363	1.02060607722748	20.4031520772764	3.62487033233663e-05	0.000313448137030345	"gene-175298"
"gene-75184"	0.691620085094805	5.21546663074345	20.389083492829	3.6440483986649e-05	0.000314850518019495	"gene-75184"
"gene-304827"	4.70596385889249	4.80483996118618	20.3749532689942	3.66341692474733e-05	0.000316256262035707	"gene-304827"
"gene-258416"	3.25610254226435	2.67280794909503	20.3728818587784	3.66626524153843e-05	0.000316256262035707	"gene-258416"
"gene-37544"	3.1716982642767	3.67528234721151	20.3677581394093	3.67332058823918e-05	0.000316608085709173	"gene-37544"
"gene-378533"	1.74083472762395	2.83467425268788	20.3655952800399	3.67630308396012e-05	0.000316608579765181	"gene-378533"
"gene-24203"	6.18886001870182	3.04181499121434	20.8534328495107	3.6885342612467e-05	0.000317404938532523	"gene-24203"
"gene-277366"	-0.726636770630256	10.7015931898834	20.3504472915814	3.69726238934942e-05	0.000317898809806956	"gene-277366"
"gene-127719"	-1.45719295345857	6.61555410854527	20.3393795017306	3.71265487213829e-05	0.000318837982229508	"gene-127719"
"gene-323854"	-1.26074897214835	8.15517808145044	20.3382849730941	3.71418070686687e-05	0.000318837982229508	"gene-323854"
"gene-322266"	-1.96374422308379	7.82612392828158	20.3302245975264	3.72543746719802e-05	0.000319546394363856	"gene-322266"
"gene-179514"	3.30595429144135	4.25801959024177	20.3273905880519	3.72940375922807e-05	0.000319628834674857	"gene-179514"
"gene-184293"	0.881129462814333	4.79652534331506	20.2995246115238	3.76863825586109e-05	0.000322731372699988	"gene-184293"
"gene-11934"	1.07819314234853	2.85567228018582	20.2937020274183	3.77689046643729e-05	0.0003231778519793	"gene-11934"
"gene-45690"	-2.34276839893846	9.58186617085096	20.2804766284054	3.79570453672565e-05	0.000324526635471174	"gene-45690"
"gene-332918"	3.24155720077905	4.66136759076038	20.2674012994035	3.81440113121183e-05	0.000325863216317824	"gene-332918"
"gene-240295"	-0.719808761495958	5.52817724422907	20.2480597669921	3.84223399339847e-05	0.000327977534139536	"gene-240295"
"gene-41508"	1.70304341137957	7.04462190901285	20.2221787856583	3.8798086665754e-05	0.000330919366300689	"gene-41508"
"gene-172959"	0.649915464229954	5.30604123481352	20.2185818347198	3.88506103561081e-05	0.000330936165630056	"gene-172959"
"gene-80466"	9.47519452621957	3.34145855318055	21.6439043150644	3.8862285715677e-05	0.000330936165630056	"gene-80466"
"gene-233280"	1.27157239566181	5.13104955383427	20.2116353255415	3.89522550411009e-05	0.000331242904033686	"gene-233280"
"gene-329971"	4.03368605825691	1.04822913496026	20.2110663015083	3.8960593545143e-05	0.000331242904033686	"gene-329971"
"gene-60997"	-1.00831817421082	8.07304033314835	20.2053044833702	3.90451323286797e-05	0.000331448861285296	"gene-60997"
"gene-101403"	0.568197123822067	4.5347160697931	20.2051675369716	3.90471439630007e-05	0.000331448861285296	"gene-101403"
"gene-172229"	2.85454769759793	4.27969084214173	20.2007045236569	3.91127612394068e-05	0.000331741091341571	"gene-172229"
"gene-343203"	3.98468092992025	4.2089659223015	20.1965540742794	3.91738861630618e-05	0.000331994783450458	"gene-343203"
"gene-164657"	3.9494357036931	3.4896848281571	20.1737204232005	3.95119489049083e-05	0.000334593223369908	"gene-164657"
"gene-323574"	3.0409572506659	1.24777327284208	20.167471423688	3.96049970116985e-05	0.000335114358167403	"gene-323574"
"gene-273045"	0.621884592098541	4.61972194853337	20.116396034344	4.03741261694247e-05	0.000341350720141495	"gene-273045"
"gene-158798"	0.891336536135721	4.33645301401688	20.1105325040739	4.04634138986481e-05	0.000341833892157284	"gene-158798"
"gene-394034"	-0.827220745567997	11.078998498933	20.0995121702875	4.06317847558266e-05	0.000342983859256327	"gene-394034"
"gene-250349"	-0.462561550215468	4.6509773354528	20.0927254579044	4.07358365626808e-05	0.000343589498557234	"gene-250349"
"gene-302907"	1.87743404464562	3.7812131440406	20.0901687318335	4.07751074735231e-05	0.000343648211638979	"gene-302907"
"gene-114769"	2.13435975769133	2.78341213644717	20.0839367708656	4.08709947651273e-05	0.000344183610706171	"gene-114769"
"gene-158176"	-0.708743678266325	7.15364563140267	20.0699245617334	4.10874509143616e-05	0.000345732696143315	"gene-158176"
"gene-68540"	-2.93083319934271	0.134483063865074	20.067485467925	4.1125251152137e-05	0.000345777210477573	"gene-68540"
"gene-305278"	0.7535635833622	4.88671599737836	20.0611911091766	4.12229664679231e-05	0.000346325016866374	"gene-305278"
"gene-140477"	2.02448364878167	2.15420622629868	20.0440768064489	4.14898785721059e-05	0.000348292303467181	"gene-140477"
"gene-244539"	1.56287119999965	4.36798956410871	20.0389356585625	4.15704103924433e-05	0.000348693126919579	"gene-244539"
"gene-131680"	-1.99128998954832	9.82168394687844	20.0221416615283	4.18346113405722e-05	0.000350632723576301	"gene-131680"
"gene-224593"	5.53193218280443	2.11339259305286	21.3846606590149	4.23635321952491e-05	0.00035478624285722	"gene-224593"
"gene-277158"	3.38734849360422	3.20290158621401	19.9806510564991	4.24948643501492e-05	0.000355392585962258	"gene-277158"
"gene-102767"	-0.896224099803287	7.24921836483916	19.9764567334388	4.25622115567569e-05	0.000355392585962258	"gene-102767"
"gene-32854"	1.34785687078923	3.45375938785291	19.9764219828762	4.25627700022433e-05	0.000355392585962258	"gene-32854"
"gene-388171"	2.99814192144102	0.0697675891333857	19.9759976586947	4.25695895558402e-05	0.000355392585962258	"gene-388171"
"gene-208417"	2.0711539167867	2.92920598948688	19.9633865318887	4.27727907305225e-05	0.000356649713954077	"gene-208417"
"gene-315004"	-0.942676146583247	7.28867897294162	19.9624924448634	4.27872353333398e-05	0.000356649713954077	"gene-315004"
"gene-23538"	6.14271613090242	3.26808490820611	20.4346271775067	4.28923612049829e-05	0.000357246009221768	"gene-23538"
"gene-280993"	2.20846479857957	2.05741190808697	19.9523472802357	4.29514940972649e-05	0.000357362066362388	"gene-280993"
"gene-73235"	2.11155003516852	3.59276303119967	19.9509915602075	4.29734940652026e-05	0.000357362066362388	"gene-73235"
"gene-113928"	-0.719913759052894	5.2172078814357	19.9420876974525	4.31182737385493e-05	0.000358285905846258	"gene-113928"
"gene-290343"	1.92024515951301	5.27773896863199	19.9163286616755	4.3539993134812e-05	0.000361507702561952	"gene-290343"
"gene-299264"	2.92800749550918	-0.203020651316909	19.9046863660896	4.37320055061828e-05	0.000362818728988892	"gene-299264"
"gene-257189"	4.98970371440596	1.7371033386289	19.8543260521112	4.45728002157335e-05	0.000369506081913127	"gene-257189"
"gene-85723"	-0.970058765675418	6.77239106299941	19.844206979437	4.47437668384307e-05	0.000370532828884724	"gene-85723"
"gene-76965"	1.04670730521115	3.2501435946641	19.8428745387898	4.47663299282503e-05	0.000370532828884724	"gene-76965"
"gene-150532"	1.83799921777655	3.65674030282968	19.8186940173183	4.51778609608352e-05	0.000373648311959131	"gene-150532"
"gene-214520"	-0.753004581154498	5.21679458578959	19.7721686648151	4.59808095062401e-05	0.000379993698452501	"gene-214520"
"gene-393868"	0.902301723154832	2.5912300419321	19.7689894517606	4.60362173184054e-05	0.000380156216924348	"gene-393868"
"gene-182683"	2.01112435094983	4.13512821867525	19.7666652848056	4.60767672773366e-05	0.000380195885773276	"gene-182683"
"gene-371404"	5.93034695420262	2.25851286233973	19.7510883080805	4.63495027139699e-05	0.000382149853384328	"gene-371404"
"gene-202373"	1.58745636359302	3.98186588568634	19.7409693919433	4.652757453389e-05	0.000383320900652559	"gene-202373"
"gene-115488"	-0.86563337741853	9.6486063029182	19.7241259977548	4.68255658719725e-05	0.000385181606572369	"gene-115488"
"gene-8218"	4.32000251966966	2.67629214366059	19.724109585072	4.68258572111765e-05	0.000385181606572369	"gene-8218"
"gene-177075"	1.74235141148996	4.34405111979134	19.7220076927461	4.6863183219006e-05	0.0003851907393488	"gene-177075"
"gene-5458"	-1.02386395553225	8.10644893305564	19.6856114803479	4.75144578324563e-05	0.000390242296143633	"gene-5458"
"gene-352883"	-0.867672198275388	6.13975751731147	19.6772679594273	4.76650815741995e-05	0.000391177320696903	"gene-352883"
"gene-131053"	1.15607694274171	2.50035578055883	19.6686308110376	4.78215303640003e-05	0.000392158671512342	"gene-131053"
"gene-117645"	-0.732716885390852	11.1573348690214	19.6637350816793	4.7910446581774e-05	0.000392370978956083	"gene-117645"
"gene-403652"	6.80874166198974	2.43125570724745	20.128773866644	4.79212017359864e-05	0.000392370978956083	"gene-403652"
"gene-303219"	1.15002171368716	4.63552385449803	19.6326822555724	4.84784547282497e-05	0.000396628341915126	"gene-303219"
"gene-96580"	1.04971214910685	5.53715501708423	19.6282954673547	4.85592603504757e-05	0.000396984083849085	"gene-96580"
"gene-85255"	0.989613337375977	5.2552481377454	19.6137036117738	4.88290570496784e-05	0.000398883141920414	"gene-85255"
"gene-335443"	1.21471917836982	2.90705497250988	19.6067716076217	4.89577734995303e-05	0.000399627689133541	"gene-335443"
"g8782"	-3.09446656179629	0.149934402982155	19.5750965202434	4.95504453900622e-05	0.000404155319914649	"g8782"
"gene-272846"	-1.28556362720235	6.93309183399592	19.5294993894826	5.04167731644854e-05	0.00041090635967622	"gene-272846"
"gene-191229"	1.34559460945576	4.77987383846225	19.5135572884259	5.07233786774642e-05	0.000413088710270681	"gene-191229"
"gene-12987"	-0.728705189157676	7.91013319488677	19.4560195459281	5.18462300240552e-05	0.00042191010140463	"gene-12987"
"gene-24185"	5.69843352464995	4.26190751912079	19.4515706471995	5.19341224989247e-05	0.000422302237690033	"gene-24185"
"gene-238178"	0.817671898908894	5.38404370187986	19.4418238098935	5.21272242913128e-05	0.000423548630681744	"gene-238178"
"gene-335031"	-0.528853519275804	5.77251701766237	19.3972016905005	5.30208681858941e-05	0.000430480880935244	"gene-335031"
"gene-377707"	-1.08474554302649	5.2121163910244	19.3758129976853	5.34548647521406e-05	0.000433424261012548	"gene-377707"
"gene-92580"	-1.31189111372742	9.32831679423061	19.3753207849292	5.34648956796223e-05	0.000433424261012548	"gene-92580"
"gene-34528"	-0.770918448254939	4.52017520188275	19.3514435220636	5.39538598890679e-05	0.000437055029535511	"gene-34528"
"gene-59359"	1.2829165483174	5.65810654502182	19.3368742327689	5.42545006588915e-05	0.00043915591248704	"gene-59359"
"gene-392902"	0.64004906496919	5.35676199744078	19.3259862893966	5.4480315607296e-05	0.000440648393003194	"gene-392902"
"gene-167382"	-1.23240942306421	9.6087704465257	19.2945341838252	5.51381479090966e-05	0.000445630198450723	"gene-167382"
"gene-69853"	-0.832948190905915	7.92670074504786	19.2799326218436	5.54463535831376e-05	0.000447587915422556	"gene-69853"
"gene-282437"	5.13019894313514	1.46692773467155	19.9065779920631	5.55026604874845e-05	0.000447587915422556	"gene-282437"
"gene-242512"	4.54960170700932	-0.213810985658406	19.9063795216184	5.55066247125189e-05	0.000447587915422556	"gene-242512"
"gene-370967"	5.32635381746767	3.07659018575795	19.2616049872051	5.58357513678753e-05	0.000449808081598415	"gene-370967"
"gene-67254"	-1.97364586700135	9.3933722879058	19.2601617500859	5.58665358961551e-05	0.000449808081598415	"gene-67254"
"gene-105001"	1.325866476064	5.46768624564693	19.2515228297634	5.60511759777031e-05	0.000450953334114108	"gene-105001"
"gene-203451"	0.87905541006913	4.18590390608997	19.2468499253471	5.61513151547561e-05	0.000451092453671408	"gene-203451"
"gene-281011"	0.538223306648618	4.31914210182604	19.2467577872327	5.61532915250982e-05	0.000451092453671408	"gene-281011"
"gene-95616"	-0.827364199806853	5.83456372397074	19.2307523160903	5.64977128591638e-05	0.000453516735071748	"gene-95616"
"gene-57859"	-0.772621348715376	5.44485664889253	19.2231364680431	5.66623705070549e-05	0.000454495454534718	"gene-57859"
"gene-352598"	3.37948468548566	2.86190263274526	19.2191577740672	5.67485902706553e-05	0.000454844013653873	"gene-352598"
"gene-206706"	-0.843970386225321	7.00318546032785	19.2079709584478	5.69917462015331e-05	0.000456448955270712	"gene-206706"
"gene-143329"	0.651962988048026	5.39046626773152	19.1919435170125	5.73420116819699e-05	0.000458908680398368	"gene-143329"
"gene-241108"	6.93450263168097	2.65327199711367	20.48137278442	5.74052243183429e-05	0.00045906914725556	"gene-241108"
"gene-21385"	3.47624764405033	-0.076035967629127	19.1784032877485	5.76396696377512e-05	0.000460597690658995	"gene-21385"
"gene-65339"	0.62578080068802	6.20514132577061	19.1724563432875	5.77709112409584e-05	0.000460882253866372	"gene-65339"
"gene-73354"	3.07532726295746	1.95067886992384	19.1719217790309	5.77827236503162e-05	0.000460882253866372	"gene-73354"
"gene-307478"	2.21942808234394	1.14410900402364	19.1709014534762	5.78052770456695e-05	0.000460882253866372	"gene-307478"
"gene-207502"	2.62354776322023	3.38731408178489	19.1652288996664	5.79308312484599e-05	0.00046153731921994	"gene-207502"
"gene-96043"	0.893486146614355	6.64735560496048	19.1330092472623	5.8649381646566e-05	0.000466912292809039	"gene-96043"
"gene-160047"	-0.648305353996265	7.42998695306393	19.1296567194761	5.8724680176206e-05	0.000467162078050955	"gene-160047"
"gene-187696"	2.7302348022642	3.05997924441423	19.1246380789644	5.88375883476523e-05	0.000467710455654432	"gene-187696"
"gene-218232"	3.11944928470145	2.0674197113462	19.1028278577411	5.93309041633974e-05	0.000471279683855037	"gene-218232"
"gene-171998"	1.39263101016802	4.66926327680917	19.098624871157	5.94264640788541e-05	0.000471686471599024	"gene-171998"
"gene-61556"	0.870507091075085	3.19581015589125	19.0954493023308	5.94987708107638e-05	0.000471908222478214	"gene-61556"
"gene-167844"	-0.989795413896616	6.05088682365996	19.080304083888	5.98448865655335e-05	0.000474299712005227	"gene-167844"
"gene-123837"	5.2915652172168	3.55536037131647	19.0353560719437	6.08845002960279e-05	0.000482099148560024	"gene-123837"
"gene-24426"	2.7118750696836	-0.477387913873683	19.0338509485744	6.09196366740008e-05	0.000482099148560024	"gene-24426"
"gene-215325"	-0.886108484267426	7.31343066068172	19.0269238341166	6.10816195062932e-05	0.000483021639456457	"gene-215325"
"gene-171353"	0.897777297218592	6.22408711274959	19.0050154322055	6.15968847295381e-05	0.000486734372944552	"gene-171353"
"gene-227254"	-0.909911529793998	7.28125249143386	19.0008768347001	6.16947283868437e-05	0.000487145605881566	"gene-227254"
"gene-188773"	-0.695094074281849	6.18368772087699	18.9728525907532	6.23615473652929e-05	0.000492045562149299	"gene-188773"
"gene-275958"	0.77245670496531	5.38619716697526	18.9615848334364	6.2631770003886e-05	0.000493811346005435	"gene-275958"
"gene-173777"	-0.680249072725561	4.96455663449436	18.9556154609507	6.27754214168673e-05	0.000494577320140593	"gene-173777"
"gene-25878"	0.755375486495837	4.44760770174486	18.9511977403314	6.28819538310733e-05	0.000495049934083861	"gene-25878"
"gene-119863"	1.76817975112728	9.90110908110656	18.9471629252471	6.29794172168102e-05	0.000495180008912312	"gene-119863"
"gene-173161"	1.70345529294831	6.71247674183706	18.9466594472229	6.29915900769423e-05	0.000495180008912312	"gene-173161"
"gene-276836"	-0.655543008902576	9.26082124466808	18.9424433305169	6.3093621715312e-05	0.000495615775896646	"gene-276836"
"gene-185805"	1.44506612416941	3.97736482874324	18.9343154470479	6.32908060719776e-05	0.000496797795853545	"gene-185805"
"gene-92106"	1.59432858474984	4.24465030861939	18.9299989877272	6.33957854357746e-05	0.000497254848005088	"gene-92106"
"gene-110657"	3.71307482081658	4.88988392538102	18.9278916665323	6.34471029084116e-05	0.000497290631196659	"gene-110657"
"gene-99540"	1.46384338864726	1.79904349127716	18.9253277508691	6.35095977622137e-05	0.000497413904122905	"gene-99540"
"gene-107249"	1.40974406058416	4.32457694271674	18.9233456636694	6.35579546554014e-05	0.000497426347104378	"gene-107249"
"gene-126153"	1.85939483008223	3.61341139631316	18.9096951186936	6.38920304552595e-05	0.000499673261707456	"gene-126153"
"gene-343696"	0.610588914969448	5.08804628936143	18.8779561748774	6.46758866424323e-05	0.000505431837126312	"gene-343696"
"gene-401371"	-0.733005525418853	6.31282005163168	18.8654462416386	6.498759253786e-05	0.000507494885633391	"gene-401371"
"gene-137944"	0.645364474821654	6.9558491260254	18.8621190943022	6.50707573170625e-05	0.000507771514911428	"gene-137944"
"gene-129043"	1.31180681387755	2.15893509806849	18.851718057401	6.53314559967725e-05	0.000509432086496827	"gene-129043"
"gene-326873"	8.02889030071093	1.86249759195054	20.0895257984677	6.55992176287383e-05	0.000511145259120337	"gene-326873"
"gene-82713"	-1.31183788602006	8.70532157078459	18.8147492432671	6.62669138955502e-05	0.000515655181193337	"gene-82713"
"gene-291112"	1.5025956046115	3.16477732915454	18.8144002070094	6.62758121361867e-05	0.000515655181193337	"gene-291112"
"gene-293468"	4.85083938355531	3.68519492145292	18.8125321559173	6.63234569267098e-05	0.000515655181193337	"gene-293468"
"gene-396148"	2.04570464429966	3.58630156423897	18.8076801447139	6.64473747330003e-05	0.000516241254682389	"gene-396148"
"gene-260385"	-0.798134266288861	10.2343703921934	18.7985887405462	6.66802146178962e-05	0.000517672089544484	"gene-260385"
"gene-388126"	3.70304707861606	0.142647356237438	18.788627829371	6.69363001203384e-05	0.000519281172924813	"gene-388126"
"gene-89385"	-0.825206303650113	9.42508677319456	18.7805095827432	6.71457706888061e-05	0.000520231324708438	"gene-89385"
"gene-3821"	0.509545262190854	6.56019176580841	18.7800905588512	6.71566010553484e-05	0.000520231324708438	"gene-3821"
"gene-104737"	1.84905258394223	4.37836735845945	18.7749625924589	6.72892894440603e-05	0.000520673378853001	"gene-104737"
"gene-183541"	3.009616177622	3.04257292635813	18.774102420803	6.73115735166299e-05	0.000520673378853001	"gene-183541"
"gene-29499"	0.447262423930704	5.18336841261963	18.770703979095	6.73996906531012e-05	0.000520976097228477	"gene-29499"
"gene-41369"	2.16442809970693	4.5412282122587	18.7614340797391	6.76406588621822e-05	0.000522203323326039	"gene-41369"
"gene-243074"	-0.875569712354696	3.79857135331004	18.7608199480449	6.76566547144868e-05	0.000522203323326039	"gene-243074"
"gene-384091"	2.21997859767124	4.41846702317391	18.7586809488143	6.77123985010746e-05	0.000522254583362893	"gene-384091"
"gene-216568"	-1.31116475832945	9.13991450168138	18.7408389068038	6.81792437827775e-05	0.000525474229618566	"gene-216568"
"gene-131329"	-0.997484815408069	9.82432873441389	18.7152990568386	6.88533527580865e-05	0.000530285488729188	"gene-131329"
"gene-244041"	-0.926160241378895	8.3534945746195	18.7103736157428	6.89841540354565e-05	0.00053090843872729	"gene-244041"
"gene-181931"	2.0320300092174	3.50096105114759	18.6674189361337	7.01359089205588e-05	0.000539382159999323	"gene-181931"
"gene-304002"	2.95163355163748	4.17201317867015	18.6575280373655	7.04039444352888e-05	0.000540825973202547	"gene-304002"
"gene-248099"	-0.577266231387897	5.7982742254043	18.656740006443	7.042534532583e-05	0.000540825973202547	"gene-248099"
"gene-278046"	0.563992090103285	5.76695656016455	18.6503628554316	7.05987820230302e-05	0.00054167566053035	"gene-278046"
"gene-92346"	3.08284816954081	8.89299604466827	18.6489287144628	7.06378470435874e-05	0.00054167566053035	"gene-92346"
"gene-90503"	0.885671213847803	5.60452782857234	18.6392213511997	7.09028621741903e-05	0.000543316168648911	"gene-90503"
"gene-340347"	2.3931156574066	6.03170938672355	18.6333548752524	7.10635217377122e-05	0.000544155231967103	"gene-340347"
"gene-249966"	2.18471524019952	3.9089196575548	18.6085318531222	7.17475379405329e-05	0.000548997707579502	"gene-249966"
"gene-150615"	1.35116127306092	4.02668153986048	18.6053801592452	7.18348748972711e-05	0.000549270833506381	"gene-150615"
"gene-73742"	1.66772435615226	3.7652789640802	18.5873856733044	7.23356495577167e-05	0.000552702563718301	"gene-73742"
"gene-181319"	2.18554344587897	4.5388227505369	18.5835577196067	7.24426476387761e-05	0.000553122756845673	"gene-181319"
"gene-45711"	-2.77510091756673	8.50401156830839	18.5557562388975	7.3224715968618e-05	0.000558693026572612	"gene-45711"
"gene-79518"	2.25935058605274	6.07621609012625	18.5488345581178	7.34207911266709e-05	0.000559787479873313	"gene-79518"
"gene-149398"	2.29577974417968	1.96412097730788	18.5350951521358	7.38116199403613e-05	0.000562017388195924	"gene-149398"
"gene-134741"	-0.63021825454623	5.35903590720576	18.5348383930915	7.38189442750758e-05	0.000562017388195924	"gene-134741"
"gene-147533"	2.65259952932816	-0.278818755115933	18.5176378125048	7.43113394892638e-05	0.000565109851202715	"gene-147533"
"gene-281940"	2.17307943013662	2.73868814426483	18.5169398603592	7.43313916728656e-05	0.000565109851202715	"gene-281940"
"gene-152102"	-0.667935706484893	7.32558982583925	18.5036501258183	7.47142843225699e-05	0.000567615091467752	"gene-152102"
"gene-114760"	4.21447166402941	0.490367574677311	18.5005999205061	7.48024540476021e-05	0.000567879301392075	"gene-114760"
"gene-64294"	-1.14210878901084	6.28884537096485	18.4750074442911	7.55465213361039e-05	0.000573118973559772	"gene-64294"
"gene-105172"	1.51574277706777	5.01509564697464	18.4557340414071	7.61119611904722e-05	0.000576997020115369	"gene-105172"
"gene-48990"	0.938028119751862	4.2946073527369	18.4395442074738	7.65903452519465e-05	0.000580210051353065	"gene-48990"
"gene-64146"	2.63709963527866	6.63512753871374	18.4363597755424	7.66848085508155e-05	0.00058051218771991	"gene-64146"
"gene-186801"	-0.669681284156122	6.6249222757723	18.4081391385499	7.75272751975622e-05	0.000586472332148842	"gene-186801"
"gene-74127"	0.911011675322226	6.09569554970229	18.3791938894887	7.84014036048511e-05	0.000592632925020787	"gene-74127"
"gene-415382"	3.13687335420976	-1.07767704656611	18.3766658603352	7.84782348474177e-05	0.000592632925020787	"gene-415382"
"gene-60151"	4.0008501873343	5.02249920268527	18.3756602709709	7.85088182920543e-05	0.000592632925020787	"gene-60151"
"gene-290669"	2.2004844132789	0.123529491648095	18.3508316850078	7.92678956436087e-05	0.000597938537635051	"gene-290669"
"gene-24221"	5.15872048060515	1.04642478538246	18.7469442203482	7.9660291778537e-05	0.000600472617545372	"gene-24221"
"gene-290097"	2.01342259415453	3.46979687660142	18.3360461347674	7.97235616326225e-05	0.00060052393875678	"gene-290097"
"gene-238199"	2.88281122266409	3.22732537553298	18.3322705060151	7.98403573709684e-05	0.000600847031255934	"gene-238199"
"gene-333956"	0.62015027053039	5.3523300709069	18.3302191683298	7.99038884684359e-05	0.000600847031255934	"gene-333956"
"gene-151619"	2.07301583979733	2.45213562417458	18.3291852401853	7.9935929788186e-05	0.000600847031255934	"gene-151619"
"gene-353046"	1.72210780921698	4.91941375727423	18.3237703785548	8.01039546851805e-05	0.000601684789570324	"gene-353046"
"gene-341187"	3.23416703822865	1.86701263200767	18.29062374429	8.11405638039562e-05	0.000609040957388058	"gene-341187"
"gene-74571"	1.51257861903497	3.37363563418797	18.2827243914909	8.13896612604311e-05	0.000610479856957648	"gene-74571"
"gene-168137"	2.09336957907854	2.69628035636629	18.2520923644642	8.2363174531983e-05	0.000617346528768267	"gene-168137"
"gene-361392"	0.980552384656338	3.31898655928364	18.2497714856525	8.24374272039715e-05	0.000617467940662986	"gene-361392"
"gene-263126"	-1.55829226526975	5.88115978960245	18.24766247106	8.2504962160922e-05	0.000617538900452897	"gene-263126"
"gene-171976"	1.01138957197947	3.99549731203945	18.2424526835288	8.26720375717889e-05	0.000618354283835125	"gene-171976"
"gene-228501"	2.68408644071376	1.14854037327133	18.2287015167325	8.31147275230754e-05	0.000621228560741694	"gene-228501"
"gene-9548"	3.14279182232842	3.7629351992972	18.2193401444578	8.34175107289958e-05	0.000623053823113482	"gene-9548"
"gene-426390"	2.08158767658787	3.86533803059078	18.2170446301399	8.34919320287285e-05	0.000623172062496531	"gene-426390"
"gene-292044"	2.78538515954501	1.12201455673366	18.2150435899198	8.35568628609788e-05	0.000623219350202925	"gene-292044"
"gene-51174"	1.03557353019013	5.71886049182854	18.1863511482882	8.44937025772998e-05	0.00062954573736937	"gene-51174"
"gene-244575"	-0.634810375566055	8.16435458308779	18.185445810304	8.45234404817093e-05	0.00062954573736937	"gene-244575"
"gene-353154"	2.43320967951378	3.87453161876695	18.1825215541203	8.4619568963382e-05	0.000629820668645578	"gene-353154"
"gene-126583"	0.963980024903941	4.49291446265503	18.1618921876221	8.53009607947983e-05	0.000634448265044388	"gene-126583"
"gene-341214"	1.27345960740437	7.36284851584547	18.1265762297237	8.64807658862552e-05	0.000642773882575968	"gene-341214"
"gene-119402"	-2.12352842242478	7.85187069943676	18.1239282622541	8.65699098490575e-05	0.000642987123711295	"gene-119402"
"gene-224067"	-1.96675789261153	-0.819999093488495	18.1049274298024	8.72123909060972e-05	0.000647307040947139	"gene-224067"
"gene-173251"	2.53522285164348	-0.24445427942875	18.1016829541889	8.73225933826224e-05	0.000647673014796075	"gene-173251"
"gene-145281"	-1.65473117249783	2.15918997120259	18.0829328470845	8.79623137133532e-05	0.000651767358044408	"gene-145281"
"gene-179053"	2.03301625139769	5.08262586615433	18.0819152314854	8.7997172447515e-05	0.000651767358044408	"gene-179053"
"gene-256227"	-0.850660383838883	7.99428007222619	18.0665968516778	8.85236521989996e-05	0.000654935784535313	"gene-256227"
"gene-343951"	2.16366842087163	3.65442313955339	18.0658876502737	8.85481062581592e-05	0.000654935784535313	"gene-343951"
"gene-42478"	2.99419796123207	0.675887802273696	18.0512449702975	8.90545794564342e-05	0.000658224118901066	"gene-42478"
"gene-238948"	-0.635934300297121	3.87319406396637	18.0424871574388	8.9358944748478e-05	0.000660015094683897	"gene-238948"
"gene-160317"	1.42965907297328	4.07680473404743	18.0129887475454	9.03921241729329e-05	0.000667182951216734	"gene-160317"
"gene-83764"	5.36868511551841	5.28808002562249	17.9864432128716	9.13325285642075e-05	0.000673656569909092	"gene-83764"
"gene-215388"	-0.661382243055785	10.2260656092424	17.9761487142475	9.16999625843525e-05	0.000675372073333525	"gene-215388"
"gene-301715"	1.36134739840196	5.3516396025497	17.9730250430109	9.18117580578457e-05	0.000675372073333525	"gene-301715"
"gene-428747"	6.90261030256988	1.12498649244098	19.1148747648918	9.18205174781429e-05	0.000675372073333525	"gene-428747"
"gene-202025"	0.900255518717128	4.2586966334031	17.9710763033171	9.18815749838954e-05	0.000675372073333525	"gene-202025"
"gene-50869"	0.84872397818857	3.76387744796677	17.9710475561796	9.1882605313427e-05	0.000675372073333525	"gene-50869"
"gene-403706"	8.28269603310912	2.16382920891103	19.0987074511663	9.23391032631281e-05	0.000678258772311209	"gene-403706"
"gene-240935"	5.74592057831414	-0.0798714066776331	19.0954778889959	9.24430655333549e-05	0.000678553792279339	"gene-240935"
"gene-244202"	1.43455736725146	1.93942451557967	17.9509994781659	9.26040931314339e-05	0.000679266989342022	"gene-244202"
"gene-141463"	0.609188650359629	5.62546162599111	17.9437815476211	9.28652953511987e-05	0.00068071349507605	"gene-141463"
"gene-335491"	0.538841942020328	4.9854526261999	17.9388426110943	9.30444680286612e-05	0.000681557136331158	"gene-335491"
"gene-188223"	-0.366144844583349	5.67368847911903	17.9330459401054	9.32552171537571e-05	0.000682630756811673	"gene-188223"
"gene-53026"	2.07817186708663	1.76129834915459	17.9045931724611	9.42969142566319e-05	0.000689781279252776	"gene-53026"
"gene-218421"	-0.932364514119388	6.98152391580396	17.8943723630496	9.46740689677389e-05	0.000692064190749739	"gene-218421"
"gene-365808"	-1.41147903521533	9.93360827959659	17.8865272773851	9.49646247848468e-05	0.000693711366216779	"gene-365808"
"gene-392509"	-0.376996902813485	7.25104579369702	17.8545865984288	9.61572352274927e-05	0.000701651695655794	"gene-392509"
"gene-88210"	0.99258173928991	2.9979271509911	17.8533825093669	9.62024981818046e-05	0.000701651695655794	"gene-88210"
"gene-377584"	-0.315244359687827	6.31343289317223	17.8521324331906	9.62495133472926e-05	0.000701651695655794	"gene-377584"
"gene-263681"	-0.62287064057075	6.2639571921077	17.8368134045382	9.68276094058041e-05	0.000705382502493242	"gene-263681"
"gene-140843"	2.06977537234476	0.570846303407627	17.8312804148535	9.70372975828021e-05	0.000706426212929968	"gene-140843"
"gene-88083"	-0.617761102015061	6.76267172892347	17.8180750251841	9.75396689382268e-05	0.000709597755695609	"gene-88083"
"gene-179786"	2.69163718694125	0.0278477565230437	17.8046165149743	9.80544611446661e-05	0.000712855262293007	"gene-179786"
"gene-199616"	1.35016817801005	2.1564882470754	17.7961153384747	9.83810931840483e-05	0.000714741329990121	"gene-199616"
"gene-361727"	1.22066413392771	3.82867134534353	17.7936020010291	9.84778777510427e-05	0.000714853680305736	"gene-361727"
"gene-125992"	2.44900980973758	-0.307272546282501	17.7922241357276	9.85309792523702e-05	0.000714853680305736	"gene-125992"
"gene-174285"	-1.14761285025371	7.2257059882284	17.7828273601863	9.88939183867651e-05	0.000716997761391706	"gene-174285"
"gene-150135"	-0.587482413725187	6.81871321605408	17.7651156396161	9.95818077956354e-05	0.000721493261385816	"gene-150135"
"gene-247457"	1.2167337797379	4.73813713272732	17.7508760026365	0.000100138465886808	0.000724846586034507	"gene-247457"
"gene-68483"	1.47843578355265	1.86084601541566	17.7497928731245	0.000100180940341362	0.000724846586034507	"gene-68483"
"gene-293139"	3.14421367803249	3.13383427392864	17.7355037572116	0.000100743044025819	0.000728418093989535	"gene-293139"
"gene-418586"	2.72777639286947	4.09455131687288	17.732400631429	0.000100865548564324	0.000728808406610157	"gene-418586"
"gene-291587"	2.72984226903636	3.65767935211663	17.7169451302731	0.000101478015487857	0.000732464815362398	"gene-291587"
"gene-405096"	3.19752625191395	2.11920289630253	17.7161577568398	0.000101509320970682	0.000732464815362398	"gene-405096"
"gene-170205"	-0.598969028229409	7.41538789282653	17.712236781997	0.000101665366543211	0.000732725501904918	"gene-170205"
"gene-189288"	0.574432708769327	6.62858089879723	17.71178830989	0.000101683230614109	0.000732725501904918	"gene-189288"
"gene-136609"	-1.24376694876776	9.38469101180555	17.6796859857435	0.00010297051061852	0.000741499222030179	"gene-136609"
"gene-150499"	-0.572145647324784	3.92939131785128	17.6741302654938	0.000103195010575842	0.000742613080165529	"gene-150499"
"gene-236062"	1.86855810964965	5.18488412057872	17.666804241076	0.000103491827013612	0.000744245484865974	"gene-236062"
"gene-11448"	0.792622062202435	5.5289692036776	17.6627356398919	0.000103657052216615	0.000744930004983726	"gene-11448"
"gene-61384"	2.40652087975572	4.20413812509482	17.6412602612285	0.000104533733551062	0.000750349351687217	"gene-61384"
"gene-14736"	-1.47076864659701	6.02002841569394	17.6408086874087	0.000104552250771009	0.000750349351687217	"gene-14736"
"gene-153963"	3.10919104053991	6.16782543371907	17.6373205026294	0.000104695402473994	0.000750870061168848	"gene-153963"
"gene-172980"	-0.535809179114933	6.03696920742789	17.6336330469177	0.000104846954342947	0.000751450273848779	"gene-172980"
"gene-186151"	3.21304851264162	4.23459363799814	17.6228657586364	0.000105290793223866	0.000754123149312481	"gene-186151"
"gene-333531"	0.657620177857544	4.27799788163465	17.5950258585008	0.000106447489953663	0.000761894685832542	"gene-333531"
"gene-133727"	1.38083865487914	0.838738953577254	17.5871207319882	0.000106778343532896	0.000763748797455197	"gene-133727"
"gene-122800"	1.43646078793618	3.170573211696	17.5780280219921	0.000107160227762621	0.000765965176400028	"gene-122800"
"gene-192010"	-1.55274444323094	6.49106503787482	17.5561467573861	0.000108085067705726	0.000772056937621294	"gene-192010"
"gene-189077"	1.01343881190475	4.91059410889624	17.5508319235018	0.000108310960092367	0.000773151256068736	"gene-189077"
"gene-49204"	-1.00226019886407	8.55258613338394	17.5423046277493	0.000108674418632476	0.000774745673328538	"gene-49204"
"gene-216015"	0.980257368109871	3.30375031351343	17.5421737700396	0.000108680006074293	0.000774745673328538	"gene-216015"
"gene-368345"	0.936950738497572	3.5036748517119	17.5323584646996	0.000109099961184558	0.000777218477668422	"gene-368345"
"gene-65163"	0.828917185469577	5.67155033160006	17.5300918374105	0.000109197180841569	0.000777390371774382	"gene-65163"
"gene-163127"	-0.690064588896071	10.7228459852858	17.5257563069937	0.000109383391203312	0.0007781951497247	"gene-163127"
"gene-33021"	0.74683891386904	5.74696173978992	17.513241721872	0.000109922750677192	0.000781509609761103	"gene-33021"
"gene-400426"	6.4032359400961	2.69898213627997	17.8788690128038	0.000110321941195655	0.0007838237585551	"gene-400426"
"gene-15070"	1.04155329881182	5.58106957084477	17.4839224150105	0.000111197257966171	0.00078951537765567	"gene-15070"
"gene-193446"	2.07798420762828	5.68662983622551	17.4813636323569	0.000111309216804166	0.0007897830753363	"gene-193446"
"gene-2355"	2.18128235641058	4.41488190188694	17.4753240665995	0.000111573942865248	0.000791133637543188	"gene-2355"
"gene-264339"	2.05330207878348	3.21436710165892	17.467710883402	0.000111908579572516	0.000792498325429898	"gene-264339"
"gene-201605"	-1.17007688314344	7.78610179644936	17.4675553414966	0.000111915427303094	0.000792498325429898	"gene-201605"
"gene-114074"	2.46332008542866	5.47092572835229	17.464755261155	0.00011203877558471	0.000792843923565517	"gene-114074"
"gene-11374"	2.54992348925922	3.50175996626966	17.4540602122547	0.000112511217239758	0.000795657783618393	"gene-11374"
"gene-30376"	-1.48277004667354	8.3811908473658	17.4399422901772	0.000113138044303421	0.00079955896293102	"gene-30376"
"gene-330993"	-0.72654635271478	4.73823052320277	17.4182754133246	0.000114107134142668	0.000805872163838921	"gene-330993"
"gene-355061"	2.68299836851421	1.58163858432564	17.3901399402445	0.000115378481066575	0.000814081695899138	"gene-355061"
"gene-131878"	-0.598535466375984	5.90402460993766	17.3891685063591	0.000115422639847302	0.000814081695899138	"gene-131878"
"gene-363727"	-0.970626867924121	5.78814872500897	17.3801502445976	0.000115833428276378	0.000816340251143589	"gene-363727"
"gene-26326"	0.593075525420104	2.80453667424936	17.3787714233717	0.000115896368862995	0.000816340251143589	"gene-26326"
"gene-340362"	0.580752245938936	4.3137079697313	17.3719870138726	0.000116206584345924	0.000817983607613001	"gene-340362"
"gene-116578"	-2.77830504762757	1.91129267068244	17.3683441969594	0.000116373508509942	0.00081861682308978	"gene-116578"
"gene-221247"	-0.510940636844891	7.8221352414667	17.3473403364748	0.000117340855369776	0.000824875966763341	"gene-221247"
"gene-39698"	1.89912794825772	2.60109837927973	17.3145769650038	0.000118866573864528	0.000835049458139445	"gene-39698"
"gene-10737"	0.948961535386085	5.7221580160691	17.3127795843819	0.000118950870350946	0.000835090070661821	"gene-10737"
"gene-281639"	1.16813628990055	1.95971038797437	17.3039197655015	0.00011936730475664	0.000837460853160701	"gene-281639"
"gene-338411"	3.26438073440263	-0.611785991727521	17.2982670496194	0.000119633791398205	0.000838777195327161	"gene-338411"
"gene-385611"	2.05122743517894	5.21940336100833	17.2915414908611	0.000119951663791252	0.000840451841952412	"gene-385611"
"gene-285765"	2.67265896052007	3.49691441331836	17.2808550966102	0.000120458551746859	0.000843447765885181	"gene-285765"
"gene-18297"	0.749358579729613	6.03422144423556	17.2653424171949	0.000121198344166957	0.00084806946615773	"gene-18297"
"gene-31554"	0.718331612964916	3.63670226607819	17.2634744226844	0.000121287747109276	0.000848137066570851	"gene-31554"
"gene-99775"	3.60449429035833	1.26244699105717	17.2595398043656	0.000121476284589285	0.000848884867034608	"gene-99775"
"gene-309556"	1.62149041615759	1.61354917563576	17.2579133207857	0.000121554311065599	0.000848884867034608	"gene-309556"
"gene-415190"	2.51053738971976	3.9980405226392	17.2536657835523	0.00012175832264871	0.000849751653340999	"gene-415190"
"gene-22771"	2.09981675723757	3.24284308845493	17.2488356905848	0.000121990748771515	0.000850815477989399	"gene-22771"
"gene-177893"	-0.481826449340031	6.62575564045162	17.2408433719171	0.000122376359553467	0.000852593131320529	"gene-177893"
"gene-206306"	2.87000320642768	4.86203455242088	17.2402311013111	0.000122405952569241	0.000852593131320529	"gene-206306"
"gene-260242"	0.764485950378201	5.824033039965	17.2211151421332	0.000123333653299428	0.000858492628594706	"gene-260242"
"gene-423321"	1.83731578550993	4.12386015967817	17.2159873792498	0.000123583749923743	0.000859243596807388	"gene-423321"
"gene-351443"	-0.723798857979834	7.7023670294769	17.2155908402019	0.000123603112365109	0.000859243596807388	"gene-351443"
"gene-1750"	-1.07862682620052	9.52223371368045	17.2080134429283	0.000123973714562675	0.000861256974584334	"gene-1750"
"gene-326377"	2.57101664116171	3.90763539329917	17.2061898898491	0.00012406307546189	0.000861315189694947	"gene-326377"
"gene-351534"	-1.01369389323325	5.24208080352026	17.2020168826813	0.000124267821265986	0.000862075657432587	"gene-351534"
"gene-4094"	2.068401518766	2.58237780373521	17.1996571567633	0.000124383755618061	0.000862075657432587	"gene-4094"
"gene-225900"	-0.805917448587023	4.94405867783605	17.1990059322998	0.000124415770417358	0.000862075657432587	"gene-225900"
"gene-239604"	0.828420481142609	5.02291561157632	17.1517545109533	0.000126761786268562	0.00087775934814611	"gene-239604"
"gene-165441"	3.26357815299209	2.20225945668431	17.1489475465152	0.000126902595003399	0.000878162654818579	"gene-165441"
"gene-123816"	5.57378904134041	7.29723065291854	17.1206408056665	0.00012833172905843	0.000887356337713911	"gene-123816"
"gene-305087"	0.597114822042033	3.51808719725467	17.1193356615498	0.000128398025925321	0.000887356337713911	"gene-305087"
"gene-278941"	1.61646839179832	1.42796641643438	17.1083097136262	0.000128959534316652	0.000890326583141055	"gene-278941"
"gene-170744"	2.33714878865329	3.20980320035538	17.107610479384	0.000128995229843961	0.000890326583141055	"gene-170744"
"gene-143862"	1.07376373901313	4.01272638070162	17.1025084931577	0.000129255995631037	0.000891547840163239	"gene-143862"
"gene-428756"	5.0869783314664	-0.843696575059586	18.1329313142618	0.000129695216307284	0.000893997615453193	"gene-428756"
"gene-212229"	-2.7425252751744	6.79754893243235	17.0879329323652	0.000130003995758594	0.000895528414375024	"gene-212229"
"gene-74840"	-0.866140620269665	6.75319098564743	17.0851189286676	0.000130148926317459	0.000895528414375024	"gene-74840"
"gene-84577"	1.24144688541556	3.18416649621475	17.0847122028818	0.000130169887986441	0.000895528414375024	"gene-84577"
"gene-270532"	-1.14809160391539	9.21828211769589	17.0762282906898	0.000130607932261375	0.000897961194267607	"gene-270532"
"gene-296489"	0.536547412147772	5.33209279088313	17.0690444764822	0.000130980051706814	0.000899822079280115	"gene-296489"
"gene-310251"	2.78936020162997	-0.678463605568461	17.0677388780697	0.00013104780000046	0.000899822079280115	"gene-310251"
"gene-265224"	1.52851469961588	5.3611792481371	17.0651136054801	0.000131184137664813	0.000900177089163192	"gene-265224"
"gene-359648"	-0.43886383498827	5.11219845470222	17.0616121584685	0.000131366207810537	0.000900723690773654	"gene-359648"
"gene-287538"	-0.622005820001788	4.96999619114138	17.0603257118001	0.000131433167363737	0.000900723690773654	"gene-287538"
"gene-42317"	1.0255888468572	4.23728203290828	17.0448805585403	0.00013223987320027	0.000905668571383178	"gene-42317"
"gene-272401"	-0.407564921865541	6.98938170079361	17.0236750364769	0.000133355868439705	0.000912723948986298	"gene-272401"
"gene-281442"	-1.10263018537916	9.35571704753709	17.0195629673936	0.000133573411619488	0.000913463481948269	"gene-281442"
"gene-291316"	1.33462413262705	3.55424172018736	17.0183870854104	0.000133635688032297	0.000913463481948269	"gene-291316"
"gene-413602"	-0.579123332067011	5.93274635696836	17.0164560925904	0.000133738021929063	0.000913575851790312	"gene-413602"
"gene-421051"	3.64092147040509	3.89870264567429	17.0142773915929	0.000133853581399958	0.000913778364422308	"gene-421051"
"gene-111266"	2.85402019580125	1.5982116049447	16.9953993299189	0.000134859256237893	0.000920053270908421	"gene-111266"
"gene-275170"	0.578205650632651	4.39699347826054	16.9753811288667	0.000135934283858315	0.000926792976357078	"gene-275170"
"gene-77340"	1.5958538923897	5.0972729487312	16.9690500731158	0.00013627613522206	0.00092801135142221	"gene-77340"
"gene-137915"	-1.85306628220298	4.57229644605598	16.9681997870219	0.00013632211549504	0.00092801135142221	"gene-137915"
"gene-266345"	1.16711472063794	2.0399322807154	16.9665314221246	0.000136412381431184	0.00092801135142221	"gene-266345"
"gene-121710"	-1.37145471427232	8.44981762044139	16.9656149599053	0.000136461992631096	0.00092801135142221	"gene-121710"
"gene-333555"	0.549951657074826	6.45629262592414	16.9527363863924	0.00013716114759913	0.000932169946239201	"gene-333555"
"gene-79052"	-0.438098946445924	5.75947094401944	16.9465159394824	0.000137500182070555	0.000933877354088391	"gene-79052"
"gene-209878"	-0.724254935689197	10.0259295853553	16.9421940500661	0.000137736253663748	0.000934536129454125	"gene-209878"
"gene-364729"	1.05290210052385	4.83342916138399	16.9415236900327	0.000137772908140661	0.000934536129454125	"gene-364729"
"gene-343660"	2.01982567482369	1.94492063912201	16.9342567814489	0.000138170907633534	0.000936638479025027	"gene-343660"
"gene-334331"	1.04652351871295	2.79970193203611	16.9306042924785	0.000138371402653636	0.000937400151989852	"gene-334331"
"gene-211196"	3.08825621191387	2.49312534882902	16.9225724060548	0.000138813362977794	0.000939795626118282	"gene-211196"
"gene-337585"	3.18210303808265	3.27466686229469	16.9172411431862	0.00013910753252189	0.000941188114442001	"gene-337585"
"gene-334058"	1.96724093509533	5.16203169953875	16.9121960113133	0.000139386512842052	0.000942476128790885	"gene-334058"
"gene-302352"	1.14777532164617	2.8656040040653	16.8641001353583	0.000142075558193017	0.000960048053965013	"gene-302352"
"gene-219260"	-0.933223961157416	5.91375164828569	16.8463687676844	0.000143080526910682	0.00096622506934731	"gene-219260"
"gene-275802"	2.46816201523406	-0.462543721006717	16.8306139714384	0.000143979691107079	0.000971258313441229	"gene-275802"
"gene-268785"	0.817255435993763	2.99561546670578	16.8301109671311	0.000144008495702973	0.000971258313441229	"gene-268785"
"gene-168004"	-0.646283458013115	6.67417199632358	16.8170734820132	0.000144757189940436	0.000975689145884968	"gene-168004"
"gene-156968"	-1.27702676573424	3.29621718085777	16.8145046016622	0.000144905189479692	0.000976068141422423	"gene-156968"
"gene-67561"	-0.704187010322294	8.63772123208358	16.8085607571146	0.000145248234579757	0.000977759634803985	"gene-67561"
"gene-169548"	-0.705251599426478	8.10482580353501	16.8023477651566	0.000145607719186923	0.000979559583347318	"gene-169548"
"gene-68050"	-1.37896951748264	3.81726228662157	16.7992124762648	0.000145789479740449	0.00098016239350153	"gene-68050"
"gene-74686"	2.63023347022272	3.45222250664787	16.7963139733075	0.000145957723801293	0.000980673626247978	"gene-74686"
"gene-400962"	0.710883579146107	4.67278237903156	16.7849883740044	0.000146617064595976	0.000984481754446213	"gene-400962"
"gene-28998"	2.46617894706328	1.05116515224579	16.7535439274715	0.000148464002991176	0.000996254344362241	"gene-28998"
"gene-207381"	-1.10070952573562	9.60754725223994	16.7386314636912	0.000149348379849286	0.00100155697861097	"gene-207381"
"gene-76019"	-0.92144323021707	7.09004687704227	16.72576399662	0.000150115896474561	0.00100589658362193	"gene-76019"
"gene-54416"	1.8567059927891	1.0029471242714	16.7246149462384	0.000150184634711511	0.00100589658362193	"gene-54416"
"gene-156891"	1.44834915910148	5.86000495387575	16.7143644342721	0.000150799293719011	0.00100937777721548	"gene-156891"
"gene-360503"	-1.12870284500615	9.55326761459435	16.7100411838644	0.000151059318372929	0.00101044897225896	"gene-360503"
"gene-415296"	-0.584723705607769	7.43769367872423	16.7085463675927	0.000151149333853329	0.00101044897225896	"gene-415296"
"gene-128286"	1.34812604948685	0.577533903865194	16.6680653497038	0.000153608437853557	0.00102624330716736	"gene-128286"
"gene-149763"	-0.553945097180146	7.8861533630861	16.6663819444519	0.000153711599439025	0.00102628786668768	"gene-149763"
"gene-153074"	2.30679695080756	0.466398539137211	16.6602049287268	0.000154090755876063	0.00102804707748201	"gene-153074"
"gene-251286"	-0.661917660649141	11.4876373682052	16.6589419693353	0.000154168398700997	0.00102804707748201	"gene-251286"
"gene-145063"	-3.40061212028727	2.21358714866382	16.6568638386229	0.000154296244585686	0.00102825492319133	"gene-145063"
"gene-47788"	1.95453523012421	2.13167546318183	16.6550513640984	0.000154407837703977	0.00102835426538478	"gene-47788"
"gene-71048"	-0.919419867137866	9.55756386503448	16.6520901610206	0.000154590338662865	0.00102892543305271	"gene-71048"
"gene-250686"	-2.72966610707228	5.37414555612399	16.6465530876993	0.000154932196398834	0.0010299117096116	"gene-250686"
"gene-375820"	2.28307553514982	2.92637933517675	16.646454452257	0.000154938293275966	0.0010299117096116	"gene-375820"
"gene-240860"	6.55219373887184	1.64539065577838	17.6330844838312	0.000155029019094413	0.0010299117096116	"gene-240860"
"gene-32448"	-0.413714524689112	7.22478670573161	16.6384264501218	0.000155435362352405	0.0010319666129714	"gene-32448"
"gene-24120"	4.65694395343979	4.04993383357215	16.6271959194317	0.000156133515721111	0.00103595512988755	"gene-24120"
"gene-207737"	4.21221633617202	2.5217612411941	16.6188416655816	0.000156654985248072	0.00103876709669482	"gene-207737"
"gene-401796"	1.08162796162266	5.80791999909271	16.6019027676081	0.000157717890717857	0.00104516354247671	"gene-401796"
"gene-82274"	0.75370420120161	4.2862697907416	16.5909716526649	0.000158407804091391	0.00104908182086926	"gene-82274"
"gene-195350"	0.609534106103041	3.49818874375791	16.5855435620024	0.00015875156545986	0.00105070420051716	"gene-195350"
"gene-370842"	5.68121218096587	3.82269297577354	16.5794954795532	0.000159135507959414	0.00105259033747284	"gene-370842"
"gene-184749"	2.54152860942075	1.45976838819383	16.5374919937585	0.000161828833527117	0.00106973988402388	"gene-184749"
"gene-138255"	-0.493653022306784	7.62043152016859	16.5312250389013	0.000162234739544102	0.00107175695018079	"gene-138255"
"gene-69698"	2.97709677110065	3.51766094995934	16.511325959326	0.000163530644946078	0.00107964738649689	"gene-69698"
"gene-192881"	4.85143024409533	2.50961433295507	16.5059051930432	0.000163885535046452	0.00108131920021964	"gene-192881"
"gene-16799"	-0.396175912006844	6.43937892343709	16.5004488575928	0.000164243565477088	0.00108300964811798	"gene-16799"
"gene-221953"	4.95175265573976	-0.0752964097919308	17.4592889383332	0.00016502166271093	0.0010869016691545	"gene-221953"
"gene-337702"	2.29932413070018	3.01007309003195	16.4879395917312	0.000165067474688018	0.0010869016691545	"gene-337702"
"gene-251307"	0.612220326283999	5.22729765360741	16.4864108830179	0.00016516845674838	0.0010869016691545	"gene-251307"
"gene-66071"	-0.720265306190137	10.3298004906062	16.4852895111606	0.000165242572303764	0.0010869016691545	"gene-66071"
"gene-136516"	0.675442162028609	4.73125269151513	16.4690100733988	0.000166322457338672	0.00109332858853777	"gene-136516"
"gene-308216"	0.605427081281645	6.54569247434826	16.4622666753013	0.000166771930538061	0.00109560608598074	"gene-308216"
"gene-327068"	-0.935190441221169	7.38147037351804	16.4552152072544	0.000167243293679119	0.00109802448862414	"gene-327068"
"gene-377650"	0.893487895951349	2.81110646520788	16.4493538646972	0.000167636159581575	0.00109950765391253	"gene-377650"
"gene-205712"	-0.8723158035489	6.66688647303049	16.4482149478015	0.000167712608993456	0.00109950765391253	"gene-205712"
"gene-117182"	0.622617193830648	4.6766675004338	16.4472214481652	0.000167779327030843	0.00109950765391253	"gene-117182"
"gene-229236"	-0.795037996316306	7.05375084151379	16.4284800589424	0.000169043099443271	0.00110702509884358	"gene-229236"
"gene-323550"	4.57438370657271	3.3146206986776	16.4271285624143	0.000169134616925613	0.00110702509884358	"gene-323550"
"gene-236232"	2.74026642323703	-0.857264393689665	16.4199997251684	0.000169618207223512	0.00110950753507335	"gene-236232"
"gene-11707"	1.16663172790586	2.82411128481345	16.4038783636047	0.000170717141040336	0.00111600953417641	"gene-11707"
"gene-276259"	1.73863897057343	2.31025499160104	16.3970703354345	0.000171183448136256	0.0011183704879467	"gene-276259"
"gene-116378"	-0.678270928177074	5.17184422621762	16.3942035124713	0.000171380204983621	0.00111839036900463	"gene-116378"
"gene-277416"	-1.37670693275094	6.63536082496267	16.3938592110422	0.000171403851074244	0.00111839036900463	"gene-277416"
"gene-202718"	2.99045157598542	6.12755144531925	16.3924314264705	0.000171501945453794	0.00111839036900463	"gene-202718"
"gene-74255"	-0.55850515529959	5.35470787004811	16.3852930241456	0.000171993260977879	0.00112088933399314	"gene-74255"
"gene-388479"	-1.02687249798564	5.31512178672922	16.3838040571218	0.000172095927266904	0.00112088933399314	"gene-388479"
"gene-128528"	1.06290244823124	5.0643787076079	16.3821011283114	0.000172213424911916	0.00112096816852089	"gene-128528"
"gene-357383"	0.477759450160434	7.84480133186596	16.3707981460284	0.000172995426054395	0.00112536963395385	"gene-357383"
"gene-15246"	1.24869655002493	3.49753150819318	16.3650276565813	0.000173396087528276	0.00112658803204687	"gene-15246"
"gene-54907"	1.33581246747076	5.4041295091268	16.3647577705932	0.000173414850166642	0.00112658803204687	"gene-54907"
"gene-41383"	2.70799642411968	4.78504728362117	16.3632764863674	0.000173517867681487	0.00112658803204687	"gene-41383"
"gene-179068"	3.04143551300656	5.44532609686846	16.3620040630377	0.000173606410730051	0.00112658803204687	"gene-179068"
"gene-145242"	0.677081328779457	5.1438183999414	16.3485835542516	0.000174543168704189	0.00113197630630351	"gene-145242"
"gene-279649"	-0.635070676334957	10.294879205025	16.3448879145295	0.000174802051307846	0.00113296442273629	"gene-279649"
"gene-65262"	-1.711186003037	11.845439917458	16.3389864659033	0.000175216283789601	0.0011349576092486	"gene-65262"
"gene-358769"	1.19230295537679	3.56032956977859	16.3349430253963	0.000175500690876227	0.00113610794166741	"gene-358769"
"gene-145343"	4.4027031503475	1.77449797484511	16.3314622577721	0.000175745906595478	0.00113700332271868	"gene-145343"
"gene-23689"	4.15496189110763	1.89837655666358	16.3113622648145	0.000177168937123258	0.0011449353179659	"gene-23689"
"gene-296617"	1.93809379312213	1.42019092153144	16.3106679630568	0.000177218306317514	0.0011449353179659	"gene-296617"
"gene-90533"	1.19257193921513	5.71471281581173	16.3095913060657	0.000177294891753463	0.0011449353179659	"gene-90533"
"gene-355844"	1.939097478387	1.93633818659974	16.3059543336474	0.00017755385464272	0.00114574528635221	"gene-355844"
"gene-17349"	-0.579404346035358	8.08270820907314	16.3048051315356	0.000177635763181158	0.00114574528635221	"gene-17349"
"gene-313139"	-0.744132882801561	9.61996538390203	16.2898084072362	0.000178708265971641	0.00115110899307494	"gene-313139"
"gene-118428"	1.14535444747062	4.53759134317244	16.2893924259381	0.000178738111351968	0.00115110899307494	"gene-118428"
"gene-129584"	0.328904933021523	6.16712040343459	16.2886410647112	0.000178792032395618	0.00115110899307494	"gene-129584"
"gene-143114"	-1.24360004615215	5.45567419870062	16.2695427744315	0.000180168326205522	0.00115890716407333	"gene-143114"
"gene-51064"	1.77816233321271	4.84056630280505	16.2688124092757	0.000180221178015917	0.00115890716407333	"gene-51064"
"gene-181562"	-1.90037717997721	2.38215987571063	16.2652530733893	0.0001804789758307	0.00115986367790654	"gene-181562"
"gene-287985"	0.58679074909437	5.25671064635803	16.2544360532823	0.000181264802403079	0.00116421040963717	"gene-287985"
"gene-190870"	-0.873970304791182	8.58058633559906	16.2518331299044	0.000181454430054173	0.00116472499580941	"gene-190870"
"gene-29287"	0.61070018109129	6.32375995742241	16.2309108704809	0.000182986194810877	0.00117333227538665	"gene-29287"
"gene-4869"	-0.828352596169269	8.02481240804418	16.2305054907071	0.000183016006474846	0.00117333227538665	"gene-4869"
"gene-268342"	2.56614437545822	1.46122848260605	16.2250608341794	0.000183416898575699	0.00117519405617538	"gene-268342"
"gene-15040"	1.05491679545946	4.34846057932006	16.2105589487102	0.00018448915549471	0.00118135259352302	"gene-15040"
"gene-402491"	-0.910055284136562	7.84690609574321	16.2054992745375	0.00018486480113416	0.00118260065550287	"gene-402491"
"gene-374715"	-1.92808930768425	7.43992394257806	16.2039578539941	0.000184979399463887	0.00118260065550287	"gene-374715"
"gene-47208"	1.13362462733263	2.74442139408069	16.2034438783242	0.000185017627938772	0.00118260065550287	"gene-47208"
"gene-233784"	2.57139557971935	0.834072547582102	16.19186084905	0.000185881340574193	0.00118728483158337	"gene-233784"
"gene-145224"	1.23503460448722	0.836863952880303	16.1906252440479	0.000185973724089686	0.00118728483158337	"gene-145224"
"gene-348594"	-0.861792273201491	10.720397225639	16.181213794444	0.000186678972303942	0.0011910723151918	"gene-348594"
"gene-353876"	2.93811656566322	3.92985978418305	16.1783414786179	0.000186894765148483	0.00119173424587486	"gene-353876"
"gene-325984"	-0.755966693204866	6.71397046344123	16.1763727392124	0.000187042823992864	0.00119196373636195	"gene-325984"
"gene-119684"	1.0826421134886	4.13911917054248	16.1470700325243	0.000189261059864491	0.00120537762438247	"gene-119684"
"gene-219180"	1.8638658969099	1.07430657832636	16.1455208636599	0.000189379094497862	0.00120540756976617	"gene-219180"
"gene-22821"	1.90915974610333	2.10802402040343	16.1396261542282	0.000189828928389645	0.00120754813537815	"gene-22821"
"gene-78521"	-1.02894200436835	8.29416585406459	16.124447850673	0.000190992347004319	0.00121422271532453	"gene-78521"
"gene-405608"	-3.46523221931605	0.291820122590819	16.1221302717416	0.000191170643526051	0.00121463020582024	"gene-405608"
"gene-113955"	0.626879547245635	3.02355633258432	16.1024276872807	0.000192693441450587	0.00122316916197596	"gene-113955"
"gene-276628"	0.858517099982568	6.68170260824326	16.1017686621828	0.000192744595286923	0.00122316916197596	"gene-276628"
"gene-31182"	1.36590441721034	4.8299836830644	16.0896495905774	0.000193687814349355	0.0012284219400237	"gene-31182"
"gene-125948"	-0.880682606192923	11.2667469870208	16.0830641544727	0.000194202373297409	0.00123095139594234	"gene-125948"
"gene-328885"	-2.0987257366072	6.10694740105453	16.0772553140004	0.000194657436553257	0.00123310095007769	"gene-328885"
"gene-72922"	1.48506842465069	2.09980357727527	16.0735833806964	0.000194945668981113	0.00123419174719233	"gene-72922"
"gene-215596"	-0.351930873122383	5.38233964382063	16.0574258801938	0.000196219272252087	0.00124151587131065	"gene-215596"
"gene-200524"	0.810557938222509	3.54206946393713	16.051060974282	0.000196723362970039	0.00124396533207451	"gene-200524"
"gene-141624"	2.52384829109867	3.58849382117907	16.0490908079984	0.000196879670896902	0.00124421401049284	"gene-141624"
"gene-3092"	0.784112401394672	4.94880826615854	16.0434314388071	0.000197329392096826	0.0012463155667113	"gene-3092"
"gene-416737"	2.19028991497591	1.36393152695338	16.0383515958261	0.000197733974452731	0.00124812970461676	"gene-416737"
"gene-91480"	1.57451911701599	1.27473646243064	16.0281316809303	0.000198550561398731	0.00125254078946435	"gene-91480"
"gene-20990"	2.75883422063938	0.577677149313423	16.0218284781313	0.000199055951206039	0.00125498464554086	"gene-20990"
"gene-234707"	-0.875845372335437	7.90454971919548	16.0175385442764	0.000199400685180447	0.00125641332202561	"gene-234707"
"gene-246786"	-0.820401949705744	9.67796659707692	16.015113213574	0.000199595857548711	0.00125689848483605	"gene-246786"
"gene-16748"	-0.42485689998749	7.33958587406976	16.0108587679544	0.000199938705135569	0.00125814999669394	"gene-16748"
"gene-332212"	0.839212743984375	2.81468707061636	16.0097125215307	0.000200031181309652	0.00125814999669394	"gene-332212"
"gene-114377"	0.799996925223048	5.62090059782495	16.0078420204391	0.000200182184342946	0.00125835562214632	"gene-114377"
"gene-224277"	5.08786750442787	-0.166279356910178	16.9225638720645	0.000200416897852342	0.00125908690227851	"gene-224277"
"gene-189963"	-0.435593068117751	5.12857542859813	15.9988921321322	0.000200906345135589	0.00126141669826572	"gene-189963"
"gene-320479"	-1.1305816848709	10.8384829516202	15.9821922236164	0.000202264902529984	0.00126919734708491	"gene-320479"
"gene-259524"	-1.03921338035364	9.89387337611944	15.9777768313306	0.000202625700318798	0.00126998135438394	"gene-259524"
"gene-39353"	-0.45890359831934	5.75278471750378	15.9769388676529	0.000202694249191567	0.00126998135438394	"gene-39353"
"gene-292889"	-0.405291739717038	6.06816797206034	15.9762813044179	0.000202748057516353	0.00126998135438394	"gene-292889"
"gene-128016"	-0.502773242799926	6.99996874896091	15.9735533782535	0.000202971442680929	0.00127037510898605	"gene-128016"
"gene-284803"	-2.44814807293284	7.01898224807252	15.9719340243669	0.000203104170275167	0.00127037510898605	"gene-284803"
"gene-142399"	2.5265556000211	-0.337922204079394	15.97114051209	0.000203169242232538	0.00127037510898605	"gene-142399"
"gene-147059"	-1.66629621805552	8.46937852029317	15.9575891164515	0.000204283889582328	0.00127659427120895	"gene-147059"
"gene-48523"	1.93827259704585	4.08881019204016	15.9558034708675	0.000204431240120441	0.00127676492655373	"gene-48523"
"gene-39680"	3.70212703363187	6.29849274865517	15.9493128786925	0.000204967775561784	0.00127936458971545	"gene-39680"
"gene-357976"	1.11211404442183	4.27334179488285	15.9316630745166	0.00020643421697526	0.00128776207140696	"gene-357976"
"gene-263663"	1.07147029621417	3.37908299376451	15.9271385460416	0.000206811899993244	0.00128936188061439	"gene-263663"
"gene-63340"	0.388136739062159	5.93650169984268	15.9174357953222	0.000207624266707132	0.00129366824879734	"gene-63340"
"gene-102511"	0.850938426006952	6.22533064179166	15.9158745363537	0.000207755294525386	0.00129372676380094	"gene-102511"
"gene-26216"	-0.383098937401591	7.61437892429437	15.9089394686878	0.000208338360413602	0.00129659847943773	"gene-26216"
"gene-23413"	3.90404768133389	-0.797932812576791	16.2136401504264	0.000209064316755959	0.00130035559825519	"gene-23413"
"gene-24132"	5.98416667920195	4.60359888998961	16.1959171687622	0.000210514093546085	0.00130790421197642	"gene-24132"
"gene-128193"	-0.568007622828762	6.46633638324542	15.8831236578582	0.000210523882183492	0.00130790421197642	"gene-128193"
"gene-3265"	1.00962508974362	4.13297338286569	15.8756293854382	0.000211162806327719	0.00131110776888594	"gene-3265"
"gene-7316"	2.72767358533144	-0.510292175542324	15.8731502708676	0.000211374608489163	0.00131165713879273	"gene-7316"
"gene-105267"	2.68896214012509	3.3576459062723	15.8587888732391	0.000212605939780029	0.0013185287320702	"gene-105267"
"gene-84721"	-0.994342091461233	8.4786297516577	15.8452004702739	0.000213777890090425	0.00132403782543059	"gene-84721"
"gene-150180"	2.34168840880613	3.51951496111481	15.8446764236571	0.000213823222026193	0.00132403782543059	"gene-150180"
"gene-406680"	-0.550398841723941	6.95232154198947	15.8441622238532	0.000213867711930214	0.00132403782543059	"gene-406680"
"gene-426211"	-1.01709772420935	8.39625471360467	15.836774882345	0.000214507951648489	0.00132722895505138	"gene-426211"
"gene-131761"	1.43190311613904	3.7486592309532	15.8217846811392	0.000215813266012559	0.00133452901006371	"gene-131761"
"gene-95686"	1.38899696523241	3.08107825377155	15.818769457398	0.000216076825332417	0.0013353824022287	"gene-95686"
"gene-33238"	1.2724783729469	6.51273787035323	15.8006724418515	0.0002176657531015	0.00134442099302413	"gene-33238"
"gene-246873"	0.571311236005368	5.79526392696187	15.7974520580659	0.000217949780510354	0.00134539400203606	"gene-246873"
"gene-411020"	5.82624358133007	3.56357326801054	15.7945718733428	0.000218204131207221	0.00134618279554524	"gene-411020"
"gene-299067"	-0.683084434467727	7.28452991125186	15.7908920913795	0.000218529545686416	0.00134740883937433	"gene-299067"
"gene-351519"	-0.566233200676029	7.14905597617904	15.7864182556174	0.000218925863292552	0.00134907038353394	"gene-351519"
"gene-378417"	-0.625840663902857	6.6864384488796	15.7766339361917	0.000219795230538171	0.00135364335379501	"gene-378417"
"gene-160006"	0.919845919546431	2.81178836224788	15.7721829502566	0.000220191906383731	0.00135530157193135	"gene-160006"
"gene-233522"	-1.13704125845048	11.2317547367392	15.770206131021	0.000220368321875732	0.00135560293318119	"gene-233522"
"gene-160664"	1.30532186716587	6.45266579549042	15.7672460409913	0.000220632762449435	0.00135644512220358	"gene-160664"
"gene-418619"	0.983385143404183	4.6719579596439	15.758800428844	0.000221389076315153	0.00135863820659901	"gene-418619"
"gene-268283"	2.01573945986366	3.52272162447927	15.7587585214856	0.000221392835905926	0.00135863820659901	"gene-268283"
"gene-227053"	1.60301379012389	5.47084074278647	15.7577752954503	0.00022148106215738	0.00135863820659901	"gene-227053"
"gene-264166"	0.789495957542486	5.23488932534725	15.7575594273582	0.000221500437217252	0.00135863820659901	"gene-264166"
"gene-328082"	1.5801417016404	1.76667870095942	15.7529988951101	0.000221910177781999	0.00136036694575755	"gene-328082"
"gene-260412"	-0.518042695380874	6.7994284012745	15.7450906453962	0.000222622570415367	0.00136339885455748	"gene-260412"
"gene-125551"	-0.692424768551338	9.94165229157924	15.74466331752	0.000222661132979159	0.00136339885455748	"gene-125551"
"gene-204903"	-0.643922682878159	7.37464476643387	15.7432276305622	0.000222790742113968	0.00136340755645809	"gene-204903"
"gene-136663"	1.02859895662254	4.67340746138287	15.7297009432942	0.000224015760969597	0.00137011594805787	"gene-136663"
"gene-273312"	0.611016578830695	5.13415472172499	15.7251973590143	0.00022442517816353	0.00137183114652144	"gene-273312"
"gene-227743"	-0.656800216230226	7.46767656325865	15.7220131376086	0.000224715124489873	0.00137281451124313	"gene-227743"
"gene-208221"	0.837366461476135	2.21507738057839	15.70680403194	0.000226105427798052	0.00138026188473048	"gene-208221"
"gene-207481"	-0.499620550401544	6.23271152244278	15.7058414054408	0.000226193725562733	0.00138026188473048	"gene-207481"
"gene-377823"	0.714730076553117	5.27570996314916	15.6931888462991	0.000227357644506164	0.00138656875399516	"gene-377823"
"gene-87981"	0.693693569836228	5.42795718293041	15.6732706433819	0.000229202621076613	0.00139701952880851	"gene-87981"
"gene-392863"	1.76177971745402	0.846273298319316	15.6669593296748	0.000229790478828539	0.00139980041971383	"gene-392863"
"gene-300570"	1.86439483689919	4.9163399894457	15.662867066008	0.000230172487526781	0.00140132488685452	"gene-300570"
"gene-395080"	4.3756423041587	3.68222224064562	16.0828836246625	0.00023077553604812	0.00140419256373444	"gene-395080"
"gene-329520"	1.9872474303936	3.21242147221352	15.6529673399389	0.000231099361430574	0.0014053589526447	"gene-329520"
"gene-194639"	1.39257887719563	5.65943921770122	15.647246583835	0.00023163674984334	0.0014078219836193	"gene-194639"
"gene-104919"	1.99441971167756	0.53542839836175	15.6425887199972	0.000232075257229675	0.00140916697632748	"gene-104919"
"gene-299219"	3.42324995671549	1.00598414614097	15.6420818331054	0.000232123029571807	0.00140916697632748	"gene-299219"
"gene-73608"	-0.574389936049776	7.65450320823328	15.631752999824	0.000233098725780892	0.00141428297056792	"gene-73608"
"gene-73300"	-1.34451668472305	4.42031900341445	15.6219591626908	0.00023402783958001	0.00141861709814496	"gene-73300"
"gene-6235"	1.71006645211918	0.822314948409735	15.6214123927325	0.000234079823922942	0.00141861709814496	"gene-6235"
"gene-131101"	-1.00129699970356	9.69310366351444	15.6172014418865	0.000234480585693629	0.00142023662268647	"gene-131101"
"gene-357347"	0.986391730026912	2.22862489295569	15.6071505046064	0.000235440044784166	0.00142523637810153	"gene-357347"
"gene-137343"	1.28908900521607	3.33090456832592	15.5963852888096	0.000236472235957983	0.00143067047875376	"gene-137343"
"gene-114574"	0.35615484403724	5.75518772484934	15.5888257706351	0.000237199881009551	0.00143425692690027	"gene-114574"
"gene-420365"	2.1877399498422	1.24836440731563	15.5827032879922	0.000237790916654794	0.00143701374405704	"gene-420365"
"gene-22862"	2.54159463630969	0.73792415208931	15.5811510572021	0.000237941005886352	0.00143710422408134	"gene-22862"
"gene-232634"	0.536159443303265	5.08078867941737	15.5771992607782	0.000238323561952358	0.0014385978461551	"gene-232634"
"gene-378008"	0.919852522304072	3.01349791401132	15.5639145072189	0.000239614315249646	0.00144556883550495	"gene-378008"
"gene-77313"	2.96242732609005	2.3399480364248	15.5609980723301	0.000239898653261337	0.00144646376195441	"gene-77313"
"gene-285899"	-1.12951844745602	5.94640218549006	15.5543571550611	0.000240547425047779	0.00144955377496214	"gene-285899"
"gene-334394"	-0.700796317244174	7.88049645456156	15.5477545152828	0.000241194273566418	0.00145262870535245	"gene-334394"
"gene-142185"	-0.548991530687741	7.09966884561349	15.5450398507231	0.000241460750860793	0.00145341060902965	"gene-142185"
"gene-271599"	-0.533331248262089	5.88598990920001	15.5418698532707	0.000241772313690639	0.00145446285543758	"gene-271599"
"gene-101963"	0.820102069374651	4.87414493994183	15.538237876104	0.00024212979814298	0.00145579001302925	"gene-101963"
"gene-92640"	-1.60551932142478	2.31131034224686	15.5123350105541	0.000244695394964346	0.00146994732134982	"gene-92640"
"gene-316827"	-0.713027341205439	5.57535905942195	15.511677587809	0.000244760878724195	0.00146994732134982	"gene-316827"
"gene-93172"	2.66163108992999	-0.155989233616466	15.4956577344402	0.00024636223261834	0.00147867967457637	"gene-93172"
"gene-92778"	1.11887248828982	7.72068000827957	15.4943548040827	0.000246492954402398	0.00147867967457637	"gene-92778"
"gene-359281"	1.3673302345958	6.53566178327519	15.4921311062546	0.00024671622322223	0.00147918475208097	"gene-359281"
"gene-203006"	2.53267994404539	-1.04768887381494	15.4905855317866	0.000246871529914727	0.00147928202375945	"gene-203006"
"gene-399223"	5.68373389356339	1.37311986736035	15.7855533828978	0.000247204980673333	0.00148044604416755	"gene-399223"
"gene-1771"	1.69511566378764	1.54732165430607	15.4795906887968	0.000247979294202724	0.00148365920896695	"gene-1771"
"gene-17280"	0.539890033045352	5.4815361485531	15.479182667497	0.000248020503341786	0.00148365920896695	"gene-17280"
"gene-193392"	1.76771251744396	3.60442599291606	15.4654117369192	0.000249415534459621	0.00149116561242975	"gene-193392"
"gene-252984"	1.88123415875168	5.54380980933411	15.4582794582408	0.0002501412708606	0.00149466435779401	"gene-252984"
"gene-189246"	1.72900626402487	4.83455098243748	15.4414689516259	0.000251860539896069	0.00150409247744783	"gene-189246"
"gene-307537"	-0.929914814539479	6.51949722283497	15.4364108096756	0.000252380264954623	0.00150635044784364	"gene-307537"
"gene-146981"	0.492207998201212	6.35760879711878	15.4215352979224	0.000253915225765369	0.0015146619973306	"gene-146981"
"gene-321733"	-0.897134216449246	9.32431015563918	15.4188475939905	0.000254193600211385	0.00151533691880188	"gene-321733"
"gene-405057"	0.717515284213467	4.53298421774687	15.4176927097377	0.000254313313281437	0.00151533691880188	"gene-405057"
"gene-30992"	0.747836253423202	5.14098323403265	15.4052149362246	0.00025561049546008	0.00152221345448679	"gene-30992"
"gene-258565"	0.576921212895188	3.98330957747394	15.3970105086133	0.000256467186217398	0.00152646054426874	"gene-258565"
"gene-285127"	1.21695287959401	4.13723868369091	15.3921404115005	0.000256977129989109	0.00152864024304483	"gene-285127"
"gene-402161"	-0.810227809125268	5.92907276004785	15.3880008675401	0.000257411410530944	0.00153036767043439	"gene-402161"
"gene-149383"	-1.07522590675593	11.0935422148731	15.3751698714655	0.000258762388910504	0.00153754009410733	"gene-149383"
"gene-333038"	-0.423845739630628	5.47111310359339	15.354906442686	0.000260911028178035	0.00154944148280378	"gene-333038"
"gene-202468"	-0.611672678306181	5.4414847966691	15.3425360110028	0.000262231881420809	0.00155641645691503	"gene-202468"
"gene-175383"	0.77282218928109	4.15658209006617	15.3396702674247	0.000262538866206313	0.00155736942608497	"gene-175383"
"gene-173972"	-0.649072378870088	5.69339036052226	15.3345452303964	0.000263088807493857	0.00155963589310469	"gene-173972"
"gene-153456"	1.94896605848761	2.81662942668922	15.3333780608669	0.000263214218514754	0.00155963589310469	"gene-153456"
"gene-172274"	0.475563960905932	5.15094119967444	15.3242439055932	0.000264197831375572	0.00156459250251146	"gene-172274"
"gene-60816"	0.664500982922552	6.60590581014471	15.3147698485004	0.000265222102505236	0.00156978424165035	"gene-60816"
"gene-286342"	0.517762169047364	5.30265508139507	15.3066936928832	0.000266098515760192	0.00157409555818988	"gene-286342"
"gene-377080"	2.30199545770681	3.37548960748436	15.3016241004345	0.000266650205408241	0.00157648225943416	"gene-377080"
"gene-31532"	-0.678377277575452	10.9526737091206	15.2914832424515	0.0002677573538538	0.00158214845310501	"gene-31532"
"gene-242667"	-0.565734895659443	4.14809857755388	15.2845215338397	0.000268520190301781	0.00158577498281496	"gene-242667"
"gene-282458"	6.37654681694455	3.29183478612924	15.5672954116802	0.000269396966781306	0.00159006999927079	"gene-282458"
"gene-126846"	-0.830471616552177	6.93313305061706	15.2533648284789	0.000271962128309002	0.00160432013127817	"gene-126846"
"gene-69802"	2.35799421669599	0.605884764972912	15.2417406712131	0.000273258043186036	0.00161107125683297	"gene-69802"
"gene-194530"	-0.438666760513063	6.64875052344141	15.2362295798515	0.000273874696913495	0.00161374713315086	"gene-194530"
"gene-80359"	3.06730973554551	3.92383224504269	15.2349743148562	0.000274015355629038	0.00161374713315086	"gene-80359"
"gene-175672"	-0.389504123769825	5.75732013171841	15.2294948861736	0.000274630236931147	0.0016164732706141	"gene-175672"
"gene-334585"	-0.39253990673776	7.76745480322929	15.2163189816944	0.000276114693631734	0.00162431188134243	"gene-334585"
"gene-60881"	0.727938099687124	6.87278907524485	15.2143126474334	0.000276341470331562	0.00162474730704616	"gene-60881"
"gene-220028"	1.11084833784234	3.51282073909284	15.2082117769049	0.000277032249678872	0.00162787054417807	"gene-220028"
"gene-322927"	3.77522108437386	2.63724488738875	15.206919640508	0.000277178784835135	0.00162787054417807	"gene-322927"
"gene-253427"	-0.721101523643685	10.5877816675263	15.1986858395487	0.000278114444968355	0.00163246425865531	"gene-253427"
"gene-419420"	1.53760247964369	3.81128753910899	15.1918657108583	0.000278891957698275	0.00163612513076605	"gene-419420"
"gene-83755"	4.34015703110939	3.89642957322532	15.1851013318707	0.00027966535722545	0.00163975784975187	"gene-83755"
"gene-42866"	1.36846476205689	2.11454070360955	15.1813252151141	0.000280098070131618	0.00164139012337184	"gene-42866"
"gene-49094"	2.85041203635654	-0.400865038165649	15.1589256717735	0.000282679294962271	0.00165560406454775	"gene-49094"
"gene-199691"	0.480315354883443	5.57513776317979	15.156883018007	0.000282915914084607	0.00165607796488932	"gene-199691"
"gene-186909"	3.10150511022605	3.47914730561496	15.1543161009867	0.000283213556692924	0.00165690835477774	"gene-186909"
"gene-216544"	1.11143740625744	1.19167781747132	15.1475414580113	0.000284000670655861	0.00166059985326869	"gene-216544"
"gene-29178"	0.843046902510675	2.94129248877744	15.1408952154349	0.000284775086570685	0.00166373549492766	"gene-29178"
"gene-50962"	0.391439117130249	5.70705324986812	15.1402551135562	0.000284849787162775	0.00166373549492766	"gene-50962"
"gene-79046"	-0.658510881338482	7.57377204292041	15.1365832938138	0.000285278688109834	0.00166532608492656	"gene-79046"
"gene-100256"	-1.18383050708327	6.65092200171172	15.1296753885261	0.000286087421335267	0.00166913100017658	"gene-100256"
"gene-249784"	1.66335153422919	3.56248395036992	15.1131509045093	0.000288031731043668	0.00167955344922174	"gene-249784"
"gene-152096"	-0.561660846247817	5.45061162154829	15.1019772658927	0.000289354264221621	0.00168564266390447	"gene-152096"
"gene-399270"	5.97217325406397	6.63377633843833	15.1016511563377	0.000289392958282208	0.00168564266390447	"gene-399270"
"gene-338697"	1.90259589230044	-0.268200252756377	15.1001636783347	0.000289569521397536	0.00168574790891308	"gene-338697"
"gene-249148"	2.67402734376685	4.23121720483651	15.0833319208881	0.000291575302257888	0.00169649612407817	"gene-249148"
"gene-15837"	1.62498470766341	2.41184838593711	15.0770120075085	0.000292332166055264	0.00169996988417922	"gene-15837"
"gene-331320"	1.47341465675994	3.67632961642405	15.066680637189	0.000293573857993017	0.00170558159479153	"gene-331320"
"gene-223722"	5.02289380584377	6.25893376643491	15.0663150945336	0.000293617892070636	0.00170558159479153	"gene-223722"
"gene-173075"	2.2075800002317	1.4683893768061	15.0596793627758	0.000294418447289601	0.00170929836537784	"gene-173075"
"gene-229684"	2.49008035700334	3.95524044057959	15.0559150830906	0.000294873594689037	0.00171100684839749	"gene-229684"
"gene-241964"	1.34173991170957	1.72705649461642	15.0514874306908	0.000295409892616359	0.00171318408825932	"gene-241964"
"gene-215991"	0.611892635402338	3.97729433203699	15.0490543048144	0.000295705037791552	0.00171396118907409	"gene-215991"
"gene-367095"	-0.953804187258217	8.54393531873992	15.0417076303925	0.000296598080821517	0.00171820108258042	"gene-367095"
"gene-142780"	0.911228079492971	3.47376013251882	15.0353046999623	0.000297378701944881	0.00172178545121707	"gene-142780"
"gene-402875"	-0.494956839303881	7.53556814157933	15.0219699598674	0.000299011318680482	0.00173029618361567	"gene-402875"
"gene-419274"	3.2117203635567	2.83845091949327	15.011880779827	0.000300252789886929	0.0017365354394983	"gene-419274"
"gene-188158"	-1.89253003162652	7.37230875529298	15.0072933059228	0.000300819056708405	0.0017388649386688	"gene-188158"
"gene-65802"	0.698608718419899	4.83349704905031	15.0031500365248	0.00030133145061452	0.00174088066742859	"gene-65802"
"gene-207342"	-1.09620430588952	7.41030878646232	14.9863313038747	0.000303420784776428	0.0017519997105766	"gene-207342"
"gene-353372"	0.970064923365121	5.21921846631873	14.9832002472257	0.000303811412983658	0.00175330341209669	"gene-353372"
"gene-12320"	-0.674743975591391	11.3046233549097	14.9751913517332	0.000304812988503481	0.0017581295801101	"gene-12320"
"gene-35169"	-0.791924456535281	6.74340262768715	14.9732396255803	0.000305057589453183	0.00175832620921196	"gene-35169"
"gene-228591"	0.591340106490952	4.88996675392619	14.9722817110196	0.000305177715513847	0.00175832620921196	"gene-228591"
"gene-227137"	5.51319874805695	6.32864249510612	14.9698513137758	0.000305482718142742	0.00175913058482198	"gene-227137"
"gene-292993"	3.61390869981914	0.954207547059765	14.9680112725351	0.000305713845816983	0.00175950890915013	"gene-292993"
"gene-163802"	1.99818640355987	1.9473454540237	14.9607677764573	0.000306625477890932	0.00176380128872253	"gene-163802"
"gene-241630"	0.920122415333896	2.00553356367185	14.9305402138629	0.000310460531792676	0.00178489633305238	"gene-241630"
"gene-222242"	0.484332580346147	5.78513092627477	14.9289213273542	0.000310667332517787	0.00178512033963219	"gene-222242"
"gene-183688"	1.60344668752438	2.70841407089345	14.9264987198529	0.000310977071422217	0.00178593527626711	"gene-183688"
"gene-361296"	-1.08177676449504	9.10315110907714	14.9167225315341	0.000312230272325079	0.00179216469317299	"gene-361296"
"gene-186178"	3.68555729483665	1.18349034232358	14.9140704246143	0.00031257115233562	0.00179315360099334	"gene-186178"
"gene-241916"	0.34078313531965	5.75933508560249	14.9064152685327	0.0003135572651498	0.00179784100923627	"gene-241916"
"gene-112699"	3.26002059472236	0.0156054284961459	14.8905348988918	0.000315613300165994	0.00180865466625297	"gene-112699"
"gene-328974"	0.925553015151032	4.95208449191283	14.8753497241909	0.000317592500929213	0.00181901660736839	"gene-328974"
"gene-42739"	-0.716085433137336	10.4280524874755	14.8728772084908	0.000317915988208843	0.00181988937060778	"gene-42739"
"gene-238972"	0.494659489018557	5.54937949928362	14.8693151435503	0.000318382629944611	0.00182158023243189	"gene-238972"
"gene-163483"	1.42623076897891	5.93288253430482	14.8668392655382	0.000318707399182072	0.00182245800951641	"gene-163483"
"gene-101468"	0.931705149577424	4.38817936959633	14.8593894985375	0.000319686698813286	0.00182707561987002	"gene-101468"
"gene-88038"	1.06697534002515	3.4390770430415	14.8468086893121	0.000321347635283565	0.00183558187372503	"gene-88038"
"gene-84158"	1.2487887378285	2.74965830152857	14.8364365489691	0.000322723758341507	0.00184245297569526	"gene-84158"
"gene-47062"	-0.571434895929038	6.51019361064575	14.8340012717475	0.000323047749985279	0.00184331323435806	"gene-47062"
"gene-156810"	-0.7350027122924	7.25660037659392	14.8305293210704	0.000323510249263003	0.00184496247247255	"gene-156810"
"gene-334636"	1.1422154358568	3.92828248144633	14.8280983657402	0.000323834488959305	0.0018458218781196	"gene-334636"
"gene-355055"	2.52209835489105	-0.554690618216858	14.8245579272835	0.000324307318308252	0.00184752685459377	"gene-355055"
"gene-393468"	-0.905879836339213	4.80096182604238	14.8195866915263	0.00032497244966407	0.00185032493288386	"gene-393468"
"gene-26021"	0.857665578098066	5.01512006109698	14.8087885515507	0.00032642211106988	0.00185758457642549	"gene-26021"
"gene-24052"	3.94521928121291	-0.695275194984618	15.0687537970901	0.000328298479184507	0.00186726343561841	"gene-24052"
"gene-347162"	1.54559784252937	0.771564289699738	14.7931503879401	0.000328533536688923	0.00186760165484948	"gene-347162"
"gene-361200"	2.77547417386097	1.16410464744962	14.7914356695517	0.000328765920000129	0.00186792431897509	"gene-361200"
"gene-355621"	4.23380166060795	1.77341493877385	14.763102767222	0.000332630629595448	0.00188887313207538	"gene-355621"
"gene-93222"	0.625625148928454	5.91278507577211	14.7611736083919	0.00033289549346691	0.0018893684463789	"gene-93222"
"gene-144491"	0.607985192645867	8.39389185686055	14.7570763824274	0.000333458753206259	0.00189155589285428	"gene-144491"
"gene-170229"	1.73297161819144	1.48341433665609	14.7533603790865	0.000333970465874218	0.00189344876068133	"gene-170229"
"gene-290221"	-0.799434123024337	10.271956336751	14.7490461808802	0.00033456558216346	0.00189581221730984	"gene-290221"
"gene-210918"	-0.536767555313156	4.33062807919865	14.7475943959582	0.00033476609571005	0.0018959383354484	"gene-210918"
"gene-186487"	-1.22304451957239	8.16337954931192	14.7420014571985	0.00033553973959569	0.00189822557981494	"gene-186487"
"gene-54955"	-0.511520381172907	5.5082706103672	14.7411361708744	0.000335659597145028	0.00189822557981494	"gene-54955"
"gene-410209"	3.07792999753856	3.83393795404511	14.7408058083428	0.000335705370029325	0.00189822557981494	"gene-410209"
"gene-172917"	-0.490474646957396	8.95464991427831	14.732613598197	0.000336842517460747	0.00190364347274841	"gene-172917"
"gene-207746"	-1.15826944283785	6.31215163362412	14.7272623939704	0.000337587481438045	0.00190684038904676	"gene-207746"
"gene-63855"	-0.892719658656405	8.36980912664223	14.720785076351	0.000338491519535371	0.00191036527912414	"gene-63855"
"gene-267803"	0.746406726092641	3.96714096333894	14.7198842118928	0.000338617453211297	0.00191036527912414	"gene-267803"
"gene-89345"	1.99540621120292	0.339904565664374	14.7189337861055	0.00033875036822378	0.00191036527912414	"gene-89345"
"gene-326052"	-1.37342083434805	6.05369143585454	14.7174895432361	0.000338952446839391	0.00191049190491985	"gene-326052"
"gene-205319"	-0.691700586360362	5.4519730610047	14.7121217857828	0.000339704608474006	0.00191319773191564	"gene-205319"
"gene-88936"	1.29991917161218	3.42190734966444	14.711497048032	0.000339792263594269	0.00191319773191564	"gene-88936"
"gene-267836"	1.0997320957136	2.61920110198872	14.7055479859754	0.000340628143719916	0.0019168893844471	"gene-267836"
"gene-401657"	3.54095195254989	2.47892515787814	14.6942639322094	0.000342219529822707	0.00192482650406891	"gene-401657"
"gene-244835"	0.513688842486184	3.96066698458264	14.6677062328768	0.000345995680129176	0.00194503702634985	"gene-244835"
"gene-333935"	1.21341097676134	4.51538776300224	14.6492504587542	0.000348645460983571	0.00195883167071729	"gene-333935"
"gene-286167"	0.879056084949064	2.222369349616	14.6480545004337	0.000348817899994222	0.00195883167071729	"gene-286167"
"gene-424432"	-0.724884720264731	5.7265474740053	14.6449826691555	0.000349261219818762	0.0019602861920804	"gene-424432"
"gene-93622"	-2.03344957158857	2.31050513974216	14.6427406256173	0.000349585158080597	0.0019606025260623	"gene-93622"
"gene-419019"	3.2812498976535	3.29371385115931	14.6415341535997	0.00034975960323938	0.0019606025260623	"gene-419019"
"gene-409898"	-2.15764210086639	4.46122717644451	14.6404814682279	0.000349911886501697	0.0019606025260623	"gene-409898"
"gene-242006"	2.88872277531025	1.92818356936653	14.6394931152126	0.000350054926381375	0.0019606025260623	"gene-242006"
"gene-278742"	0.475265017406672	5.37138012930176	14.6368734795828	0.000350434350044779	0.00196169460372435	"gene-278742"
"gene-278580"	1.33766342923871	3.96514151669918	14.6341730911215	0.00035082591954136	0.00196285348776534	"gene-278580"
"g7989"	-3.58796895808623	0.192750178012865	14.6273202805613	0.00035182166365173	0.00196738970273386	"g7989"
"gene-190610"	-0.420017438533077	7.47173750517911	14.620738476493	0.000352780809204128	0.00197171659836842	"gene-190610"
"gene-71665"	2.0253514652094	-0.185332749132181	14.6028213579024	0.000355405679520147	0.00198534391143712	"gene-71665"
"gene-121196"	0.713498266663871	4.15360558177633	14.5983979420211	0.000356056848107629	0.00198772222738076	"gene-121196"
"gene-231581"	-0.469775293620896	5.50821055122943	14.5973913262491	0.000356205205470829	0.00198772222738076	"gene-231581"
"gene-142927"	-0.505197471961841	6.11410177157508	14.5935976905324	0.000356764900845289	0.00198957457429574	"gene-142927"
"gene-237699"	-0.687695716838781	10.6189875769682	14.592606607874	0.000356911271883816	0.00198957457429574	"gene-237699"
"gene-142504"	0.558458750134117	5.33678557860344	14.5872475366305	0.000357703830053659	0.00199294810709833	"gene-142504"
"gene-355509"	4.32945937457389	4.40641347746845	14.5823108261574	0.000358435551944986	0.00199597933533344	"gene-355509"
"gene-287289"	-1.50711609148578	8.81843998419629	14.5751037360805	0.000359506599816796	0.00200089596842043	"gene-287289"
"gene-328941"	4.65452489585197	4.28679608939912	14.5726024971809	0.000359879090801679	0.00200192155322524	"gene-328941"
"gene-60136"	-0.786342996391287	10.8429330017985	14.5641359903376	0.000361142940115787	0.00200790188764846	"gene-60136"
"gene-199953"	-0.602417758052803	9.73191810938528	14.5612079502145	0.000361581105685636	0.00200928769073794	"gene-199953"
"gene-335016"	-0.91359243116497	5.96463472373304	14.5455203925491	0.000363938142799784	0.00202132954925248	"gene-335016"
"gene-231177"	2.04485243853311	0.122805274951132	14.5386487348595	0.000364975651770193	0.00202603394166377	"gene-231177"
"gene-430702"	-0.79114016742085	3.14523067783013	14.535675033066	0.000365425590073656	0.00202747343558863	"gene-430702"
"gene-38146"	1.00375184453638	8.46336673502702	14.5296622783026	0.000366337126091694	0.00203147115386406	"gene-38146"
"gene-340569"	-0.388197156902864	8.00833105305169	14.514393553039	0.000368662562649622	0.00204330120705648	"gene-340569"
"gene-280567"	2.28169261146621	1.50327335788675	14.504691096747	0.000370148262174635	0.00205046714400491	"gene-280567"
"gene-228246"	-0.716672730075034	5.92244970085155	14.4821425558402	0.000373625245732777	0.00206865076190204	"gene-228246"
"gene-174508"	1.29778460326654	4.66881210302568	14.4730437888211	0.000375037922483962	0.00207433787354214	"gene-174508"
"gene-23514"	4.089151967535	3.21363108062899	14.47177400083	0.000375235513372828	0.00207433787354214	"gene-23514"
"gene-57161"	2.03131129904685	3.39045728332511	14.4717612263257	0.000375237501757718	0.00207433787354214	"gene-57161"
"gene-87502"	3.351448481647	5.45762375701514	14.4349849363233	0.00038100771668348	0.0021051418569587	"gene-87502"
"gene-175747"	1.47906945414641	4.58541027482048	14.4293605988576	0.000381898318050362	0.00210896703571321	"gene-175747"
"gene-164424"	-0.446813399401326	7.08719709656533	14.4249746275969	0.000382594336211918	0.00211171425010377	"gene-164424"
"gene-32418"	1.63192804806201	1.51315387012852	14.4207580759449	0.000383264718505304	0.00211431719192034	"gene-32418"
"gene-162968"	-0.560651364373424	4.12261014625257	14.4174508319998	0.000383791390328195	0.00211612505315224	"gene-162968"
"gene-84378"	-1.02529559588695	9.30558039234961	14.4090360162069	0.000385134845077818	0.00212243223432522	"gene-84378"
"gene-24290"	3.87885348652398	2.43745303985787	14.4033162504295	0.000386050830069282	0.0021263783680046	"gene-24290"
"gene-132199"	4.91435145505422	4.56180903230606	14.4008599688843	0.000386444886688778	0.00212744710912104	"gene-132199"
"gene-402218"	2.06895534134283	3.76313734709101	14.3863768486341	0.00038877694718053	0.00213917827739893	"gene-402218"
"gene-366050"	2.01974505686143	3.78401040910084	14.3839925365521	0.000389162274669702	0.00214019128923834	"gene-366050"
"gene-223734"	5.77435290725677	7.85562001085641	14.3805922241899	0.000389712487931747	0.00214210957190804	"gene-223734"
"gene-279975"	-1.73246383289518	5.25860849481437	14.3764518323574	0.000390383552985237	0.00214468980865237	"gene-279975"
"gene-428774"	4.53565294488193	-1.25853713098849	15.1232347236538	0.000390782654839067	0.00214577404071673	"gene-428774"
"gene-85363"	-0.674045699731435	10.8966762710487	14.3706368807771	0.000391328066090978	0.00214766011916597	"gene-85363"
"gene-3542"	3.22148669420177	0.629932852141121	14.3553259327214	0.000393826436655535	0.00216025682324305	"gene-3542"
"gene-379542"	1.54818975046193	1.11667249500416	14.3481854678763	0.000394997278449987	0.00216556239875982	"gene-379542"
"gene-164380"	-0.549125445950479	6.15227793234609	14.3433585634716	0.000395790819284071	0.00216879503034795	"gene-164380"
"gene-221665"	0.401096208399128	6.29763460781664	14.3389468803475	0.000396517554987265	0.00217165845254611	"gene-221665"
"gene-173287"	-2.36436914169596	6.06445531681686	14.3248139566767	0.00039885507143964	0.00218333635606383	"gene-173287"
"gene-269627"	2.01971431802501	3.90908835963359	14.2990290633259	0.000403156941655292	0.00220574960465313	"gene-269627"
"gene-125969"	0.449702909294213	5.06323108943217	14.2945251522763	0.000403913320281829	0.00220875170926351	"gene-125969"
"gene-97663"	0.652900297313723	6.04128952798416	14.2896372665941	0.000404735861015581	0.00221211234211805	"gene-97663"
"gene-263289"	2.43296315749591	-0.861165462424031	14.2848220367434	0.000405547886757107	0.00221541208194586	"gene-263289"
"gene-377719"	-0.667078250842046	4.61146975872336	14.2823094888347	0.000405972270939439	0.00221659192695681	"gene-377719"
"gene-12117"	1.97977529226635	3.04497100550829	14.2796233513598	0.00040642648872128	0.00221793336790125	"gene-12117"
"gene-167281"	1.58415638547671	3.85783136437827	14.2779574464719	0.000406708455008685	0.00221833391152429	"gene-167281"
"gene-27813"	0.505866775377981	4.55595045794958	14.2593749348976	0.000409867570910891	0.0022344190077951	"gene-27813"
"gene-248407"	3.09623105844295	-0.336092894874251	14.2541836377857	0.000410754690909129	0.00223735783367293	"gene-248407"
"gene-267296"	-0.494134932797263	5.89694060021607	14.253758881646	0.000410827364532082	0.00223735783367293	"gene-267296"
"gene-400"	1.99187465727693	-0.0269631130081003	14.2524218833684	0.000411056205883773	0.00223745844717493	"gene-400"
"gene-63266"	0.50379548637197	6.54732600206612	14.2382290057408	0.000413493695043447	0.00224957490561744	"gene-63266"
"gene-253555"	0.790292801452774	4.47296059188191	14.2317586933818	0.000414609916359177	0.002254494412268	"gene-253555"
"gene-20104"	-0.373512574392395	5.64883173201062	14.2267967920566	0.000415468048253454	0.00225717480837486	"gene-20104"
"gene-115124"	0.539747934026053	3.64304138295747	14.226454628987	0.000415527291726023	0.00225717480837486	"gene-115124"
"gene-181154"	2.79503555295236	0.122224482461033	14.2102804269159	0.000418337853237706	0.0022712819841941	"gene-181154"
"gene-215063"	-1.82123978107236	6.24807753623002	14.205655378074	0.000419145186773143	0.00227450418699957	"gene-215063"
"gene-340805"	2.22043498822264	4.21345936429037	14.198161463124	0.000420456758399516	0.00228045797161512	"gene-340805"
"gene-233991"	1.07908678529882	1.88336431213803	14.1679783179438	0.000425782939738582	0.00230816888229335	"gene-233991"
"gene-53163"	-1.62529685837103	8.42318757126353	14.1525701924261	0.000428529028715194	0.00232187200683382	"gene-53163"
"gene-159940"	-1.11470461994503	5.6785583672014	14.15065624505	0.000428871429062281	0.00232254405270185	"gene-159940"
"gene-13950"	0.360908361831116	5.53166689999234	14.1486478729887	0.000429231029178652	0.00232330851213442	"gene-13950"
"gene-255225"	1.29390539012091	6.5136166544441	14.1417202585351	0.000430473842272547	0.00232852793016932	"gene-255225"
"gene-290739"	1.33564226932908	5.58961561378474	14.1408336330815	0.00043063317399803	0.00232852793016932	"gene-290739"
"gene-28730"	-0.470595695788894	6.21105209152827	14.13810811935	0.000431123350631227	0.00232999388074884	"gene-28730"
"gene-303042"	0.673891659915771	3.92328269468972	14.1336004454032	0.000431935324280364	0.00233319660185168	"gene-303042"
"gene-346568"	-0.41873347421552	4.18554762676292	14.1214125926398	0.000434138751811778	0.00234390850978176	"gene-346568"
"gene-296534"	0.578564134552164	5.15434860259784	14.1179123570754	0.000434773724170924	0.00234614577893554	"gene-296534"
"gene-239845"	-0.586232897334473	11.2084667241051	14.1087554543065	0.00043643945895152	0.00235394020558234	"gene-239845"
"gene-356261"	1.99155102600327	3.93254576077243	14.1013634581204	0.000437789003891575	0.00235937547753095	"gene-356261"
"gene-185427"	-0.338083175872156	6.32186021428817	14.0995963267296	0.000438112271705325	0.00235937547753095	"gene-185427"
"gene-262541"	1.1354151249572	2.40376395297008	14.0995940424159	0.000438112689744605	0.00235937547753095	"gene-262541"
"gene-343648"	-0.44795163983788	7.22194416279375	14.0957211183412	0.000438822051455247	0.00236199464532575	"gene-343648"
"gene-146747"	0.702241656621523	2.80171903127335	14.0945150760292	0.000439043194227999	0.00236199464532575	"gene-146747"
"gene-168067"	-0.495586896829201	5.41918707709839	14.0846388060124	0.000440858518498205	0.00237056178096406	"gene-168067"
"gene-70065"	-1.09405567338104	7.35952603283768	14.0575972531084	0.000445869192556271	0.00239457407150778	"gene-70065"
"gene-96261"	0.811000546029187	3.87032621740308	14.0572029886107	0.000445942686604009	0.00239457407150778	"gene-96261"
"gene-286455"	1.10208209107138	5.47667994534976	14.0568979761028	0.000445999552054993	0.00239457407150778	"gene-286455"
"gene-39749"	2.80096556311587	0.854079848931791	14.055535637304	0.000446253634208596	0.00239472939124249	"gene-39749"
"gene-30595"	-4.14455697811925	6.22229916103774	14.0500053043876	0.000447286620105293	0.00239906227505794	"gene-30595"
"gene-178879"	0.637515204179107	4.16124741225349	14.0282701617982	0.00045137070335997	0.0024185331648652	"gene-178879"
"gene-163916"	-3.00229177657859	6.93782873577209	14.0282654152177	0.00045137159949769	0.0024185331648652	"gene-163916"
"gene-341674"	2.45358461831779	4.51736156196022	14.0164860846132	0.000453601234309322	0.00242916143701318	"gene-341674"
"gene-419004"	2.42892086460209	2.68640967373747	14.0153760506683	0.000453811938261113	0.00242916143701318	"gene-419004"
"gene-287352"	-0.68694982347902	6.27539449318201	14.0091637318949	0.00045499303531424	0.0024342585128784	"gene-287352"
"gene-197758"	1.19614708100735	5.84584464006514	13.9867580337624	0.000459279605387462	0.00245595670331877	"gene-197758"
"gene-848"	1.75068115785273	0.399396087664776	13.9762953008204	0.000461295731533474	0.00246549819125127	"gene-848"
"gene-130553"	0.629244820439356	5.66655445674213	13.9736408306148	0.000461808706859629	0.00246700020399749	"gene-130553"
"gene-214526"	0.457060327573254	4.7290694870401	13.9706383179774	0.000462389659945957	0.00246886366625763	"gene-214526"
"gene-85294"	0.37102547993103	7.28685076499016	13.968010977936	0.000462898647940465	0.00247034120396126	"gene-85294"
"gene-186211"	-1.75055307281669	3.98928135863546	13.9666338767883	0.000463165664172487	0.00247052658181473	"gene-186211"
"gene-208179"	1.68898473283258	2.47850482588751	13.9641683575276	0.000463644123977617	0.0024718390489353	"gene-208179"
"gene-195204"	1.62223496968974	1.60123692045609	13.9624175444023	0.00046398420124243	0.00247241280782289	"gene-195204"
"gene-362975"	1.06388567267252	3.93681749811505	13.955445255625	0.000465341084578507	0.00247840149002354	"gene-362975"
"gene-261671"	2.58564877251195	-0.696800893834967	13.9533406871096	0.000465751470945956	0.00247934566815875	"gene-261671"
"gene-152688"	-0.987307156591853	6.30811682764037	13.9355981775854	0.000469226296634587	0.00249659374237392	"gene-152688"
"gene-226076"	1.88256701232265	0.283839064267467	13.9226906265016	0.000471771228300169	0.0025088793921003	"gene-226076"
"gene-268975"	-0.788340856741397	6.27250565337585	13.9118629757401	0.000473917200879183	0.0025190321581964	"gene-268975"
"gene-375838"	3.02126496419721	4.6739556482369	13.9019518118924	0.000475890476500421	0.00252795538548554	"gene-375838"
"gene-187086"	-0.560559105508818	6.66928482503483	13.9010456030746	0.000476071327296684	0.00252795538548554	"gene-187086"
"gene-231788"	0.509714196489243	4.55529172371896	13.8937416153017	0.000477531599238389	0.00253444415643688	"gene-231788"
"gene-167611"	2.40411780039038	-0.200191132977889	13.8857206954714	0.000479140601193535	0.00254171542857578	"gene-167611"
"gene-354581"	-0.421425279708291	6.01910796057155	13.8781355542393	0.000480667399553494	0.00254854360002541	"gene-354581"
"gene-366014"	2.81528120726309	0.071689418024202	13.8685430940668	0.000482605532908333	0.0025575448171465	"gene-366014"
"gene-351277"	3.4046225707791	2.70201175005489	13.8651155563281	0.000483300038023821	0.00255994980299869	"gene-351277"
"gene-113488"	3.35069374009641	0.611209749312897	13.8568150359523	0.000484986263656428	0.00256760273780476	"gene-113488"
"gene-245743"	2.02427743119911	6.48479555909935	13.8525699315516	0.000485851019527907	0.00257090121577055	"gene-245743"
"gene-296043"	-0.933478249709629	1.81753278187397	13.8429974097197	0.000487806925935213	0.00257996741136098	"gene-296043"
"gene-176575"	1.51454960080719	3.55950677050316	13.8384200228685	0.000488745108152958	0.00258314418945576	"gene-176575"
"gene-275811"	0.976539196066989	4.26551327071155	13.8376221356075	0.000488908836250532	0.00258314418945576	"gene-275811"
"gene-31203"	2.48173030937477	1.81766482528842	13.8365147026134	0.000489136178785624	0.00258314418945576	"gene-31203"
"gene-6888"	-0.584318960874615	6.8534702791547	13.8228250758097	0.000491955636736855	0.00259674449247305	"gene-6888"
"gene-178411"	0.43407506155946	6.57033343043305	13.8049930330768	0.000495653749534752	0.00261496690478751	"gene-178411"
"gene-161332"	0.689459784419041	4.49398727217809	13.7951854907091	0.00049770007050094	0.00262446105594844	"gene-161332"
"gene-370994"	4.64639562182331	3.48448145764906	13.7921714234647	0.000498330721241899	0.00262641002113962	"gene-370994"
"gene-121021"	1.19275868183704	1.67082026514813	13.7910597115453	0.000498563541997076	0.00262641002113962	"gene-121021"
"gene-203185"	-0.567208155281647	10.8225906808119	13.7898298317072	0.000498821242606679	0.00262646670117061	"gene-203185"
"gene-50090"	0.801171272124129	3.92147602245285	13.7842147388174	0.00049999956109952	0.00263136829878995	"gene-50090"
"gene-336793"	0.409446531986503	5.94306050864112	13.7753827493102	0.000501858831582892	0.00263984694990882	"gene-336793"
"gene-183393"	-0.963360737083531	7.67999136038097	13.7736793504901	0.000502218254030647	0.00264043171026691	"gene-183393"
"gene-279637"	1.58939404453941	2.69834795886533	13.7676353497538	0.000503495729805205	0.00264584020860087	"gene-279637"
"gene-403992"	-0.500810381468283	4.96247098692976	13.7633175363185	0.00050441043404416	0.00264927012339047	"gene-403992"
"gene-251715"	-0.893333777165923	9.83159078761271	13.7622040424126	0.000504646603045232	0.00264927012339047	"gene-251715"
"gene-292255"	2.76718580160621	1.5443715917235	13.7603522282862	0.000505039623751047	0.00265002537652498	"gene-292255"
"gene-156582"	1.51466187991873	-0.308976996832567	13.7575907591636	0.000505626300007602	0.00265179552607537	"gene-156582"
"gene-136192"	0.762576307216338	3.29627096421225	13.7541629901361	0.000506355523389246	0.00265431116154166	"gene-136192"
"gene-372264"	-0.600475153866057	3.82993806840046	13.7515303642662	0.000506916334487912	0.00265482601089	"gene-372264"
"gene-124987"	-0.817459864514701	7.40852056747089	13.7513585623935	0.000506952954881309	0.00265482601089	"gene-124987"
"gene-421424"	0.568746101674192	3.65157011607485	13.748753365832	0.000507508604095306	0.00265642791001854	"gene-421424"
"gene-69401"	-1.45863563357631	7.42552336777825	13.7405664865793	0.00050925889007118	0.00266427818730795	"gene-69401"
"gene-194346"	0.587779482503925	5.16185728640597	13.7392261007262	0.000509546053929188	0.00266446992605253	"gene-194346"
"gene-12141"	1.12541663000096	2.926847565406	13.7338815623304	0.000510692750450427	0.00266915385444262	"gene-12141"
"gene-424393"	-2.11123899095993	9.77386037150585	13.7292428306613	0.00051169019959867	0.00267305351813922	"gene-424393"
"g4976"	2.15552626155338	-1.37730900158213	13.7267618423468	0.000512224512984226	0.00267453113406982	"g4976"
"gene-303336"	1.62134531435974	3.26662954748458	13.725058238478	0.000512591744174597	0.00267513532435771	"gene-303336"
"gene-213719"	2.05504736374218	5.79663977176655	13.7232494590065	0.000512981948430778	0.00267585875601263	"gene-213719"
"gene-304979"	-0.712002258796904	10.9638641851004	13.7211648761951	0.000513432036367962	0.00267689369549492	"gene-304979"
"gene-89268"	-0.876364209292244	3.75951600739107	13.7190233262105	0.000513894854185986	0.00267759420707229	"gene-89268"
"gene-432055"	2.04182223929204	3.34696205074767	13.7182139171198	0.000514069891955774	0.00267759420707229	"gene-432055"
"gene-262476"	4.32227953871782	2.9168106155567	13.7058313319146	0.000516755457004489	0.00269026482657844	"gene-262476"
"gene-268898"	0.395874711338793	5.07438167385126	13.7022439024935	0.000517536244554539	0.00269301149563703	"gene-268898"
"gene-99832"	1.70975144240015	3.59392687252657	13.7002528972736	0.000517970109804417	0.00269369276391538	"gene-99832"
"gene-246261"	1.29467909775233	6.6262818171348	13.6993192576651	0.000518173692644873	0.00269369276391538	"gene-246261"
"gene-24088"	3.79237326396634	3.04298281852133	13.691911077385	0.000519792036238089	0.00270078558741002	"gene-24088"
"gene-87785"	1.28043908033254	3.72871063016331	13.688654657783	0.000520505083844126	0.00270244189545137	"gene-87785"
"gene-7975"	3.12330348350468	4.79580721856243	13.6864973243723	0.000520978031206492	0.00270244189545137	"gene-7975"
"gene-237550"	-0.968189276857875	4.94740708584579	13.6864098177922	0.000520997224556401	0.00270244189545137	"gene-237550"
"gene-27466"	1.02529877154513	2.65590051018029	13.6858175656345	0.000521127146255242	0.00270244189545137	"gene-27466"
"gene-289106"	0.320172111532512	6.64754917672067	13.6810086280776	0.000522183332475441	0.00270659937826939	"gene-289106"
"gene-31601"	1.00143356752421	3.5462039188213	13.6727353294547	0.000524005636017805	0.0027147218434902	"gene-31601"
"gene-147446"	-0.476400028713651	6.57135852706602	13.6628881243288	0.00052618328294163	0.0027246764349402	"gene-147446"
"gene-181457"	0.523138883203232	6.11717611733074	13.6609755228102	0.00052660733879802	0.00272554533112201	"gene-181457"
"gene-289840"	-0.640021169220822	6.40616871875869	13.6571312842498	0.000527460752157245	0.00272863451359166	"gene-289840"
"gene-48862"	-0.761250554357682	9.99164838729803	13.6445775650622	0.000530257737978071	0.00274177019987106	"gene-48862"
"gene-172560"	2.00038583128979	1.87476205624197	13.6320074614941	0.000533073914919364	0.0027549923027611	"gene-172560"
"gene-185646"	0.996973750653621	3.93847319668754	13.6292478125689	0.000533694270986925	0.0027568587985512	"gene-185646"
"gene-115934"	0.790048962624444	5.84933878039115	13.6271667619963	0.000534162580521305	0.00275717465045263	"gene-115934"
"gene-420821"	4.11077736317057	2.85402716350176	13.6266724692831	0.000534273876888197	0.00275717465045263	"gene-420821"
"gene-152826"	2.46604590976392	-0.896725623160332	13.6242852998142	0.000534811720208583	0.00275840771570406	"gene-152826"
"gene-174864"	1.11119095595348	4.48417825082013	13.6233105143562	0.000535031507850459	0.00275840771570406	"gene-174864"
"gene-349798"	-0.746685745215895	11.0767285241912	13.6116871839704	0.000537659541715864	0.00277061380120636	"gene-349798"
"gene-308810"	-0.643585754076421	10.5274112246494	13.605489700967	0.000539066305231066	0.00277651778326277	"gene-308810"
"gene-90593"	0.501561970165106	2.74321725756113	13.5975457376664	0.000540875131464551	0.00278448591396756	"gene-90593"
"gene-253409"	-0.617866737101782	10.5919014767245	13.5839964402376	0.000543974939358793	0.00279721379582209	"gene-253409"
"gene-131605"	1.90660047848966	2.99691705842468	13.5826724213514	0.000544278842975272	0.00279721379582209	"gene-131605"
"gene-34692"	1.80561046044679	5.00156325340383	13.5806519419169	0.000544742948190471	0.00279721379582209	"gene-34692"
"gene-3175"	2.383986075056	1.1000933491046	13.5804043103052	0.000544799857762152	0.00279721379582209	"gene-3175"
"gene-392992"	-0.670595252421383	10.5592983792619	13.5801399768988	0.000544860612523697	0.00279721379582209	"gene-392992"
"gene-81137"	-0.575575335544256	6.3520344032349	13.5798579557145	0.00054492544047982	0.00279721379582209	"gene-81137"
"gene-69327"	0.894622128509606	3.21673546259955	13.5715760900619	0.00054683278571595	0.00280565051079346	"gene-69327"
"gene-39873"	1.32641244794167	1.34480400536331	13.5683559547388	0.000547576278654758	0.00280811055919576	"gene-39873"
"gene-384842"	3.18764411615771	4.30400130836563	13.5635144852186	0.000548696109168736	0.00281249726126201	"gene-384842"
"gene-365406"	2.37513251575347	4.87492603376931	13.5309040752745	0.000556301542982085	0.00285010751982537	"gene-365406"
"gene-226271"	0.995947983715745	5.41350883782788	13.5247296299891	0.000557753921652011	0.0028561727061583	"gene-226271"
"gene-93344"	1.82948371541314	3.58179096784673	13.5201022490285	0.00055884499222748	0.00286038274173796	"gene-93344"
"gene-8806"	2.09584510164725	-0.473140824540358	13.5105904071926	0.000561094763540493	0.00287051654882957	"gene-8806"
"gene-229347"	1.61136912292182	1.36686272675005	13.5087171511893	0.000561538947126239	0.00287140780847821	"gene-229347"
"gene-198928"	1.57146571501782	3.14385657667841	13.4969387079398	0.000564340270588118	0.00288434556365941	"gene-198928"
"gene-336784"	2.27185186403147	-1.20078333337355	13.487371140353	0.000566626525410381	0.0028946396370148	"gene-336784"
"gene-43636"	1.61268302530069	4.03999663855109	13.4755237964951	0.000569470981463689	0.00290777405609592	"gene-43636"
"gene-146987"	-0.77357045798126	10.555744151858	13.4743476206742	0.000569754185808855	0.00290782414599951	"gene-146987"
"gene-321219"	1.35594861246418	3.73420062462872	13.4614924396318	0.000572859126612863	0.00292181622301911	"gene-321219"
"gene-354554"	0.580782976843987	5.01549207124521	13.4607244088512	0.000573045190035527	0.00292181622301911	"gene-354554"
"gene-94210"	0.510182676442466	4.58879322475039	13.457659949617	0.00057378821639618	0.00292319408612138	"gene-94210"
"gene-237160"	1.30463436462165	3.95361619567147	13.457343077266	0.000573865104533794	0.00292319408612138	"gene-237160"
"gene-272706"	-0.649010641271363	8.36583061127667	13.4488687234194	0.000575925383320671	0.00293228452704579	"gene-272706"
"gene-360450"	1.40666654944906	5.45052705416823	13.4324047267958	0.000579950239806101	0.00295136399549172	"gene-360450"
"gene-262714"	0.748216504033024	7.72788360556997	13.4297255213057	0.000580607987051162	0.00295286862700869	"gene-262714"
"gene-198802"	1.06875030624621	3.9986275483248	13.4289392603219	0.000580801162815173	0.00295286862700869	"gene-198802"
"gene-61033"	0.88935377087071	2.41727779417458	13.424785201147	0.00058182288608761	0.00295664988840316	"gene-61033"
"gene-118718"	1.29173621203797	1.80958954390812	13.4206435597434	0.000582843426360408	0.00296042152949824	"gene-118718"
"gene-170101"	1.48551258781656	3.67878981549749	13.4159807894395	0.000583994618168282	0.00296485286818036	"gene-170101"
"gene-363419"	0.709944352717826	3.45828134579521	13.4020399102407	0.000587450686385312	0.00298097590667661	"gene-363419"
"gene-358879"	1.75734106867182	3.22300555428718	13.3944767404842	0.000589334606433327	0.00298910962042197	"gene-358879"
"gene-267901"	1.86846142798627	3.56011008409703	13.3804453969772	0.000592846444880399	0.00300548845936507	"gene-267901"
"gene-114362"	-0.700217472755668	11.246603072561	13.3709184691864	0.000595243363031662	0.00301620219590508	"gene-114362"
"gene-401666"	2.40253449523352	6.98771920256847	13.3640230043854	0.000596984541450521	0.00302313533760943	"gene-401666"
"gene-334466"	1.29647067603327	2.39239081650074	13.3627093522783	0.000597316856190256	0.00302313533760943	"gene-334466"
"gene-195311"	-0.357473703472231	6.64098848237845	13.3621266776953	0.000597464317380125	0.00302313533760943	"gene-195311"
"gene-146158"	-0.844833382262065	8.01526104418305	13.359673156042	0.00059808566360809	0.00302484028442018	"gene-146158"
"gene-290349"	0.587576586151814	5.44730265652643	13.355380355127	0.000599174427254058	0.00302890646781091	"gene-290349"
"gene-281666"	-0.464112961362241	6.39544788333493	13.3490934390232	0.000600772691349953	0.00303531411413133	"gene-281666"
"gene-164026"	2.26478866251168	3.76533848458232	13.3481506889903	0.000601012742042175	0.00303531411413133	"gene-164026"
"gene-404022"	-0.406991903397593	6.10887828920274	13.3443856359842	0.000601972431191317	0.00303768868649448	"gene-404022"
"gene-8518"	2.39629458336842	3.74443234574285	13.3440653961447	0.000602054132298831	0.00303768868649448	"gene-8518"
"gene-188045"	-1.73597347351092	6.37804939468721	13.3421308767561	0.000602547922738974	0.00303873859945554	"gene-188045"
"gene-384815"	2.23623430737713	1.59279098377739	13.3381366985008	0.000603568786219144	0.00304244436503641	"gene-384815"
"gene-421244"	2.11452621418101	-0.0386385708943584	13.3177055723422	0.000608819098336603	0.00306745614870114	"gene-421244"
"gene-68074"	0.867505301829668	3.15637423982423	13.3149734396458	0.000609524803406303	0.00306955767472985	"gene-68074"
"gene-403878"	6.10046336822492	0.410900829028082	13.9591853650283	0.000610564297333695	0.0030733373717185	"gene-403878"
"gene-207535"	0.914620452780596	7.19819115220611	13.2978816734126	0.000613959036450767	0.00308896325056308	"gene-207535"
"gene-281058"	-0.567541630042266	6.91030720745218	13.2882961394213	0.000616460630267345	0.00310008286691417	"gene-281058"
"gene-313589"	0.472891229069891	5.15841726727644	13.2848878440776	0.000617352680422687	0.0031018657029326	"gene-313589"
"gene-138312"	1.6942403160887	4.20604681306278	13.2847131885308	0.000617398429212892	0.0031018657029326	"gene-138312"
"gene-93717"	-1.90563259999612	3.34667429843383	13.2744017223589	0.000620105679904839	0.00311399622826622	"gene-93717"
"gene-333448"	1.43125273453379	1.83217875731484	13.2710683993188	0.000620983488950026	0.00311637406466366	"gene-333448"
"gene-246546"	-0.444700162055947	6.22366040829259	13.2702335028492	0.000621203556982991	0.00311637406466366	"gene-246546"
"gene-331410"	-0.719771560942405	10.6835233105733	13.269267829969	0.000621458197738965	0.00311637406466366	"gene-331410"
"gene-304615"	2.09910878560355	0.364086330155095	13.2674984258081	0.000621925059764841	0.00311724549277043	"gene-304615"
"gene-367186"	2.85302129310778	-0.57167257511126	13.2635777639286	0.000622960844239115	0.00312096633976789	"gene-367186"
"gene-353819"	0.55380029309825	4.74460703113005	13.2616994144227	0.000623457717191884	0.00312105030539774	"gene-353819"
"gene-383777"	-0.369065938557456	6.52113877948652	13.2612959870218	0.000623564488432701	0.00312105030539774	"gene-383777"
"gene-411011"	5.03854583193062	2.58547541438075	13.2571732444155	0.000624656711915839	0.00312504646657425	"gene-411011"
"gene-253997"	1.75742082817345	0.540654488118027	13.2532422783149	0.000625699992242367	0.00312750276641563	"gene-253997"
"gene-357398"	-0.871072167694554	9.99208950832119	13.2531075092835	0.000625735792302788	0.00312750276641563	"gene-357398"
"gene-220565"	-0.741767004573655	7.761063493187	13.2407785737729	0.000629019931596851	0.0031422377878985	"gene-220565"
"gene-111738"	2.90427294542903	3.41174246343456	13.2398246930707	0.000629274773244058	0.0031422377878985	"gene-111738"
"gene-96604"	0.914607024184257	4.42813385374954	13.2310673920187	0.000631619452832402	0.0031521888022945	"gene-96604"
"gene-281627"	-0.712702985117816	9.70343152318019	13.2301696304421	0.000631860335322666	0.0031521888022945	"gene-281627"
"gene-341043"	1.76254229880962	1.56104490656673	13.219251977558	0.000634797401440088	0.00316280828093358	"gene-341043"
"gene-181247"	-0.648306115142803	7.44585079759482	13.2190118944591	0.000634862148797447	0.00316280828093358	"gene-181247"
"gene-328746"	-2.41415066848203	1.03369121809179	13.218941523628	0.000634881128224256	0.00316280828093358	"gene-328746"
"gene-59493"	-0.647323835192596	4.19683414814316	13.2167682444934	0.00063546756664616	0.00316424767736356	"gene-59493"
"gene-332475"	0.615617641998935	2.8008143814851	13.2153318151162	0.000635855484227537	0.003164697674424	"gene-332475"
"gene-210286"	-0.667784494552984	10.5096845724672	13.2127351479254	0.0006365573606409	0.00316670911495632	"gene-210286"
"gene-74849"	-0.918111356752941	6.69115121626675	13.2034136883808	0.000639083624187165	0.00317779028838461	"gene-74849"
"gene-228543"	1.86981260565721	4.53076804200379	13.1969689110519	0.000640836390888783	0.00318501675396874	"gene-228543"
"gene-114947"	-0.466866649327494	6.36088321053502	13.1957489586638	0.000641168743240235	0.00318518017426583	"gene-114947"
"gene-100060"	-0.591398678204273	6.79365038710941	13.1753621631591	0.000646749489318439	0.00321101991474926	"gene-100060"
"gene-244176"	0.668235840545412	5.04432268255099	13.1745457937949	0.000646974020055253	0.00321101991474926	"gene-244176"
"gene-6498"	-1.19293965193275	4.56054984580305	13.1644927778463	0.000649745652020329	0.00322327180731726	"gene-6498"
"gene-383370"	-0.551748614774446	4.18660880196188	13.1618171972258	0.000650485404267026	0.00322543718404853	"gene-383370"
"gene-106182"	2.88785431122206	2.02801966573047	13.1564074975588	0.000651983786112791	0.00323136046090198	"gene-106182"
"gene-304818"	0.579355798133425	3.97347293238065	13.1530213550931	0.00065292351858209	0.00323451073294789	"gene-304818"
"gene-31269"	2.10715694501565	0.0340910193758142	13.1465017954769	0.000654736838446768	0.00324198371216007	"gene-31269"
"gene-359041"	0.263421468536204	6.04588540428096	13.1348156864604	0.000658000353584341	0.00325662715715358	"gene-359041"
"gene-269621"	2.13451732068628	1.56644028487573	13.1267485139172	0.000660263152064824	0.00326630645830766	"gene-269621"
"gene-404672"	-0.784404615899204	6.86216672999931	13.1225926092907	0.000661432036155509	0.00327056770643886	"gene-404672"
"gene-296677"	4.84091007170901	2.54312713897374	13.117018771769	0.000663003125365522	0.00327681284451101	"gene-296677"
"gene-292116"	1.39692900623447	4.13715534292516	13.1125684120517	0.000664260343953648	0.00328150163413423	"gene-292116"
"gene-132506"	-0.600601936429367	7.31855254081829	13.0854962424394	0.000671962100570265	0.00331800784664129	"gene-132506"
"gene-377275"	2.79624150358344	7.27832083722434	13.0798883468722	0.000673569135680989	0.00332439968775081	"gene-377275"
"gene-313493"	0.545926032471963	8.80046275539164	13.067880557291	0.000677023701416111	0.00333989985540898	"gene-313493"
"gene-330930"	0.631857723482179	4.40486066827747	13.0617118162859	0.000678805610912709	0.0033471379126878	"gene-330930"
"gene-83060"	0.715573774147121	3.90395681860949	13.0514895303919	0.000681769240853509	0.00336019353369691	"gene-83060"
"gene-121889"	1.70900828470309	1.81477236239073	13.0499432344682	0.000682218717881946	0.00336085145131652	"gene-121889"
"gene-428678"	3.46307505908728	2.77154582629681	13.0430802726018	0.000684217386686395	0.00336913709481319	"gene-428678"
"gene-375719"	2.3927735509426	-1.01497514592776	13.0339954835643	0.0006868725332202	0.00338027014622491	"gene-375719"
"gene-37215"	1.40309194515343	2.250912225635	13.0331712530968	0.000687113957891902	0.00338027014622491	"gene-37215"
"gene-364550"	0.748948507195055	5.18329612191757	13.0293542462486	0.000688233152204616	0.00338421072900984	"gene-364550"
"gene-178274"	-0.391263881864807	6.70371512067726	13.0268622201079	0.000688964874353115	0.00338469806537404	"gene-178274"
"gene-10124"	-0.781067140654684	9.57198875981794	13.0268491285063	0.000688968720527905	0.00338469806537404	"gene-10124"
"gene-145612"	0.853512521845586	2.86325809227913	13.0149374487578	0.00069247757158392	0.00339943264122996	"gene-145612"
"gene-29323"	-0.887348222972696	6.91882502096869	13.0144984898472	0.000692607233315657	0.00339943264122996	"gene-29323"
"gene-402902"	1.49660933660202	0.686738517746012	13.0078609950264	0.00069457094606646	0.00340749842359911	"gene-402902"
"gene-21797"	-0.411015571011046	6.3567664816619	13.003920407468	0.000695739529333698	0.00341165773812504	"gene-21797"
"gene-168523"	0.599785775142817	6.18928710587273	12.9938205384183	0.00069874405179243	0.00342481185938446	"gene-168523"
"gene-830"	-0.572566955195543	6.8051475473145	12.9881632946711	0.000700432903993861	0.00343150822979213	"gene-830"
"gene-409145"	3.58869617394991	1.61182842887526	12.9770540213601	0.000703761784208154	0.00344622943684987	"gene-409145"
"gene-83204"	0.413808274180732	4.47221133649828	12.9735837371252	0.000704805039934916	0.00344968068198381	"gene-83204"
"gene-311970"	0.702551020716188	7.04118444191156	12.9725528901484	0.000705115250341557	0.00344968068198381	"gene-311970"
"gene-282347"	6.39103521393625	4.00360219517099	13.1834177087211	0.000706110086445619	0.00345177128898654	"gene-282347"
"gene-303996"	0.985301335854274	4.87241956250538	12.9689796482403	0.000706191643929552	0.00345177128898654	"gene-303996"
"gene-308321"	-0.715640752591372	4.25991604995447	12.9640226637816	0.000707687719573256	0.00345749498639465	"gene-308321"
"gene-283221"	-1.45691667585669	6.34331156130887	12.9576702555353	0.000709609799138861	0.00346529376659363	"gene-283221"
"gene-64677"	0.483067351612369	5.02366528133588	12.9507065634241	0.000711723114233552	0.00347401883569897	"gene-64677"
"gene-165990"	1.02130097202734	2.67292184909967	12.9469478348948	0.000712866534172768	0.00347758678207744	"gene-165990"
"gene-50758"	1.65279331606259	1.05806159061312	12.9461548526507	0.000713108007870525	0.00347758678207744	"gene-50758"
"gene-229371"	3.02071232883627	1.5688191437651	12.9417391214963	0.000714454222961166	0.00348255504831116	"gene-229371"
"gene-64045"	2.31561424847606	-1.14055057963834	12.9354831358317	0.000716366026173088	0.00349027441794639	"gene-64045"
"gene-152150"	-0.628389017162398	4.45626733616645	12.9217033636589	0.000720595969438745	0.00350927597570993	"gene-152150"
"gene-249990"	2.2825702524028	-1.05943002601185	12.9206014256	0.000720935355125635	0.00350932193918364	"gene-249990"
"gene-289225"	1.08934648967413	1.20796902924323	12.9183466270937	0.000721630331366248	0.00351109798920925	"gene-289225"
"gene-347067"	-1.4617488394237	2.1480911619534	12.9145924240216	0.000722789011026457	0.00351512753602076	"gene-347067"
"gene-347654"	0.859828931669395	6.61668931258644	12.9069890275713	0.000725141654664481	0.00352495733044398	"gene-347654"
"gene-92145"	1.28588389421973	5.29217078219483	12.8879870197219	0.000731056355973194	0.00355208561084097	"gene-92145"
"gene-207905"	-0.699182761048611	6.84962682361247	12.8851817394499	0.000731933814285167	0.00355472513640961	"gene-207905"
"gene-96316"	1.17618517221717	4.36389791400992	12.8825577951984	0.00073275555021459	0.0035570917535748	"gene-96316"
"gene-80860"	1.39206857096641	3.18274953588169	12.868846673892	0.00073706516488601	0.00357594187710742	"gene-80860"
"gene-145478"	1.39061547265167	3.54574720891015	12.8680668545989	0.000737311069621717	0.00357594187710742	"gene-145478"
"gene-428071"	3.75467604641778	2.73312394909649	12.8647461135075	0.000738359178702854	0.00357939299210736	"gene-428071"
"gene-322160"	0.737552879795163	3.87734440473608	12.8566323530019	0.000740926647692814	0.00359020310927598	"gene-322160"
"gene-69538"	-1.6590515165573	5.90702797026787	12.8531067357132	0.000742045182187657	0.00359398568203457	"gene-69538"
"gene-67033"	-1.48967507665253	12.9078466007797	12.8420579688772	0.000745561963173155	0.00360937507524337	"gene-67033"
"gene-362918"	1.03788000129611	4.09857655813431	12.8295438559528	0.00074956622890254	0.00362710937698244	"gene-362918"
"gene-329410"	2.13451819585973	0.925678508978876	12.8224155839653	0.000751857186602949	0.00363654071701181	"gene-329410"
"gene-119314"	1.21848288825715	4.6543882687651	12.795239316298	0.000760658805943688	0.00367598270838728	"gene-119314"
"gene-85174"	2.16139001430002	5.49522918933342	12.7951034520873	0.000760703078333999	0.00367598270838728	"gene-85174"
"gene-21567"	-1.03984793288543	12.6210367161603	12.7918652959034	0.0007617590545462	0.00367941385293069	"gene-21567"
"gene-64425"	-1.26079902775983	7.11183379159647	12.7893489255178	0.000762580712423305	0.00368171060251215	"gene-64425"
"gene-244101"	0.510821383842072	5.58452416123598	12.7849113485786	0.00076403195271759	0.00368704348870431	"gene-244101"
"gene-58870"	-0.551574772155471	3.32053355481239	12.7801354001964	0.000765597081304661	0.00369292088741786	"gene-58870"
"gene-374794"	0.90398514385678	3.71039319281646	12.7775179204178	0.000766456279787907	0.00369538938885955	"gene-374794"
"gene-76825"	2.47826736577178	0.961044988038807	12.7733593406657	0.000767823426146748	0.00370030356162067	"gene-76825"
"gene-232586"	0.614143205152092	4.00129017479663	12.770662674949	0.000768711327214118	0.00370290474467815	"gene-232586"
"gene-140870"	1.73989459199945	3.51747513017786	12.7566470681001	0.000773343424189965	0.00372353130814145	"gene-140870"
"gene-151323"	-0.326295902192953	7.16005879462938	12.7533076843287	0.000774451378388107	0.00372717866992575	"gene-151323"
"gene-126293"	2.9247581846443	5.01210659976923	12.7516719392531	0.000774994698420833	0.00372810656372862	"gene-126293"
"gene-288876"	1.04996602809474	3.78871063760697	12.7443822181061	0.000777420865721217	0.00373693777414832	"gene-288876"
"gene-190046"	-0.828765455119047	7.91385119082843	12.7440452221782	0.000777533216828717	0.00373693777414832	"gene-190046"
"gene-59010"	0.377661542674586	7.30707644180239	12.7424046494768	0.000778080410267429	0.00373787861048075	"gene-59010"
"gene-401918"	-0.470942486451096	7.09550643099633	12.7382016988618	0.00077948409357682	0.00374293129538738	"gene-401918"
"gene-164261"	0.689654337139757	5.20833491578982	12.7330767968085	0.000781199272482854	0.00374947448651969	"gene-164261"
"gene-284606"	2.09987415683164	0.729423235644803	12.7282985942249	0.000782801977264372	0.00375547218321329	"gene-284606"
"gene-45125"	-1.17104186353254	8.98804507260167	12.725217543284	0.000783837247705921	0.00375874344752037	"gene-45125"
"gene-219346"	1.39440105913067	4.55289990824456	12.7213039185008	0.000785154339190428	0.00376250226320987	"gene-219346"
"gene-126281"	2.45870808675961	1.5344677463405	12.7207866223579	0.000785328603264941	0.00376250226320987	"gene-126281"
"gene-312140"	1.34064545709372	3.2784873292279	12.7185145753281	0.000786094478231145	0.00376447585342929	"gene-312140"
"gene-36842"	-1.1581149041057	7.05384307962087	12.7098945008666	0.0007890072986908	0.00377672440543445	"gene-36842"
"gene-220788"	-1.90476589801176	4.44683426494938	12.699839971665	0.000792419113253801	0.00379134938756969	"gene-220788"
"gene-294891"	-0.323029158720392	6.41088958595706	12.6919797481523	0.000795097082265904	0.00380245169378604	"gene-294891"
"gene-58980"	0.303908989168495	6.1894682432231	12.6732981519174	0.000801499954060397	0.00383134989275793	"gene-58980"
"gene-160951"	-0.782660927372161	5.71523042139519	12.6705368334833	0.000802450927155892	0.00383417253424531	"gene-160951"
"gene-253175"	-2.33636130489553	5.0189094165191	12.6691700400557	0.000802922075249598	0.00383470102934653	"gene-253175"
"gene-139"	-0.607950330351736	6.19786811826121	12.6670354792187	0.000803658460016648	0.003836495233724	"gene-139"
"gene-93257"	-0.833235695930796	5.08452425921166	12.6630113776031	0.000805048624817653	0.00384140743542421	"gene-93257"
"gene-102960"	0.437147225627649	4.98222951879357	12.6585140469701	0.000806605249392099	0.00384710916257146	"gene-102960"
"gene-53872"	4.37987298482427	2.05862309822533	12.6564369108591	0.000807325254680393	0.0038488173055942	"gene-53872"
"gene-234256"	-0.596509418115218	6.21114332135437	12.6513945131187	0.000809075919037538	0.00385543524860361	"gene-234256"
"gene-261982"	4.33642286770167	3.42722132876412	12.65006159063	0.000809539358456888	0.00385591608443684	"gene-261982"
"gene-121982"	-0.604728231983793	6.74831934200606	12.6454159224167	0.00081115676809292	0.00386189050377632	"gene-121982"
"gene-272589"	1.7608489500548	4.91814219965097	12.6344140538338	0.00081500061868733	0.00387845484579796	"gene-272589"
"gene-361290"	-0.997476813896858	7.400449771924	12.630175180735	0.000816486685778851	0.00388378908315915	"gene-361290"
"gene-148707"	3.10011315484459	2.04619939365434	12.6069278426983	0.000824687331207624	0.00392104356491922	"gene-148707"
"gene-289662"	1.67979377656588	0.591842660829726	12.6056276954804	0.000825148503999027	0.00392148323884435	"gene-289662"
"gene-145001"	-0.404718783195529	7.96070066273793	12.5958053085743	0.000828641318131603	0.00393632383191055	"gene-145001"
"gene-408949"	3.94247922967983	2.39413490837957	12.5945167368207	0.000829100677530731	0.00393674768134681	"gene-408949"
"gene-143016"	-0.629914858487112	7.57219088336347	12.5924061291415	0.000829853658096966	0.00393856470661282	"gene-143016"
"gene-359419"	-0.847194937390665	8.41538859236805	12.5883552744046	0.000831300847033855	0.00394367342062983	"gene-359419"
"gene-316886"	-0.532034283928078	7.6908904679229	12.5866291408544	0.000831918319540955	0.00394484317727936	"gene-316886"
"gene-31722"	0.600208909519849	5.98476511728828	12.572589783291	0.000836958342493428	0.00396697367680931	"gene-31722"
"gene-78969"	0.845637431121174	2.28716301166788	12.5664731254013	0.000839164160962844	0.00397565702271751	"gene-78969"
"gene-170361"	0.762703671757012	3.96965080463769	12.5647888862456	0.000839772607062268	0.00397676823184073	"gene-170361"
"gene-169360"	-0.368270519375552	5.38694143664673	12.5630349613319	0.000840406718537611	0.00397799993696752	"gene-169360"
"gene-57847"	-0.85135917011504	8.22553730454745	12.5435852656898	0.000847472218800073	0.00400965948361102	"gene-57847"
"gene-422820"	1.78021254349757	0.488571857824073	12.5402621727025	0.000848685605541907	0.00401361498467929	"gene-422820"
"gene-322"	0.320880401519948	7.14192365079572	12.5391520169102	0.000849091370415103	0.00401374925143779	"gene-322"
"gene-140346"	-0.542790358263248	5.66430772971115	12.5340429809625	0.00085096135562254	0.00402080185624227	"gene-140346"
"gene-310176"	-0.587234401729704	5.00147573040399	12.5327851132837	0.000851422415330543	0.00402119396512241	"gene-310176"
"gene-354783"	1.8623889375505	-0.68568078878331	12.5236371805386	0.000854783379961549	0.00403527564548204	"gene-354783"
"gene-229117"	-0.374444707772456	6.12769302632402	12.5193773348818	0.000856353189703838	0.00404089286854038	"gene-229117"
"gene-7507"	0.566053336554987	3.34435585601342	12.5063261548557	0.00086118153475843	0.00406187441405351	"gene-7507"
"gene-59672"	2.12744444726974	0.541673055676662	12.4995043729418	0.000863716615818855	0.00407202567635166	"gene-59672"
"gene-122297"	1.17163460919623	0.763342439016945	12.4862394254155	0.000868668464680444	0.00409355684109048	"gene-122297"
"gene-348880"	2.04568309869514	3.84816661457642	12.4824528439187	0.000870087453300241	0.00409842788011575	"gene-348880"
"gene-250364"	-0.358333406882642	6.06515861857315	12.4684377194697	0.000875360643764921	0.00412144126032921	"gene-250364"
"gene-224890"	2.87670000884245	0.780881476651808	12.4662621843739	0.000876182183330947	0.00412348393889733	"gene-224890"
"gene-178086"	0.743252984834158	4.09516952344638	12.4626531146958	0.00087754684385064	0.00412807971304529	"gene-178086"
"gene-42174"	1.11116166348296	3.26398198402892	12.458815391915	0.000879000403519858	0.00413308943052043	"gene-42174"
"gene-48583"	-0.609954095626347	10.5375370051751	12.438400880629	0.000886774989790896	0.00416780326620237	"gene-48583"
"gene-267498"	1.5105397548331	2.24932557999379	12.4327334038887	0.000888946111151051	0.00417616203100821	"gene-267498"
"gene-84332"	1.6253411734901	2.10418832671334	12.4265847503091	0.000891307857740934	0.00418540855405412	"gene-84332"
"gene-247179"	1.26163876830388	3.67506858825358	12.4102413532293	0.000897617472693996	0.00421317715779936	"gene-247179"
"gene-378058"	0.601502464435477	3.45986907412755	12.3901848710952	0.00090542453397829	0.00424794677697093	"gene-378058"
"gene-316300"	0.504963239864225	5.49254009914755	12.3832754090153	0.000908130501937424	0.00425828958653184	"gene-316300"
"gene-317372"	3.07730959815424	4.12882259155755	12.3825125678917	0.000908429773584125	0.00425828958653184	"gene-317372"
"gene-306272"	1.3433627040572	8.79078526409835	12.3762053187603	0.000910908141573602	0.00426802598844794	"gene-306272"
"gene-32842"	0.554530427346414	6.10502874963514	12.3713649315114	0.000912814921136473	0.00427365243598579	"gene-32842"
"gene-276107"	0.711887314250286	6.73974630025662	12.3711172762242	0.000912912592568608	0.00427365243598579	"gene-276107"
"gene-262702"	-0.557839937203081	6.23400582016909	12.3660329934753	0.000914920175008461	0.00428116629185657	"gene-262702"
"gene-194913"	0.936920733053844	5.63471859148218	12.3646917554272	0.000915450546957291	0.0042817642996648	"gene-194913"
"gene-358763"	-0.666426601559926	10.5985516928872	12.3628747236523	0.000916169577624568	0.0042832437923582	"gene-358763"
"gene-194452"	1.12377627303525	2.93947139901191	12.3596727898204	0.00091743807699198	0.00428728971304336	"gene-194452"
"gene-207408"	-0.450488842187932	8.52866204554661	12.3470115448532	0.000922472077040887	0.00430892095362621	"gene-207408"
"gene-247721"	0.564750893826461	5.86260396548949	12.3307279718671	0.000928988826012316	0.0043374561692129	"gene-247721"
"gene-8432"	-0.420016717288485	7.20189094458462	12.3252743113819	0.000931182160758209	0.00434497227238032	"gene-8432"
"gene-237372"	1.74123524246629	0.156390722934454	12.3246945564816	0.00093141564319548	0.00434497227238032	"gene-237372"
"gene-135898"	1.62132148386176	3.4293905824571	12.3115914799637	0.00093670897226921	0.00436774950857313	"gene-135898"
"gene-199667"	0.750147267331711	2.63607267925589	12.3079123143787	0.000938200922960299	0.00437095534890074	"gene-199667"
"gene-143757"	-0.678337003936925	9.42160466770885	12.3078692152587	0.000938218414962428	0.00437095534890074	"gene-143757"
"gene-231052"	0.473335076417863	4.86170553759079	12.3019409460079	0.000940627690177173	0.00438026099506323	"gene-231052"
"gene-144986"	0.813795064537098	3.78349908950409	12.2984993470528	0.000942029342145059	0.00438486830768265	"gene-144986"
"gene-13338"	1.4076499644698	1.02562468168914	12.2941754302709	0.000943793433587179	0.00439019265918722	"gene-13338"
"gene-87700"	1.04179404680881	5.74150707604237	12.2936727560439	0.000943998741214852	0.00439019265918722	"gene-87700"
"gene-323172"	0.66886400496627	5.55248386517701	12.2914684442863	0.00094489960221643	0.0043924616124012	"gene-323172"
"gene-262925"	0.631645448308566	6.98611722531388	12.286517824482	0.000946926110050532	0.00439995898055809	"gene-262925"
"gene-282398"	6.24711987579233	7.28524748187399	12.2822752368153	0.000948666409459724	0.00440612049389241	"gene-282398"
"gene-336178"	-1.32749026160305	5.19804219012747	12.2746343195123	0.000951809146746513	0.00441686467275358	"gene-336178"
"gene-146948"	0.633214655691846	5.68600913715172	12.2740608052808	0.000952045474592072	0.00441686467275358	"gene-146948"
"gene-181827"	-1.35485887560703	6.98829428258884	12.2736239612397	0.00095222552600827	0.00441686467275358	"gene-181827"
"gene-71057"	-0.493715458794012	6.82883759435042	12.268371860707	0.00095439304610596	0.00442498885718526	"gene-71057"
"gene-305855"	1.62147582220289	0.562566483396995	12.2598568893484	0.000957918122061088	0.00443849265935637	"gene-305855"
"gene-38317"	0.58184368967761	4.09018436390731	12.2593215543764	0.000958140197995695	0.00443849265935637	"gene-38317"
"gene-400372"	3.59738579533075	1.89296288205779	12.2512567634227	0.000961492289708825	0.00445208184298784	"gene-400372"
"gene-289689"	1.46475099278474	0.280791758533937	12.2390796657374	0.000966576926334236	0.00447367806287682	"gene-289689"
"gene-268681"	0.492306724715999	5.82429737049311	12.2261267182275	0.000972016435798255	0.00449602961564796	"gene-268681"
"gene-187663"	2.18818701238184	3.19347456540104	12.224734269095	0.000972603090997946	0.00449602961564796	"gene-187663"
"gene-86765"	1.63301650553347	-0.103987141251466	12.2243019938852	0.00097278528902501	0.00449602961564796	"gene-86765"
"gene-257335"	0.924084772840574	0.787185317091325	12.2235625306052	0.000973097045432645	0.00449602961564796	"gene-257335"
"gene-221552"	3.02323498708951	6.88673383905028	12.2222653713589	0.000973644178191686	0.00449660420288614	"gene-221552"
"gene-166466"	2.93672680120685	2.09902564081784	12.2187292345483	0.00097513733254756	0.00450154542924299	"gene-166466"
"gene-209639"	1.24890020155962	0.598344927342751	12.2068381658578	0.000980176016370047	0.00452284256403983	"gene-209639"
"gene-180633"	-2.05937202219959	1.36920076460334	12.2053822195385	0.000980794824979337	0.00452373536794459	"gene-180633"
"gene-275928"	2.13270238948471	-0.333583382325859	12.2019919688102	0.00098223734039862	0.00452842494689195	"gene-275928"
"gene-220431"	1.11644921404634	1.13572837731271	12.1837681184004	0.000990029548785211	0.0045623718721315	"gene-220431"
"gene-276211"	-0.523305050659545	6.44724066131827	12.1778057293096	0.000992592995033699	0.00457220402562946	"gene-276211"
"gene-82931"	2.01245507749615	1.81913704689607	12.1696306972986	0.000996119038437667	0.00458645978044287	"gene-82931"
"gene-287208"	1.01954200981817	0.898416511848794	12.1510480983753	0.0010041829365673	0.00462158793307218	"gene-287208"
"gene-288218"	-0.685426013055816	7.07712946108937	12.1499118847572	0.00100467820736287	0.00462186739338733	"gene-288218"
"gene-227164"	0.331413900140072	5.96896513894327	12.1361441873226	0.00101069985728736	0.00464755887683023	"gene-227164"
"gene-349169"	3.06500956229982	-0.0211288743655198	12.1313410536569	0.00101280951073559	0.00465524717207592	"gene-349169"
"gene-230013"	2.64023788691548	0.818445461694756	12.122951017682	0.0010165056882592	0.0046702179267062	"gene-230013"
"gene-360432"	0.952522108694834	1.91422806436802	12.1218608543408	0.00101698698869615	0.00467041174946988	"gene-360432"
"gene-100116"	0.366838417371045	5.48971349199858	12.1149493064032	0.0010200439521812	0.00468048089690947	"gene-100116"
"gene-91735"	1.94112176967623	7.15937047303324	12.1149138111277	0.00102005967647952	0.00468048089690947	"gene-91735"
"gene-302212"	-0.350468134828708	8.01680326952134	12.1105712344485	0.00102198534100391	0.00468729456098216	"gene-302212"
"gene-279284"	0.612392239971609	7.5920756523863	12.1068602567981	0.00102363394671568	0.00469283217985687	"gene-279284"
"gene-150292"	-0.445322008555608	5.46784792291777	12.0993576666759	0.00102697549227228	0.00470612293658249	"gene-150292"
"gene-257982"	1.98455863268337	2.50727666051559	12.0832133035218	0.00103420475286113	0.00473721005660248	"gene-257982"
"gene-254893"	0.592227534214942	4.67624027130798	12.0764377025393	0.00103725464647353	0.00474913492031529	"gene-254893"
"gene-401730"	-1.02707910169678	7.92298496381301	12.0688858379321	0.00104066506050792	0.00476269947657582	"gene-401730"
"gene-172379"	-1.00527760625096	6.93252975134759	12.0669595838722	0.00104153683292466	0.00476463903440289	"gene-172379"
"gene-249948"	2.22412196411591	0.0455737354300301	12.0631293376066	0.00104327257559301	0.00477052756406161	"gene-249948"
"gene-23365"	5.19992317574038	3.65694037749273	12.245262366185	0.00104546128366072	0.0047784813979439	"gene-23365"
"gene-91765"	-0.525411782613368	4.94615168593457	12.0563842002489	0.00104633661997902	0.00478042795966359	"gene-91765"
"gene-106596"	-3.23102905988394	1.33600751560423	12.0509236525491	0.00104882402903602	0.00478973481014476	"gene-106596"
"gene-242893"	-0.694145587526534	6.32169763681351	12.0316320228456	0.00105766152208066	0.00482802057890553	"gene-242893"
"gene-13422"	1.99372607364809	0.816436259030505	12.0300127447195	0.00105840685210675	0.00482935018404434	"gene-13422"
"gene-291835"	0.457712483401851	5.94658912651742	12.0267475947926	0.00105991142609905	0.00483414147855468	"gene-291835"
"gene-197029"	0.610788255161679	3.88441625695134	12.0216407833211	0.00106226912650193	0.00484281801520552	"gene-197029"
"gene-374248"	0.579573733153699	6.02676187747583	12.0154203668296	0.00106514837483999	0.00485386380239854	"gene-374248"
"gene-145299"	1.07456398620974	3.47682966129417	11.991167219774	0.00107645273387704	0.00490327677837954	"gene-145299"
"gene-347681"	0.980967699797161	5.48403024672677	11.9890869951344	0.00107742815653575	0.00490561895244618	"gene-347681"
"gene-317951"	1.47434521551022	0.572057789200082	11.9869914545967	0.00107841169681223	0.00490799606645052	"gene-317951"
"gene-270837"	1.00598313445173	3.41033951055277	11.9821317052389	0.00108069623685542	0.00491628963866306	"gene-270837"
"gene-285738"	2.23990143662896	4.74729854741439	11.9795335475172	0.00108191969445631	0.00491975112023826	"gene-285738"
"gene-148952"	-0.937995998805995	6.10897459958627	11.9765682305396	0.00108331781799567	0.00492400355222303	"gene-148952"
"gene-249332"	0.779392815854943	5.00279303929098	11.9749739283495	0.00108407030091945	0.00492531897504452	"gene-249332"
"gene-309288"	0.893307159908831	4.29103911402319	11.9687072367342	0.00108703337915892	0.00493483792351717	"gene-309288"
"gene-15264"	0.702216813747639	4.85450759043117	11.9685805113302	0.00108709338612267	0.00493483792351717	"gene-15264"
"gene-246965"	1.26161264265643	2.35232696799862	11.9653092155549	0.00108864361009042	0.00493976682462531	"gene-246965"
"gene-68946"	1.41545867836892	3.4115707252198	11.9614692203839	0.00109046628764937	0.00494592726457939	"gene-68946"
"gene-58415"	-1.30146807696299	2.19151413685409	11.9601111924989	0.00109111164878692	0.00494674488341757	"gene-58415"
"gene-135016"	-0.814261303538228	6.06998906685174	11.9570554373014	0.0010925652659356	0.00495122461375843	"gene-135016"
"gene-249607"	0.717768600669878	6.50216679936649	11.9473897955153	0.00109717656286861	0.00497000422600958	"gene-249607"
"gene-78574"	1.25500673209463	4.93776660944416	11.9439052150369	0.0010988439860293	0.00497543832924976	"gene-78574"
"gene-340908"	-0.950912853223567	10.3493896243344	11.940593797944	0.00110043100751252	0.00498050391315029	"gene-340908"
"gene-191493"	0.454405986857055	4.49327863885155	11.9386400184547	0.00110136849685301	0.00498262668333843	"gene-191493"
"gene-279676"	-2.06362411079497	5.31465313240186	11.9376238894252	0.0011018564004714	0.00498271457288002	"gene-279676"
"gene-177875"	-0.396710354690097	6.216186589432	11.9327127700317	0.00110421771230828	0.00499127054318356	"gene-177875"
"gene-252404"	-0.859744471829752	5.27215210086274	11.9283113790554	0.00110633844546875	0.00499873224554188	"gene-252404"
"gene-194734"	0.603286076795593	5.4915040148886	11.9162011143181	0.00111219560996636	0.0050230626359245	"gene-194734"
"gene-246959"	2.52567054402928	3.39416354703268	11.9147594755071	0.00111289502285156	0.0050240880573214	"gene-246959"
"gene-89517"	-2.25027738603646	1.02757345229231	11.9119923150461	0.00111423880528333	0.00502802033644189	"gene-89517"
"gene-213230"	0.899465900002958	3.39520505260124	11.9103945979388	0.00111501545897454	0.00502939118814811	"gene-213230"
"gene-91489"	1.66922484978632	0.892447545336309	11.9092207162901	0.0011155864466649	0.00502983359335645	"gene-91489"
"gene-279394"	-0.65571062563449	10.0926002092784	11.9077181088475	0.00111631777677938	0.00503099825162097	"gene-279394"
"gene-431457"	0.517347208155249	5.25154572574674	11.9035755567507	0.00111833658906093	0.00503796186414741	"gene-431457"
"gene-320854"	0.895554626938256	4.67983594504852	11.9025970553917	0.00111881400547654	0.00503797873084188	"gene-320854"
"gene-402545"	0.460412362676684	4.48368043142198	11.8946251290578	0.00112271151701287	0.00505338962968636	"gene-402545"
"gene-219828"	-0.484005238044806	5.86661782329952	11.872334821077	0.00113368500956629	0.00510062341867471	"gene-219828"
"gene-143347"	0.69107009458732	3.05770800311853	11.8665921918551	0.00113653025917203	0.00511126251017068	"gene-143347"
"gene-56661"	2.0685340469482	5.50077540651359	11.8619992150989	0.0011388112836893	0.00511935621864726	"gene-56661"
"gene-106089"	-0.468963460121012	6.81368057687974	11.8593552533332	0.00114012653698839	0.00512310344208216	"gene-106089"
"gene-211220"	-0.436843516271707	7.99996636672607	11.8579450408749	0.00114082870547413	0.00512409379705355	"gene-211220"
"gene-92196"	0.488196435289906	5.3014189003227	11.8557043230309	0.00114194532835354	0.0051269440744484	"gene-92196"
"gene-164955"	-0.560841556609503	7.8398788577419	11.8520271898728	0.00114378024540066	0.00513301548104703	"gene-164955"
"gene-374278"	0.706249371842508	4.97689938263362	11.8495275071051	0.00114502936895927	0.0051364539722694	"gene-374278"
"gene-258680"	0.990697460218755	3.08340243487763	11.844073785275	0.00114775962600476	0.0051465309368409	"gene-258680"
"gene-263639"	1.28268709654981	3.11197809103732	11.8325088273767	0.00115357189364453	0.00517041325781847	"gene-263639"
"gene-118620"	0.477759158874026	5.15575307473685	11.8298703592948	0.00115490223795001	0.00517419553615685	"gene-118620"
"gene-7519"	-0.60553161561215	7.69936917246859	11.8277280589439	0.00115598359121813	0.00517685956892466	"gene-7519"
"gene-170149"	-1.54691258384714	9.85157783813975	11.8146734182302	0.00116259605063025	0.00520428097411757	"gene-170149"
"gene-80881"	1.0990869402892	3.82254458375274	11.8109169470647	0.00116450611690021	0.00520944284053605	"gene-80881"
"gene-182584"	-0.410749313130392	5.27790248092857	11.8104795045507	0.00116472875844253	0.00520944284053605	"gene-182584"
"gene-260173"	0.748082136318387	3.88957987359218	11.8068197519711	0.00116659318073857	0.00521482894494456	"gene-260173"
"gene-9278"	2.04778295917153	-0.822456070025237	11.806191434201	0.00116691358489733	0.00521482894494456	"gene-9278"
"gene-350694"	-1.4943274585323	1.2001268846895	11.8015234175464	0.00116929688009341	0.00522328501330259	"gene-350694"
"gene-402236"	2.43730692374923	1.1901474965073	11.7956446474769	0.00117230559199231	0.00523452656441232	"gene-402236"
"gene-336850"	0.551570054155687	5.96261259619103	11.793179611346	0.00117356959175667	0.00523797153920435	"gene-336850"
"gene-185593"	2.01707355394934	0.22993651684077	11.7907659411425	0.00117480863594192	0.00524130228686167	"gene-185593"
"gene-167406"	-0.658431365968593	10.7093440422474	11.783370410252	0.00117861362986761	0.00525607319382469	"gene-167406"
"gene-239402"	-1.01089270689934	10.783714314399	11.7810455388715	0.00117981243936121	0.00525921420999407	"gene-239402"
"gene-159472"	1.21871483641803	0.773545134556618	11.7777351390179	0.00118152163694486	0.00526462678280083	"gene-159472"
"gene-54398"	0.924947537895647	2.18268301805876	11.77465130974	0.00118311618725586	0.00526952419080962	"gene-54398"
"gene-170275"	1.36908422844476	2.10257924729289	11.7703639253342	0.00118533680441986	0.00527720479355783	"gene-170275"
"gene-88171"	-0.76940640302733	5.4303600660211	11.7690883739046	0.00118599830868706	0.00527794059045838	"gene-88171"
"gene-204930"	1.46707428063504	4.7731811199217	11.76191789764	0.00118972414065701	0.00529230696780758	"gene-204930"
"gene-92757"	2.38307708905526	-0.1177150500959	11.7578674854781	0.00119183418193655	0.00529947673874464	"gene-92757"
"gene-118997"	0.457867794501105	5.01616030298586	11.7442375374587	0.00119896347212489	0.00532807760310009	"gene-118997"
"gene-151217"	-0.561811248926826	9.61734606500012	11.7434122508839	0.0011993965790087	0.00532807760310009	"gene-151217"
"gene-45269"	1.00157037836219	3.43365759985108	11.7427023541051	0.00119976926094629	0.00532807760310009	"gene-45269"
"gene-126138"	1.89296471826942	3.4671702529485	11.7334217705847	0.00120465256112084	0.00534651528045752	"gene-126138"
"gene-156819"	-0.447268133402846	6.7376626674289	11.7329025258328	0.00120492639406324	0.00534651528045752	"gene-156819"
"gene-42589"	-0.278257048343015	8.22211238520805	11.7282477221106	0.00120738410196218	0.00535518653397403	"gene-42589"
"gene-46859"	0.728480581403141	7.77452139596996	11.7150736453609	0.00121436844089778	0.00538391944034548	"gene-46859"
"gene-335589"	0.504202573987778	7.75012911412265	11.713825302772	0.00121503245122865	0.00538461881302829	"gene-335589"
"gene-56521"	0.778938825413439	2.9762978420136	11.7126960437426	0.00121563344708092	0.00538503846028847	"gene-56521"
"gene-395310"	-4.95786153956866	4.29226778342231	11.7114265214048	0.00121630946346611	0.00538578994730457	"gene-395310"
"gene-334802"	2.09756415310027	0.206164298649518	11.7024300225014	0.00122111136794456	0.00540480254242959	"gene-334802"
"gene-148925"	-3.62778639318794	2.19968307151379	11.6902045892436	0.00122766857965749	0.00543156531332657	"gene-148925"
"gene-57353"	-0.610943715655209	7.17795277266398	11.6801322128072	0.00123309869600105	0.00545332130173272	"gene-57353"
"gene-332753"	-1.2067051891928	7.54749422272011	11.6762608285688	0.00123519248627244	0.00546031059185105	"gene-332753"
"gene-56856"	0.520314067506587	4.6768779301504	11.6647724366232	0.00124142779674923	0.00548559453519934	"gene-56856"
"gene-317573"	-0.924217346491071	6.07902957344317	11.6585035379536	0.00124484413264265	0.00549840622707112	"gene-317573"
"gene-170967"	1.25744215752336	2.37302092275824	11.6375737031144	0.00125632169820544	0.00554679849817895	"gene-170967"
"gene-402409"	0.49255328188383	4.04099553753675	11.6359211817824	0.00125723262299868	0.00554851708639583	"gene-402409"
"gene-65324"	-0.358965864738858	7.46615748526463	11.6342760386133	0.00125814016812063	0.0055485537289798	"gene-65324"
"gene-412663"	0.481385436931863	7.2710752398065	11.6340149169975	0.00125828427926845	0.0055485537289798	"gene-412663"
"gene-384220"	1.69748664644498	1.90837648627116	11.6304268016207	0.00126026628702389	0.00555499056311071	"gene-384220"
"gene-239664"	0.730871878618212	5.58830774849403	11.6235795254966	0.0012640576768581	0.00556939413879981	"gene-239664"
"gene-2592"	-0.760614216829646	10.4889468717847	11.6156262862865	0.00126847645397231	0.0055865488879708	"gene-2592"
"gene-392159"	5.55560573016546	0.666733688528774	12.113080687213	0.00127061890387004	0.00559366832018286	"gene-392159"
"gene-11239"	0.85339462869259	4.8417789284443	11.5991767131983	0.00127766718237156	0.00562236994278192	"gene-11239"
"gene-221869"	1.09335728420592	2.55895584609572	11.5967376251748	0.00127903588166675	0.00562606519330336	"gene-221869"
"gene-419068"	3.52978413816683	3.10404971999719	11.5907822324347	0.00128238422161546	0.00563846158788839	"gene-419068"
"gene-61417"	1.56845801955132	1.00417360508367	11.5869168442799	0.00128456239865139	0.00564467524674605	"gene-61417"
"gene-250906"	-0.425609496622917	7.38549996831128	11.5863912860958	0.00128485885411547	0.00564467524674605	"gene-250906"
"gene-254351"	0.39251820667653	4.87301998016051	11.5833996398155	0.00128654774003424	0.0056476966256849	"gene-254351"
"gene-13213"	-0.340735850433568	5.82545234555857	11.5832919351922	0.00128660858631389	0.0056476966256849	"gene-13213"
"gene-119797"	0.573749982529804	4.37645722860788	11.5599901109268	0.00129984379863368	0.00570344003393888	"gene-119797"
"gene-93896"	1.0056579130704	2.08570247723687	11.5582774798535	0.00130082216791337	0.00570527899113204	"gene-93896"
"gene-7483"	-0.602079600550973	5.61253975383862	11.5573790304751	0.00130133573077156	0.00570527899113204	"gene-7483"
"gene-241187"	2.34523577241229	2.335224743984	11.551224807578	0.0013048592643902	0.00571836964814756	"gene-241187"
"gene-249999"	1.67134505469794	1.62866991622914	11.5476999200709	0.00130688190194209	0.00572487475661286	"gene-249999"
"gene-7930"	2.12851667549434	-0.792481403230439	11.541733206485	0.00131031318979524	0.00573754264580574	"gene-7930"
"gene-143673"	-1.66554827927136	5.70126644815353	11.538183587721	0.00131235895231768	0.00574413572709911	"gene-143673"
"gene-161338"	0.357374410817016	6.99404296621277	11.5312978462579	0.0013163369819772	0.00575917735101172	"gene-161338"
"gene-3700"	0.852590663919573	7.1077323319594	11.5247699165935	0.00132011996553835	0.00577335359928695	"gene-3700"
"gene-97642"	2.24048776801187	2.33128719635501	11.5188488148429	0.00132356114146613	0.00578602396244709	"gene-97642"
"gene-347328"	-0.992489255724924	7.19684343704692	11.515813751664	0.00132532867662518	0.00579137050311645	"gene-347328"
"gene-125849"	1.1308825397992	2.49229944294384	11.511451392801	0.00132787352519641	0.0057980184398299	"gene-125849"
"gene-77684"	0.480698303952849	4.42374825751748	11.5113370638919	0.00132794028952855	0.0057980184398299	"gene-77684"
"gene-407735"	2.99385119828133	0.653540162169004	11.5064726725413	0.00133078419584469	0.00580805117234473	"gene-407735"
"gene-127867"	0.482460348975189	4.13371528984827	11.4911337013777	0.00133979380500137	0.0058449741222291	"gene-127867"
"gene-23911"	2.10624323304255	0.345188246140587	11.4898117060469	0.00134057328789151	0.0058459768306741	"gene-23911"
"gene-321913"	1.17750170715105	2.37823114650854	11.4855461319641	0.00134309162374161	0.00585455840578516	"gene-321913"
"gene-323991"	0.396426022222823	5.34301436851255	11.4797333141286	0.00134653141486782	0.00586714794286526	"gene-323991"
"gene-84131"	2.22384446014409	-0.0212697977988943	11.4742878034022	0.00134976222456213	0.00587673206993032	"gene-84131"
"gene-272891"	0.56428984722938	5.54498214936935	11.4741634960814	0.00134983607059419	0.00587673206993032	"gene-272891"
"gene-21830"	1.72686745295133	1.14998287871066	11.4713695394537	0.00135149696655346	0.00588155553856899	"gene-21830"
"gene-135677"	0.644004372875606	4.14962686811086	11.470143009593	0.00135222676604491	0.00588232469679088	"gene-135677"
"gene-369268"	1.93842972134766	3.46894107390467	11.4661906555716	0.00135458127346845	0.00589015798226101	"gene-369268"
"gene-208275"	-0.682650533042607	10.7499955780067	11.4641357899819	0.00135580710092516	0.00589307900508376	"gene-208275"
"gene-413867"	1.36498631801299	0.873222047984114	11.4625495121218	0.00135675418805601	0.00589478657849826	"gene-413867"
"gene-36914"	-1.74903657081638	3.29440213145032	11.450619371437	0.00136389933148894	0.00592341089821003	"gene-36914"
"gene-540"	2.30732514510153	0.470115341244797	11.4421040334033	0.00136902340944524	0.00594323795218756	"gene-540"
"gene-244220"	-0.647144854900212	11.122112615532	11.4367877010491	0.00137223272221772	0.00595473979335279	"gene-244220"
"gene-222159"	2.04559621232547	4.99591394202774	11.4262324644501	0.00137862799697211	0.00598005194771426	"gene-222159"
"gene-400561"	-0.548941463437992	7.02204625244928	11.4250742721844	0.00137933162931649	0.0059802799608813	"gene-400561"
"gene-80652"	1.15946828172536	0.698875653412845	11.4242952818981	0.00137980509815746	0.0059802799608813	"gene-80652"
"gene-59087"	-0.448060401632126	6.89757691814471	11.420963151802	0.00138183228399802	0.00598662654688512	"gene-59087"
"gene-377566"	-0.520046328907553	5.06369138611169	11.4179111233701	0.00138369180181395	0.00599224185834411	"gene-377566"
"gene-144482"	-0.452706172116047	7.88162407987346	11.4064675986743	0.00139068741456868	0.00602008601601647	"gene-144482"
"gene-7960"	1.28911444965696	3.32268855836073	11.3974119006795	0.00139624957940934	0.00603938236629506	"gene-7960"
"gene-199414"	-1.07185577372392	4.33480002228711	11.3973613837854	0.00139628067306502	0.00603938236629506	"gene-199414"
"gene-406225"	1.84804511379141	0.9142728007129	11.3914409431823	0.00139992979505297	0.00605223372504207	"gene-406225"
"gene-85627"	-0.395414321041042	5.67085123489342	11.390695570512	0.00140038992077177	0.00605223372504207	"gene-85627"
"gene-176456"	-1.58995976516402	12.7437717602645	11.3818877589313	0.00140583908630671	0.00607331621525514	"gene-176456"
"gene-320494"	-0.878325946511443	4.26891043074135	11.3795945557469	0.00140726147505289	0.00607699271159665	"gene-320494"
"gene-38747"	1.55612835040018	3.93358852598271	11.3761336520392	0.00140941100174359	0.00608380495720164	"gene-38747"
"gene-77414"	-1.25755926681526	4.45930431750226	11.3741653053485	0.00141063505367687	0.00608438043478169	"gene-77414"
"gene-45636"	0.577243492647702	4.46438401893083	11.3740795122393	0.00141068843100523	0.00608438043478169	"gene-45636"
"gene-166391"	4.89068632564088	7.13849780175141	11.3657170058126	0.0014159014493252	0.00610438906162255	"gene-166391"
"gene-199245"	0.861337582168191	6.12582552040812	11.3627298855938	0.0014177684509403	0.00610929887342555	"gene-199245"
"gene-320470"	-1.34688778149338	4.96835551456623	11.3620574872362	0.00141818906717635	0.00610929887342555	"gene-320470"
"gene-152841"	-1.52374549438384	5.14839848368042	11.3546394302736	0.00142283809498102	0.00612482478796299	"gene-152841"
"gene-81008"	-0.618622433605313	10.6852274166974	11.3544692951083	0.00142294490889964	0.00612482478796299	"gene-81008"
"gene-361970"	-0.865440258922077	10.5833269285907	11.3398266419053	0.00143216939313954	0.00616203627242402	"gene-361970"
"gene-271281"	0.682817045779702	4.88872971838942	11.3355233273699	0.00143489226852452	0.00617125522362587	"gene-271281"
"gene-92883"	1.15068041319312	3.73220416386437	11.3336566185143	0.00143607509511626	0.0061738458818337	"gene-92883"
"gene-147422"	1.56781329891147	1.95388894112257	11.318401341164	0.00144577988050221	0.00621305648849354	"gene-147422"
"gene-145773"	0.878820434306879	6.33901348257707	11.315480099812	0.00144764608436807	0.00621856371298014	"gene-145773"
"gene-220279"	0.76279800789901	2.89839386648074	11.3129157085559	0.00144928639953673	0.00622309654641608	"gene-220279"
"gene-209401"	0.385295429184168	6.51037929382638	11.3086888024728	0.00145199439740508	0.00623220839822455	"gene-209401"
"gene-149188"	-1.90651953642599	8.32929299673893	11.3018644557597	0.00145637766416977	0.00624850053897123	"gene-149188"
"g5819"	2.01411976239069	-0.109021745029052	11.2869836152733	0.00146598377121173	0.00628717878653546	"g5819"
"gene-99736"	1.60793037191584	-1.26495915198478	11.2855526460148	0.00146691100629863	0.00628861969487797	"gene-99736"
"gene-23006"	-1.22986116482691	0.758730890858674	11.2742639523484	0.00147424740939378	0.00631752435387277	"gene-23006"
"gene-53242"	2.04975943047156	3.67199051198452	11.2691599258917	0.00147757707921272	0.00632707667603377	"gene-53242"
"gene-408175"	0.948623847614526	3.51850657504128	11.2690233696103	0.00147766627146182	0.00632707667603377	"gene-408175"
"gene-202184"	1.04041702198102	1.59030458040514	11.2662098733905	0.00147950517368657	0.0063324012182416	"gene-202184"
"gene-23840"	3.80683683424687	3.44460422878348	11.2476402229384	0.00149170263058035	0.00638203909044756	"gene-23840"
"gene-171515"	-0.637944211303923	9.71058009889365	11.2419566812125	0.00149545689354081	0.00639552855637314	"gene-171515"
"gene-239983"	1.24835473964475	0.702492607482871	11.2382476693274	0.00149791222104741	0.00640345433402743	"gene-239983"
"gene-264360"	-0.685056694787238	6.5289516333697	11.230995920859	0.00150272502037536	0.00642144769654975	"gene-264360"
"gene-158012"	-0.407861877369773	7.5268642620688	11.2165984465771	0.00151232835963049	0.00645988933053408	"gene-158012"
"gene-171679"	-0.44680043080457	4.80449363805274	11.2090975825995	0.00151735702313609	0.00647876728144339	"gene-171679"
"gene-277340"	3.62619222720001	5.94909072088401	11.2066695441936	0.00151898856043879	0.00648313095057262	"gene-277340"
"gene-46811"	2.36438113744949	-0.0883460490862272	11.2041026451159	0.00152071540622424	0.00648789773790654	"gene-46811"
"gene-95487"	0.555244299701381	6.01937527186439	11.1983725228392	0.00152457769596236	0.0065017675919229	"gene-95487"
"gene-15189"	-0.763677322983593	11.1055779011102	11.1900059809985	0.001530235498746	0.00652195275049972	"gene-15189"
"gene-213743"	2.2887902039902	2.79497489476758	11.1895606916214	0.00153053723817669	0.00652195275049972	"gene-213743"
"gene-191220"	-0.807509211307055	6.96592046726056	11.1870753811586	0.00153222249392767	0.00652594300994265	"gene-191220"
"gene-239228"	-0.736332656492127	10.5742128481695	11.1863705368671	0.00153270079342203	0.00652594300994265	"gene-239228"
"gene-219709"	-0.780984207247681	6.79832985593644	11.1838641981482	0.00153440283530264	0.00652826552490128	"gene-219709"
"gene-286179"	0.395378748619418	5.27600201673569	11.1837596967312	0.00153447384470226	0.00652826552490128	"gene-286179"
"gene-228831"	-0.563855654714391	7.60710985500508	11.1826862382253	0.00153520346630595	0.0065287581238025	"gene-228831"
"gene-414973"	1.83376410221016	2.11531028814247	11.1791835591088	0.00153758674145093	0.00653628000882178	"gene-414973"
"gene-136156"	0.682796798406129	5.74409132269168	11.1770884967202	0.00153901410680488	0.00653973393526837	"gene-136156"
"gene-233208"	0.549354285609835	6.3088929823396	11.1716916013429	0.00154269741215809	0.00655276744237759	"gene-233208"
"gene-383608"	-1.33379338941558	4.23484862312004	11.1570042818843	0.00155276817788043	0.00659291111374701	"gene-383608"
"gene-231430"	0.988216706919567	3.19887639277699	11.1557126330395	0.00155365712376214	0.00659405313979812	"gene-231430"
"gene-167799"	0.398094309091921	5.33133826549548	11.1545541133175	0.00155445490067755	0.00659455695460902	"gene-167799"
"gene-320404"	1.09607766048578	3.55083982347477	11.1530661366085	0.00155548017754093	0.00659455695460902	"gene-320404"
"gene-215842"	0.416921128231505	4.92991765408812	11.1528402322529	0.00155563589687044	0.00659455695460902	"gene-215842"
"gene-419351"	2.13046800149325	0.435861965876085	11.1509883454096	0.00155691304715367	0.00659734150180338	"gene-419351"
"gene-220908"	0.688289576698383	2.94302302930258	11.1480928123295	0.00155891214975195	0.00660318184976571	"gene-220908"
"gene-61203"	0.291221049763599	7.937149620773	11.1266249333634	0.00157381797481884	0.00666366559720268	"gene-61203"
"gene-203027"	2.01830266860248	5.94493842774684	11.1113981643728	0.00158448093528265	0.0067061437435998	"gene-203027"
"gene-275206"	0.79622810306257	4.13627278442002	11.1046939254033	0.00158919975410828	0.00672344016893226	"gene-275206"
"gene-84239"	-0.527062459528051	7.33685205296767	11.0955404912869	0.0015956662596998	0.00674811385215392	"gene-84239"
"gene-314921"	0.408444711850199	4.62562210106765	11.0914032998756	0.00159859805411045	0.00675782547834609	"gene-314921"
"gene-151356"	0.466115514514913	5.00211365322931	11.0857729531309	0.00160259704039643	0.00677203898357426	"gene-151356"
"gene-85237"	0.435353656376928	5.68576342805058	11.0798563583434	0.00160681064077797	0.00678714772649503	"gene-85237"
"gene-194848"	-1.68823618355476	4.38153862938364	11.0779941927845	0.00160813921478373	0.00679006299660174	"gene-194848"
"gene-360075"	1.46438665444385	1.95926195713149	11.0759358476979	0.00160960909471387	0.00679357235372091	"gene-360075"
"gene-227785"	1.09913759145787	4.3524448716988	11.0700872844596	0.00161379329164973	0.00680853052359641	"gene-227785"
"gene-143786"	0.647593353394565	4.69914570225574	11.0619859868146	0.00161960799681632	0.00682796146992613	"gene-143786"
"gene-335551"	-0.743302942692097	5.46456306082766	11.0618818975932	0.00161968284962614	0.00682796146992613	"gene-335551"
"gene-136492"	-0.305168481722688	5.34593586100035	11.0591279414697	0.00162166459723337	0.00683360723303253	"gene-136492"
"gene-241548"	-0.586884734433434	8.8761807537965	11.0546142762772	0.00162491813247841	0.00684460564635263	"gene-241548"
"gene-164937"	-0.686037578961356	10.6506093381125	11.0516480595149	0.00162705996412977	0.00685091440161689	"gene-164937"
"gene-213368"	0.396139809424746	4.77140031357863	11.0470433264295	0.00163039079480206	0.0068622225933972	"gene-213368"
"gene-144392"	-0.848545961682937	4.28518489902992	11.0441169483677	0.00163251130374121	0.00686842967824029	"gene-144392"
"gene-26356"	1.45402283336707	5.67906045418636	11.0335322332061	0.00164020536857653	0.00689687122630981	"gene-26356"
"gene-294403"	-0.564172493382525	5.15797594994178	11.0330342660692	0.001640568277789	0.00689687122630981	"gene-294403"
"gene-263699"	0.976566091842039	3.19615350185141	11.0278433475324	0.00164435634056153	0.00691006481162086	"gene-263699"
"gene-405251"	0.495503267976135	5.36042057612084	11.0268370199765	0.00164509176696547	0.00691042497371437	"gene-405251"
"gene-317235"	0.481411374232494	6.70051470928043	11.0208280540373	0.00164949031730702	0.0069261662119532	"gene-317235"
"gene-44125"	0.710196492219801	4.46591515333564	11.0139569028484	0.00165453510356482	0.00694460748283957	"gene-44125"
"gene-76608"	1.17575920784167	3.548749978285	11.0025666499382	0.00166293347847388	0.00697710472467386	"gene-76608"
"gene-314834"	1.18757766491304	4.28047612744349	10.9906490499144	0.0016717685559717	0.00701140787118101	"gene-314834"
"gene-16032"	2.00573266967365	-0.403678210304276	10.9874742124557	0.00167413050630292	0.00701854634018046	"gene-16032"
"gene-95508"	0.57983967850057	4.41510820115939	10.9762488168542	0.00168250984622073	0.00705089626651052	"gene-95508"
"gene-137684"	1.18914608192171	2.065334133471	10.9662451693173	0.00169001426188114	0.00707753080474185	"gene-137684"
"gene-268865"	0.894768230721744	3.47179500684636	10.96498367008	0.00169096308756705	0.00707753080474185	"gene-268865"
"gene-134360"	-0.640080468679364	10.7023532506355	10.9644439921274	0.00169136917225582	0.00707753080474185	"gene-134360"
"gene-100868"	0.656475054424723	4.03232932840812	10.9642340125242	0.00169152720060679	0.00707753080474185	"gene-100868"
"gene-402869"	0.692684774543614	4.08673451474814	10.959786074451	0.0016948783106868	0.00708876355189337	"gene-402869"
"gene-140328"	0.431188303805565	5.55125247956413	10.9467271782669	0.0017047572708978	0.0071251708315608	"gene-140328"
"gene-280157"	-0.444113334898042	6.47270429116341	10.946508936446	0.00170492288137667	0.0071251708315608	"gene-280157"
"gene-148567"	-0.650710025021805	10.518932450121	10.9341983905392	0.00171429198167008	0.00716151198626984	"gene-148567"
"gene-202091"	0.596083618781581	6.03924816649462	10.9304254125605	0.00171717425408016	0.00717073630404265	"gene-202091"
"gene-161955"	3.95724909550147	2.51846173855407	10.9171579057221	0.00172735006088707	0.0072103984488206	"gene-161955"
"gene-159985"	-0.429418047743302	6.2006714851377	10.911968420091	0.0017313474403287	0.0072231543837512	"gene-159985"
"gene-271777"	0.914761585600637	6.02952684633797	10.9108501310416	0.00173221011080354	0.0072231543837512	"gene-271777"
"gene-176841"	1.16517353718377	4.93673253987031	10.9098651155076	0.00173297034486893	0.0072231543837512	"gene-176841"
"gene-352199"	0.887942379129963	4.55066134796298	10.9096681388504	0.00173312241325057	0.0072231543837512	"gene-352199"
"gene-125796"	-0.398989524493225	7.91715439741226	10.9033252348348	0.00173802670159953	0.00724075675605666	"gene-125796"
"gene-40970"	2.4650389502306	-1.04725948865069	10.8999786501023	0.00174062012091332	0.00724872185044402	"gene-40970"
"gene-228849"	1.02140233105159	4.18987381230885	10.8895739230274	0.00174870917105573	0.00727955802088015	"gene-228849"
"gene-178855"	0.613899119845848	4.81909746888781	10.8860419750434	0.00175146400415408	0.00728817337565835	"gene-178855"
"gene-167263"	-0.522885416591558	6.14355370342191	10.8786525120864	0.00175724233914238	0.00730935843532199	"gene-167263"
"gene-327655"	0.979344422637752	1.47011226421017	10.8679754133065	0.00176562684857506	0.00734136323746846	"gene-327655"
"gene-47056"	-0.74799390778255	5.31778951883272	10.8609184908671	0.00177119153118667	0.00736162294869147	"gene-47056"
"gene-392248"	4.5515743885319	-0.434514536408613	11.2958122181969	0.001776511209322	0.00737788088238278	"gene-392248"
"gene-334953"	-2.51625074965511	0.405527101021067	10.8539980910533	0.00177666642776523	0.00737788088238278	"gene-334953"
"gene-189849"	0.500733645488549	5.78312217241114	10.8533448119105	0.00177718416892297	0.00737788088238278	"gene-189849"
"gene-118351"	2.72064728881767	0.208721102451917	10.8518046945299	0.0017784053794902	0.00738007008047512	"gene-118351"
"gene-26135"	1.4043268813586	4.41921885461277	10.8421198750567	0.00178610499547233	0.00740807767006596	"gene-26135"
"gene-105237"	1.44109662745068	0.735939648110536	10.8415646087237	0.00178654750128988	0.00740807767006596	"gene-105237"
"gene-215857"	1.33759980100972	4.40134433760908	10.8316602854385	0.00179445985667974	0.0074379871534083	"gene-215857"
"gene-115970"	2.54641457145181	2.22752341358514	10.820613820949	0.00180332802320127	0.00747183360139024	"gene-115970"
"gene-122773"	2.33881258411888	-0.20378901663891	10.8184744197042	0.00180505085463667	0.00747575798982212	"gene-122773"
"gene-295954"	1.0677947720835	0.541481437384904	10.817692542115	0.00180568092100912	0.00747575798982212	"gene-295954"
"gene-249368"	0.448744728104768	5.48401770515435	10.8111558187165	0.0018109574940466	0.00749468634501153	"gene-249368"
"gene-175572"	1.13492978260128	2.63807566972352	10.8020733173399	0.00181831593509846	0.00752221247985502	"gene-175572"
"gene-186810"	-0.300601975158223	7.20007494542607	10.7968927148794	0.0018225271854355	0.00753630308986187	"gene-186810"
"gene-159222"	0.341552876071832	6.78742036141038	10.7961409497192	0.00182313913597354	0.00753630308986187	"gene-159222"
"gene-137051"	0.883736004650606	2.8879977381968	10.7922612609971	0.00182630070168372	0.00754643910765657	"gene-137051"
"gene-92999"	-0.429755675677314	5.77830132096301	10.7896834888643	0.00182840451287152	0.00755219821316564	"gene-92999"
"gene-136893"	1.30335129682036	2.10939626192439	10.7887481072804	0.00182916853942685	0.00755242103468323	"gene-136893"
"gene-127740"	-0.383913522197774	5.04810213105231	10.7816977653692	0.00183493809737883	0.00757330291180492	"gene-127740"
"gene-224845"	3.92073055897928	0.302863275634969	11.2152018886995	0.00183691465334286	0.00757851988089785	"gene-224845"
"gene-132776"	-1.86505710472308	7.81950542436912	10.7784071802055	0.00183763743743706	0.00757856214989551	"gene-132776"
"gene-359567"	-0.661067333250737	10.3312123025696	10.7737775246832	0.00184144230211847	0.00759131020361709	"gene-359567"
"gene-258919"	0.568277699884961	6.30610890145859	10.7724248052878	0.00184255558886563	0.00759295670018397	"gene-258919"
"gene-26164"	1.66183040217939	-0.513615150043851	10.7687692734673	0.00184556762165065	0.00760242340196602	"gene-26164"
"gene-84628"	2.88918486233784	0.878155572251175	10.7599284176301	0.00185287355588733	0.0076280738385013	"gene-84628"
"gene-260566"	1.74876772259213	5.57936988046284	10.7594993266945	0.00185322892052344	0.0076280738385013	"gene-260566"
"gene-421566"	-0.714087081579295	3.69390797643644	10.7505745855938	0.00186063644700079	0.00765547406485597	"gene-421566"
"gene-413578"	1.39883881437249	4.50794868210314	10.7497465317022	0.00186132530384708	0.00765547406485597	"gene-413578"
"gene-277325"	-0.47618271545217	5.5510033151253	10.7439376468048	0.00186616523502132	0.007672413389906	"gene-277325"
"gene-168748"	-0.442896360385901	5.69823182407795	10.74234693667	0.00186749290753128	0.00767331478614116	"gene-168748"
"gene-311817"	2.17667898762935	-0.187275787635581	10.7419463894665	0.00186782737695745	0.00767331478614116	"gene-311817"
"gene-149008"	-0.61866805428604	10.5206397891722	10.7383642371231	0.00187082138174684	0.00768264718774493	"gene-149008"
"gene-361413"	0.452239448739993	5.19453981805086	10.7312298321257	0.00187679941058816	0.0077042217410327	"gene-361413"
"gene-15583"	0.766159586478472	5.28785982223951	10.7250789188406	0.0018819694434675	0.00772246412064826	"gene-15583"
"gene-15807"	1.68272220711861	1.04108386223935	10.7221539006499	0.00188443325184393	0.00772959200409259	"gene-15807"
"gene-29112"	1.27467081538034	2.44624008196951	10.7175611987137	0.0018883086180775	0.00774250210557915	"gene-29112"
"gene-29187"	-0.33544321156881	5.05685476674553	10.7153316717591	0.00189019292835602	0.00774724161310005	"gene-29187"
"gene-71595"	1.77592820972918	0.954164352223563	10.7102134622233	0.00189452610831525	0.00776201066565525	"gene-71595"
"gene-353664"	-0.713950543717271	7.22617847563638	10.6921445644557	0.001909907132413	0.00782201473251623	"gene-353664"
"gene-152652"	-0.589917897378078	8.89130724113263	10.6894265082571	0.00191223217139011	0.00782852246917058	"gene-152652"
"gene-246108"	0.461748674221919	5.3192933604214	10.6861150644199	0.00191506881067164	0.00783711884197906	"gene-246108"
"gene-266887"	-2.57653150968944	2.55268577150299	10.6852102917041	0.0019158446221031	0.00783727823103408	"gene-266887"
"gene-414919"	1.0862052607017	1.79487121558347	10.6806874599072	0.00191972774181045	0.00785014389154015	"gene-414919"
"gene-269561"	-0.594294200667877	8.09061182190142	10.6775370941558	0.00192243739652574	0.00785820297826588	"gene-269561"
"gene-250562"	2.01535282861644	0.16748982590889	10.6725702542421	0.00192671756875392	0.00787267309307212	"gene-250562"
"gene-152552"	2.78525445860995	2.70964276120593	10.670831511574	0.00192821829129808	0.00787577947244485	"gene-152552"
"gene-59120"	1.3170707323891	3.92149493329418	10.6675097005033	0.00193108878349303	0.00788274276483736	"gene-59120"
"gene-332652"	-0.41290921863399	8.16028712482982	10.6671436411827	0.00193140538220818	0.00788274276483736	"gene-332652"
"gene-363506"	-3.214749694524	1.01240807720392	10.6630529570266	0.00193494705513041	0.00789416834613234	"gene-363506"
"gene-384121"	1.5683641350033	1.15710123605302	10.6615983752373	0.00193620805907374	0.00789628409367648	"gene-384121"
"gene-391222"	4.2301969489581	2.76367860623868	10.8022285068001	0.00194297233511655	0.00792083317604431	"gene-391222"
"gene-221368"	0.477577662215959	4.67789478523739	10.6363868168181	0.00195820196044964	0.00797986055606988	"gene-221368"
"gene-335557"	1.9468425397898	-1.12083587894922	10.6349003330475	0.00195950688629488	0.00798211997036856	"gene-335557"
"gene-56617"	1.32555260845789	4.11845874885223	10.6324124098703	0.00196169297854679	0.00798747105203031	"gene-56617"
"gene-257883"	0.690922691181498	4.17710762664486	10.6316965375169	0.00196232247639669	0.00798747105203031	"gene-257883"
"gene-193730"	0.775535791646728	3.08913233453871	10.6216322442857	0.00197119492122108	0.00802051613699596	"gene-193730"
"gene-90190"	-1.4354938868246	5.94108102450901	10.6204646554252	0.00197222696179465	0.00802164664078315	"gene-90190"
"gene-146107"	0.790039397600474	2.40710945330867	10.6140685793464	0.00197789057067465	0.00804160707557172	"gene-146107"
"gene-143934"	0.692801647569121	5.53511617180884	10.6090697436051	0.00198232882892237	0.00805657219121833	"gene-143934"
"gene-86472"	1.50703895242702	2.82853123405207	10.6073725227141	0.00198383809614309	0.00805962642879216	"gene-86472"
"gene-312314"	2.68621028457478	4.62969100085634	10.6053605050923	0.00198562886101458	0.0080638215218599	"gene-312314"
"gene-354107"	-0.402967614886755	5.49438019335968	10.5974793662685	0.00199265969711811	0.00808928570173596	"gene-354107"
"gene-263520"	0.423287541001027	7.06755883982997	10.5915678161251	0.00199795058929868	0.00810766977023303	"gene-263520"
"gene-18767"	-0.944229845694027	4.30374748805962	10.5881611575296	0.00200100627389939	0.00811697281815174	"gene-18767"
"gene-44888"	0.588480099487221	2.20418879087607	10.5821520778959	0.002006408223533	0.00813578264029621	"gene-44888"
"gene-221329"	1.69614691187068	1.49256482720496	10.5800457398418	0.00200830536721306	0.00814037190765171	"gene-221329"
"gene-296873"	0.378764859395761	6.79992876424492	10.5779737169569	0.00201017344053813	0.00814483989088136	"gene-296873"
"gene-13678"	-0.437377955619137	6.31230678303565	10.567406348894	0.00201972906602935	0.0081804411067358	"gene-13678"
"gene-241193"	2.65632221162692	6.4190216126516	10.5554205053421	0.00203062508188052	0.00822144209017174	"gene-241193"
"gene-96535"	-1.10726476133553	4.88728905426747	10.5526137299068	0.00203318555083475	0.00822867637697046	"gene-96535"
"gene-63245"	-2.12911300782117	4.68176256106622	10.5472152832392	0.00203811979083305	0.00824550859463687	"gene-63245"
"gene-329613"	1.57588339390771	3.90921267495474	10.5405986161442	0.00204418464377851	0.00826456368789379	"gene-329613"
"gene-285205"	0.771197621785089	3.09045504966723	10.5403815901566	0.00204438389082818	0.00826456368789379	"gene-285205"
"gene-33280"	0.657084788665687	2.89545334148507	10.5381231129551	0.00204645856186717	0.00826980747113194	"gene-33280"
"gene-248950"	0.571163004953218	4.69665236868592	10.5279362043216	0.00205584390580206	0.00830457872469074	"gene-248950"
"gene-207042"	2.71303727630288	2.1289062165978	10.5251390497956	0.00205842886090093	0.00831186384378976	"gene-207042"
"gene-130081"	4.15995318853015	6.93719059885867	10.5173324317262	0.00206566130948236	0.00833790272776258	"gene-130081"
"gene-169087"	-0.290113866910606	7.59241554403891	10.5155692222239	0.00206729852558636	0.00834134564420962	"gene-169087"
"gene-307001"	-0.877481310472339	8.71766432123897	10.4984170996133	0.00208329625619711	0.00840270723584089	"gene-307001"
"gene-285792"	1.92471331477774	-0.452444574186293	10.4965352340433	0.0020850593590742	0.0084066305318852	"gene-285792"
"gene-20793"	-0.414201402717354	5.66416435822394	10.4943649487628	0.0020870946244017	0.0084116477548831	"gene-20793"
"gene-288098"	-0.75519742375567	10.3311084288671	10.4905130694358	0.00209071200278252	0.00842171673067793	"gene-288098"
"gene-218556"	0.689033224024382	4.56382614496206	10.4900189042671	0.00209117655939455	0.00842171673067793	"gene-218556"
"gene-348416"	-0.612634821646004	5.30666955915599	10.4794476483259	0.00210114041629164	0.00845864097943902	"gene-348416"
"gene-112415"	2.85577616837865	1.32669795276249	10.4754728516996	0.00210489970955379	0.00847056878956267	"gene-112415"
"gene-294316"	-0.433170310930164	10.5934294151785	10.4731500129133	0.00210709987751514	0.00847621569487559	"gene-294316"
"gene-93511"	0.928145486178204	1.41195752588665	10.4692978145789	0.00211075396082313	0.00848770477403207	"gene-93511"
"gene-125602"	0.477145225469348	4.37751669393991	10.4641771315547	0.00211562159165946	0.00850406320819727	"gene-125602"
"gene-30434"	1.12528163499448	3.63473952775717	10.4617046441791	0.00211797611096711	0.00851031126416556	"gene-30434"
"gene-358089"	0.599414181325181	2.64769805557159	10.4607870156159	0.00211885065701536	0.00851061011632002	"gene-358089"
"gene-245186"	1.05582324389337	3.70417544725709	10.4584076603658	0.00212112006793128	0.00851650926482335	"gene-245186"
"gene-71161"	1.12214896927652	3.24416134415153	10.450950792676	0.00212824891308827	0.0085419077130592	"gene-71161"
"gene-350724"	-1.20948327263576	10.9151783855075	10.449046303777	0.00213007365339851	0.00854595779858848	"gene-350724"
"gene-385530"	1.99418819719521	-0.659050293737503	10.4482209101002	0.00213086499453334	0.00854595779858848	"gene-385530"
"gene-14240"	0.469000412082514	5.69035602631054	10.4471905489514	0.00213185328003618	0.00854669863794376	"gene-14240"
"gene-247694"	1.31125315122509	1.35632711520674	10.4403281326541	0.00213844774878128	0.00856990589903454	"gene-247694"
"gene-35142"	0.647366869569459	5.27047756965507	10.4389164865981	0.00213980692943207	0.00857212297606009	"gene-35142"
"gene-361377"	-0.548054309224434	10.933992492115	10.4322934619902	0.00214619591982468	0.00859448034761119	"gene-361377"
"gene-248664"	1.44952088692448	4.37466916359355	10.4239198704027	0.00215430229235097	0.00862325097465298	"gene-248664"
"gene-62891"	2.35576822922098	7.55975871399608	10.4231986662875	0.00215500198294731	0.00862325097465298	"gene-62891"
"gene-399475"	5.97791318262293	3.90722550670333	10.554077632435	0.00216601808160048	0.00866407232640194	"gene-399475"
"gene-174204"	0.29744903132885	6.84386264001243	10.4101934723595	0.00216766025006527	0.00866670383295562	"gene-174204"
"gene-194509"	0.506614532939773	5.47938624779113	10.4095325207217	0.00216830565057304	0.00866670383295562	"gene-194509"
"gene-240376"	2.65498829979782	4.04818315087927	10.4042297082767	0.00217349100317395	0.00868416615693393	"gene-240376"
"gene-170397"	0.422544641546874	4.76435624661276	10.4021507020406	0.00217552750900054	0.00868903889813358	"gene-170397"
"gene-115746"	-0.347637449368662	6.60356992015573	10.398978562712	0.00217863866189239	0.00869819850145925	"gene-115746"
"gene-42108"	-0.340708286323278	5.85261838456975	10.3925084340694	0.00218499888499161	0.00871715094440319	"gene-42108"
"gene-81750"	0.811821486792545	2.68345540257882	10.3924820501115	0.00218502486064111	0.00871715094440319	"gene-81750"
"gene-716"	1.35207575409528	1.26517856233576	10.3852361420592	0.00219217091747565	0.0087423809067383	"gene-716"
"gene-386848"	-1.32883813765849	4.63853813381201	10.3793240358211	0.0021980197267106	0.00876242046975034	"gene-386848"
"gene-272422"	0.399842376846729	5.3520938760517	10.3768045441726	0.00220051721968786	0.00876908997699514	"gene-272422"
"gene-288843"	-1.28391057853056	11.4623070170025	10.372709306665	0.0022045830583234	0.0087820020255909	"gene-288843"
"gene-138098"	0.70374345668703	3.20646852877204	10.3697258692631	0.00220755004309657	0.00879052873769192	"gene-138098"
"gene-418328"	1.07551609352436	5.71238147189168	10.3674865276189	0.00220977978933375	0.00879611446083598	"gene-418328"
"gene-426474"	-0.288825468994782	8.09928751199913	10.3568339113235	0.00222041918108171	0.00883515840253835	"gene-426474"
"gene-29082"	1.61231571573543	1.67254701378564	10.3545563362985	0.00222270089848136	0.00884092997615846	"gene-29082"
"g6095"	1.96614807418673	-0.946210172373264	10.3521421792578	0.00222512213380941	0.0088472519682979	"g6095"
"gene-12951"	0.521083606307759	5.61394045223909	10.3494281145692	0.00222784746262809	0.00885477788210477	"gene-12951"
"gene-378483"	0.557026822675236	2.93995360656349	10.3483414654353	0.00222893960382909	0.00885580934864634	"gene-378483"
"gene-332963"	1.46084089594806	2.41444791435654	10.3342207649179	0.00224318289146045	0.00890907140910132	"gene-332963"
"gene-200783"	1.38266657743407	0.944233540476839	10.3279205032627	0.00224956864506703	0.00893109821162112	"gene-200783"
"gene-20597"	1.86861149708347	-0.780054529024466	10.321717381735	0.00225587458830183	0.00895279183626054	"gene-20597"
"gene-259258"	1.04446146185157	2.25418922481105	10.3173751429816	0.00226029984346404	0.00896700825627884	"gene-259258"
"gene-231569"	-0.598145982956306	10.3644645297668	10.316337600156	0.00226135857076927	0.00896786344470616	"gene-231569"
"gene-334926"	-2.88604800119422	9.24415080530969	10.3070362797978	0.00227087309210422	0.00900223861633264	"gene-334926"
"gene-252822"	-0.346472899838918	6.43588218205593	10.3008597144006	0.00227721444819609	0.00902401373733742	"gene-252822"
"gene-315138"	0.7697967586424	7.375563207568	10.2994370004298	0.0022786777528564	0.00902644937779541	"gene-315138"
"gene-252078"	0.828917111959547	3.60854387326352	10.2944056701696	0.00228386055316329	0.00904361163196008	"gene-252078"
"gene-63167"	-0.688820803492691	8.6340679816593	10.2917577555138	0.00228659315363302	0.00904647863971329	"gene-63167"
"gene-216274"	-1.16658913947886	11.1876779745377	10.2914916417802	0.00228686796800052	0.00904647863971329	"gene-216274"
"gene-301673"	-0.797962140996181	7.0926668509371	10.2912318944335	0.00228713624127388	0.00904647863971329	"gene-301673"
"gene-396660"	-0.475614783440415	4.01438549934221	10.2902656984602	0.00228813444167299	0.00904681049141299	"gene-396660"
"gene-359666"	0.606859740448621	5.73606179080729	10.2895043725638	0.00228892130804742	0.00904681049141299	"gene-359666"
"gene-225325"	2.13394283995711	3.35201675647693	10.2870141157729	0.00229149709146108	0.00905362669568352	"gene-225325"
"gene-53860"	4.12389307646608	3.74089070615247	10.2854048679533	0.00229316322669924	0.00905684518350284	"gene-53860"
"gene-93359"	0.55385879666004	3.21979566170138	10.2796995437916	0.00229908049154884	0.00907543405959719	"gene-93359"
"gene-356077"	0.62357636313229	1.93150781794928	10.2792220797052	0.00229957641882422	0.00907543405959719	"gene-356077"
"gene-219019"	0.782331993920318	1.57145619498892	10.2747419938615	0.00230423522128568	0.00908759293761943	"gene-219019"
"gene-384169"	1.37105904539954	2.36142503461486	10.2739707462537	0.00230503823431128	0.00908759293761943	"gene-384169"
"gene-55700"	0.641353760139619	4.11484738219093	10.2737956840409	0.00230522054773385	0.00908759293761943	"gene-55700"
"gene-369446"	3.59814784632301	1.99193612527105	10.2657636103111	0.00231360162027989	0.00911725336543051	"gene-369446"
"gene-341974"	0.983545934139679	3.61922944701956	10.2637971859714	0.00231565835813847	0.00912197862857805	"gene-341974"
"gene-58614"	1.35984986087908	2.43805035691832	10.2608397966035	0.00231875518929493	0.00913079607306214	"gene-58614"
"gene-210277"	-0.507320199094887	7.65362565347316	10.2472249109656	0.00233306821440905	0.0091837577825517	"gene-210277"
"gene-329631"	1.7512886564976	-0.317956559888424	10.2461799417101	0.00233417059369342	0.00918469790400415	"gene-329631"
"gene-240638"	4.36207675305956	-0.231325663047761	10.6409924430697	0.00233567983014754	0.00918521676466341	"gene-240638"
"gene-309315"	0.484563226716932	4.67567925300116	10.2444188759273	0.00233602964915518	0.00918521676466341	"gene-309315"
"gene-152601"	-2.65594100419739	3.78815149732397	10.2418605738051	0.0023387330711694	0.00919157573080578	"gene-152601"
"gene-231344"	0.388910936748194	6.56024380675716	10.2412532929778	0.00233937528237037	0.00919157573080578	"gene-231344"
"gene-316755"	0.473835813859767	5.28556260187828	10.2402675493566	0.00234041811954001	0.00919227737054191	"gene-316755"
"gene-81427"	3.26802340806075	5.09346660254225	10.2315960824811	0.00234961289239978	0.0092249843940805	"gene-81427"
"gene-357140"	0.581671153903676	5.14603821220922	10.2266391943226	0.00235488595013447	0.00924227563307388	"gene-357140"
"gene-247356"	0.741363820324902	4.641443720209	10.2165954636628	0.00236560844238401	0.00927768468108895	"gene-247356"
"gene-123604"	1.02456307014463	0.876849870333872	10.2157950768578	0.00236646512244149	0.00927768468108895	"gene-123604"
"gene-220848"	0.676743706135256	3.78304036964015	10.215739264744	0.00236652487211304	0.00927768468108895	"gene-220848"
"gene-333750"	-0.687733247445788	6.81721553111905	10.2131422514846	0.00236930685778932	0.00928516865860251	"gene-333750"
"gene-109867"	3.71732560315213	4.00397814536876	10.2067045710858	0.00237621788007667	0.00930882260497071	"gene-109867"
"gene-156738"	0.467626008720322	6.32098567968247	10.1997468934701	0.0023837109408379	0.00933473842663915	"gene-156738"
"gene-6936"	0.380121892782392	5.76337551137598	10.1983991992315	0.00238516520442225	0.00933560229079919	"gene-6936"
"gene-258721"	0.407909157535098	5.05429891592583	10.1979158432716	0.00238568700887478	0.00933560229079919	"gene-258721"
"gene-421289"	-0.308394843114303	4.06919083609599	10.1912984558062	0.00239284284264499	0.00936016052753663	"gene-421289"
"gene-180600"	0.460291543206119	4.40098065332776	10.1891001435394	0.00239522501266178	0.00936405814904001	"gene-180600"
"gene-327542"	0.344854569675309	4.92823104702975	10.1887542531126	0.00239560005862522	0.00936405814904001	"gene-327542"
"gene-134195"	-1.32664700588241	3.87705990676525	10.1838861900825	0.00240088500320299	0.00937918697390224	"gene-134195"
"gene-38726"	0.395793464169311	5.75009014635233	10.1835650057209	0.00240123412278449	0.00937918697390224	"gene-38726"
"gene-16145"	1.46461220052567	-0.456885711637626	10.1819808363552	0.00240295685641472	0.00938247031014204	"gene-16145"
"gene-275221"	0.596017348341537	6.78737177189621	10.177853639496	0.00240745114951604	0.00939656896376242	"gene-275221"
"gene-382158"	0.441192746467711	5.86787642489267	10.1744412995638	0.00241117366827701	0.00940764605128185	"gene-382158"
"gene-71217"	1.68264814374452	3.4813718272508	10.1724012227529	0.00241340207302739	0.00941288758662242	"gene-71217"
"gene-277626"	1.97752784427094	-0.710906725328829	10.1687847213324	0.00241735774560426	0.00942485959759784	"gene-277626"
"gene-238618"	1.3575631734697	0.756856849680162	10.1669154602824	0.00241940498256643	0.00942938490090749	"gene-238618"
"gene-201027"	-0.307450077705726	4.72901691440869	10.1606776676017	0.00242624987319275	0.00945259840706156	"gene-201027"
"gene-423075"	3.39453304637248	2.62193576996023	10.1564618685019	0.00243088749280497	0.00946719859885523	"gene-423075"
"gene-32621"	3.1664986305248	1.03386286071954	10.1510242852187	0.00243688289596546	0.00948707411474694	"gene-32621"
"gene-291663"	-0.376127597892972	9.0214298054751	10.1476393069029	0.00244062296626533	0.00949815802019689	"gene-291663"
"gene-134174"	-1.38972156329163	7.18510917656341	10.1332861900987	0.00245654885951329	0.00955657259231543	"gene-134174"
"gene-206588"	0.618424214122272	4.85247705972012	10.1324948754105	0.00245743005264975	0.00955657259231543	"gene-206588"
"gene-117025"	1.31848889628419	3.66335905044402	10.13065038501	0.00245948533139657	0.00956106943886473	"gene-117025"
"gene-231854"	-0.557707846665861	4.80734889809426	10.1286635311265	0.00246170126270681	0.00956618729636449	"gene-231854"
"gene-24079"	3.42593811360959	-0.470975364517198	10.2588164004249	0.00246707935011119	0.00958358508684535	"gene-24079"
"gene-37090"	0.592223847006386	3.50609273804023	10.1228278178186	0.00246822194568775	0.00958391050719876	"gene-37090"
"gene-386993"	1.23228741884715	0.190937125686564	10.1221635898733	0.00246896528673605	0.00958391050719876	"gene-386993"
"gene-179842"	-1.06209931629493	4.12183846400609	10.1174222343426	0.00247427819690336	0.009601029880432	"gene-179842"
"gene-112984"	2.62915712993818	1.53940032390394	10.1064922909361	0.00248657150448061	0.00964521317347036	"gene-112984"
"gene-159401"	-0.556628432462174	10.4794714980402	10.1035392880925	0.00248990385000953	0.0096546180636899	"gene-159401"
"gene-1676"	1.4476274157222	1.61814084057346	10.0988022999792	0.00249525915164901	0.00966967649955944	"gene-1676"
"gene-113411"	-3.24689856529124	4.76018250552321	10.0984961508376	0.00249560567800777	0.00966967649955944	"gene-113411"
"gene-42463"	-0.844253316231082	2.33275468919324	10.0975567768577	0.0024966692590946	0.00967027466851063	"gene-42463"
"gene-271655"	-0.473409494525052	5.71700905938833	10.0908835670496	0.00250423853957294	0.00969606156057438	"gene-271655"
"gene-196219"	0.910725893024195	4.45790331983069	10.0819043774515	0.00251446149929171	0.00973210062098493	"gene-196219"
"gene-361791"	-1.51364623205478	1.88867374943677	10.0785339680197	0.00251831007369705	0.0097384827643837	"gene-361791"
"gene-87082"	0.890734569768704	3.48736509364277	10.0785335412662	0.00251831056138624	0.0097384827643837	"gene-87082"
"gene-414284"	1.06388972546279	8.03266099787579	10.078055184031	0.00251885728514663	0.0097384827643837	"gene-414284"
"gene-380546"	1.83640115790788	0.269885867295827	10.0698957484606	0.00252820208620226	0.00977061939381266	"gene-380546"
"gene-7202"	-0.563106789119913	4.97811589528747	10.0691946854388	0.0025290066934154	0.00977061939381266	"gene-7202"
"gene-109460"	3.49609022754524	0.795072510646938	10.0683878493822	0.00252993302881723	0.00977064912654321	"gene-109460"
"gene-133971"	1.644121176722	0.329492881399653	10.0653547081585	0.00253341859369286	0.009780559042656	"gene-133971"
"gene-218241"	1.42549344238172	-0.0536856613527198	10.0619863828909	0.00253729525029753	0.00979197107480573	"gene-218241"
"gene-305439"	1.63339537906918	3.37233711158072	10.0610697751206	0.00253835126620165	0.00979249331422589	"gene-305439"
"gene-56530"	0.518602299843239	12.4011076009082	10.0539443397172	0.00254657617860374	0.00982066143423834	"gene-56530"
"gene-279460"	-1.34026659388298	4.99637351936649	10.0525208510303	0.00254822266821033	0.00982344918415553	"gene-279460"
"gene-377856"	-1.18081233393198	8.69063664518898	10.0513729841389	0.00254955117201706	0.00982500951651213	"gene-377856"
"gene-32788"	0.767170252008728	1.84345509774255	10.0497098254019	0.00255147734867631	0.00982887109037349	"gene-32788"
"gene-283096"	1.15461307527597	2.70340646171607	10.0417710400737	0.0025606926867287	0.00986079920928545	"gene-283096"
"gene-229165"	-0.292060546820792	6.73466148257029	10.0361714653697	0.00256721369240889	0.00988034765703087	"gene-229165"
"gene-364777"	1.89223900130525	0.89274392221384	10.0358170503292	0.00256762701429422	0.00988034765703087	"gene-364777"
"gene-341232"	0.675884854296222	7.4268448833798	10.0312618575346	0.00257294554657719	0.00989723285113744	"gene-341232"
"gene-207670"	0.447945069088744	4.4925856211803	10.0217118056712	0.00258413355292858	0.00993667551299652	"gene-207670"
"gene-370487"	3.73179790022558	0.394775295018085	10.1955278261345	0.00259716568319379	0.00998317824591584	"gene-370487"
"gene-104598"	-0.554877418131646	6.80720249358699	10.0094934153505	0.00259852211653338	0.00998478368188186	"gene-104598"
"gene-259225"	0.365702842869448	6.27116436478927	10.0071476118285	0.00260129418736373	0.00999182556041914	"gene-259225"
"gene-49189"	-0.77898019151259	10.3814171176855	9.99945246321512	0.00261040948882162	0.0100222337029819	"gene-49189"
"gene-183977"	0.632278484143992	6.87358222994525	9.99887464434027	0.00261109529813491	0.0100222337029819	"gene-183977"
"gene-353542"	1.37204742355379	0.822327827952992	9.99665636407614	0.00261372991858055	0.0100230898997736	"gene-353542"
"gene-350586"	1.57488769543035	1.74358712883369	9.99573584411489	0.00261482402698782	0.0100230898997736	"gene-350586"
"gene-79981"	1.61271654944688	4.36635445356256	9.99549386030275	0.00261511172311792	0.0100230898997736	"gene-79981"
"gene-90021"	-0.660531306407854	6.37963365693273	9.99507538796027	0.00261560932608804	0.0100230898997736	"gene-90021"
"gene-403851"	4.82590116935222	0.211450284106906	10.3730314512711	0.00261603023333691	0.0100230898997736	"gene-403851"
"gene-170379"	-2.04482335614938	5.78055702257465	9.98942842886036	0.00262233382720915	0.0100436235456235	"gene-170379"
"gene-270177"	0.537369406808127	3.35346685590185	9.98524692564658	0.00262732493876582	0.0100591173681473	"gene-270177"
"gene-61250"	0.416754141327499	5.20665749925808	9.98410891218785	0.00262868501734057	0.0100607030746435	"gene-61250"
"gene-400501"	1.88723145145833	1.0986568704796	9.9817618179139	0.00263149244585569	0.0100622469302888	"gene-400501"
"gene-176784"	0.413993158683009	5.16380193254174	9.98163900043177	0.0026316394381548	0.0100622469302888	"gene-176784"
"gene-414353"	3.61719081070275	5.18055312862064	9.98139911500226	0.0026319265663843	0.0100622469302888	"gene-414353"
"gene-50468"	1.64917521386509	6.62044391148074	9.96405381098039	0.00265277530965149	0.0101383105258546	"gene-50468"
"gene-367381"	-0.448673615311298	4.83424233115392	9.95754619140528	0.00266064204626557	0.0101647229899715	"gene-367381"
"gene-200554"	-0.372850282857427	8.57300008554677	9.95635882553562	0.00266208003548087	0.0101665649039047	"gene-200554"
"gene-148537"	0.363329446689833	5.49458197230182	9.94976365217493	0.002670082162238	0.010193465139111	"gene-148537"
"gene-203284"	1.99255080182467	3.30982420443722	9.94689180991293	0.00267357455100154	0.0102031356026022	"gene-203284"
"gene-354858"	0.497185289389689	5.77661813583997	9.94449752417482	0.0026764898613234	0.0102105976201706	"gene-354858"
"gene-223773"	3.30229384965574	4.58755538791426	9.93642170478075	0.00268634772861496	0.0102445300973642	"gene-223773"
"gene-383578"	2.22953462302593	0.563565186386157	9.93206150122725	0.00269168592531737	0.0102608615229359	"gene-383578"
"gene-239989"	0.430349661384885	4.44926604341141	9.93092566027075	0.00269307836423821	0.0102608615229359	"gene-239989"
"gene-82701"	-0.575016648202698	7.06184940185764	9.93056196145542	0.00269352438623892	0.0102608615229359	"gene-82701"
"gene-309252"	0.40901855450292	5.69324335096397	9.91904131602258	0.00270769296930311	0.0103111430080587	"gene-309252"
"gene-137609"	0.738333159347069	6.29190621085382	9.91102575019127	0.00271759703397351	0.0103451546361282	"gene-137609"
"gene-191573"	1.96108688956547	1.39199072851544	9.90564598248411	0.00272426563634708	0.0103636093874238	"gene-191573"
"gene-402347"	0.450012170670976	3.18912727467784	9.9055427706382	0.00272439374268868	0.0103636093874238	"gene-402347"
"gene-151453"	1.46644369626617	0.684140163886084	9.89533464594701	0.00273709537071156	0.0104082039195167	"gene-151453"
"gene-402701"	0.363110078413693	5.06355031242294	9.89278382429431	0.00274027897882902	0.0104165858537618	"gene-402701"
"gene-102859"	0.781954373246441	3.68079896661476	9.89147392185138	0.0027419153426541	0.0104190823810179	"gene-102859"
"gene-146095"	-0.650264986105075	7.16843396910678	9.88298132292012	0.00275254945323118	0.0104557557087739	"gene-146095"
"gene-97341"	1.00597000949379	3.75138642632334	9.88205252368074	0.00275371508645422	0.0104564490037583	"gene-97341"
"gene-362548"	1.22267975329453	2.80714661881646	9.87601868169339	0.00276130013456238	0.0104789059928547	"gene-362548"
"gene-89057"	-0.527787909719692	5.23337701982373	9.87578080556733	0.00276159961432603	0.0104789059928547	"gene-89057"
"gene-213477"	0.63941219199544	3.93278438714988	9.86902244027969	0.0027701224926192	0.0105074974434728	"gene-213477"
"gene-343684"	-0.435579457168816	6.19024705832274	9.86745349329948	0.00277210501937186	0.0105112688007269	"gene-343684"
"gene-175407"	0.394403907832101	6.20763166369393	9.86437729626908	0.00277599644089436	0.0105222730382582	"gene-175407"
"gene-414338"	1.65508145953192	5.05746187871219	9.8629811926739	0.00277776441985326	0.0105252235018024	"gene-414338"
"gene-8736"	1.99454171811028	1.02053228812362	9.85968173100239	0.00278194745182681	0.010536392947637	"gene-8736"
"gene-332164"	-0.479188446467566	4.73296563304694	9.85909383679929	0.00278269347404216	0.010536392947637	"gene-332164"
"gene-57030"	1.47434982299952	1.18561601045556	9.85635987392818	0.00278616556365645	0.0105435219583972	"gene-57030"
"gene-298464"	3.37291302727735	2.88240074500609	9.85605039960264	0.00278655887787274	0.0105435219583972	"gene-298464"
"gene-41529"	1.43498733297533	1.24957775640479	9.84728291594875	0.00279772584025103	0.0105820099704516	"gene-41529"
"gene-425793"	2.60394791693626	-0.95374273908606	9.83318192660398	0.00281578472159806	0.0106389648649991	"gene-425793"
"gene-314588"	-0.438862606077957	6.32074492355204	9.83264853921984	0.00281647022079073	0.0106389648649991	"gene-314588"
"gene-131578"	-0.505018314682303	4.38189077857103	9.83246400073635	0.00281670742692525	0.0106389648649991	"gene-131578"
"gene-175810"	-0.435969853859184	6.53359458042374	9.8322061008104	0.00281703896717533	0.0106389648649991	"gene-175810"
"gene-170433"	-0.522344183637758	6.05625862442545	9.8311178845728	0.00281843836254232	0.0106389648649991	"gene-170433"
"gene-34632"	-1.60992283188446	6.63997654120078	9.83009526383251	0.00281975407094667	0.0106389648649991	"gene-34632"
"gene-26923"	0.453016617357995	5.19767805262725	9.83007059538451	0.00281978581745322	0.0106389648649991	"gene-26923"
"gene-334689"	0.417796690582559	5.22040397816414	9.82483902502749	0.0028265269632979	0.0106576229034084	"gene-334689"
"gene-334600"	0.405149469966532	4.94720220705537	9.82467772886872	0.00282673507056365	0.0106576229034084	"gene-334600"
"gene-338393"	1.68119804715936	3.69421292210807	9.81709892653264	0.00283653155548812	0.0106907688250077	"gene-338393"
"gene-102302"	1.13229042169518	2.75775758008099	9.81630462576521	0.00283756034534846	0.0106908578934206	"gene-102302"
"gene-89325"	1.13143600127543	4.41685240727691	9.80602691149264	0.00285090760888523	0.0107331433667387	"gene-89325"
"gene-14127"	-0.606822955604267	6.66787665001525	9.8051681162656	0.00285202587530053	0.0107331433667387	"gene-14127"
"gene-193778"	1.3079895764331	1.28260681616808	9.80493921774943	0.00285232400962576	0.0107331433667387	"gene-193778"
"gene-17909"	-0.322595863053302	4.97699273891081	9.80404796062763	0.0028534851607598	0.0107331433667387	"gene-17909"
"gene-47899"	-1.7892748665003	0.041360090240649	9.8037838125576	0.00285382939461612	0.0107331433667387	"gene-47899"
"gene-103011"	0.872033582210544	2.44461761285635	9.7856363371197	0.00287758372177556	0.0108186569334765	"gene-103011"
"gene-5740"	-0.815448323685681	7.528433533742	9.78064440555082	0.002884154338215	0.0108395284598073	"gene-5740"
"gene-419031"	2.87880544295645	5.29546179828555	9.76232850023601	0.00290839797859275	0.0109267823738299	"gene-419031"
"gene-80194"	2.91542469854769	5.16453505672355	9.73925821371006	0.00293923986263995	0.01103875535983	"gene-80194"
"gene-400402"	5.3886679881212	4.73030545248532	9.86367126934281	0.00294078083743231	0.0110406441888211	"gene-400402"
"gene-220544"	2.76260467438295	-0.586157248304257	9.7330483843516	0.00294760015402477	0.0110623412978855	"gene-220544"
"gene-239186"	-0.54990902407439	7.69533747433612	9.73018022204479	0.00295146999441062	0.0110729576227694	"gene-239186"
"gene-150590"	-1.15687986624	8.06281923227675	9.72815649843451	0.00295420369692295	0.0110793055431849	"gene-150590"
"gene-140373"	-3.21331214735204	1.71422925743972	9.72094918354261	0.00296396117591703	0.0111079952726518	"gene-140373"
"gene-15625"	2.19831402407153	-0.359497778812256	9.72019329681197	0.002964986478841	0.0111079952726518	"gene-15625"
"gene-137409"	0.381048700262791	4.72039188480822	9.72019313117231	0.00296498670355946	0.0111079952726518	"gene-137409"
"gene-299808"	0.784934477873703	3.60364297449805	9.71792758752118	0.00296806197534809	0.0111156011161276	"gene-299808"
"gene-230352"	0.509023019021373	4.73524998809523	9.71216258891507	0.0029759025721834	0.0111410418013878	"gene-230352"
"gene-299856"	-0.290268370277074	9.77726500268084	9.70894547445352	0.00298028742011101	0.0111535316679453	"gene-299856"
"gene-8100"	0.905123330383649	4.92442610945068	9.7075529936304	0.00298218744257723	0.0111567167215095	"gene-8100"
"gene-273297"	0.400204688853098	4.91872255725371	9.7054529644828	0.00298505531415533	0.0111635191003362	"gene-273297"
"gene-362069"	-0.245704353794336	5.47138515053649	9.69997359338308	0.00299255178852567	0.011187620675838	"gene-362069"
"gene-116256"	0.965142050978474	2.14162017596918	9.69433721234974	0.00300028372275931	0.0112103903325206	"gene-116256"
"gene-40755"	-0.915012163670027	5.18881022039604	9.69399750385108	0.00300075040209534	0.0112103903325206	"gene-40755"
"gene-100598"	-0.525513165132633	8.19231455346252	9.68610240095166	0.00301161793170462	0.0112470394387677	"gene-100598"
"gene-331746"	-0.406011936488553	5.47367752007692	9.67923350096265	0.00302110655808041	0.0112785150409769	"gene-331746"
"gene-85011"	0.449179509405558	4.73109236828001	9.67718623464114	0.00302394070521852	0.0112851345055103	"gene-85011"
"gene-179860"	1.93508133826033	5.03613835812195	9.67205272775311	0.00303105960775238	0.011307734124186	"gene-179860"
"gene-133498"	1.1471982272387	1.90815523263925	9.65888036366656	0.00304940713164975	0.0113719726770353	"gene-133498"
"gene-137462"	1.1292681388656	3.0029942794101	9.65815757196843	0.00305041726660226	0.0113719726770353	"gene-137462"
"gene-187747"	1.13603877230232	2.91068522681708	9.65548427962657	0.00305415637414912	0.0113819226333042	"gene-187747"
"gene-429248"	1.33733316869306	0.0293227084756101	9.65407669747562	0.00305612708138141	0.011385277631374	"gene-429248"
"gene-162836"	1.02831399506803	1.79064447821874	9.65184554755804	0.00305925357663384	0.0113929345381924	"gene-162836"
"gene-14581"	-0.35229418865319	5.41634257083586	9.64793859286469	0.00306473646734339	0.0114093584412546	"gene-14581"
"gene-106007"	0.47383905981093	5.19069420978677	9.64197769368281	0.0030731217079342	0.0114365718983863	"gene-106007"
"gene-63254"	1.4694274722479	4.28584434452415	9.64072480678676	0.00307488721845561	0.0114391397186057	"gene-63254"
"gene-38262"	0.59001476882569	5.37813503518618	9.6344601138181	0.00308373114457243	0.0114680295292561	"gene-38262"
"gene-130452"	0.399017814548156	5.20761652188494	9.62991275452655	0.00309016744195203	0.0114879485888157	"gene-130452"
"gene-216914"	1.53950571615873	1.23840230393963	9.62677527695571	0.00309461643586745	0.0115004683479686	"gene-216914"
"gene-2286"	3.64638270608426	4.25443988044517	9.62221398457478	0.00310109643694011	0.0115205245208854	"gene-2286"
"gene-201697"	-0.703380892625467	10.4344537473639	9.62025758819474	0.00310388016174546	0.0115268398744151	"gene-201697"
"gene-237342"	0.849791736650883	4.83274447284166	9.61786622284589	0.00310728636533372	0.0115354617039056	"gene-237342"
"gene-402418"	0.723649311581561	2.06011861821973	9.60975738971437	0.00311886567798943	0.0115744087058952	"gene-402418"
"gene-381491"	-1.32100756057476	6.77643049198545	9.59220475671301	0.00314408627794352	0.0116619734333318	"gene-381491"
"gene-179774"	1.34077906608012	1.41272130920041	9.5918113570143	0.0031446539871	0.0116619734333318	"gene-179774"
"gene-337033"	1.50913018087798	2.87576336214596	9.59102471986726	0.00314578949450265	0.0116621181817812	"gene-337033"
"gene-3980"	-0.980053595992117	8.01466503517828	9.58982483972575	0.00314752234674902	0.0116644765435619	"gene-3980"
"gene-13592"	-0.839829220943966	5.96420894113012	9.58580055796775	0.00315334149634819	0.0116819714925668	"gene-13592"
"gene-346884"	1.2036361781312	1.02913450991436	9.58358250175597	0.00315655366090567	0.0116897996996493	"gene-346884"
"gene-91099"	-2.45922293822235	6.21723159701723	9.58258926778526	0.00315799316638494	0.0116905221806762	"gene-91099"
"gene-136758"	0.417980840736921	5.87884461494579	9.58193137167755	0.003158947042804	0.0116905221806762	"gene-136758"
"gene-97435"	1.16274017660342	2.17676382529564	9.57891904760575	0.00316331844920333	0.0117026278350353	"gene-97435"
"gene-202593"	-0.843471517470471	5.55472008862777	9.57472683792756	0.00316941266248482	0.011721096341512	"gene-202593"
"gene-420709"	3.66849450944821	4.35794975716473	9.57000734035789	0.00317628816736047	0.011742440371236	"gene-420709"
"gene-129530"	0.440819180841935	3.59916744335022	9.56758565712867	0.00317982223394486	0.011747556360666	"gene-129530"
"gene-1467"	-0.354168983718278	9.56749423124432	9.56754538346949	0.00317988104196667	0.011747556360666	"gene-1467"
"gene-143102"	0.384765382924179	5.3250039509383	9.56287745148602	0.00318670495887398	0.011768678452286	"gene-143102"
"gene-328178"	0.781379510912372	2.59726440777555	9.56134210428377	0.00318895280281707	0.0117728920551067	"gene-328178"
"gene-116435"	1.64432760399461	1.47027912789256	9.55991422418123	0.0031910448044357	0.0117765275988821	"gene-116435"
"gene-426131"	1.18115687921042	2.38629699646961	9.55391925501509	0.00319984385438503	0.0118049043479845	"gene-426131"
"gene-115675"	-0.451672741553411	6.25243999072209	9.53996647609666	0.00322042182095057	0.0118767012786513	"gene-115675"
"gene-205204"	1.24229448501213	2.9273029831907	9.53184579405207	0.00323246245811451	0.0119074284763539	"gene-205204"
"gene-377683"	0.830408821045173	3.87038789440869	9.53137487903316	0.00323316214020882	0.0119074284763539	"gene-377683"
"gene-311193"	1.01703797250405	1.67210185146597	9.53133753361175	0.00323321763457792	0.0119074284763539	"gene-311193"
"gene-235919"	0.533643830405044	5.17844532444287	9.53132800003159	0.00323323180140185	0.0119074284763539	"gene-235919"
"gene-338346"	1.87803945877015	1.80611167510174	9.52972203154922	0.00323561918956313	0.011912096123293	"gene-338346"
"gene-122220"	4.37199800847637	5.47103437686681	9.52760334084754	0.00323877161244716	0.0119195760795806	"gene-122220"
"gene-398226"	3.09831689606351	1.29329794164374	9.5252204655426	0.00324232097754585	0.0119261762649852	"gene-398226"
"gene-150665"	0.456332576000354	5.7581665788933	9.5248939762707	0.00324280761172783	0.0119261762649852	"gene-150665"
"gene-184202"	1.25469224676201	1.67900932286633	9.51966295794448	0.0032506149569044	0.0119483374972287	"gene-184202"
"gene-323803"	1.01864731359377	6.84954203205229	9.51935167474678	0.0032510801727134	0.0119483374972287	"gene-323803"
"gene-200923"	0.434287110860322	6.49572433020727	9.51480488248429	0.00325788338415679	0.0119646377753147	"gene-200923"
"gene-267741"	-0.499385870430539	7.26974319052635	9.51417579986895	0.00325882583742809	0.0119646377753147	"gene-267741"
"gene-207009"	1.17353059606291	1.60263053153639	9.51378921354345	0.0032594051397392	0.0119646377753147	"gene-207009"
"gene-243565"	1.5262240659834	1.0027114105635	9.51338226704526	0.0032600150689039	0.0119646377753147	"gene-243565"
"gene-328809"	0.723226776024126	3.87010544819852	9.5079284362532	0.00326820083278722	0.0119905429656864	"gene-328809"
"gene-233443"	0.828794990779858	4.23293025865964	9.5006002306241	0.00327923393106946	0.0120268731347775	"gene-233443"
"gene-76453"	-0.660128838463658	10.7865993004892	9.49753064921661	0.00328386702156045	0.0120397137681203	"gene-76453"
"gene-130332"	2.53667539389861	1.1520901764289	9.49666539836622	0.00328517423619441	0.0120403560221102	"gene-130332"
"gene-304"	1.08960007300567	1.70328431603382	9.49543913270399	0.00328702780673665	0.0120429995702553	"gene-304"
"gene-140361"	-2.15370327681431	6.07559800464985	9.4904453551987	0.00329458755267791	0.0120665403616674	"gene-140361"
"gene-219977"	0.998463528958813	3.06472750241791	9.48847381514301	0.00329757716741121	0.012073332444952	"gene-219977"
"gene-307013"	0.446689365128315	5.72180962245419	9.4775494472951	0.00331419450077257	0.0121299974914718	"gene-307013"
"gene-302236"	1.56315330580952	1.28779868321812	9.47245820310218	0.00332196898326884	0.0121542697303225	"gene-302236"
"gene-208747"	0.458509858970389	7.31717201625143	9.47007365913329	0.00332561684612223	0.0121634321785956	"gene-208747"
"gene-376642"	0.421906497157969	3.91329211384562	9.457182491282	0.00334541076752839	0.0122316221806229	"gene-376642"
"gene-331422"	-1.13970054148332	8.38660474334906	9.4562466360953	0.00334685255478378	0.0122326885816771	"gene-331422"
"gene-244427"	0.699436181170238	2.65999031175123	9.45231427249287	0.00335291793655	0.0122506476032792	"gene-244427"
"gene-336575"	0.323921907675183	5.79921282945736	9.45092252577926	0.00335506737230133	0.0122542914051501	"gene-336575"
"gene-320375"	-0.81957775625019	2.64289629062806	9.44651245462241	0.00336188793281385	0.0122749880032297	"gene-320375"
"gene-263588"	0.572902862562468	3.73463570436016	9.43608028086953	0.00337808031413349	0.0123298772207014	"gene-263588"
"gene-83520"	0.724572514124884	3.13019699362934	9.42711368154585	0.00339206344039317	0.0123766678394586	"gene-83520"
"gene-277218"	-1.0545558978166	4.82307672617107	9.41629101443532	0.00340902217031039	0.0124342797679771	"gene-277218"
"gene-361545"	1.86574255053215	6.40030726784807	9.41056629815759	0.0034180286326806	0.0124628565434319	"gene-361545"
"gene-304018"	1.26752526019247	1.50851273157101	9.40435977604476	0.00342782138139216	0.0124942797164109	"gene-304018"
"gene-398819"	1.99518246002493	-0.690727778039135	9.40039881378499	0.00343408647255854	0.0125128275855199	"gene-398819"
"gene-419692"	2.03980306907237	3.21726881250277	9.39879965465932	0.00343661928932965	0.0125177680689418	"gene-419692"
"gene-30394"	0.562094112711869	5.67146864065867	9.39773252022134	0.00343831055560062	0.0125196409001603	"gene-30394"
"gene-234167"	0.956265085408043	5.35173987625692	9.37424884017454	0.00347575153396275	0.0126516404227337	"gene-234167"
"gene-95289"	-1.30453660911213	4.02785270923845	9.37315825867308	0.00347750067852518	0.0126536767761867	"gene-95289"
"gene-336688"	-0.948236675391121	5.35021353768676	9.37158183275946	0.00348003068819079	0.0126585521202453	"gene-336688"
"gene-118644"	-0.318257590144525	5.09028061250385	9.36711430212765	0.00348721116264567	0.0126803343336408	"gene-118644"
"gene-37066"	-0.694330449931962	5.51002693776304	9.36590933918426	0.00348915051633569	0.0126830502022373	"gene-37066"
"gene-186397"	-0.521280326616581	8.66477776055222	9.35982936553709	0.00349895338068937	0.0127143382839126	"gene-186397"
"gene-23597"	3.35428734751257	7.28223221620442	9.35373078419959	0.00350881535481852	0.0127458197110143	"gene-23597"
"gene-244433"	1.34229275146425	2.2004579824117	9.35048795510078	0.00351407121491984	0.0127605535820715	"gene-244433"
"gene-331887"	-0.659682751123502	6.45385709378408	9.34784558276271	0.00351835999959374	0.0127717668790713	"gene-331887"
"gene-185689"	1.01273247498088	3.53402021462781	9.34077336095331	0.00352986590135613	0.0128091619675277	"gene-185689"
"gene-400393"	4.40508109605115	5.4172102471604	9.33921450671415	0.00353240734396265	0.0128123233402819	"gene-400393"
"gene-361030"	-0.321463497870867	5.48107613804885	9.3387614539669	0.00353314632916949	0.0128123233402819	"gene-361030"
"gene-246452"	0.388271609899586	5.64083120353504	9.33749026433865	0.00353522066551737	0.0128154761412552	"gene-246452"
"gene-26123"	0.833177987882996	7.00180590856211	9.3364846374285	0.0035368625623302	0.0128170596977663	"gene-26123"
"gene-337785"	1.8474064712619	2.23449569219203	9.33493677843838	0.00353939133449549	0.0128200858575984	"gene-337785"
"gene-237881"	0.699540903923517	2.86872115611562	9.3339570243761	0.00354099296371661	0.0128200858575984	"gene-237881"
"gene-203902"	0.651078420901099	3.09472307897245	9.33376089366845	0.00354131367521852	0.0128200858575984	"gene-203902"
"gene-169054"	-0.412064151619864	9.60289201333602	9.33150151754165	0.00354501039485448	0.0128286155792659	"gene-169054"
"gene-260442"	-0.760723534283302	8.22174108794251	9.33084096710385	0.00354609193328945	0.0128286155792659	"gene-260442"
"gene-5571"	-0.471106319171173	6.58765969636766	9.33011052860958	0.00354728830562438	0.0128286155792659	"gene-5571"
"gene-256935"	2.60516349413966	-1.19652464437873	9.32726237452273	0.00355195730422424	0.0128411345641499	"gene-256935"
"gene-329052"	0.922147539973094	1.23063806659599	9.32135406759931	0.00356166346001678	0.0128701882357464	"gene-329052"
"gene-255356"	-1.13836545690348	11.7973180395894	9.32089797151978	0.00356241389300842	0.0128701882357464	"gene-255356"
"gene-231228"	1.39840367587833	5.02990109852224	9.3193714842593	0.00356492669329456	0.012874893144272	"gene-231228"
"gene-309843"	-1.10207867177321	7.69649783759814	9.31773214634579	0.0035676273372883	0.012880273034419	"gene-309843"
"gene-259617"	1.14728711800495	3.90313475373681	9.31386200841887	0.00357401154132494	0.0128989435878969	"gene-259617"
"gene-384671"	1.62445290820903	0.439743463926713	9.30864569483584	0.00358263542780426	0.0129256819573019	"gene-384671"
"gene-78286"	1.06219035320019	2.66106900776607	9.30466577894104	0.00358922995789773	0.0129450830221093	"gene-78286"
"gene-388249"	-0.397512604908969	6.28262011034888	9.30207132461402	0.00359353571922157	0.0129562189524205	"gene-388249"
"gene-246678"	0.542846281401197	3.51026503654281	9.30029740962416	0.00359648283961207	0.0129624505191847	"gene-246678"
"gene-185155"	0.8505969163127	3.24706294488623	9.29248902913504	0.00360948567290224	0.0130037891898581	"gene-185155"
"gene-346416"	2.12690539733787	-0.258394495948155	9.29194248127059	0.00361039765679306	0.0130037891898581	"gene-346416"
"gene-234268"	0.488317101804065	5.12262896191293	9.28910418415317	0.00361513761263937	0.0130164535030576	"gene-234268"
"gene-81083"	1.93322882137578	2.05795942648026	9.27888612546928	0.00363225605198407	0.013073663407412	"gene-81083"
"gene-431030"	2.12900605857312	1.62567191979991	9.26799318378642	0.00365059908237875	0.013135240811969	"gene-431030"
"gene-280097"	1.20861300335534	5.8498566182453	9.26057572985678	0.00366314536901551	0.0131759263256168	"gene-280097"
"gene-342983"	1.01677717692615	1.85940844338025	9.2492315169021	0.00368242141475682	0.0132339889722953	"gene-342983"
"gene-400674"	0.909919730696158	4.29652617443923	9.2489841491272	0.00368284292823323	0.0132339889722953	"gene-400674"
"gene-190616"	-0.504540102367289	7.25406973257245	9.24887987613764	0.00368302062410626	0.0132339889722953	"gene-190616"
"gene-394061"	0.465709722845641	6.21874120997935	9.24385655272203	0.00369159176967619	0.0132603073496373	"gene-394061"
"gene-296480"	0.922361789381533	1.31472330733329	9.23876399776917	0.0037003024693153	0.0132871090694252	"gene-296480"
"gene-175990"	0.39819948361789	7.38409805629098	9.23683771911963	0.00370360296014617	0.0132944721849864	"gene-175990"
"gene-197839"	-0.47257138864438	5.23521980276371	9.22919723280112	0.00371672473001135	0.0133370729515522	"gene-197839"
"gene-116925"	-0.741452040395155	5.17591475407409	9.21807315296377	0.00373591674856557	0.0134014200801833	"gene-116925"
"gene-251935"	0.439842673984292	8.25674294787015	9.2170377110027	0.00373770846062423	0.0134033267657449	"gene-251935"
"gene-341956"	1.69656354149586	1.29900493323359	9.21536155892477	0.00374061076390852	0.0134092133754402	"gene-341956"
"gene-351343"	0.436587827565689	5.27944941033122	9.21153739804014	0.00374724128397432	0.0134284562993096	"gene-351343"
"gene-282362"	5.53343376102443	4.49741688637783	9.3237933079091	0.00374890631786626	0.0134298981464552	"gene-282362"
"gene-100013"	-0.667251988297147	8.39809995790307	9.20245783862012	0.00376303346399839	0.013475967650871	"gene-100013"
"gene-125566"	0.415584808944281	4.61425662194784	9.20075580109713	0.00376600162357924	0.0134820576467145	"gene-125566"
"gene-83782"	1.90920266981378	-0.413299984963558	9.19991027786227	0.00376747703561071	0.0134828013966203	"gene-83782"
"gene-130632"	2.69982733424322	6.71913915357317	9.19306190557891	0.00377944967285353	0.0135210987959873	"gene-130632"
"gene-309768"	0.620564401398396	4.61975148621212	9.18137188625037	0.0037999792935504	0.0135899730215878	"gene-309768"
"gene-39692"	3.41549803164289	7.29161454715346	9.17475250696902	0.00381165603320198	0.0136271507795416	"gene-39692"
"gene-32993"	1.6929119102071	-0.36934376560448	9.17219800031833	0.00381617233480796	0.0136385188265361	"gene-32993"
"gene-290022"	-0.372728353198707	8.42771365517694	9.1715039390097	0.00381740038986441	0.0136385188265361	"gene-290022"
"gene-222191"	2.3547649419775	2.37655409007761	9.16640649751939	0.00382643243121514	0.0136629371938205	"gene-222191"
"gene-177477"	0.638957651484104	3.99754300463464	9.16619692986845	0.00382680424035269	0.0136629371938205	"gene-177477"
"gene-267207"	-0.451025789559798	7.52137893602902	9.16064508730209	0.0038366680242031	0.0136935574179276	"gene-267207"
"gene-299976"	1.84462432677873	2.55824479311155	9.15899045740514	0.00383961292570249	0.0136994710089808	"gene-299976"
"gene-182357"	0.465562163374707	3.62790653925585	9.15454067687177	0.00384754442851624	0.0137231665129774	"gene-182357"
"gene-178966"	1.10867947276213	4.63948569575695	9.14694365203654	0.00386112560552282	0.0137669902582436	"gene-178966"
"gene-253263"	0.629388960890707	5.13998743585392	9.14601390168102	0.00386279117903715	0.0137680211481189	"gene-253263"
"gene-135381"	0.827740686200813	2.88379833658878	9.14496519479974	0.00386467076115855	0.0137680211481189	"gene-135381"
"gene-131434"	-2.98333359172923	7.06691574356497	9.14437645120321	0.00386572637960045	0.0137680211481189	"gene-131434"
"gene-302507"	1.1409485752355	5.53004746372654	9.14346371031612	0.00386736352577472	0.0137680211481189	"gene-302507"
"gene-331616"	-0.734762671468321	6.25770751841048	9.14317189356564	0.00386788709952795	0.0137680211481189	"gene-331616"
"gene-272317"	1.70737639155562	-0.328147612820948	9.13576272865048	0.00388120554790818	0.0138108070282875	"gene-272317"
"gene-232162"	0.385530304992834	6.16616552979047	9.13484606514267	0.0038828566612222	0.0138120613541001	"gene-232162"
"gene-369485"	3.20289692177091	1.84229642612951	9.13263739069065	0.00388683800864881	0.0138185465545647	"gene-369485"
"gene-70092"	1.2992889143175	4.13863234316258	9.13239331974548	0.00388727823347665	0.0138185465545647	"gene-70092"
"gene-258099"	-0.967965980107647	3.81101839526762	9.12891701834393	0.00389355405336437	0.0138315491318679	"gene-258099"
"gene-137522"	-0.376817636821611	5.85928816800797	9.12890431604925	0.00389357700455401	0.0138315491318679	"gene-137522"
"gene-25036"	1.21739024786308	2.43529319931292	9.12820692213117	0.00389483731195414	0.0138315491318679	"gene-25036"
"gene-187109"	0.861780910936372	6.28426288362005	9.12317502044918	0.00390394353433781	0.013859260157282	"gene-187109"
"gene-334126"	1.3682966932584	1.01127039379544	9.10284878662305	0.00394095658557301	0.0139859907387903	"gene-334126"
"gene-80535"	-0.464070737384163	7.59540045884507	9.10103834887433	0.00394427116781465	0.0139917585099961	"gene-80535"
"gene-25991"	-1.43537634751303	7.64292854257863	9.10052429567104	0.00394521284049251	0.0139917585099961	"gene-25991"
"gene-294385"	-0.391430087968787	6.2059201280852	9.08559575982684	0.00397266328189604	0.0140844155554154	"gene-294385"
"gene-215232"	0.89475608799719	6.22405445169378	9.08024373458406	0.00398255342655214	0.0141126095660513	"gene-215232"
"gene-173325"	0.647954271602299	5.05405148767985	9.07985680125778	0.00398326945442704	0.0141126095660513	"gene-173325"
"gene-59544"	-1.65512242195383	2.95172105844706	9.07877251233422	0.00398527667481083	0.0141150192185441	"gene-59544"
"gene-127977"	0.429560496938701	4.98695243842825	9.07281426717103	0.00399632551022174	0.0141466346820798	"gene-127977"
"gene-402427"	-0.307941889265617	5.32754628684151	9.07252474137926	0.00399686322110285	0.0141466346820798	"gene-402427"
"gene-177777"	1.82855721345177	0.224771584328566	9.05848016471588	0.00402303864949589	0.0142299874010926	"gene-177777"
"gene-269411"	1.40615996244236	2.63964554700386	9.05845336677669	0.00402308876599148	0.0142299874010926	"gene-269411"
"gene-50749"	-1.23672295717944	6.11669198207879	9.05576802062091	0.00402811413317683	0.0142401666031428	"gene-50749"
"gene-363359"	1.05611912720137	3.27749354063035	9.05509371121069	0.00402937707610058	0.0142401666031428	"gene-363359"
"gene-131831"	-0.884783549750096	5.36797973563492	9.05477016101803	0.00402998321506768	0.0142401666031428	"gene-131831"
"gene-133409"	1.76144158130107	4.81907254388909	9.05254726121665	0.00403415019167126	0.0142501565721074	"gene-133409"
"gene-249157"	1.81362305640863	-1.24119747640302	9.0513392128781	0.00403641666228624	0.0142525880780393	"gene-249157"
"gene-424628"	-1.29215544170399	7.05089465670348	9.05075212606725	0.00403751860465706	0.0142525880780393	"gene-424628"
"gene-403902"	2.31186195485207	0.908733736028318	9.04902364058342	0.00404076475334374	0.0142593145045003	"gene-403902"
"gene-180400"	-1.498362316877	2.96885397408872	9.04467049387531	0.00404895227471517	0.0142834681240035	"gene-180400"
"gene-205925"	-0.505141395807766	8.12343520735741	9.02458575196897	0.00408695503315289	0.0144127499113442	"gene-205925"
"gene-91507"	1.09321253835996	0.711160645015937	9.01837214508727	0.00409878783722576	0.0144496875826096	"gene-91507"
"gene-185361"	0.803881943120059	2.41627838036389	9.01645783422792	0.00410244059412661	0.0144577727498776	"gene-185361"
"gene-282853"	3.28843876685578	5.37523972561657	9.01279046452561	0.00410944799274138	0.0144741693197308	"gene-282853"
"gene-357326"	0.68394754477205	3.14776472046331	9.01259861913655	0.004109814906505	0.0144741693197308	"gene-357326"
"gene-38816"	-1.91927133636897	5.16220082423876	9.00482350330254	0.00412471426016098	0.0145218341181967	"gene-38816"
"gene-298435"	-3.35940514847049	2.47055138776884	8.99080719309973	0.00415171737450497	0.0146103265811383	"gene-298435"
"gene-181211"	-0.682216142329381	6.76815272607406	8.9903524436437	0.00415259658281131	0.0146103265811383	"gene-181211"
"gene-59750"	0.950083095575378	2.38397436446531	8.98784698518202	0.00415744412903464	0.0146225448929935	"gene-59750"
"gene-164306"	0.540169308958663	4.62739937195164	8.98465489546243	0.00416362879758179	0.014639456492919	"gene-164306"
"gene-2406"	0.734009755396811	3.94989973048751	8.97837901714146	0.00417581656246756	0.0146774570252495	"gene-2406"
"gene-217541"	-0.520550921229097	10.482594254099	8.96648108379701	0.00419902558922708	0.0147541579673007	"gene-217541"
"gene-336703"	-2.47111838884489	6.35685240876159	8.94467572900967	0.00424191405445627	0.0148999332507255	"gene-336703"
"gene-92601"	0.281979104540656	6.00338360400751	8.93959058571599	0.00425198207988158	0.0149303669203105	"gene-92601"
"gene-414913"	0.929603432767515	1.51106788979664	8.93816910927813	0.00425480094475678	0.0149322690061086	"gene-414913"
"gene-130138"	1.26703109496032	1.43956746185312	8.93790160347297	0.00425533164324136	0.0149322690061086	"gene-130138"
"gene-346785"	-1.04873875445693	8.04976863015906	8.93518758514428	0.00426071986299056	0.0149462455352136	"gene-346785"
"gene-295945"	0.906206928223955	1.55535369834639	8.92587054302012	0.00427927198883648	0.0150063754939877	"gene-295945"
"gene-161560"	-0.862498493992872	7.16419524967345	8.9172650550143	0.00429648283930564	0.015061763836142	"gene-161560"
"gene-76482"	1.51230168846668	0.830384961239429	8.91414269180653	0.0043027455286123	0.015078748415921	"gene-76482"
"gene-340451"	1.4122131469874	0.515636085602329	8.89565923561123	0.00434001619872216	0.0152043518740477	"gene-340451"
"gene-239078"	-0.265744245743088	5.61182090964527	8.89475741729025	0.00434184333197121	0.0152057443789416	"gene-239078"
"gene-410561"	-0.93521504960524	5.41132105700496	8.89380471664302	0.00434377443552513	0.0152074999658477	"gene-410561"
"gene-220994"	-0.359650497923597	5.41916274833752	8.89267023886872	0.00434607517725921	0.0152105480701971	"gene-220994"
"gene-310194"	1.08782309526354	2.04032148146464	8.891755880935	0.00434793044588955	0.0152120355995004	"gene-310194"
"gene-163513"	-0.29343519378906	6.87496971299631	8.88870644432735	0.00435412390557908	0.0152286951199405	"gene-163513"
"gene-66926"	-0.50600955540381	8.02664012718352	8.88563156555422	0.00436037844696887	0.0152443990396947	"gene-66926"
"gene-120952"	0.804354416953222	5.00847629332133	8.88509026664861	0.00436148046989385	0.0152443990396947	"gene-120952"
"gene-246687"	-0.731310657592518	8.92057813582696	8.88178791210224	0.004368210044039	0.015262904739947	"gene-246687"
"gene-219310"	1.01929101962428	2.64593105126022	8.88051801270004	0.00437080076912563	0.0152669415370838	"gene-219310"
"gene-199539"	1.34941719831583	0.948087952061757	8.87888126605736	0.00437414228730347	0.0152694943506442	"gene-199539"
"g14715"	1.84323172248362	4.47358125082221	8.87875366584301	0.00437440290395005	0.0152694943506442	"g14715"
"gene-16667"	1.19910824347112	1.86157851943224	8.87632840059401	0.00437935948959066	0.0152817806861175	"gene-16667"
"gene-224369"	2.06454873232955	0.371470217432963	8.87547979035642	0.00438109521576195	0.0152828234551801	"gene-224369"
"gene-333791"	0.85465732186739	3.91638714494566	8.87355494321096	0.00438503493596992	0.0152869320921082	"gene-333791"
"gene-132740"	0.914283746082679	6.09909952274281	8.87349992800069	0.00438514759430444	0.0152869320921082	"gene-132740"
"gene-146316"	1.07685119208435	3.84273998435154	8.86140502020997	0.00440998930100865	0.0153684948248781	"gene-146316"
"gene-132037"	-0.52630678118517	5.01217640531296	8.85562924280374	0.0044219044045711	0.0154049706017092	"gene-132037"
"gene-123093"	-0.504983010733885	4.08384897799003	8.8513699988681	0.004430712702775	0.0154306025889702	"gene-123093"
"gene-208804"	0.342938306107655	6.02993931142752	8.84990879307379	0.00443373879440825	0.0154360870105814	"gene-208804"
"gene-39210"	-0.505835843836326	5.73811673123527	8.84806528368328	0.00443755972546488	0.0154443341754072	"gene-39210"
"gene-29058"	-2.33003650867057	0.630754976643733	8.84726717282328	0.00443921499742568	0.015445041122872	"gene-29058"
"gene-47372"	1.13898113727264	3.52891548575084	8.84404253838267	0.00444590947347481	0.0154603375589727	"gene-47372"
"gene-361308"	1.3405851040037	2.36179732651799	8.84374935007818	0.00444651867176547	0.0154603375589727	"gene-361308"
"gene-144455"	0.447122729705076	7.15903736201306	8.84107576775387	0.00445207800522715	0.0154746083867961	"gene-144455"
"gene-240202"	-0.415734273514732	6.55390715595183	8.83388354569504	0.00446706957240557	0.0155216438981071	"gene-240202"
"gene-384647"	1.85292152481112	-0.909222769679739	8.83166639633021	0.00447170174362856	0.015532664841683	"gene-384647"
"gene-269723"	0.831167911851402	2.64202232617484	8.81751267911005	0.00450139183495428	0.0156296378386475	"gene-269723"
"gene-64698"	-0.985994105611413	4.68168783402147	8.81671137149414	0.0045030789270108	0.0156296378386475	"gene-64698"
"gene-356092"	0.620530973850649	1.76664825205402	8.81586766132014	0.00450485601425204	0.0156296378386475	"gene-356092"
"gene-226146"	0.506211564132673	3.0003645889279	8.81556326852609	0.00450549733107309	0.0156296378386475	"gene-226146"
"gene-67690"	-1.02967641867258	4.97889593862451	8.81229595607032	0.00451238720116409	0.015648435041272	"gene-67690"
"gene-189602"	0.475468228064859	5.74590473318363	8.80681754062657	0.00452396459999246	0.0156799680663872	"gene-189602"
"gene-295861"	1.1862466143421	2.93149368195285	8.80659831048533	0.00452442854416531	0.0156799680663872	"gene-295861"
"gene-235656"	-0.587487365899848	6.63934983704379	8.80263989471902	0.00453281413988847	0.0157039124403433	"gene-235656"
"gene-39770"	3.35059316336046	5.72509998276185	8.80171142821483	0.00453478339318494	0.0157056190719359	"gene-39770"
"gene-85345"	-0.380341785044011	6.63962313868024	8.79636951179489	0.00454613098068272	0.0157397946323377	"gene-85345"
"gene-269365"	-0.437375203492896	5.77181850750086	8.79497768762912	0.00454909247791332	0.0157449227449027	"gene-269365"
"gene-425574"	1.786518633414	0.312119103196612	8.79313747219975	0.00455301117363006	0.0157533594153316	"gene-425574"
"gene-199910"	1.76464919220036	0.552346672891491	8.78026264573611	0.00458052747693763	0.0158434114616939	"gene-199910"
"gene-40274"	0.426620511004942	6.56706790991943	8.77915421915078	0.00458290460137268	0.0158464802796489	"gene-40274"
"gene-282611"	4.26788097161574	1.5532042285548	8.87695024672475	0.00459504617998143	0.0158832990478656	"gene-282611"
"gene-31475"	0.989816640412136	2.17129958669288	8.77148571177381	0.00459938606945647	0.015889100877627	"gene-31475"
"gene-337045"	1.64444396919694	2.65251632813867	8.77133414638507	0.00459971244849695	0.015889100877627	"gene-337045"
"gene-350085"	0.407149757134698	3.7831409933963	8.76245832469984	0.00461886814748343	0.015950091433972	"gene-350085"
"gene-328216"	-0.832381620307727	6.14396120411136	8.75405532441277	0.00463708086276828	0.0160077871004231	"gene-328216"
"gene-157813"	-0.893816487630161	6.70722846637431	8.74640091333731	0.00465373693240975	0.0160600733332609	"gene-157813"
"gene-140397"	1.05578569065907	1.5618031693993	8.74442267323638	0.00465805184272449	0.0160697500484001	"gene-140397"
"gene-137227"	1.74552087392794	1.0003844170095	8.74177494533935	0.0046638336275854	0.016083290982556	"gene-137227"
"gene-57365"	1.84554558230105	-0.314231936782137	8.74124068693418	0.00466500119228896	0.016083290982556	"gene-57365"
"gene-30101"	0.92938677289605	2.43056956112683	8.73995845574091	0.00466780462824076	0.0160877414212471	"gene-30101"
"gene-356740"	-0.34413698953606	6.29210879367801	8.73826465852504	0.00467151062228368	0.0160952986649204	"gene-356740"
"gene-425805"	2.38174509246651	2.0452385260394	8.73345769493085	0.00468204505326015	0.016126370202874	"gene-425805"
"gene-219292"	-0.722056586719311	6.49318106858275	8.72172977182405	0.00470785188212127	0.016210007322189	"gene-219292"
"gene-163112"	-0.429197326280815	6.95459371359901	8.72070311144462	0.00471011813009934	0.0162125619520183	"gene-163112"
"gene-192100"	0.606250161764531	4.09786364325901	8.71804109877731	0.0047159996066751	0.0162275547772877	"gene-192100"
"gene-100345"	0.936749227696775	1.97792957975221	8.71291047580622	0.00472735709363718	0.0162613745303768	"gene-100345"
"gene-197114"	-1.61007654802167	4.58021327922616	8.71143095422244	0.00473063761131866	0.0162673978771372	"gene-197114"
"gene-309648"	-0.718373151116878	5.41482208722106	8.6924436165101	0.00477295147086857	0.016407599173936	"gene-309648"
"gene-141409"	0.602032286072563	3.82997598418357	8.69146332833464	0.00477514687010614	0.016409842362019	"gene-141409"
"gene-187729"	1.23256843775118	3.23997751212958	8.69009700810223	0.00477820858056598	0.0164150602270348	"gene-187729"
"gene-365669"	-0.511378148553652	10.6555387732556	8.68112700662488	0.00479836038920057	0.0164789670970414	"gene-365669"
"gene-69969"	1.62645493851162	-1.28568447101885	8.67431570734149	0.00481372231413487	0.0165217962917905	"gene-69969"
"gene-234200"	0.352785197400338	6.61026772756509	8.6742201487884	0.00481393820122778	0.0165217962917905	"gene-234200"
"gene-105753"	0.513584817417926	6.69154734700859	8.67308503245698	0.00481650345094166	0.0165252679691018	"gene-105753"
"gene-58716"	0.504197557041301	6.97196349109529	8.67204787121231	0.00481884859125186	0.0165279824626104	"gene-58716"
"gene-50592"	-1.20962243207146	6.75538487091475	8.66674975663633	0.00483084702057321	0.0165637939751182	"gene-50592"
"gene-61102"	0.432306179132438	6.01830721288035	8.66524821355551	0.00483425322760211	0.0165664336212848	"gene-61102"
"gene-106437"	3.04387591320161	2.457922231669	8.66503723089593	0.00483473203840428	0.0165664336212848	"gene-106437"
"gene-137370"	1.10447271063657	7.43642295259377	8.63912504144631	0.00489391965985777	0.0167638420297092	"gene-137370"
"gene-349163"	2.50229082789272	-0.299747534292111	8.62643440673085	0.00492318521598001	0.0168543906881332	"gene-349163"
"gene-413512"	1.48903375564805	0.169649431632	8.62628834511586	0.004923523116588	0.0168543906881332	"gene-413512"
"gene-219157"	0.930220955198764	1.20661539905015	8.61769325055109	0.00494345020582746	0.0169152030325572	"gene-219157"
"gene-104636"	0.378337844191642	6.2153387034415	8.61725504357224	0.00494446843063373	0.0169152030325572	"gene-104636"
"gene-312440"	1.37708257673794	2.70491036949113	8.61479867801553	0.0049501801747679	0.0169292978581452	"gene-312440"
"gene-235622"	2.88802393152704	4.16521936748891	8.61131396230816	0.00495829505617977	0.0169515995556181	"gene-235622"
"gene-321706"	0.911909912084665	3.20362234558207	8.60657890194528	0.00496934409853891	0.0169839151131298	"gene-321706"
"gene-413488"	0.99206651649089	-0.33150377043544	8.60385021183865	0.00497572315240567	0.0170002542399572	"gene-413488"
"gene-32168"	-1.21731660892845	5.04487420468041	8.600614091427	0.00498329965085523	0.0170206727959204	"gene-32168"
"gene-272048"	0.863980734585547	2.21442948368732	8.59740246369852	0.00499083082840099	0.0170409234962674	"gene-272048"
"gene-12458"	0.563470229346301	4.3775248154513	8.59311209366146	0.00500091034773258	0.0170698595823119	"gene-12458"
"gene-322092"	-0.699422757219213	5.69647557764159	8.58479405852736	0.00502051337468819	0.0171284049465506	"gene-322092"
"gene-233901"	2.61036392210293	3.24921783057663	8.58446816144066	0.00502128305973532	0.0171284049465506	"gene-233901"
"gene-337375"	2.3698190769404	4.95234598898942	8.576508288074	0.00504012089902432	0.0171871516133449	"gene-337375"
"gene-171841"	-1.11671378751513	5.86331376171434	8.57091925063757	0.00505339242068287	0.0172268851879433	"gene-171841"
"gene-15918"	1.10784440459359	0.915107977529848	8.56982954685068	0.00505598427912678	0.017230198267476	"gene-15918"
"gene-334528"	2.30295938291862	-0.995971479509396	8.5666708489124	0.00506350515668084	0.0172503013601722	"gene-334528"
"gene-393892"	0.387980238197108	6.78665650919976	8.56574265576408	0.0050657174307495	0.0172523120696291	"gene-393892"
"gene-405355"	-0.907670102841985	5.39881778389927	8.55903515584898	0.00508173453307478	0.0173013215409038	"gene-405355"
"gene-276899"	0.531986989713887	3.6680898541444	8.55684867993173	0.0050869672341998	0.0173135947209437	"gene-276899"
"gene-42529"	0.738387252867191	1.94199762700233	8.55422414192955	0.00509325581213175	0.0173294525968756	"gene-42529"
"gene-236134"	0.602003266364661	4.98581654442942	8.55089121591115	0.0051012535503227	0.017351113770781	"gene-236134"
"gene-101040"	0.910804278577213	5.06183720035871	8.54829057114	0.00510750328976021	0.0173668174520107	"gene-101040"
"gene-125691"	-0.505859467882555	5.18968005464284	8.54512878501187	0.00511511240880058	0.0173871318568242	"gene-125691"
"gene-251872"	1.34418466847441	-0.987731484200371	8.54105097518475	0.0051249436679919	0.017414984298007	"gene-251872"
"gene-234916"	-0.382523706657665	6.83016440034215	8.53691047517718	0.00513494645006869	0.0174423191254261	"gene-234916"
"gene-221311"	1.08965892464217	2.282629904562	8.53636419009328	0.00513626772290659	0.0174423191254261	"gene-221311"
"gene-96502"	0.740981927764864	2.96604667031979	8.53096271899615	0.00514935130195106	0.0174811683522348	"gene-96502"
"gene-14863"	0.469398573585934	3.73696474175663	8.52886340569235	0.00515444578774617	0.0174928798335891	"gene-14863"
"gene-72216"	-0.715545418924359	4.92283912641516	8.52643460924414	0.00516034647328216	0.01750731900792	"gene-72216"
"gene-47628"	0.316241320192432	6.62534174440076	8.51855674561374	0.00517953455304588	0.017565164383009	"gene-47628"
"gene-35202"	1.95832674875729	-0.820522972939877	8.5180794253529	0.00518069957404093	0.017565164383009	"gene-35202"
"gene-355612"	3.01075044385208	3.20808385485913	8.50596049028759	0.0052103716381772	0.017660137904287	"gene-355612"
"gene-267353"	2.497334956866	-0.133711016003068	8.49982783636085	0.00522545507907684	0.0177056196945082	"gene-267353"
"gene-121074"	-0.466638980031434	5.58484748689386	8.49674750246916	0.00523304861100201	0.0177257022377762	"gene-121074"
"gene-431511"	1.5188106919471	-0.90722439627956	8.49485725053254	0.00523771415332516	0.0177358572858218	"gene-431511"
"gene-244089"	1.08984137419378	0.257348660503336	8.49263642617227	0.00524320122166682	0.0177487868216576	"gene-244089"
"gene-27705"	0.406440679355557	5.5561114145789	8.49117267590805	0.00524682107378301	0.0177553894179943	"gene-27705"
"gene-66448"	0.870630093348235	5.2400478848935	8.48794261347817	0.00525481833826826	0.01777679638862	"gene-66448"
"gene-332820"	0.682200342283691	5.50642751524153	8.48529250496576	0.00526138930021028	0.0177933661675792	"gene-332820"
"gene-146173"	-0.706369909086958	7.91705122550244	8.48015470710082	0.00527415319428435	0.0178308624839187	"gene-146173"
"gene-393501"	0.587659997751219	3.98136105911733	8.47740701838051	0.00528099270509412	0.0178483121739374	"gene-393501"
"gene-278694"	1.31870189229724	4.28024565480622	8.47391875454237	0.00528968911977443	0.0178720246117919	"gene-278694"
"gene-74704"	1.02440066781077	2.83095113100382	8.47313877028457	0.00529163572387928	0.0178729239629025	"gene-74704"
"gene-90578"	0.506736770157372	3.36283004949684	8.46648741939622	0.00530826619131358	0.017923402924067	"gene-90578"
"gene-69960"	1.31166027990605	2.43542637542338	8.45953645475199	0.00532570468555537	0.0179712524467558	"gene-69960"
"gene-122839"	0.99040393941634	2.85070862587598	8.45949183522698	0.0053258168213778	0.0179712524467558	"gene-122839"
"gene-390753"	2.64898164179685	3.62838019936442	8.45729747104596	0.00533133467352285	0.0179841660601297	"gene-390753"
"gene-140593"	0.952537537084026	4.63632790817171	8.45305444715856	0.00534202109832201	0.018014501078552	"gene-140593"
"gene-243753"	-1.04392116857475	5.06921729889195	8.4518315925886	0.00534510515472846	0.0180186046474123	"gene-243753"
"gene-28968"	2.31994865827374	2.12765361978937	8.45122875896861	0.0053466262003792	0.0180186046474123	"gene-28968"
"gene-282886"	3.90033243571817	7.08994339737574	8.45038758849486	0.00534874937077902	0.0180200501449495	"gene-282886"
"gene-255058"	0.483312597624529	5.16230284702977	8.44897393449138	0.00535231953042956	0.0180233019245005	"gene-255058"
"gene-267954"	0.468868362368298	6.31014381338468	8.44866357136038	0.0053531036836684	0.0180233019245005	"gene-267954"
"gene-278646"	1.27258186970552	0.125611433725376	8.44452919918767	0.00536356101410142	0.0180527958689819	"gene-278646"
"gene-277005"	-0.374470665720008	9.52859038848248	8.4436479784524	0.00536579272528818	0.0180545939342503	"gene-277005"
"gene-141792"	1.13823539732249	2.35248673740259	8.43965603243233	0.00537591468853503	0.0180826019972936	"gene-141792"
"gene-248581"	1.1814303038154	5.44405301253318	8.4390248578957	0.00537751693469723	0.0180826019972936	"gene-248581"
"gene-81023"	0.382201448943069	5.66992403166652	8.43791476171766	0.00538033615242129	0.0180863638802632	"gene-81023"
"gene-219304"	-0.418567964441684	4.71066767992029	8.43318304081884	0.0053923703954792	0.0181210905296419	"gene-219304"
"gene-348296"	-0.665299427312705	9.34360426558772	8.43245860304808	0.00539421537072923	0.0181215649662274	"gene-348296"
"gene-290159"	0.443270497966819	5.21041982607579	8.42083173950319	0.00542391754422536	0.0182155942533568	"gene-290159"
"gene-278108"	0.767925696429252	4.90606253102751	8.41597845328941	0.00543636680058905	0.0182516405590483	"gene-278108"
"gene-97500"	-1.49633626650805	9.96441957977768	8.40809167351591	0.00545666163781045	0.0183139959544815	"gene-97500"
"gene-220559"	-0.566769730190566	4.60458047466543	8.40355809863322	0.0054683639122806	0.0183435500676991	"gene-220559"
"gene-192238"	-0.542516033043337	6.97112361841742	8.40334422394185	0.00546891662887117	0.0183435500676991	"gene-192238"
"gene-186475"	-0.715358715511295	10.0233840639811	8.39834485363137	0.00548185330452372	0.0183811449391281	"gene-186475"
"gene-83136"	0.543497452910147	5.13741428783341	8.39761450229049	0.00548374590609858	0.0183816960155262	"gene-83136"
"gene-243984"	0.965542196706069	5.21299049421569	8.38592974667921	0.00551411916890108	0.0184776847764436	"gene-243984"
"gene-421265"	1.15393443145468	3.26845198013004	8.3845328834463	0.00551776201869666	0.0184840682931835	"gene-421265"
"gene-415128"	0.367453793705449	6.41721790426284	8.38287152457038	0.00552209794564705	0.0184900620475149	"gene-415128"
"gene-237726"	1.0076557207962	3.4304085537247	8.38251529562855	0.0055230281238205	0.0184900620475149	"gene-237726"
"gene-63316"	-0.448485864786086	6.85964018652933	8.38180448384895	0.00552488467573986	0.0184904573351697	"gene-63316"
"gene-57335"	-0.714967946539983	4.26330541332422	8.37347966768298	0.00554667711746084	0.0185575520041879	"gene-57335"
"gene-185248"	-0.984137160005882	2.81653855908125	8.36815058884667	0.00556067498752976	0.0185985343293605	"gene-185248"
"gene-221980"	-0.371715776602406	6.6915247155428	8.36548777690035	0.00556768333932801	0.0186087736971726	"gene-221980"
"gene-384115"	1.74503278166473	-0.0758495153784528	8.36517928173565	0.00556849588092693	0.0186087736971726	"gene-384115"
"gene-86975"	1.21389033893783	0.19954002511056	8.36499352312953	0.00556898520854649	0.0186087736971726	"gene-86975"
"gene-377945"	0.890604050594705	1.93987986357203	8.35340340882171	0.00559960589765567	0.0187052161832493	"gene-377945"
"gene-113124"	2.51151477612676	4.28531799283516	8.3521589855537	0.00560290416222909	0.0187098316134957	"gene-113124"
"gene-392773"	1.11269945777365	4.41280425288967	8.35155497805013	0.00560450578418554	0.0187098316134957	"gene-392773"
"gene-37682"	0.530078593131689	4.41092674716774	8.34078346006211	0.00563314941391265	0.0187985311060324	"gene-37682"
"gene-350107"	0.26934560266842	7.37949812228036	8.3402355679343	0.00563461048947266	0.0187985311060324	"gene-350107"
"gene-107184"	-0.288547388945761	6.15407046049878	8.33839491056363	0.00563952193724222	0.0188085563005933	"gene-107184"
"gene-398993"	3.4373536238527	-0.207051053942017	8.46938962685269	0.00564115218116705	0.0188085563005933	"gene-398993"
"gene-81367"	1.33958794044916	3.808804107042	8.32723772419805	0.00566938959102846	0.0188967808493196	"gene-81367"
"gene-43846"	0.756345378931674	3.71403271660856	8.31006967695635	0.00571567458013063	0.0190450861009616	"gene-43846"
"gene-381772"	1.48429303583722	0.221813051389785	8.30339086883955	0.00573378816215388	0.0190994584693607	"gene-381772"
"gene-24167"	3.64427672014363	1.72214835892786	8.39038185100597	0.00575090172214728	0.0191449132398001	"gene-24167"
"gene-336712"	-1.14786129929331	3.39514861245493	8.29705265800246	0.00575103401665676	0.0191449132398001	"gene-336712"
"gene-14252"	-0.31616676513245	7.51770207901498	8.29449649076724	0.00575800465517287	0.0191621206234101	"gene-14252"
"gene-332768"	2.27016143519885	1.97775215019598	8.29239248367304	0.00576374894530163	0.0191752373419544	"gene-332768"
"gene-431788"	3.04433199715703	-0.763694552065267	8.38457942372062	0.00576641406000523	0.0191781050475971	"gene-431788"
"gene-173849"	0.275942822404698	5.35938974037382	8.29005328735299	0.00577014243842316	0.0191845060878614	"gene-173849"
"gene-405617"	1.34027059805875	1.58841311153255	8.28746603360351	0.0057772226366575	0.0192020437385904	"gene-405617"
"gene-190055"	0.506450713641484	4.66798477532051	8.28338724604401	0.00578840313876809	0.0192276429625021	"gene-190055"
"gene-22129"	0.323097138505882	6.34820636396635	8.28333732342124	0.0057885401246645	0.0192276429625021	"gene-22129"
"gene-171166"	-1.49114369646642	5.70396075704453	8.28167891530808	0.00579309268172644	0.0192367573408812	"gene-171166"
"gene-271024"	0.543008950823316	4.36467273448237	8.27486573384078	0.00581183546801355	0.0192831320011827	"gene-271024"
"gene-357485"	-2.85782530346573	0.553458072292438	8.27468915188644	0.00581232208745759	0.0192831320011827	"gene-357485"
"gene-35181"	-0.495777872921379	10.6135585392365	8.27462557844963	0.00581249729181946	0.0192831320011827	"gene-35181"
"gene-218723"	1.0213769791437	4.88379404017132	8.27284853576828	0.00581739696398288	0.0192933689145375	"gene-218723"
"gene-341301"	-1.00322766143346	7.34463063150037	8.26836538813225	0.00582977729614621	0.0193284012848538	"gene-341301"
"gene-331991"	0.710640686054807	5.00029602095985	8.26592344023703	0.00583653249114157	0.0193447677082523	"gene-331991"
"gene-243457"	0.403647096804731	5.87261261636056	8.26058419673074	0.00585133129910445	0.0193877756066277	"gene-243457"
"gene-193350"	0.616883550764692	3.73712202116676	8.25500409947847	0.00586683999572539	0.019433108126607	"gene-193350"
"gene-322154"	-0.546086589576787	9.20247220069222	8.25377836549526	0.0058702524688962	0.0194383578017372	"gene-322154"
"gene-182888"	0.355867504556968	5.67879054362577	8.24926562557538	0.00588283410452614	0.0194675102654523	"gene-182888"
"gene-68504"	1.78228882755798	-0.72588088769699	8.2488782936219	0.00588391532095708	0.0194675102654523	"gene-68504"
"gene-121098"	1.19863192717537	1.07733908784445	8.24865191582268	0.00588454733954768	0.0194675102654523	"gene-121098"
"gene-208997"	1.32483251479841	1.85767425198065	8.23431426544755	0.00592472255880001	0.019594324979912	"gene-208997"
"gene-419632"	1.6522712197104	-0.394361587298141	8.22829836666925	0.00594166567102721	0.0196442511896318	"gene-419632"
"gene-164535"	0.729695190316618	4.08351731286925	8.22332106569581	0.00595572233204489	0.0196846061913081	"gene-164535"
"gene-311211"	0.869138723063452	4.0927262803218	8.22230863689568	0.00595858587821102	0.0196879525941759	"gene-311211"
"gene-380251"	1.97940093932218	7.47760290079147	8.20932589922378	0.00599543518807501	0.0198031882373476	"gene-380251"
"gene-50706"	1.17175583825669	3.29808689765813	8.20871118298446	0.0059971859075307	0.0198031882373476	"gene-50706"
"gene-202064"	0.4107344962339	3.95583141758489	8.19734598128758	0.00602965151070943	0.0199042127460911	"gene-202064"
"gene-86547"	0.903278631340123	4.49402921415434	8.19603967858756	0.00603339493363021	0.019907446936559	"gene-86547"
"gene-26293"	0.432069808945746	2.84204153180944	8.19569793374252	0.0060343746637332	0.019907446936559	"gene-26293"
"gene-20711"	0.43678117558344	4.37207461150729	8.19367056211606	0.00604019028060909	0.0199175606306146	"gene-20711"
"gene-13240"	-0.495829941452874	6.66895386555587	8.19328969112334	0.00604128348784191	0.0199175606306146	"gene-13240"
"gene-57796"	1.55045392337005	-1.06586350271167	8.1926715028326	0.00604305830716373	0.0199175606306146	"gene-57796"
"gene-329490"	0.812784057105075	3.01448514025677	8.18790703856662	0.00605675556480811	0.0199565217432773	"gene-329490"
"gene-329354"	0.680964694078584	1.85591713768276	8.18172505274018	0.00607457687531468	0.0200047216145994	"gene-329354"
"gene-310422"	0.921228861052447	3.91766658935194	8.18124039924019	0.00607597636227373	0.0200047216145994	"gene-310422"
"gene-231563"	0.431394819019202	5.69010745042621	8.18087675074674	0.00607702665821462	0.0200047216145994	"gene-231563"
"gene-200098"	2.02461421677488	1.99491490155408	8.17842133524021	0.00608412344834378	0.020021886446963	"gene-200098"
"gene-203845"	0.325064962955744	6.30453704889464	8.17672429588716	0.00608903344463564	0.0200300187065998	"gene-203845"
"gene-87076"	-0.337537385350514	5.52945830576302	8.17626567238324	0.00609036108472583	0.0200300187065998	"gene-87076"
"gene-180364"	0.253528608198422	7.84409887888937	8.17279661673824	0.00610041333347591	0.0200568767279288	"gene-180364"
"gene-426874"	-0.670853289113291	2.53284544900807	8.16190704089767	0.00613208185423328	0.0201547659461141	"gene-426874"
"g2416"	-1.67910526307133	0.736992052836789	8.15487849112023	0.00615261402216821	0.0202160033178193	"g2416"
"gene-331446"	0.31014567678123	6.50913135606587	8.15235763328478	0.00615999575076474	0.020234007042969	"gene-331446"
"gene-29854"	0.364153073613738	5.90499394447601	8.15157628914477	0.00616228562700468	0.0202352793852491	"gene-29854"
"gene-132812"	-0.962016454889971	6.57444603225607	8.15085839276932	0.00616439034950436	0.0202359431349779	"gene-132812"
"gene-409465"	0.942861332219699	3.65115952322293	8.14198387016297	0.0061904713480781	0.0203152894965007	"gene-409465"
"gene-400384"	4.57803304528013	2.78316373236623	8.22732711751053	0.00620415436088591	0.0203539129495319	"gene-400384"
"gene-173125"	-0.837698420735334	5.21981474594123	8.13658637727093	0.00620639076833462	0.0203549713882229	"gene-173125"
"gene-202871"	0.630666327339685	2.65527945146006	8.13505530583122	0.00621091438807287	0.0203598830890719	"gene-202871"
"gene-48078"	0.921544658152945	5.79436032102973	8.13478381962006	0.00621171686950342	0.0203598830890719	"gene-48078"
"gene-42162"	-0.398812759457829	3.45054427961745	8.13275913991239	0.00621770503779425	0.020373231910653	"gene-42162"
"gene-174834"	0.475514899738677	4.82269118303034	8.12639533127277	0.00623656626393769	0.0204287400009982	"gene-174834"
"gene-14183"	0.343028714048052	5.83606193433463	8.11090446633344	0.00628273136146805	0.0205736240026398	"gene-14183"
"gene-54336"	1.18988143449143	0.898910973407431	8.10336495659988	0.00630533059595217	0.0206412730743451	"gene-54336"
"gene-165922"	-0.992453892583154	7.93295937793406	8.09990619018582	0.00631572673877271	0.0206689444903343	"gene-165922"
"gene-338061"	1.64548242079621	3.89212508079214	8.09074445044038	0.00634335205329083	0.0207529659916337	"gene-338061"
"gene-133302"	0.795079016222459	4.03178911681394	8.08925562431417	0.00634785333209264	0.0207550382450963	"gene-133302"
"gene-151023"	0.606737757020129	2.85498428211434	8.08924407984232	0.00634788824852372	0.0207550382450963	"gene-151023"
"gene-305804"	1.01271238038617	2.34930399857604	8.08614933010873	0.00635725568182075	0.0207699306173092	"gene-305804"
"gene-394641"	1.37066502840985	-0.330310662316265	8.08589995130912	0.00635801115630828	0.0207699306173092	"gene-394641"
"gene-45519"	0.690352302921618	3.99438941672178	8.0853646980219	0.00635963298625964	0.0207699306173092	"gene-45519"
"gene-25220"	1.31481796558755	0.48953461891704	8.08515970588989	0.00636025423284843	0.0207699306173092	"gene-25220"
"gene-142744"	1.70858488814094	6.60637802143499	8.08168020282102	0.0063708089489362	0.0207980122716039	"gene-142744"
"gene-57924"	-0.761076254214561	7.51519865580573	8.08096444871398	0.00637298240762036	0.0207987238071341	"gene-57924"
"gene-184643"	0.70663142420936	4.9450462441881	8.07504695336102	0.00639098148599393	0.0208510672039974	"gene-184643"
"gene-306550"	1.2096609355046	6.59176195722042	8.07135227614541	0.00640224668657794	0.0208814154426381	"gene-306550"
"gene-42126"	0.711605814696132	4.17465448413257	8.0632720209714	0.0064269567830419	0.0209555831834561	"gene-42126"
"gene-359170"	-0.348916529249338	5.94562116064048	8.06181618053421	0.00643141955858024	0.0209637077612809	"gene-359170"
"gene-3833"	0.49734118708632	4.76453517995711	8.06057330538737	0.0064352320926956	0.0209697084981343	"gene-3833"
"gene-144339"	0.62008422542851	5.04396583722074	8.05710461773411	0.00644588495923717	0.0209952288056968	"gene-144339"
"gene-272965"	-0.518275106320191	8.86980019506253	8.05638939942018	0.00644808381743094	0.0209952288056968	"gene-272965"
"gene-257393"	-0.360386060767608	7.26028410603112	8.05609610185975	0.00644898575669532	0.0209952288056968	"gene-257393"
"gene-46495"	1.69134607762136	-0.966909354207169	8.04373480074761	0.00648712018954281	0.021112916259479	"gene-46495"
"gene-89457"	0.546028748020654	4.02588084402325	8.03758049429564	0.00650619483346041	0.0211685188891664	"gene-89457"
"gene-10674"	0.655475060022709	4.58716563983032	8.03150592546643	0.00652508041531856	0.0212234725679903	"gene-10674"
"gene-291480"	-0.696092417858292	3.39745607438594	8.02011546316463	0.00656064907233493	0.0213326394171062	"gene-291480"
"gene-186930"	1.19252112932264	1.99376024069375	8.00897508326402	0.00659563487191368	0.0214398448953771	"gene-186930"
"gene-400657"	1.74320908574625	2.07216482678531	8.00619392163907	0.00660439965991456	0.0214617765911553	"gene-400657"
"gene-394106"	1.02143644950997	0.182057750023635	8.00061056225019	0.00662203267906161	0.021512504451588	"gene-394106"
"gene-196297"	1.15077693680934	1.79123554012891	7.99793644737658	0.0066304955014202	0.0215334198940779	"gene-196297"
"gene-120542"	-0.405215077704607	5.73866718897121	7.99534152948116	0.00663871860569828	0.02155354428883	"gene-120542"
"gene-69369"	-0.904160992929301	7.49672285546632	7.99329581470311	0.00664520891630815	0.0215680323569891	"gene-69369"
"gene-14783"	0.973804752602974	2.4813372056382	7.99051361632837	0.00665404657636449	0.0215901279396622	"gene-14783"
"gene-38986"	1.64198856730339	-0.940323067694086	7.9898270676823	0.00665622930839643	0.0215906236426058	"gene-38986"
"gene-252221"	-0.684203774787548	9.16696090398612	7.98885598021479	0.00665931796077039	0.0215940566557177	"gene-252221"
"gene-237402"	0.863294107738124	3.10179173740361	7.98789338552278	0.00666238109452212	0.0215974048525868	"gene-237402"
"gene-201209"	1.01671658974007	2.65918927523882	7.98676493858346	0.00666597389171732	0.0216024674930851	"gene-201209"
"gene-257299"	2.99807560205736	2.15518892848055	7.98288649529121	0.00667833785125881	0.0216318191680928	"gene-257299"
"gene-58156"	-0.605684070580351	6.78090316190167	7.98264806174808	0.00667909873524039	0.0216318191680928	"gene-58156"
"gene-406716"	-0.400849820304788	7.78449287313367	7.97794184774475	0.00669413585387308	0.0216692484937266	"gene-406716"
"gene-237139"	0.407891093417336	6.02340408721471	7.97775605857318	0.00669473021346236	0.0216692484937266	"gene-237139"
"gene-137555"	1.91764709149093	-0.0330086812779627	7.97358203794715	0.00670809805535492	0.0217059114440995	"gene-137555"
"gene-178074"	0.559941434982778	3.35215402501644	7.95406707577163	0.00677097227276654	0.0219026949796669	"gene-178074"
"gene-221353"	-0.9272844999319	6.1041375097922	7.94776283491661	0.00679141632296705	0.0219621477686462	"gene-221353"
"gene-118887"	0.506493952476133	4.38767131109923	7.94567513207262	0.0067982009037588	0.0219760984703149	"gene-118887"
"gene-423346"	-1.68845531732137	5.48620775335313	7.94516410021921	0.00679986273653688	0.0219760984703149	"gene-423346"
"gene-66163"	0.716784936142663	4.08309295858558	7.94320288036593	0.00680624444292986	0.0219900412803773	"gene-66163"
"gene-275901"	-0.608089863074448	10.3010439471469	7.94148003120744	0.00681185572239668	0.0220014872345615	"gene-275901"
"gene-271501"	1.93464161119956	0.115624549299749	7.93947672757646	0.00681838657942015	0.0220095971122288	"gene-271501"
"gene-16609"	-0.584877574510278	6.01419586726095	7.93944032617738	0.00681850531071774	0.0220095971122288	"gene-16609"
"gene-420952"	3.45638135759698	2.16036693526948	7.92637749996477	0.00686125395044837	0.0221408668134007	"gene-420952"
"gene-181289"	1.46951809668969	3.98246245497655	7.92092831546679	0.00687917021630651	0.0221919485655554	"gene-181289"
"gene-210301"	1.71716706592214	-0.157717252298717	7.91740299778225	0.00689078735665657	0.0222226847560338	"gene-210301"
"gene-130248"	1.62704018932098	-0.671293743359675	7.90246952699318	0.00694022858985866	0.022375347463394	"gene-130248"
"gene-260092"	-1.99873145508587	0.463846531545039	7.90108239174714	0.00694484005062881	0.0223834299328752	"gene-260092"
"gene-34596"	0.416475674727488	5.69139196446003	7.89917292010054	0.00695119328690382	0.0223971195999724	"gene-34596"
"gene-401417"	0.623314310271303	5.59950012643474	7.89603278567918	0.00696165456402059	0.022424033295858	"gene-401417"
"gene-68113"	0.369181233524148	4.98865764961448	7.89466539282157	0.00696621519437178	0.0224319300052492	"gene-68113"
"gene-66703"	1.10878612996315	2.18588794782702	7.89240227322431	0.00697377025428835	0.0224494613875941	"gene-66703"
"gene-333111"	0.343200369697699	5.3216391505806	7.888183223821	0.00698787798710948	0.0224880696734936	"gene-333111"
"gene-38447"	0.867542491075988	1.26509012483708	7.88667769819169	0.00699291948587576	0.0224974868880141	"gene-38447"
"gene-309876"	-0.584011685424115	5.35130714877044	7.88581116259453	0.00699582296396529	0.022500022087915	"gene-309876"
"gene-307178"	-0.337810753246523	12.1063152238224	7.88462524361818	0.00699979865563906	0.0225060031745396	"gene-307178"
"gene-228998"	-0.387574082775873	5.99244177464994	7.88121720087248	0.00701123711634921	0.0225359679569327	"gene-228998"
"gene-267216"	0.995472472389545	3.34533906477359	7.8700282579271	0.00704892974660516	0.0226502769742878	"gene-267216"
"gene-23042"	-1.48180199647907	2.36254432703868	7.8680818922075	0.00705550837220544	0.0226645687244872	"gene-23042"
"gene-147569"	1.07488755999727	2.20976673593387	7.86643733919157	0.00706107194005933	0.0226755921360118	"gene-147569"
"gene-57498"	1.6149116233615	3.24762808509198	7.85953655153783	0.00708446806720255	0.022743858244119	"gene-57498"
"gene-365301"	0.988917308525632	2.24213749726811	7.85755821434914	0.00709119042797834	0.0227585701243143	"gene-365301"
"gene-363768"	0.37778307046446	7.36883301340351	7.85654642336393	0.00709463108305573	0.0227627439515477	"gene-363768"
"gene-65315"	0.977703662379867	1.50438309424652	7.85570865981229	0.00709748128221029	0.0227650213864863	"gene-65315"
"gene-48025"	-1.38577964054694	6.62514932966517	7.84942350169588	0.00711890296487841	0.0228268471312773	"gene-48025"
"gene-404408"	0.636683960295671	4.24885368878584	7.84496784069384	0.00713413054675721	0.0228687801372241	"gene-404408"
"gene-229942"	-0.595720034466364	6.1930819296405	7.84059303120364	0.00714911529567005	0.0229099096971216	"gene-229942"
"gene-336127"	-0.513386853807252	7.92321344900772	7.83699559268479	0.00716146227985974	0.0229425640989724	"gene-336127"
"gene-353485"	0.977829821578157	2.02379927154561	7.83365110754286	0.00717296129664473	0.0229724830927773	"gene-353485"
"gene-106125"	1.22993678461694	1.13862423085648	7.83143517242713	0.00718059087274117	0.0229899953409016	"gene-106125"
"gene-31307"	-0.268170585182709	4.66188953260675	7.82351409335828	0.0072079337231502	0.0230650970122822	"gene-31307"
"gene-65413"	1.57461141542032	-0.824449752310369	7.82338363792464	0.00720838496322172	0.0230650970122822	"gene-65413"
"gene-166325"	-0.491959699315145	7.63782996015819	7.81288930995565	0.00724478237196706	0.0231745880626291	"gene-166325"
"gene-129852"	0.585236679774343	7.10218608175653	7.8085447453612	0.00725990738450957	0.0232159876553349	"gene-129852"
"gene-47161"	-1.11535032547056	5.92583430659604	7.80633936666197	0.00726759787445245	0.0232335951285471	"gene-47161"
"gene-84703"	0.361425610296535	4.2302071780931	7.80442849817214	0.00727426832287896	0.0232479320559317	"gene-84703"
"gene-398672"	-0.424748235524097	6.41437023714287	7.80154337665662	0.00728435194770776	0.0232731653096485	"gene-398672"
"gene-236253"	0.96277299009084	6.56744372899983	7.79539642066194	0.00730588511313067	0.0233349531721495	"gene-236253"
"gene-18276"	-0.358140987891565	12.1730978095125	7.79332172258444	0.00731316808120065	0.0233512025552837	"gene-18276"
"gene-46370"	0.345071541632346	4.43813163959715	7.78704110850883	0.0073352621917121	0.0234092638852466	"gene-46370"
"gene-242571"	0.637546991725495	7.4060530329294	7.7868048957787	0.00733609452208273	0.0234092638852466	"gene-242571"
"gene-164451"	1.54824166541339	-0.983421756119717	7.7862770960705	0.00733795466278789	0.0234092638852466	"gene-164451"
"gene-145405"	0.347500781575196	5.18996330313317	7.78366862423733	0.00734715510103348	0.0234315867030261	"gene-145405"
"gene-86457"	-0.493820544766524	6.44718863166992	7.78008948820608	0.00735979904741757	0.0234648749005795	"gene-86457"
"gene-253632"	1.56724961922459	4.88349424363849	7.77719295573877	0.00737004840605124	0.0234905108920471	"gene-253632"
"gene-290247"	1.10385340082551	2.47017852017376	7.76839146016146	0.00740128508567359	0.0235830042454237	"gene-290247"
"gene-55869"	-1.19048754192095	7.53300501933118	7.76390283984269	0.00741726912539828	0.0236230451908825	"gene-55869"
"gene-111230"	2.06828770789691	3.21123088679671	7.76361549119454	0.0074182936195513	0.0236230451908825	"gene-111230"
"gene-142450"	-0.330337007451027	6.84825585063622	7.76067336399225	0.00742879189631132	0.0236493955729324	"gene-142450"
"gene-283443"	3.57287529366265	3.4278049075033	7.7454568893488	0.00748333940343165	0.023814619272913	"gene-283443"
"gene-119815"	-0.664902260018499	2.5884097982356	7.74494815696468	0.00748517038636219	0.023814619272913	"gene-119815"
"gene-424958"	2.5740672178809	4.30218281904663	7.74110988723748	0.00749900000543838	0.0238514844670582	"gene-424958"
"gene-7220"	-1.03735091705838	1.09428256905607	7.73894561182847	0.00750680998161042	0.0238655037205583	"gene-7220"
"gene-286253"	1.12612794713452	-0.102292586927788	7.73810151052575	0.00750985832435046	0.0238655037205583	"gene-286253"
"gene-248254"	1.15932206462494	1.2286418666092	7.73802374190737	0.00751013923963036	0.0238655037205583	"gene-248254"
"gene-126257"	-0.34326523955775	6.08586844535883	7.73483966314064	0.00752165028837188	0.023894943986596	"gene-126257"
"gene-118839"	1.04802702033262	2.83967149206479	7.73369700641695	0.0075257857544534	0.0239009427543644	"gene-118839"
"gene-162857"	-1.69102037256212	6.76337554221931	7.73096596740718	0.00753567958049897	0.0239252203039364	"gene-162857"
"gene-104995"	1.09277129655399	5.17938156540611	7.72765987282726	0.00754767507629385	0.0239561540171475	"gene-104995"
"gene-408087"	0.401815143818213	3.81153294222829	7.71814634716645	0.00758230570760744	0.0240544837948402	"gene-408087"
"gene-144197"	1.43407199321324	0.239302007768106	7.71790723324484	0.00758317827793337	0.0240544837948402	"gene-144197"
"gene-53312"	1.07352459425303	2.76827097365921	7.71438692535083	0.00759603681419533	0.0240880881203881	"gene-53312"
"gene-159529"	0.560356434200821	4.15788748503801	7.71366216330593	0.00759868699304834	0.0240893099427905	"gene-159529"
"gene-59210"	0.912469688439489	3.49466656744585	7.70965347032232	0.00761336291917795	0.0241286436258572	"gene-59210"
"gene-20170"	-0.502169585822481	10.601623924729	7.70854432872076	0.00761742880378906	0.0241326564195824	"gene-20170"
"gene-635"	0.686400608952814	1.43121677313868	7.70807035212509	0.00761916700422693	0.0241326564195824	"gene-635"
"gene-121220"	-0.383942802401029	6.87526976171714	7.69961947692637	0.00765022912681648	0.0242238276251325	"gene-121220"
"gene-352122"	1.83879259686469	0.57956055476941	7.6943605580171	0.00766962640502367	0.0242780197749499	"gene-352122"
"gene-365882"	0.72170723758215	7.61097887982805	7.69351062773376	0.00767276621016015	0.0242807323449162	"gene-365882"
"gene-422998"	2.70994027267921	0.527211882185865	7.69232005637474	0.00767716669344101	0.0242874315738961	"gene-422998"
"gene-423178"	3.09657055930279	2.38883695726289	7.68982646071054	0.00768639194577762	0.0243093858862	"gene-423178"
"gene-148597"	1.13552459352873	0.693535154821307	7.68895072492148	0.00768963457850246	0.0243124118243021	"gene-148597"
"gene-11179"	0.635894367770574	2.71257013941926	7.67968803405017	0.00772402069643359	0.0244138734404956	"gene-11179"
"gene-354530"	-0.322285298342481	5.76937585881307	7.67741334811339	0.00773248990431334	0.0244333816465469	"gene-354530"
"gene-88323"	-0.818904547020069	3.43543166713195	7.666508659319	0.00777322725822782	0.0245548099550077	"gene-88323"
"gene-279114"	0.610260090537444	2.79376005231753	7.66587307930494	0.00777560862214266	0.0245550395799018	"gene-279114"
"gene-211591"	0.341066495112229	5.59895694926802	7.66513887673116	0.00777836046088265	0.0245564386648702	"gene-211591"
"gene-252840"	0.466516781662798	5.77934499959612	7.66214392761477	0.00778959639400162	0.0245846134262912	"gene-252840"
"gene-211847"	2.32905762805618	4.00956298836126	7.66024693983163	0.00779672206003706	0.0245998029755426	"gene-211847"
"gene-163970"	-2.03640634229558	10.2839994957936	7.65235994051375	0.00782642200755138	0.0246861875659302	"gene-163970"
"gene-382646"	-0.660071573414624	6.75655262728412	7.64739956429303	0.00784516246545113	0.0247379626393532	"gene-382646"
"gene-195945"	0.794214133098778	5.51103608589983	7.64568856367723	0.00785163767921273	0.0247510427848567	"gene-195945"
"gene-177833"	0.299680964969495	5.40018826155808	7.64419362824338	0.00785729982799665	0.0247576404182348	"gene-177833"
"gene-347758"	-0.33503243628878	8.07580894263491	7.64390697065569	0.0078583860522716	0.0247576404182348	"gene-347758"
"gene-263426"	0.296172307906903	8.13789441923145	7.64086530234919	0.00786992155268227	0.0247866406971657	"gene-263426"
"gene-331905"	-0.545164652530188	8.13469933880064	7.62598036581642	0.0079266312874906	0.0249578597909266	"gene-331905"
"gene-52999"	-1.29301078664468	8.89759002482671	7.62337969292773	0.00793658378267279	0.0249772327609712	"gene-52999"
"gene-162251"	-1.39306873606979	3.24823187325495	7.62314544081712	0.00793748088868774	0.0249772327609712	"gene-162251"
"gene-269798"	0.556842456641316	5.82671979303571	7.61857737145359	0.00795499649064999	0.0250249460735147	"gene-269798"
"gene-362015"	-0.368543317380716	6.97690787941238	7.61162307964743	0.00798174022659123	0.0250946112849692	"gene-362015"
"gene-428861"	2.46535845329378	2.7241071739502	7.61159181863484	0.00798186065974528	0.0250946112849692	"gene-428861"
"gene-148460"	0.976391410171578	1.97552370815177	7.59741998737495	0.00803665606688215	0.0252594190092667	"gene-148460"
"gene-5731"	0.69494035701764	3.19083326478794	7.59400582604547	0.00804991629090484	0.0252862342940054	"gene-5731"
"gene-255389"	-1.00936574568147	10.68066298144	7.59399906226423	0.00804994258363127	0.0252862342940054	"gene-255389"
"gene-91566"	0.337176340688807	5.72561980450856	7.58775767146591	0.00807424337855846	0.0253550790003979	"gene-91566"
"gene-391752"	2.47196622444817	3.23744912606802	7.58651225924577	0.00807910165605855	0.025355477137566	"gene-391752"
"gene-145976"	-0.370635520266742	5.33191435672469	7.58650293946227	0.00807913802361896	0.025355477137566	"gene-145976"
"gene-151080"	1.23196798465703	0.817701787517635	7.58469391765166	0.00808620044840096	0.0253701557431247	"gene-151080"
"gene-239506"	0.486358152347988	5.16031808121034	7.57617555810436	0.00811954400015217	0.0254642754947532	"gene-239506"
"gene-137104"	1.40179042012541	1.65435863535062	7.57580763316795	0.00812098744623945	0.0254642754947532	"gene-137104"
"gene-406796"	0.497448729766333	4.98026703712977	7.56001171314873	0.00818321475824299	0.0256518338251319	"gene-406796"
"gene-341145"	0.293218120086851	6.0288880990746	7.55892536388247	0.00818751287362292	0.025657745116044	"gene-341145"
"gene-335373"	-0.346591231805365	7.27899156679043	7.55742542798664	0.0081934512591424	0.0256687916324709	"gene-335373"
"gene-70272"	-0.404986534081285	5.80941437572191	7.55598571408714	0.00819915550474569	0.0256772318145398	"gene-70272"
"gene-123515"	-1.63779618477831	2.62848143532378	7.55552703148133	0.00820097371887851	0.0256772318145398	"gene-123515"
"gene-282665"	3.69856265512824	3.76118664130777	7.55359054277408	0.00820865464611923	0.0256937171324674	"gene-282665"
"gene-114089"	0.896548929107183	7.77442270948538	7.55098222796045	0.00821901234515413	0.0257185687858368	"gene-114089"
"gene-361054"	-1.22290217081133	6.5834443112763	7.55016490368711	0.00822226080870115	0.0257211664592193	"gene-361054"
"gene-212561"	0.519290178522475	6.31141213929663	7.54900725482466	0.00822686421964486	0.025727999952997	"gene-212561"
"gene-182978"	-1.76203866516818	5.17556445463046	7.54691628259625	0.00823518591674995	0.0257464542653006	"gene-182978"
"gene-268732"	1.1348042344591	2.97174225515978	7.53899771472813	0.00826678119287322	0.0258362989211262	"gene-268732"
"gene-84224"	0.540502171738327	6.20721980197182	7.53849743039398	0.00826878164042062	0.0258362989211262	"gene-84224"
"gene-76849"	0.413934052256646	4.26559677353557	7.5324155877536	0.00829314161221329	0.0259048029919238	"gene-76849"
"gene-100826"	-1.03651186871731	3.70605972138773	7.53078655602231	0.00829967935161874	0.0259137451985224	"gene-100826"
"gene-334938"	-2.94690218940117	9.06361653969155	7.53048823119349	0.00830087719926342	0.0259137451985224	"gene-334938"
"gene-73861"	0.694463326904807	4.98830698110531	7.52936582177271	0.00830538558787188	0.0259202115940743	"gene-73861"
"gene-260493"	1.81302778659262	-0.795685269983186	7.52073583015587	0.00834013635733077	0.026021029714453	"gene-260493"
"gene-333646"	-0.51347554135099	7.16672335027655	7.51257817791606	0.00837312655819442	0.0261162973820985	"gene-333646"
"gene-180615"	0.677508296627476	5.10331336158984	7.51120646436387	0.00837868742101351	0.0261231868699069	"gene-180615"
"gene-399798"	2.66979112758109	3.9041104206409	7.51082178071268	0.00838024761189568	0.0261231868699069	"gene-399798"
"gene-261023"	3.073961404906	3.65773406318762	7.50818759502596	0.00839093954057547	0.0261488523157224	"gene-261023"
"gene-327062"	-0.52842806124089	5.13537897612204	7.50566546282083	0.00840119017654959	0.0261690857273648	"gene-327062"
"gene-301772"	0.392663120507764	4.93141370033427	7.5053795309644	0.00840235311761477	0.0261690857273648	"gene-301772"
"gene-87691"	0.335850640567553	5.62849358346791	7.50347530118602	0.00841010233899749	0.0261846454305712	"gene-87691"
"gene-253157"	2.0801820397491	2.14331807311439	7.50294228419433	0.0084122727939321	0.0261846454305712	"gene-253157"
"gene-402257"	0.620903509433142	4.20912985596937	7.49859508416226	0.00842999681043838	0.0262321375294976	"gene-402257"
"gene-203152"	1.78860845075755	-1.00811445942353	7.49390774049696	0.00844915189787571	0.0262840536957608	"gene-203152"
"gene-131458"	-3.24898196402821	5.43755055405977	7.49129202580078	0.0084598611705776	0.0263096735117729	"gene-131458"
"gene-87433"	0.633346088346306	3.52176383414757	7.48991771024704	0.00846549365376074	0.0263194944464774	"gene-87433"
"gene-252642"	-0.371152215892403	6.77167195931245	7.48796110381744	0.00847351943819546	0.0263367483181318	"gene-252642"
"gene-8257"	-0.651376141931879	7.82898797932522	7.48579667773618	0.00848240705387438	0.0263566700043844	"gene-8257"
"gene-166621"	0.74674812914948	3.15639568120912	7.48169014014326	0.00849929652739388	0.0264014362924536	"gene-166621"
"gene-143368"	3.0619965574045	7.19702918558826	7.48023016450123	0.00850530972204289	0.0264124012273425	"gene-143368"
"gene-291799"	1.63124934811924	-0.352664731631746	7.47839153198328	0.00851288889252766	0.0264282213254303	"gene-291799"
"gene-235421"	0.608593136203063	7.15670433409347	7.47523515767265	0.0085259166951991	0.0264609425066057	"gene-235421"
"gene-214287"	0.62758551984304	5.5811631693556	7.47209769187008	0.00853888735841142	0.0264934673115706	"gene-214287"
"gene-285702"	-1.2632939714212	6.00462110990614	7.46950011613135	0.00854964184700549	0.0265190990623361	"gene-285702"
"gene-71701"	0.572807465178248	7.43449124391717	7.45758360193655	0.00859916260841563	0.0266649252195652	"gene-71701"
"gene-381698"	1.02062123643764	3.25400253844806	7.45572701356889	0.00860690520637619	0.0266811552827214	"gene-381698"
"gene-231997"	1.68771087936278	-0.0408642324608642	7.45383191528427	0.00861481601086372	0.0266978971711965	"gene-231997"
"gene-205159"	-0.532262979372476	5.66876270829757	7.44925187983092	0.0086339664633717	0.0267494515888207	"gene-205159"
"gene-231070"	1.28712698256931	2.64467606732748	7.44382281219781	0.0086567253208639	0.0268121521586221	"gene-231070"
"gene-116283"	1.01584529671487	2.03036519466124	7.43690074499614	0.00868583498585132	0.0268944806141236	"gene-116283"
"gene-210631"	-0.275393294237317	6.12102402655023	7.43235058357189	0.00870502637813263	0.0269460595337074	"gene-210631"
"gene-302994"	-0.69739184013345	3.98346873167924	7.43052268117712	0.00871274862072858	0.0269621164765985	"gene-302994"
"gene-305653"	-0.574235762889511	5.45814781006237	7.42610932232345	0.00873142339818084	0.0270120474877986	"gene-305653"
"gene-117360"	-2.32054514864894	5.44618960866956	7.42245799096218	0.00874690573214402	0.0270520760008967	"gene-117360"
"gene-78065"	-1.29455033938033	5.65535777669269	7.41592128022827	0.00877469521673642	0.0271235775731591	"gene-78065"
"gene-322622"	-1.72051098540513	3.02041500824365	7.41569735083376	0.00877564886007566	0.0271235775731591	"gene-322622"
"gene-41925"	0.412938926532248	5.57427468491474	7.41522160928464	0.00877767525449547	0.0271235775731591	"gene-41925"
"gene-227071"	-1.15216029184741	5.15449092094524	7.41104151113981	0.00879550145066852	0.0271707677691869	"gene-227071"
"gene-383831"	1.25034141524104	3.46811203364426	7.40911992989327	0.00880370896027638	0.0271882254650115	"gene-383831"
"gene-174924"	0.619064364568844	4.9944212873854	7.40694003331106	0.00881302960632948	0.0272091096931554	"gene-174924"
"gene-216765"	0.285325454040695	5.6683477177841	7.40145754598387	0.00883651742155549	0.0272737084433152	"gene-216765"
"gene-193365"	0.540628389450656	5.41610840648762	7.40051565769962	0.00884055927857469	0.0272782676202264	"gene-193365"
"gene-101795"	0.869082784773067	5.41466012332619	7.39975741858985	0.00884381447659534	0.0272803975559942	"gene-101795"
"gene-385084"	2.22694619004215	8.17136345837011	7.39729957111868	0.00885437498962992	0.0273050543316045	"gene-385084"
"gene-121671"	-0.259518728845933	6.72114646445436	7.39314394065017	0.00887226065145666	0.027352279504027	"gene-121671"
"gene-50812"	-0.698602139219527	6.1783090069912	7.39054673273792	0.00888345833877167	0.0273788649351421	"gene-50812"
"gene-22185"	0.543103490814312	5.07186087776943	7.38786447043882	0.00889503843273074	0.0274066132011947	"gene-22185"
"gene-144428"	0.328018124013376	5.83261764583782	7.38672316401374	0.00889997062311319	0.0274138683890622	"gene-144428"
"gene-173954"	-0.452521188777379	2.72100121334941	7.38485786411714	0.00890803780490051	0.0274307730436948	"gene-173954"
"gene-399583"	2.08999366048788	0.519594237025389	7.38301028204368	0.0089160359885166	0.0274474555061831	"gene-399583"
"gene-350639"	-1.33728591360502	7.53098303671987	7.3806643219986	0.00892620260379776	0.0274708017633082	"gene-350639"
"gene-312110"	0.52944065459072	5.66398798618609	7.36665436070387	0.0089871731166582	0.027643175952654	"gene-312110"
"gene-53193"	-1.82741367862883	13.5374248763388	7.36608643478268	0.0089896539732444	0.027643175952654	"gene-53193"
"gene-264996"	0.400545776761883	3.86857100964464	7.36564030549396	0.00899160329696233	0.027643175952654	"gene-264996"
"gene-129503"	0.906310208302858	3.58089592006787	7.36541018803613	0.00899260895037447	0.027643175952654	"gene-129503"
"gene-424447"	0.834240321916333	0.351222645365051	7.35892057135925	0.00902101878009138	0.0277224951589286	"gene-424447"
"gene-332445"	1.12770344848741	1.65831356123289	7.35780499582558	0.00902591203648724	0.0277243782157938	"gene-332445"
"gene-286280"	0.967152622612295	0.539376470584426	7.35759240491837	0.00902684484404793	0.0277243782157938	"gene-286280"
"gene-43357"	0.745695535344188	5.18049977858548	7.35557739490043	0.00903569138483275	0.0277319668016724	"gene-43357"
"gene-198187"	0.616254307994456	2.21752840141108	7.35505532539531	0.00903798493398012	0.0277319668016724	"gene-198187"
"gene-196428"	2.77936610719725	0.878252666319313	7.35470237864979	0.00903953584425959	0.0277319668016724	"gene-196428"
"gene-108545"	-2.49691958474779	-0.561100977413127	7.3546547620254	0.00903974510167339	0.0277319668016724	"gene-108545"
"gene-172322"	0.678846162877734	4.86230434421458	7.35229606815721	0.00905011710698667	0.0277557801470329	"gene-172322"
"gene-117535"	1.47752946298567	1.68458055805169	7.34150594213968	0.00909772595101307	0.0278937484044321	"gene-117535"
"gene-340838"	-0.462133758284894	7.5646821890316	7.33466002323097	0.009128069324822	0.027963126093352	"gene-340838"
"gene-166442"	1.09907833453006	3.41472289236243	7.33404667102672	0.00913079312833463	0.027963126093352	"gene-166442"
"gene-20152"	-0.380794505593042	6.30392544931629	7.33393094923828	0.00913130712759974	0.027963126093352	"gene-20152"
"gene-401248"	-0.375710987761089	6.21701457408547	7.33377495467864	0.00913200005413793	0.027963126093352	"gene-401248"
"gene-118964"	0.555643538952449	5.0882834215991	7.33290255005913	0.0091358762944152	0.027963126093352	"gene-118964"
"gene-386052"	-0.827158352613439	3.43901847366471	7.33284579159085	0.00913612854215854	0.027963126093352	"gene-386052"
"gene-45549"	0.825191841361129	1.62245643810938	7.33207197049444	0.00913956831737534	0.0279656066235915	"gene-45549"
"gene-111508"	1.18493791015075	1.82539900986926	7.32080105306045	0.00918982529202725	0.0281112976146108	"gene-111508"
"gene-330516"	1.87631450351952	-1.16875521863276	7.31676423776106	0.00920789651696648	0.0281584782502747	"gene-330516"
"gene-266896"	1.2954220588465	-0.737905545799661	7.3138035101817	0.00922117443419917	0.028190977660863	"gene-266896"
"gene-29544"	0.778661368556589	3.10302958419556	7.30709761867476	0.00925132321774438	0.0282750211907843	"gene-29544"
"gene-9017"	0.906969846304016	2.07555237047157	7.30293979072879	0.0092700686460045	0.0283241741220637	"gene-9017"
"gene-200762"	0.85921933325506	1.66719651809236	7.30224014445675	0.00927322692829786	0.0283256868493326	"gene-200762"
"gene-156855"	-0.326167419500566	6.16027891212545	7.29816826586193	0.00929163046962869	0.028373752993101	"gene-156855"
"gene-102999"	0.566758308610131	5.20858112213941	7.28659487055968	0.00934414983097323	0.0285259407583901	"gene-102999"
"gene-402770"	1.75821829935315	-0.647882787570858	7.28202305679308	0.00936498296025423	0.0285730404050599	"gene-402770"
"gene-44497"	1.32177238006821	0.474574048199809	7.28174722934292	0.00936624144013925	0.0285730404050599	"gene-44497"
"gene-44581"	1.00231207152261	1.89236839173795	7.28144130517933	0.00936763744757841	0.0285730404050599	"gene-44581"
"gene-174679"	0.284323107927602	5.7781030572817	7.2777793294775	0.0093843650581032	0.0286158562952941	"gene-174679"
"gene-344117"	1.60296771135704	1.79216749115934	7.27166002458632	0.00941238816963975	0.0286920693534104	"gene-344117"
"gene-368931"	-0.728216270286113	5.05638759449604	7.27114432084747	0.00941475385891333	0.0286920693534104	"gene-368931"
"gene-221164"	0.679089674487864	5.19626758398491	7.26249842504545	0.00945450909582667	0.0288012862738433	"gene-221164"
"gene-205545"	1.22105189279812	2.31572316691669	7.26217339172342	0.00945600711435321	0.0288012862738433	"gene-205545"
"gene-46507"	1.26251677201043	0.106392982932314	7.26052263616772	0.00946361902210856	0.0288162187000134	"gene-46507"
"gene-71409"	1.17466727741344	3.75400978165734	7.25789850446498	0.00947573268640237	0.0288448462657629	"gene-71409"
"gene-237887"	0.580881636996103	5.64516142565385	7.25323184345422	0.00949731576921182	0.0289022748272781	"gene-237887"
"gene-132307"	0.608045285703446	3.73098546640506	7.24584154987683	0.00953160208232944	0.0289983180056224	"gene-132307"
"gene-75306"	-0.631198965814969	9.7261295369972	7.24321795849545	0.0095438053997432	0.0290271416161478	"gene-75306"
"gene-306185"	0.7387723812312	2.34571465317219	7.24115904125973	0.00955339379002484	0.0290440073499906	"gene-306185"
"gene-291471"	0.576649392664284	3.56008941516686	7.2408546685489	0.00955481212087411	0.0290440073499906	"gene-291471"
"gene-70385"	0.330931609527226	5.59403783597441	7.23457953072679	0.00958410305739705	0.02912472003385	"gene-70385"
"gene-270096"	0.840902013641203	2.50921662923604	7.22885429827216	0.00961091012033616	0.029197840628362	"gene-270096"
"gene-427248"	2.73541339254138	5.21647564555853	7.22723770257504	0.00961849381924715	0.0292125357685644	"gene-427248"
"gene-263609"	-0.312120219765369	5.34084789833585	7.22596120649275	0.00962448653612293	0.0292223918921506	"gene-263609"
"gene-384698"	1.59857485580397	-0.385039602216509	7.22097750156137	0.00964792122458133	0.0292851855435636	"gene-384698"
"gene-176956"	0.700472089311915	4.24526373552419	7.22017030297308	0.00965172256712668	0.0292866013751173	"gene-176956"
"gene-162224"	-1.09720999043828	3.16527969374975	7.21970920330969	0.00965389473685233	0.0292866013751173	"gene-162224"
"gene-282746"	3.61530784315338	3.91375495241525	7.21906607026951	0.00965692530255603	0.029287441550609	"gene-282746"
"gene-138128"	0.383855977783312	5.94987645284623	7.2145707142776	0.00967813643261542	0.029343403391476	"gene-138128"
"gene-353807"	-0.618825905445873	8.10389058936079	7.21321677865513	0.00968453457954395	0.0293442667873061	"gene-353807"
"gene-272694"	-0.365864216260435	4.64799644403573	7.21314698091355	0.0096848645365668	0.0293442667873061	"gene-272694"
"gene-189179"	0.928649453108527	3.67999720750242	7.21228056682021	0.00968896135402967	0.0293442667873061	"gene-189179"
"gene-366101"	-0.487865214043933	6.01474993204376	7.21217576554251	0.00968945702867797	0.0293442667873061	"gene-366101"
"gene-336000"	1.40727019212947	0.101677867403958	7.20958637658987	0.00970171249696958	0.0293730185362279	"gene-336000"
"gene-99534"	-0.354747335847262	5.80558795348449	7.20638478899002	0.0097168881776913	0.0294096233780827	"gene-99534"
"gene-336061"	1.46499243830411	0.482180865693903	7.20586949666004	0.00971933303628814	0.0294096233780827	"gene-336061"
"gene-121734"	-1.77358058618838	3.93246057057102	7.2048354185218	0.00972424129445562	0.0294161064868686	"gene-121734"
"gene-90918"	-2.50380957761703	7.85385214280259	7.2034270213619	0.00973093048313811	0.0294279717425809	"gene-90918"
"gene-276967"	-0.469735346393051	5.99335485958561	7.20089524224711	0.00974296743705536	0.0294559981979877	"gene-276967"
"gene-280397"	0.376962416637551	6.76075429067232	7.19448311033296	0.00977352353287313	0.0295399818970272	"gene-280397"
"gene-42836"	1.64877921492724	3.09999264676226	7.18992825313221	0.00979529070111304	0.0295973613343859	"gene-42836"
"gene-202703"	1.22846954381498	1.1338106488532	7.18654304228787	0.00981150151596029	0.0296379239204072	"gene-202703"
"gene-169108"	-0.410922237014365	5.2082191388108	7.1849994492813	0.00981890277573699	0.029651859716848	"gene-169108"
"gene-275696"	-0.498092097288776	6.68521607722131	7.18415347689194	0.00982296157449746	0.0296556966523857	"gene-275696"
"gene-404798"	-0.854256073278802	3.36457948346426	7.17650680133357	0.00985972945695268	0.0297582526969775	"gene-404798"
"gene-2787"	1.55205948714234	3.52922973357163	7.17499526701075	0.00986701468156184	0.0297717923838558	"gene-2787"
"gene-359886"	0.339983699936175	6.37018238646008	7.1706264039648	0.00988810360527818	0.0298213932916262	"gene-359886"
"gene-252296"	0.419061030694074	5.73592663378925	7.17042827450332	0.00988906112632246	0.0298213932916262	"gene-252296"
"gene-213468"	-0.42341063596865	9.03497133262195	7.16955362060414	0.00989328933202376	0.029825687453346	"gene-213468"
"gene-95719"	1.27487469648394	-0.510286445787918	7.16723666517264	0.00990449909364441	0.0298510207877591	"gene-95719"
"gene-365032"	0.795871012261993	3.81406062757297	7.16176679082316	0.0099310165373048	0.0299179193954329	"gene-365032"
"gene-404655"	0.825817273532689	3.61426478765825	7.1614979727482	0.00993232167969852	0.0299179193954329	"gene-404655"
"gene-72276"	0.513018220897164	3.49502184983459	7.16091514538505	0.00993515199703764	0.0299179718687691	"gene-72276"
"gene-140903"	-0.271917506415908	6.07385630471409	7.16019997922316	0.00993862614346451	0.0299199625422838	"gene-140903"
"gene-27977"	1.17801681435311	2.51564391262755	7.15669368730891	0.00995567769983219	0.0299628149449392	"gene-27977"
"gene-326463"	-1.01293446960412	5.97474936928201	7.15587884927069	0.0099596447999908	0.0299662749908634	"gene-326463"
"gene-299572"	2.5567991162699	4.09295741077657	7.1528133391575	0.00997458447336851	0.0300027376862974	"gene-299572"
"gene-278541"	0.621400529402871	4.13160371618717	7.15041116914168	0.00998630796791396	0.0300252896454327	"gene-278541"
"gene-306977"	-1.12713495327246	0.885685922102809	7.15012040895074	0.00998772797720392	0.0300252896454327	"gene-306977"
"gene-419566"	-0.285580316296229	5.8112481302751	7.1495343761041	0.0099905906837615	0.0300254090173742	"gene-419566"
"gene-216192"	-0.331463987208801	7.90245380195726	7.14676765870018	0.0100041175403936	0.0300575689716459	"gene-216192"
"gene-427273"	1.27886396968967	-0.00269284937352541	7.14342126033256	0.0100205044667605	0.0300983014709022	"gene-427273"
"gene-201080"	1.24352938087569	1.55809960419659	7.14050199692115	0.0100348229866546	0.0301327999113659	"gene-201080"
"gene-41047"	0.673849286614318	3.82239247815233	7.12843202940787	0.0100942547341894	0.0303027076920233	"gene-41047"
"gene-215351"	1.73883528387615	0.583796299796079	7.12075891397227	0.0101322304667914	0.0304081273264089	"gene-215351"
"gene-31892"	1.20053702372245	0.297151928603701	7.11892399886758	0.0101413342246717	0.0304268634170968	"gene-31892"
"gene-183237"	1.08335370362295	2.92547084917195	7.11803056777286	0.0101457700354338	0.030431587731775	"gene-183237"
"gene-256020"	0.473196116641015	4.32877674324613	7.10488468916848	0.0102112764206459	0.0306194350183223	"gene-256020"
"gene-218768"	0.94864546945272	2.04469665839143	7.10117752101532	0.0102298302709209	0.0306664246791191	"gene-218768"
"gene-163028"	0.692512116133203	4.95082359454943	7.09791463016643	0.0102461901337156	0.030706812697154	"gene-163028"
"gene-148811"	-1.5303680503681	13.2621739582897	7.0935532850593	0.0102681008607969	0.0307638086635029	"gene-148811"
"gene-204269"	-1.25586526181706	9.39127229714638	7.09196125943573	0.0102761113173855	0.0307712199618488	"gene-204269"
"gene-19730"	0.688601635762476	4.00982171580602	7.09191170059216	0.0102763607845512	0.0307712199618488	"gene-19730"
"gene-91750"	0.713758815101728	9.36565436966717	7.08898758337032	0.0102910914454158	0.0308066559564995	"gene-91750"
"gene-141837"	0.918612310048893	1.48650801519312	7.0841094074935	0.0103157157800348	0.0308716806517867	"gene-141837"
"gene-262838"	1.1924307868372	2.93241388749574	7.08089447621396	0.0103319784218572	0.0309116518972919	"gene-262838"
"gene-190286"	0.67704361208609	3.80043919274025	7.08011623918767	0.0103359191954146	0.0309147459399408	"gene-190286"
"gene-94260"	0.490479129132746	6.12444115807556	7.07604938853803	0.0103565385103876	0.0309668529956932	"gene-94260"
"gene-233871"	-1.63839696600156	7.45341512048917	7.07553226499956	0.010359163497431	0.0309668529956932	"gene-233871"
"gene-370643"	2.59282970166363	1.33446905848303	7.07465566799472	0.0103636148297685	0.0309714547146438	"gene-370643"
"gene-317969"	0.343213548674283	7.11063156818485	7.07281269591284	0.0103729799966076	0.0309907346190783	"gene-317969"
"gene-367965"	0.446899403264794	4.52139297571537	7.06236213843876	0.0104262549897207	0.0311411536283823	"gene-367965"
"gene-30358"	1.59755694872717	1.31474075722073	7.05781976500974	0.0104495015026192	0.0312018242509426	"gene-30358"
"gene-334263"	2.74776204285245	3.74020983939805	7.05558753232821	0.0104609455279756	0.0312272289182007	"gene-334263"
"gene-423187"	2.79041438790172	2.45887169799166	7.05198648989027	0.0104794350604673	0.0312736451467817	"gene-423187"
"gene-66253"	-1.13797275900307	10.1667346939397	7.05023003885882	0.0104884661126099	0.0312918164302157	"gene-66253"
"gene-192067"	-1.91309369522887	3.91191481047379	7.04890890051892	0.010495264375644	0.0313033179751402	"gene-192067"
"gene-206861"	-0.402545336381976	4.9583647226225	7.0474384279129	0.0105028365693791	0.0313171207602792	"gene-206861"
"gene-314386"	0.621983030859586	4.26052346561044	7.04269233950083	0.0105273160652075	0.0313813154903439	"gene-314386"
"gene-415263"	-0.408307392060382	8.56852909421334	7.04193162698073	0.0105312453073637	0.0313842323029198	"gene-415263"
"gene-65056"	1.13783373971535	0.951915592494793	7.03975959316917	0.0105424728821193	0.0314088911972607	"gene-65056"
"gene-246567"	-0.579216381773643	6.68337472647962	7.03696973118095	0.0105569127217348	0.0314431038108013	"gene-246567"
"gene-68300"	0.969595339969566	4.0855720007198	7.03488735916502	0.0105677043787212	0.0314587661002625	"gene-68300"
"gene-27873"	0.431754445005176	3.94323915325077	7.03481360672426	0.0105680868067166	0.0314587661002625	"gene-27873"
"gene-266932"	-1.23677087715811	5.40632983795896	7.03033540317951	0.010591335111434	0.031519149481033	"gene-266932"
"gene-174378"	0.997788035993859	1.85974369111471	7.01560432232801	0.0106681937952064	0.0317389955820463	"gene-174378"
"gene-7044"	-1.08789935714419	4.01962203862365	7.00928021955546	0.0107013706713725	0.0318287900695166	"gene-7044"
"gene-406501"	1.31801700841091	3.06471770765195	7.00871125822036	0.0107043608573393	0.0318287900695166	"gene-406501"
"gene-295655"	-2.16703993458377	-0.289242133232865	7.00677756402347	0.010714530042116	0.0318501234007674	"gene-295655"
"gene-148847"	-1.96934191211066	12.3519175585547	7.00534529096542	0.0107220688841284	0.0318636280110617	"gene-148847"
"gene-253245"	0.283071022402967	7.24220631760945	6.99629021627737	0.0107698610692469	0.0319934164056057	"gene-253245"
"gene-409916"	-1.71582716445037	7.4977554997879	6.9959315809458	0.0107717585698076	0.0319934164056057	"gene-409916"
"gene-311426"	0.775362304019626	5.04994801890693	6.99492975067554	0.0107770610229335	0.0320002292127082	"gene-311426"
"gene-356003"	0.963455657791167	1.42744742284367	6.98626099819564	0.0108230584294327	0.0321278396470685	"gene-356003"
"gene-378381"	-0.420085503226391	7.21047943398777	6.98378908112408	0.010836212810672	0.0321560135780868	"gene-378381"
"gene-289629"	0.805569869400531	0.799512286900446	6.98334155379205	0.0108385961524484	0.0321560135780868	"gene-289629"
"gene-348725"	-0.628024940069475	5.39403057842322	6.98269768116829	0.0108420261214278	0.0321572196953448	"gene-348725"
"gene-273615"	0.384905974845775	6.99801816774674	6.97552036725661	0.0108803383413922	0.0322618563142033	"gene-273615"
"gene-409737"	1.36405505613076	1.27713409187095	6.96970611798509	0.0109114798062677	0.0323364667472847	"gene-409737"
"gene-48331"	0.750867904423043	1.97986135767875	6.96968718955855	0.0109115813422344	0.0323364667472847	"gene-48331"
"gene-201974"	0.447112370953353	4.12564927302018	6.95814008058956	0.0109737095121327	0.0325115248944409	"gene-201974"
"gene-247905"	0.581434177344631	4.5419286440593	6.94837804774486	0.0110265258282056	0.0326589052377595	"gene-247905"
"gene-355464"	2.04264960649096	-0.772351717553564	6.94035236201954	0.0110701497327851	0.0327789845651176	"gene-355464"
"gene-386118"	0.404438394553342	6.78886195922038	6.93196970182635	0.0111159094464524	0.0329053194746641	"gene-386118"
"gene-237351"	1.28008597141498	-0.103032227082154	6.93129829421091	0.011119583228259	0.0329070359531893	"gene-237351"
"gene-42887"	1.10423162586462	0.280072675730017	6.92638209021162	0.0111465227819639	0.0329775845087533	"gene-42887"
"gene-395158"	-2.83916118153161	1.63903411369861	6.92540209085312	0.0111519011992172	0.0329843217894534	"gene-395158"
"gene-129732"	-0.869440134771735	9.80095701643337	6.92380859323065	0.0111606524846576	0.0329851743625739	"gene-129732"
"gene-128079"	-0.374057193066938	6.17996888458624	6.9236900006791	0.0111613040709094	0.0329851743625739	"gene-128079"
"gene-404898"	0.656179133461525	6.43059844755361	6.92365556479856	0.0111614932804535	0.0329851743625739	"gene-404898"
"gene-250098"	0.846509587929629	2.49889367355914	6.91603685451576	0.0112034383815632	0.033099936285085	"gene-250098"
"gene-354816"	-0.958836762245456	7.80957209626949	6.91493117801568	0.0112095396030066	0.0331030709111641	"gene-354816"
"gene-225870"	-0.293618130136179	6.37339272360436	6.91471659669746	0.0112107240900727	0.0331030709111641	"gene-225870"
"gene-371082"	2.45046189431572	-0.861226215273834	6.91132154206317	0.0112294824375342	0.0331492576202091	"gene-371082"
"gene-116238"	-1.09259588454575	2.46146179655116	6.91000600230004	0.0112367600002771	0.0331615370041474	"gene-116238"
"gene-230539"	1.87661034614346	1.87623452383991	6.90830827614734	0.0112461592107964	0.0331800691722691	"gene-230539"
"gene-378831"	1.93433557686219	-0.235161754382851	6.90690536484248	0.0112539325143775	0.0331937954029171	"gene-378831"
"gene-64980"	-0.872078779521662	5.62662339606731	6.9033643790989	0.0112735778944256	0.0332425213432521	"gene-64980"
"gene-185016"	0.459933342354908	8.98274167647637	6.90126223444892	0.0112852577902749	0.0332677388739923	"gene-185016"
"gene-331761"	-0.486536956954673	7.66127398380124	6.89846206961565	0.0113008359502618	0.0333044309135452	"gene-331761"
"gene-31110"	-0.211498403732386	6.86406500161092	6.89543264415949	0.0113177152441091	0.0333449361042504	"gene-31110"
"gene-327441"	0.508250415252165	5.83771920729737	6.89281615824925	0.0113323152505842	0.0333727704973822	"gene-327441"
"gene-75744"	2.27565568332654	5.79715991010001	6.8926150890602	0.0113334380440527	0.0333727704973822	"gene-75744"
"gene-393742"	-1.47576835774346	-0.0160227710702499	6.8878053487223	0.011360331386037	0.0334427026354523	"gene-393742"
"gene-238921"	-0.432746411924182	5.64641942212835	6.88633454986758	0.0113685687670951	0.0334480243684944	"gene-238921"
"gene-131146"	1.19186625648931	0.262788797223695	6.88586097724687	0.0113712224140992	0.0334480243684944	"gene-131146"
"gene-236017"	-0.426671650088225	2.73885766328918	6.88579832465481	0.0113715735348323	0.0334480243684944	"gene-236017"
"gene-393632"	-0.893019638067767	3.53101738781135	6.88463661003945	0.0113780861568355	0.0334579276649439	"gene-393632"
"gene-251878"	0.297427067530199	5.61158549273575	6.86996427053269	0.0114606813057638	0.0336914887695147	"gene-251878"
"gene-376633"	1.00795326507597	1.25163249030072	6.86443758331139	0.0114919574336583	0.0337740976138131	"gene-376633"
"gene-353432"	0.353565163291332	4.01959473344887	6.86057928485591	0.0115138456265605	0.033829077923784	"gene-353432"
"gene-170946"	0.746362736189533	1.51832929884687	6.85994524110993	0.0115174467963623	0.0338303132079837	"gene-170946"
"gene-409533"	0.266492602065677	5.68562754439235	6.85902503257401	0.0115226754180579	0.0338363268212215	"gene-409533"
"gene-179086"	2.17875794038428	6.4666356440148	6.8486303078766	0.0115819133920873	0.0340008917577258	"gene-179086"
"gene-67669"	1.48178028401086	3.15944991980336	6.84616588168132	0.0115960051096688	0.0340328670933879	"gene-67669"
"gene-89066"	1.33810030066464	3.26411768760541	6.83990200130923	0.0116319042383373	0.0341288092355739	"gene-89066"
"gene-424863"	-2.4359283195093	7.14251842816344	6.83833079664257	0.0116409275046714	0.0341458645724448	"gene-424863"
"gene-168616"	-0.251200753634711	6.13073274177503	6.83642323451668	0.0116518924191226	0.0341686042927456	"gene-168616"
"gene-401082"	-0.633418205585807	7.45464521622977	6.83313257225766	0.0116708333354625	0.0342147142657053	"gene-401082"
"gene-421519"	0.357730026370259	8.94518394330703	6.8323929101854	0.0116750952946752	0.0342177772262787	"gene-421519"
"gene-211438"	-0.20108744576354	5.93848963983499	6.82971611939942	0.0116905328646297	0.034253583346612	"gene-211438"
"gene-131947"	0.327100368095034	3.80542315182843	6.82733713920659	0.011704271080542	0.0342843919616207	"gene-131947"
"gene-184876"	-2.47369063902905	4.79955745060473	6.82485243248366	0.011718638139051	0.034317025123058	"gene-184876"
"gene-93329"	1.2679431866201	1.28856635438201	6.82271023270016	0.0117310397759263	0.0343438863354672	"gene-93329"
"gene-332802"	1.5819752843261	0.396869181392702	6.82191999913737	0.0117356181163757	0.0343478355216765	"gene-332802"
"gene-51379"	-1.14887234458681	8.75938479853093	6.81683478998543	0.0117651254529044	0.034424724708966	"gene-51379"
"gene-106251"	1.36926943898423	5.01442867990805	6.81583415840979	0.0117709409616606	0.0344322684456055	"gene-106251"
"gene-215283"	0.321896686260604	7.10541722728095	6.81440228090788	0.0117792681075894	0.034447153036107	"gene-215283"
"gene-79639"	-0.435584598685968	8.51397409069093	6.80633129495018	0.0118263223380695	0.034575251343515	"gene-79639"
"gene-291050"	-1.14620082066206	6.63040985846718	6.80513462049178	0.0118333159674543	0.0345861908848157	"gene-291050"
"gene-50890"	0.346671333424842	5.20319929322236	6.80211655538642	0.0118509737033278	0.0346282847001632	"gene-50890"
"gene-327146"	1.46450516842721	4.86157021746063	6.79727666479303	0.011879348752805	0.0347016625473316	"gene-327146"
"gene-15504"	0.31140996119267	5.53727019635085	6.79128358651899	0.0119145845895986	0.0347950361600689	"gene-15504"
"gene-141117"	1.09915127753358	2.28600385790045	6.78645822017534	0.0119430355502568	0.0348685495779662	"gene-141117"
"gene-118220"	0.973578453606267	5.55507751868535	6.78260789687027	0.0119657892492583	0.0349253936484937	"gene-118220"
"gene-317103"	0.871906790981635	1.6104616121408	6.78036014218468	0.0119790937434217	0.0349546340343026	"gene-317103"
"gene-91607"	0.515623099105662	4.14948102974631	6.77726336076129	0.0119974493587341	0.0349985933569654	"gene-91607"
"gene-395345"	-3.03004377694222	6.87010486716515	6.7759167203246	0.01200544063779	0.0350123023371358	"gene-395345"
"gene-80743"	0.991538075190921	0.299494592085437	6.77439928407578	0.012014452228568	0.0350217074843937	"gene-80743"
"gene-3368"	1.35723926542381	-1.17709742942452	6.77426482407669	0.0120152510916277	0.0350217074843937	"gene-3368"
"gene-252508"	-0.454080360575676	7.68935326218408	6.76299026078061	0.0120824372630485	0.035207891158845	"gene-252508"
"gene-187949"	1.35515019184161	-0.296717112651815	6.75970452269466	0.0121020922275322	0.0352555061440791	"gene-187949"
"gene-89625"	-0.314019043373218	7.11857489651924	6.75796053257978	0.0121125383894625	0.0352762755504719	"gene-89625"
"gene-47020"	0.768629681979184	3.2183820555858	6.75358213183341	0.0121388063545896	0.03533420473939	"gene-47020"
"gene-380466"	0.316403765929034	6.11627635537631	6.75353768062316	0.0121390733469097	0.03533420473939	"gene-380466"
"gene-90782"	2.02736147011445	-0.100892143656319	6.74907139312235	0.0121659315147835	0.0353975671954786	"gene-90782"
"gene-77612"	0.81504578301539	2.10965668046563	6.74881127067544	0.0121674977121728	0.0353975671954786	"gene-77612"
"gene-17022"	1.08275415217541	0.116777402029078	6.74746491568752	0.0121756075373517	0.035411474368956	"gene-17022"
"gene-26634"	0.292204208593977	4.2241122113132	6.74439355736011	0.0121941294719707	0.0354556481858614	"gene-26634"
"gene-248206"	-0.556014452695393	4.81023128553668	6.74287918738519	0.0122032729395311	0.0354695156305465	"gene-248206"
"gene-402629"	0.295886800857841	5.29264590259366	6.7424991685592	0.0122055685603423	0.0354695156305465	"gene-402629"
"gene-409934"	-2.17968025037071	5.40869039321255	6.74034978748777	0.012218561189841	0.0354975735632748	"gene-409934"
"gene-272816"	-0.26460961152962	6.36435420589747	6.73540569758652	0.0122485030952459	0.035574844052713	"gene-272816"
"gene-132105"	-1.08362447217846	6.28122032332297	6.73430696588802	0.0122551676961183	0.0355844836516283	"gene-132105"
"gene-132150"	2.37419025826672	2.78654090244528	6.73176362918514	0.0122706096413207	0.0356195972011701	"gene-132150"
"gene-405147"	0.876110745261729	3.32278491686159	6.72809071726184	0.0122929462971995	0.0356676018534443	"gene-405147"
"gene-77561"	-0.450010536108423	8.98614965674819	6.72794165209218	0.0122938537415125	0.0356676018534443	"gene-77561"
"gene-79945"	-1.32616335020318	2.34760888725401	6.72719227879269	0.0122984166795735	0.0356711098456351	"gene-79945"
"gene-51373"	-0.318002489747344	6.65040181093306	6.72511557159026	0.0123110711576652	0.0356941415986326	"gene-51373"
"gene-159329"	1.2510665908915	3.06231948770658	6.72478785969118	0.012313069342364	0.0356941415986326	"gene-159329"
"gene-184226"	1.05441986631204	2.7768446428883	6.72195324221486	0.0123303674632665	0.0357345472314176	"gene-184226"
"gene-100265"	0.363320172342529	5.62749408080109	6.71437894167675	0.0123767159625192	0.0358562792553159	"gene-100265"
"gene-143733"	0.621212544953318	5.07907515327771	6.71398785840126	0.0123791140866416	0.0358562792553159	"gene-143733"
"gene-262868"	-0.481551047656582	6.21223514531433	6.713311361099	0.0123832635353673	0.0358585327966693	"gene-262868"
"gene-74509"	-0.304145105717159	7.60419491050813	6.71054775994018	0.0124002300491443	0.0358978897122207	"gene-74509"
"gene-352660"	0.953284650716236	1.55370811595636	6.70133878176806	0.012456944877236	0.0360436789560462	"gene-352660"
"gene-392926"	-0.313937330080953	6.06100058901967	6.70127027887853	0.0124573677926312	0.0360436789560462	"gene-392926"
"gene-62578"	-0.488824268014066	5.40841397026366	6.69599945547107	0.0124899539593635	0.0361267455122993	"gene-62578"
"gene-278721"	-0.441534825251677	5.03066239748338	6.69552842582321	0.0124928704394732	0.0361267455122993	"gene-278721"
"gene-12398"	-0.311053531372626	6.21260704360837	6.69334552455002	0.0125063957790437	0.0361509129091883	"gene-12398"
"gene-316126"	0.854882535337286	2.69613415557548	6.69308266310228	0.0125080255270603	0.0361509129091883	"gene-316126"
"gene-131440"	-2.10626794475211	0.351687276694379	6.684091299577	0.0125639082115451	0.036302561189349	"gene-131440"
"gene-345273"	-0.471011825161879	7.14598461699488	6.68085908015198	0.0125840616669107	0.0363509179492835	"gene-345273"
"gene-57134"	0.735246112181565	1.73170927367325	6.67846566984873	0.0125990071176375	0.0363842084450699	"gene-57134"
"gene-356036"	0.519141526602564	3.72472225306245	6.67726390821595	0.0126065185240252	0.0363960181925982	"gene-356036"
"gene-314864"	-0.678149603627292	9.32577012363291	6.67162128791929	0.0126418503922395	0.036488119612445	"gene-314864"
"gene-16352"	0.349196517177902	6.34451455550229	6.66541369562665	0.0126808413903186	0.0365907295245331	"gene-16352"
"gene-170696"	-0.537118539496748	6.34782490255002	6.66346285821068	0.0126931213046488	0.0366162295080675	"gene-170696"
"gene-405328"	0.99489546067292	2.97667786466299	6.65512092918907	0.0127457737729487	0.036758148006801	"gene-405328"
"gene-142432"	0.826001445979112	1.0076978848628	6.65396030159956	0.0127531177647482	0.0367693576974414	"gene-142432"
"gene-140385"	-1.17846065314027	8.11676488473253	6.65302921140198	0.0127590125831888	0.0367763842370722	"gene-140385"
"gene-66742"	1.17419497043933	-0.435982896292263	6.65167336398133	0.0127676017540925	0.0367911710258814	"gene-66742"
"gene-287625"	0.310345382831883	5.48909349023495	6.64875145260287	0.0127861326800381	0.0368345902450934	"gene-287625"
"gene-233934"	-0.254050830234073	6.38649624525873	6.64480895612423	0.0128111814954119	0.036896757753913	"gene-233934"
"gene-164365"	0.351550556461715	5.33101607533875	6.64067545011479	0.0128374998680943	0.036962546994329	"gene-164365"
"gene-252034"	-1.1218162225991	1.16863139002632	6.63841743504854	0.0128519010803877	0.0369939972641418	"gene-252034"
"gene-219840"	-0.354345912397729	8.772993818879	6.63694184706578	0.0128613213827783	0.0370110969229519	"gene-219840"
"gene-35285"	0.734228610300421	6.06222925704422	6.63500017491164	0.0128737283883942	0.0370367798590642	"gene-35285"
"gene-117227"	0.399678395787233	5.65062040063751	6.63396366346771	0.0128803567506425	0.0370458286640977	"gene-117227"
"gene-201816"	-1.06547762638007	3.93298082816073	6.63020930353363	0.0129043957737949	0.0371049346985894	"gene-201816"
"gene-31430"	1.36486218153004	-0.301813005055803	6.6245282438473	0.0129408620276087	0.0371997320339583	"gene-31430"
"gene-382640"	0.309805558884029	5.26789612371013	6.62317002904848	0.0129495964971528	0.0372147820436956	"gene-382640"
"gene-289183"	-0.932127411140834	7.27129564394339	6.61801537728533	0.0129828022833343	0.0373001310333721	"gene-289183"
"gene-214155"	0.315427884371952	5.46680837036772	6.61640042310603	0.0129932242636477	0.0373107504495835	"gene-214155"
"gene-358158"	-0.786557495336112	3.49767655399941	6.61635547688123	0.0129935144476549	0.0373107504495835	"gene-358158"
"gene-10581"	-0.564010757140833	4.72656713744665	6.61400016208824	0.0130087305816198	0.0373443612594085	"gene-10581"
"gene-424441"	-1.90560006161	-0.672604047611943	6.61065318047202	0.0130303857854032	0.0373964336787773	"gene-424441"
"gene-14560"	0.714692001186167	1.18042030133791	6.60754325406271	0.0130505415452746	0.0374441758498897	"gene-14560"
"gene-349813"	1.08611540771737	1.57593841099371	6.60696936386446	0.0130542646059738	0.0374447568363368	"gene-349813"
"g9726"	0.776318765849217	0.890491279497194	6.6023148658786	0.0130845019526482	0.0375213703878043	"g9726"
"gene-40591"	1.39019174223949	0.833828346874967	6.59580413372077	0.0131269229622844	0.0376328713279938	"gene-40591"
"gene-189766"	1.05176859431384	1.61553801197862	6.59372736191691	0.0131404849885492	0.0376616001989245	"gene-189766"
"gene-125712"	1.06714290124813	0.72390954129239	6.58901280844716	0.0131713279037411	0.0377398285517753	"gene-125712"
"gene-367641"	0.361826628225488	6.35400712717621	6.58136649054583	0.0132215142317576	0.0378734245539924	"gene-367641"
"gene-41247"	1.19165368648555	2.96019277822954	6.58026969870933	0.0132287296275696	0.0378838902312412	"gene-41247"
"gene-130096"	3.23706369262739	6.46056228998616	6.57670396261462	0.0132522162332541	0.0379406223794958	"gene-130096"
"gene-160098"	-0.988638504462209	5.6464634542512	6.57617951309849	0.0132556743853146	0.0379406223794958	"gene-160098"
"gene-238299"	0.429977888114123	7.28794035448099	6.57529469930323	0.0132615109059485	0.0379471159525608	"gene-238299"
"gene-169469"	0.350222813649196	6.1295529719825	6.57474993248802	0.0132651057235402	0.037947193242489	"gene-169469"
"gene-32254"	-0.490336624573384	8.92279669463448	6.57386370590259	0.0132709559844272	0.0379537208524785	"gene-32254"
"gene-279370"	0.260293782592987	6.19260030767261	6.57133114305235	0.0132876893435673	0.0379913612521995	"gene-279370"
"gene-27992"	0.901411057193474	3.60207077404247	6.56387537171941	0.0133370819963907	0.0381184783030822	"gene-27992"
"gene-55134"	1.43167131180572	3.9602625302647	6.56353868527828	0.0133393170594276	0.0381184783030822	"gene-55134"
"gene-30619"	-2.25533271885603	2.96099914059925	6.56031715412884	0.0133607230392834	0.0381693930286913	"gene-30619"
"gene-19945"	-0.91737122069695	3.6442530731616	6.5571094950874	0.0133820731079073	0.0382201207238728	"gene-19945"
"gene-80565"	0.545717250290473	3.89570019861974	6.55644319729554	0.0133865125082091	0.0382225361173993	"gene-80565"
"gene-198745"	1.19532035707748	3.78458262358588	6.55119142470432	0.0134215587717308	0.0383123185979948	"gene-198745"
"gene-58950"	0.69000928209875	1.41123371393594	6.54981667519684	0.0134307488758367	0.0383221939852206	"gene-58950"
"gene-343242"	-1.06498603986008	3.77664476924085	6.54959603791935	0.0134322244431085	0.0383221939852206	"gene-343242"
"gene-53269"	0.681360437573261	2.72793317180071	6.54699822278807	0.0134496109443133	0.0383561808230322	"gene-53269"
"gene-92276"	-0.36276530199318	6.98212832368015	6.54673863497263	0.0134513496116877	0.0383561808230322	"gene-92276"
"gene-370550"	1.93697668302171	-0.182546568803056	6.54285375284309	0.0134773983272782	0.0384201577617076	"gene-370550"
"gene-42947"	1.28253693300031	5.27939758972505	6.54149222765879	0.0134865402368315	0.0384359169236174	"gene-42947"
"gene-192848"	1.62165553886489	2.28504966324019	6.53972954512251	0.0134983854905824	0.0384593699645954	"gene-192848"
"gene-361069"	1.23631365939502	6.7202132160392	6.53682819090869	0.0135179067150685	0.0385046748316734	"gene-361069"
"gene-12503"	0.346311020480597	5.60626250614258	6.53567483665272	0.0135256751763344	0.0385114118268197	"gene-12503"
"gene-407292"	-1.04456346116263	0.853624599746166	6.53540199669885	0.0135275135939261	0.0385114118268197	"gene-407292"
"gene-239905"	0.562642583406354	3.43246741657756	6.53062162654445	0.0135597672307571	0.0385877656726384	"gene-239905"
"gene-10506"	-1.05783249184153	7.91310137104362	6.53022790501017	0.0135624273493808	0.0385877656726384	"gene-10506"
"gene-411161"	-0.49929117715887	6.45497495671717	6.52981499067759	0.0135652177369307	0.0385877656726384	"gene-411161"
"g7689"	1.38493719318899	-0.745745044407215	6.52251493221514	0.0136146508503609	0.0387180284610799	"g7689"
"gene-132970"	0.888625521849754	4.0953898807589	6.5204570931785	0.0136286202846645	0.0387473951744697	"gene-132970"
"gene-428738"	2.74354782975714	6.4616082848027	6.51955255236643	0.0136347654878475	0.0387545071429039	"gene-428738"
"gene-300203"	0.31813233151109	8.1106825158493	6.51865964136863	0.0136408345693877	0.038761399006147	"gene-300203"
"gene-66807"	0.534905171040366	4.31054897687976	6.51660529384063	0.0136548087934987	0.0387907442114455	"gene-66807"
"gene-227308"	0.750191531392168	4.38986834975736	6.51387072500723	0.0136734336738505	0.0388332818571625	"gene-227308"
"gene-57617"	0.517042033096561	4.71411559566286	6.51249506495368	0.0136828133647646	0.0388495469694703	"gene-57617"
"gene-25533"	1.03455534232039	3.69159521235755	6.50678894514312	0.0137217925857194	0.0389498227760106	"gene-25533"
"gene-416353"	-2.72334138325877	4.94540385825754	6.50427779410778	0.0137389839532056	0.0389882159355108	"gene-416353"
"gene-29073"	1.44669558014455	-1.22629671984481	6.50164682502703	0.0137570201536178	0.0390289854238142	"gene-29073"
"gene-13038"	0.493055039425573	4.61447085061007	6.49836322220945	0.013779565692552	0.0390825228549288	"gene-13038"
"gene-332045"	0.593364191767914	4.30866051284481	6.49610086384441	0.0137951221136044	0.0391162140230063	"gene-332045"
"gene-253879"	-1.95844406640247	13.515278124073	6.49174142904421	0.0138251511074137	0.0391909134270929	"gene-253879"
"gene-269666"	0.244901722910027	5.62092256301487	6.4892909816986	0.013842060962059	0.039228393389944	"gene-269666"
"gene-196937"	1.84879991074425	0.789316040330387	6.4874049491915	0.0138550909178319	0.0392548606824882	"gene-196937"
"gene-277304"	0.413793004354942	3.38967752245714	6.48635245315377	0.0138623679211825	0.0392566976262173	"gene-277304"
"gene-183553"	1.09599759461923	0.760274367392902	6.48624354845865	0.0138631211248657	0.0392566976262173	"gene-183553"
"gene-344210"	1.42940542283449	4.48156213303655	6.4817652900013	0.0138941312360331	0.0393340377499195	"gene-344210"
"gene-268528"	0.516057647740824	3.19230921884662	6.47150182762001	0.0139654799897802	0.0395255043031671	"gene-268528"
"gene-336348"	-2.26638337190687	4.78783799715962	6.46913073653482	0.0139820184751387	0.039561784650592	"gene-336348"
"gene-213690"	1.96716121577613	1.11751833966502	6.4671251255268	0.0139960239707334	0.039590880572532	"gene-213690"
"gene-100036"	2.14846279917598	3.92962965587148	6.46549957728137	0.0140073863701365	0.0396124864219015	"gene-100036"
"gene-268880"	0.530026658530655	6.09204567630715	6.46478248834084	0.0140124018576963	0.0396152498555284	"gene-268880"
"gene-169337"	0.540556084548595	1.83908330437314	6.46429496142159	0.0140158128249674	0.0396152498555284	"gene-169337"
"gene-13124"	0.38209588378492	4.60291528237843	6.45164410146315	0.014104633515129	0.0398528725386422	"gene-13124"
"gene-226152"	0.873538403898593	-0.347342404061448	6.45125464791831	0.0141073773136506	0.0398528725386422	"gene-226152"
"gene-302433"	1.0472317737359	1.90577400915718	6.44999900365418	0.0141162275090644	0.0398672851265028	"gene-302433"
"gene-53336"	-0.353715679543239	3.90549441717629	6.44378197660412	0.0141601342163753	0.0399806709650563	"gene-53336"
"gene-282784"	3.6675977720056	5.41045557779026	6.43256210123635	0.0142397405682033	0.0401947666357246	"gene-282784"
"gene-71653"	-2.53200615331125	5.07793952650164	6.42773342107614	0.0142741469591405	0.0402712686150776	"gene-71653"
"gene-54218"	0.343841499112118	3.03289363310482	6.42727122210688	0.0142774449546971	0.0402712686150776	"gene-54218"
"gene-211086"	-0.462137406972334	6.07820417549871	6.42716517495387	0.0142782017626418	0.0402712686150776	"gene-211086"
"gene-296474"	0.820413555264288	3.28403415772309	6.42341083992805	0.0143050221645667	0.0403362183834389	"gene-296474"
"gene-81152"	0.832857012072639	3.10753798410314	6.41895007445528	0.0143369588512061	0.0404155564117221	"gene-81152"
"gene-29425"	0.355011910063778	4.88476212195851	6.41551192223419	0.0143616259086387	0.0404550360558115	"gene-29425"
"gene-63825"	1.45163393556116	-1.19323775360868	6.41536293848194	0.0143626958136406	0.0404550360558115	"gene-63825"
"gene-340861"	-1.71284323629964	8.56958513667407	6.41526221282327	0.0143634192082289	0.0404550360558115	"gene-340861"
"gene-360098"	1.32143660672143	0.301539285125306	6.41487810156785	0.0143661781856713	0.0404550360558115	"gene-360098"
"gene-410797"	2.49448640181965	-0.845379814847791	6.41193400386135	0.0143873436426464	0.0405039139711982	"gene-410797"
"gene-110937"	1.68729779859273	0.677915611187275	6.41112194928622	0.0143931874287325	0.0405096431574487	"gene-110937"
"gene-181949"	0.958573364686564	1.62491280475863	6.40910617045337	0.0144077044839517	0.04053977378077	"gene-181949"
"gene-296243"	0.3222805596537	5.51943742901824	6.40680485149543	0.0144242969527574	0.040575726630396	"gene-296243"
"gene-114667"	1.83108281563747	1.28490397274388	6.40493467773054	0.0144377958381028	0.0406029604796566	"gene-114667"
"gene-194833"	1.56469585602485	2.31364321544027	6.40213133241254	0.0144580555076265	0.0406491880462902	"gene-194833"
"gene-402317"	0.881749892449456	1.30093542727205	6.39959641931243	0.0144764012566798	0.0406900115660799	"gene-402317"
"gene-249882"	-0.478221684754866	6.93191350436213	6.39877241869768	0.0144823700686285	0.0406960338308936	"gene-249882"
"gene-32761"	0.859134731920379	3.53274253858324	6.39767850068998	0.0144902981245108	0.0407075570132849	"gene-32761"
"gene-377254"	0.854643899507894	2.40245501751917	6.39412884980927	0.0145160556486779	0.0407538302973616	"gene-377254"
"gene-158245"	-0.813026679608738	3.47384437104473	6.3938283753129	0.0145182382321946	0.0407538302973616	"gene-158245"
"gene-309714"	-0.669854324810605	2.79245878178402	6.39382473636873	0.0145182646668581	0.0407538302973616	"gene-309714"
"gene-351799"	-0.270007859505072	6.63404384496549	6.38971547160525	0.0145481486070859	0.0408269415791467	"gene-351799"
"gene-361779"	-1.76561609764024	0.350136121008363	6.38764098107617	0.0145632598340447	0.0408585680809547	"gene-361779"
"gene-236110"	0.404066155841597	5.94750458489923	6.38666036758515	0.0145704087337055	0.0408678447499187	"gene-236110"
"gene-66518"	-0.575039364638968	7.79332611590597	6.38531229257342	0.0145802426055764	0.0408846454924626	"gene-66518"
"gene-232613"	0.467276211359412	3.4985991753911	6.37781655685361	0.0146350510285601	0.0410275178544453	"gene-232613"
"gene-281758"	-1.8449087778021	7.01044120476473	6.36881733694403	0.0147011424580717	0.0411930053749933	"gene-281758"
"gene-115832"	0.608222669226222	2.91721829021573	6.36872414298835	0.0147018285448923	0.0411930053749933	"gene-115832"
"gene-220093"	0.346529626664917	5.95415093432321	6.36658000335253	0.0147176229468341	0.041226399173697	"gene-220093"
"gene-193526"	0.740715626129309	2.61291431409784	6.36433253269513	0.0147341978923216	0.0412619612382129	"gene-193526"
"gene-195536"	-1.29888037500486	0.323431599845742	6.360574484494	0.0147619576180049	0.0413288184325086	"gene-195536"
"gene-252532"	0.503860029402116	6.34996491036636	6.35844901494505	0.0147776825334233	0.0413619556382869	"gene-252532"
"gene-33930"	1.12006332339812	1.22598985751907	6.35443973792792	0.0148073929925682	0.0414219988385776	"gene-33930"
"gene-111931"	1.80390437541683	2.52772622080839	6.35431441541525	0.0148083227094858	0.0414219988385776	"gene-111931"
"gene-24447"	1.45015911408352	-0.569098783465107	6.35397808363958	0.0148108181255275	0.0414219988385776	"gene-24447"
"gene-353244"	0.874114356007843	2.49911349599244	6.34889592741885	0.0148485797152608	0.0415166913384631	"gene-353244"
"gene-359621"	0.325488972306274	8.52628362478201	6.34662884300953	0.01486545769375	0.0415529587465769	"gene-359621"
"gene-270222"	-1.21817335950203	9.47592360613409	6.34278710461518	0.0148941052577857	0.0416220976147684	"gene-270222"
"gene-126335"	0.299552102431639	7.62212713347177	6.34120628549953	0.0149059103605552	0.0416441456776634	"gene-126335"
"gene-192157"	0.345477076465495	6.221906600766	6.33969023012816	0.0149172411768543	0.0416648574466971	"gene-192157"
"gene-250824"	-0.36206330840951	7.89066847394917	6.33907578040945	0.0149218361094747	0.0416667495039046	"gene-250824"
"gene-61456"	1.47682834189826	-1.28538974416514	6.33598883005202	0.014944943508861	0.0417203199895657	"gene-61456"
"gene-371957"	-1.21171619403447	-1.17056603244684	6.33333139166142	0.0149648662827732	0.0417649744905736	"gene-371957"
"gene-116629"	0.954622805096599	1.77266501221198	6.32774950877694	0.0150068056313329	0.0418710348097735	"gene-116629"
"gene-422705"	2.2320561679126	2.54742309590766	6.32310544088855	0.0150417940229546	0.0419576504663375	"gene-422705"
"gene-218256"	0.848528586541431	3.92832000342942	6.31749545121749	0.0150841754459185	0.0420648374522258	"gene-218256"
"gene-77405"	-0.374456542480238	6.33346502936608	6.31617515593807	0.0150941682512778	0.0420816706475991	"gene-77405"
"gene-132393"	-0.56337975791093	9.71959671985493	6.31527555842238	0.01510098099188	0.0420839603486099	"gene-132393"
"gene-173004"	-0.359750310975665	5.10928749395791	6.31436683321413	0.0151078661790051	0.0420839603486099	"gene-173004"
"gene-227284"	0.904351822738629	0.83647213542471	6.31399068372493	0.0151107171483878	0.0420839603486099	"gene-227284"
"gene-332221"	-0.356012694978082	6.92023875586444	6.31397757345302	0.0151108165260757	0.0420839603486099	"gene-332221"
"gene-374667"	1.0139090760267	3.0847716928472	6.30792889317569	0.0151567406199433	0.0422008097470464	"gene-374667"
"gene-148413"	-0.660957313990963	1.85503600222166	6.30302071922623	0.0151941146537589	0.0422885078379274	"gene-148413"
"gene-67514"	-0.43181185347855	6.47866445046041	6.30274854790777	0.0151961900109589	0.0422885078379274	"gene-67514"
"gene-124377"	2.51174591066218	-0.617548228771932	6.30134704899719	0.0152068814787032	0.0423016322045959	"gene-124377"
"gene-66527"	0.403524123250199	4.73831399469619	6.30092514186693	0.0152101016045532	0.0423016322045959	"gene-66527"
"gene-30068"	0.233556266140416	6.89596400304517	6.3005667107104	0.0152128378321342	0.0423016322045959	"gene-30068"
"gene-307700"	0.677735453034834	3.43254358844804	6.29612758426194	0.015246769125095	0.0423814923102746	"gene-307700"
"gene-211336"	0.672257470571555	3.41543313833073	6.29576721868209	0.0152495271785841	0.0423814923102746	"gene-211336"
"gene-362278"	-1.28150111087068	2.18420578541016	6.29447345718427	0.0152594333412163	0.0423979448843199	"gene-362278"
"gene-364960"	0.816682986213405	3.19462639676108	6.29340211655745	0.0152676416391398	0.0424055241693323	"gene-364960"
"gene-280630"	-0.702833458455215	3.56809601959129	6.29307678544972	0.0152701351606377	0.0424055241693323	"gene-280630"
"gene-398681"	-0.231766454332967	6.95620591788405	6.28241209087937	0.0153521158212161	0.0426126268729728	"gene-398681"
"gene-315578"	0.838150570271495	1.61993123253493	6.28159864433366	0.0153583880678852	0.0426126268729728	"gene-315578"
"gene-353512"	0.585042951884254	2.09868880282146	6.28139397965525	0.0153599666062597	0.0426126268729728	"gene-353512"
"gene-345372"	-0.412557430421383	8.9175870668396	6.28129394794511	0.0153607381939618	0.0426126268729728	"gene-345372"
"gene-141554"	0.499285278921326	3.63537476334328	6.27610075736019	0.0154008522217534	0.0427069147316301	"gene-141554"
"gene-278008"	-0.412692810056162	6.89832294757427	6.27585450378957	0.0154027571371317	0.0427069147316301	"gene-278008"
"gene-77280"	-0.34544277668872	5.79284612741484	6.2713273370086	0.0154378221341542	0.0427929831167225	"gene-77280"
"gene-256911"	1.03028592040653	2.85823871366761	6.27006293865667	0.0154476306527398	0.0428090150136895	"gene-256911"
"gene-217018"	0.462700645754672	3.5604280089719	6.26800884953989	0.0154635793069278	0.042842049884992	"gene-217018"
"gene-5079"	1.43131223128497	2.317344600795	6.25939944608437	0.0155306165755765	0.0430165723692271	"gene-5079"
"gene-285861"	0.417615425519202	6.06095856998468	6.25724110531213	0.0155474709774701	0.0430463566353043	"gene-285861"
"gene-332948"	-0.488610660250106	3.63479936038184	6.25698601035551	0.0155494642904136	0.0430463566353043	"gene-332948"
"gene-333293"	-0.27530202243563	6.36824784310783	6.25545740284525	0.0155614145349727	0.0430682292464141	"gene-333293"
"gene-198149"	0.423666397477674	6.35471898305237	6.25265853391236	0.0155833206852282	0.0431176375671403	"gene-198149"
"gene-278345"	-0.584567520432633	6.1232034122938	6.25116093090663	0.0155950555821377	0.0431345564473162	"gene-278345"
"gene-364861"	1.81782232077527	-0.623564541198041	6.25071613109169	0.015598542749713	0.0431345564473162	"gene-364861"
"gene-198883"	0.767283824897614	2.00713406244483	6.25032600332162	0.0156016019793931	0.0431345564473162	"gene-198883"
"gene-49323"	-0.238739574652277	8.08548938730885	6.24798571202643	0.0156199670408963	0.0431741084841406	"gene-49323"
"gene-363365"	1.39688106230093	-0.475466961717913	6.24229250734726	0.0156647396960144	0.0432866124725406	"gene-363365"
"gene-143520"	-1.03996861450835	3.79013399007226	6.23963966007574	0.0156856489270452	0.043322924358812	"gene-143520"
"gene-104889"	1.55722905161687	2.84416978303144	6.239591744406	0.015686026862146	0.043322924358812	"gene-104889"
"gene-312229"	-0.229238114505958	10.0323185215152	6.23583903919077	0.0157156564727132	0.0433934896790699	"gene-312229"
"gene-370806"	3.00125544148517	3.75628543292127	6.23079250214298	0.0157555955371236	0.0434924770653639	"gene-370806"
"gene-176826"	-0.253711765565042	7.91823725265359	6.22940135850585	0.0157666242472084	0.0435116283065148	"gene-176826"
"gene-195652"	0.28795581127381	4.9048471761383	6.22673772975433	0.015787763904013	0.0435586658581278	"gene-195652"
"gene-75228"	-0.494426067503693	6.39371432399961	6.21148463552016	0.0159094013048182	0.04387673046198	"gene-75228"
"gene-422274"	1.6308164695069	1.50740988194209	6.21121767033935	0.0159115391096039	0.04387673046198	"gene-422274"
"gene-181746"	-0.668432151873753	3.56847285903438	6.21073290632623	0.0159154217866039	0.04387673046198	"gene-181746"
"gene-326534"	1.62817277428725	-0.498468516034818	6.20696588371282	0.0159456278363535	0.0439486130260315	"gene-326534"
"gene-135811"	-0.313454414865549	8.68378815476582	6.20597153018564	0.0159536112849375	0.0439592252918641	"gene-135811"
"gene-321107"	-0.500136241678218	5.73942313461053	6.20540273630479	0.0159581799207582	0.0439604251844559	"gene-321107"
"gene-86969"	-0.328132581331794	6.68309495805634	6.20219353268006	0.015983982828533	0.0440201039265348	"gene-86969"
"gene-140256"	0.80806354390273	2.25104259905191	6.19952660598534	0.0160054594708252	0.0440678402618941	"gene-140256"
"gene-282701"	3.53775890804768	5.9387727910679	6.19874886756388	0.0160117283485396	0.0440736911788477	"gene-282701"
"gene-281284"	1.29731721546066	-0.320777497393247	6.19740268445447	0.0160225852934838	0.0440921648593773	"gene-281284"
"gene-249037"	-0.387904249615788	7.50900198198801	6.19468843778397	0.0160444994899004	0.0441410492950287	"gene-249037"
"gene-299296"	-2.17540441476304	7.76810692735958	6.18429390832756	0.0161287180832786	0.044350571220963	"gene-299296"
"gene-52334"	2.10475017788813	-0.16879728367522	6.18425960981716	0.0161289967546714	0.044350571220963	"gene-52334"
"gene-114917"	-0.304731052209621	7.68085264938142	6.17605210025501	0.0161958294461456	0.0445228332874657	"gene-114917"
"gene-91813"	0.429206082804093	3.90426630088252	6.17380546000876	0.0162141749107826	0.0445617478943368	"gene-91813"
"gene-320647"	-0.405685988456684	2.44020145193585	6.17251580060793	0.0162247159213352	0.0445791987960013	"gene-320647"
"gene-415997"	2.41989812647619	1.93433290380737	6.17088160231624	0.0162380834983139	0.0446044049814223	"gene-415997"
"gene-7232"	-0.543869978941561	7.63747937991712	6.16864637963684	0.0162563863888322	0.0446404645614739	"gene-7232"
"gene-14094"	0.285493744399249	5.21502608382576	6.1682535762855	0.016259605087547	0.0446404645614739	"gene-14094"
"gene-51006"	0.401088779599961	4.8418728611554	6.16256902066837	0.0163062613758963	0.0447570054178149	"gene-51006"
"gene-298721"	-4.03435541791796	4.29275654164308	6.16020695069078	0.0163256900998395	0.0447987719045133	"gene-298721"
"gene-311303"	0.498362149634567	5.96432704175403	6.15689854813812	0.0163529441464856	0.0448619845091621	"gene-311303"
"gene-249121"	0.798655282607793	1.61794652539516	6.15611625337736	0.016359395635714	0.0448681103613858	"gene-249121"
"gene-172214"	-0.719773437839948	9.70654407372168	6.15523232229573	0.0163666885691501	0.0448765402478682	"gene-172214"
"gene-57531"	1.13329743574702	0.583660857724668	6.15210169121128	0.0163925459140468	0.0449272142368187	"gene-57531"
"gene-362740"	0.918411730770398	3.07849313568478	6.15197203343439	0.0163936177560261	0.0449272142368187	"gene-362740"
"gene-232299"	0.966471682256727	2.6472123852091	6.14861972165197	0.0164213562416934	0.0449916396153145	"gene-232299"
"gene-100835"	1.71318698687303	-0.736975247582561	6.14790448763544	0.0164272808666613	0.0449962810450192	"gene-100835"
"gene-175007"	0.295868130518344	6.95523768614475	6.14404916586311	0.0164592555717158	0.0450722559888695	"gene-175007"
"gene-10683"	-0.390116511913345	6.61878847243821	6.14060973036931	0.0164878370089687	0.0451389020405125	"gene-10683"
"gene-247144"	0.422189842055243	3.83879156938442	6.13646294898959	0.0165223667397077	0.0452217942983867	"gene-247144"
"gene-167587"	0.412041135725725	4.66105376644025	6.1345501606997	0.0165383202398011	0.0452538137562452	"gene-167587"
"gene-395815"	-3.08052103677188	5.29897785980293	6.13000136682824	0.0165763251342264	0.045346140464926	"gene-395815"
"gene-282008"	-0.40681971429379	6.29826027612589	6.1292996665769	0.0165821960739906	0.0453505367557121	"gene-282008"
"gene-1091"	3.55180734317673	3.39463848319625	6.12646528991678	0.0166059331030237	0.0454037800729461	"gene-1091"
"gene-363266"	-0.431288630757448	5.4165750556678	6.1259274506488	0.0166104414249901	0.0454044345916719	"gene-363266"
"gene-429707"	-2.84712028598469	0.0111072465201228	6.1243031348665	0.0166240648188175	0.0454299983075393	"gene-429707"
"gene-266527"	-2.07172421027114	0.964542741504223	6.12112710690758	0.0166507370688038	0.0454911994512708	"gene-266527"
"gene-295520"	0.945206963761187	3.55536545742615	6.1195509837613	0.0166639902554029	0.0455058437179601	"gene-295520"
"gene-50649"	-0.803799270185804	6.73849940903224	6.11947206870712	0.0166646541257479	0.0455058437179601	"gene-50649"
"gene-377305"	-0.382465692808851	6.30829374137724	6.11146620218689	0.0167321498502644	0.0456784255152496	"gene-377305"
"gene-153576"	0.705705968996022	4.03881976975151	6.10949761342905	0.0167487911642328	0.045712122869587	"gene-153576"
"gene-200863"	0.438982416888136	6.40143524003618	6.10740710957154	0.0167664823834693	0.0457486676835761	"gene-200863"
"gene-191609"	0.610999654457071	4.65294520680913	6.10546495204825	0.0167829360376031	0.0457818178240439	"gene-191609"
"gene-117718"	-0.648032036049695	6.21032318574667	6.10180146440191	0.0168140193757	0.0458548487384474	"gene-117718"
"gene-171548"	0.907708823240761	2.7817950670713	6.09636388914961	0.0168602683174237	0.0459691909315864	"gene-171548"
"gene-233371"	1.73788447505934	4.20687987815751	6.08947252082534	0.0169190772220383	0.0461177102341363	"gene-233371"
"gene-275711"	-0.405670896284878	5.21447517397558	6.08546513075941	0.0169533755705156	0.046199360125033	"gene-275711"
"gene-167870"	0.797228692971891	3.63496810012825	6.08444199320148	0.0169621442405995	0.0462114155079447	"gene-167870"
"gene-340926"	-0.586256779342618	9.57547208872154	6.08335075387484	0.0169715018939845	0.0462250689230266	"gene-340926"
"gene-231115"	0.751582943206212	3.11832505673877	6.08048381462665	0.0169961128422481	0.0462802499206735	"gene-231115"
"gene-393880"	0.292407398686702	5.47690246317033	6.07940634607165	0.0170053720903232	0.0462936108402041	"gene-393880"
"gene-418652"	-0.333462560775513	5.46515408050795	6.07451587444294	0.0170474660718151	0.0463963278249298	"gene-418652"
"gene-327746"	-1.03306659280003	4.89211886459706	6.07075827176897	0.0170798844810401	0.0464726659862732	"gene-327746"
"gene-172253"	1.5473885086675	-0.521977337392374	6.06824947022054	0.0171015655280355	0.0465197572777969	"gene-172253"
"gene-212608"	1.21213970477754	0.527737734574377	6.06772869512569	0.0171060697376623	0.0465201119227246	"gene-212608"
"gene-71321"	0.30458129571693	7.0368547095794	6.06516923589913	0.0171282250087207	0.0465684563376159	"gene-71321"
"gene-418646"	1.0944043640287	1.32992753002135	6.06060957063075	0.0171677703213189	0.0466585249026207	"gene-418646"
"gene-88763"	1.568799662895	1.67240472025702	6.06033824022866	0.0171701265954172	0.0466585249026207	"gene-88763"
"gene-325885"	1.03487568774416	0.837224391048853	6.05795660497641	0.0171908238697874	0.0467028359333485	"gene-325885"
"gene-326320"	1.003128155705	0.691917404916642	6.0573413952556	0.0171961745852958	0.046705442515119	"gene-326320"
"gene-32708"	-0.791345073367625	2.46962011950187	6.05469202892623	0.0172192374302444	0.0467561422793158	"gene-32708"
"gene-279930"	1.271803769261	1.1192686642968	6.052812799617	0.0172356161816588	0.0467886711863509	"gene-279930"
"gene-398735"	-0.301966547448402	7.62225298227596	6.05216555705833	0.0172412611805399	0.0467920525430524	"gene-398735"
"gene-316474"	1.05821366703356	0.41208226393827	6.03872403275806	0.0173589394058549	0.047099408040988	"gene-316474"
"gene-57448"	0.683616249704289	4.19086010605466	6.03667897604892	0.0173769184227085	0.0471361653516776	"gene-57448"
"gene-189101"	0.389380958345419	6.04693712758402	6.02975069734349	0.0174379757113163	0.0472897270947373	"gene-189101"
"gene-58114"	-0.594693673444611	6.50035471269685	6.02892332862974	0.0174452823866357	0.0472974824023086	"gene-58114"
"gene-383720"	-0.781403028980511	8.01353422688337	6.0262353109447	0.0174690433945152	0.0473498332171417	"gene-383720"
"gene-264828"	0.554987599046538	5.58604591251918	6.02487345811928	0.0174810947956308	0.0473704265595744	"gene-264828"
"gene-190146"	1.01367851243645	2.69472811620683	6.02395529996197	0.0174892248247125	0.0473803859489665	"gene-190146"
"gene-257484"	0.459369189104052	6.74922330302818	6.0223947986618	0.017503051866836	0.04740577022044	"gene-257484"
"gene-105097"	0.649667160067656	5.1035023404553	6.01852715060133	0.0175373719625054	0.0474866314137493	"gene-105097"
"gene-156756"	0.733856294591475	3.06404390893107	6.01759148891665	0.0175456854536239	0.0474970502633607	"gene-156756"
"gene-115333"	1.12424675979846	2.5810178158021	6.01656388855227	0.0175548206739573	0.0475096877069236	"gene-115333"
"gene-244823"	1.15632301519423	4.59099622259391	6.0121462995819	0.0175941501952145	0.0476008754972605	"gene-244823"
"gene-35154"	-0.574521721195872	4.6307471149217	6.01177440389232	0.0175974654433272	0.0476008754972605	"gene-35154"
"gene-142614"	0.772704217298704	4.10092672031635	6.00876628690372	0.0176243056626203	0.0476613564779125	"gene-142614"
"gene-270003"	0.339747245445856	5.28003652933199	6.00808521956283	0.0176303886095607	0.0476656871508102	"gene-270003"
"gene-402341"	0.584596445648981	1.47467243579432	6.00627908092451	0.0176465309611206	0.0476972054135906	"gene-402341"
"gene-21187"	-0.277348040218957	5.89791496317355	6.00545089339028	0.0176539381495638	0.0477051031907421	"gene-21187"
"gene-100479"	1.28992230192529	0.576810835916703	6.00380125665393	0.017668702137911	0.0477328717142042	"gene-100479"
"gene-138432"	-0.835395487453045	11.5860279943307	6.00177026791803	0.0176868972474907	0.0477698931245077	"gene-138432"
"gene-368958"	-0.387761696983373	7.646951410966	5.99582614328913	0.0177402640182216	0.0479018654729131	"gene-368958"
"g13077"	1.64116919439523	0.620940609835828	5.99430541533097	0.0177539447809203	0.0479266387537736	"g13077"
"gene-132007"	-1.21068699374373	-0.430801991512913	5.99295738871238	0.0177660812934455	0.0479472318287455	"gene-132007"
"gene-199435"	-0.52424795736175	7.48715206887112	5.98691657076187	0.0178205765366999	0.0480821035120091	"gene-199435"
"gene-227370"	0.388109874778417	4.11982561286703	5.98124956410784	0.0178718616038414	0.0482082475319446	"gene-227370"
"gene-312583"	0.667148250351515	2.56079547538826	5.97860604948053	0.0178958385877066	0.0482606843861175	"gene-312583"
"gene-245713"	0.556173724151047	4.53016333421913	5.97681995493926	0.0179120580861033	0.0482921799249162	"gene-245713"
"gene-335902"	-0.576602960492117	5.98517484197786	5.975948006253	0.0179199819324123	0.0483012995015554	"gene-335902"
"gene-85606"	-1.73295807762204	6.50029691064034	5.97356960717392	0.0179416146762001	0.0483473558895526	"gene-85606"
"gene-179110"	-0.513414989931448	5.87624870858124	5.97243935166362	0.0179519046812194	0.0483628313549772	"gene-179110"
"gene-56889"	0.475153414914931	4.3848740824646	5.96978633176691	0.0179760828765023	0.0484157046022989	"gene-56889"
"gene-256114"	0.760145253946972	5.26894767107771	5.9623759991976	0.018043800789243	0.0485857886568073	"gene-256114"
"gene-39533"	-1.95960303435479	3.58723954116556	5.96132364855944	0.0180534395319665	0.048599438841305	"gene-39533"
"gene-385234"	1.44847562177723	-0.107584714336794	5.95885812994503	0.0180760433411228	0.048647974943366	"gene-385234"
"gene-48652"	0.763602466283341	2.55659642092726	5.95686797108973	0.0180943110769894	0.0486733830055245	"gene-48652"
"gene-64185"	1.67004204897232	-1.16694514771588	5.95683251114394	0.0180946367434979	0.0486733830055245	"gene-64185"
"gene-349175"	1.42389355262253	-0.427349302269173	5.95452214157095	0.0181158688086198	0.04871817462667	"gene-349175"
"gene-67045"	-0.241259285069762	8.94949169273654	5.95271835056315	0.0181324639356711	0.0487504768503028	"gene-67045"
"gene-421400"	-0.878604295892478	9.75010019434405	5.94992154217114	0.0181582270241407	0.0488074052637756	"gene-421400"
"gene-117301"	1.3999224582331	-0.0266719169679624	5.94737785823353	0.0181816923296169	0.0488581302723106	"gene-117301"
"gene-174097"	-0.355292113330649	9.04757901285055	5.94656893332004	0.0181891613807249	0.0488658551263931	"gene-174097"
"gene-264276"	1.28805526286384	-0.848544573764289	5.94375049601461	0.0182152104471701	0.0489130594024783	"gene-264276"
"gene-378316"	1.31366611091907	-0.852531770882341	5.9436727357919	0.0182159297003776	0.0489130594024783	"gene-378316"
"gene-144500"	0.371037191292766	4.58874079156078	5.94201347257959	0.0182312844904326	0.0489419338314591	"gene-144500"
"gene-238864"	-1.20048399662716	6.18738458974074	5.9395431076484	0.0182541707804566	0.0489910069192371	"gene-238864"
"gene-315170"	1.37978170142545	1.1040219587852	5.93725685950824	0.0182753786526497	0.0490355518036281	"gene-315170"
"gene-79040"	0.271977466388195	4.77775023659887	5.93563888526922	0.0182904033094144	0.0490523669639798	"gene-79040"
"gene-45815"	1.43644927244639	-0.959097082033117	5.93558871114855	0.0182908694414389	0.0490523669639798	"gene-45815"
"gene-368687"	1.39804926729232	2.10738743357322	5.9236984843169	0.0184016911646339	0.0493371281136996	"gene-368687"
"gene-385201"	1.49125109132331	1.04828619615811	5.92167019351061	0.0184206670537137	0.0493755581611136	"gene-385201"
"gene-184235"	0.76785594647438	2.92252384924723	5.92054100510177	0.0184312403388501	0.0493914518125498	"gene-184235"
"gene-262586"	-0.996535674801408	7.35473098056746	5.91947507007462	0.0184412272836088	0.0494057665965903	"gene-262586"
"gene-44241"	0.705991310073576	3.58328055118117	5.91642751980296	0.0184698122086403	0.0494698873460334	"gene-44241"
"gene-26484"	0.656116525827892	2.50928987304256	5.9144467205252	0.0184884167335581	0.0494857053954226	"gene-26484"
"g422"	2.16856396971293	-0.113805113855285	5.91437946530473	0.0184890487745125	0.0494857053954226	"g422"
"gene-393919"	1.47710688575898	4.88695008841033	5.91431273186936	0.0184896759346944	0.0494857053954226	"gene-393919"
"gene-34357"	1.47367307328812	2.95720249189366	5.91156232495381	0.0185155439840726	0.049542471903043	"gene-34357"
"gene-116569"	0.533544412704673	5.3447584355107	5.90564211856453	0.0185713556180911	0.0496793104512115	"gene-116569"
"gene-297835"	1.86548675786058	2.98493459133708	5.9046416503583	0.0185808050577803	0.0496920901670986	"gene-297835"
"gene-68369"	0.996640985437827	1.65318803939935	5.90371840579384	0.0185895296694694	0.0496939160852346	"gene-68369"
"gene-317184"	-0.466877360476635	7.53383775826773	5.90358060255662	0.0185908322774679	0.0496939160852346	"gene-317184"
"gene-281746"	-0.346936655587873	5.38973442377193	5.8982104846886	0.0186416701200158	0.0498172872855498	"gene-281746"
"gene-183348"	0.2683761655163	4.60784264702707	5.89537014876911	0.0186686189658956	0.04987677249969	"gene-183348"
"gene-199655"	-0.543214052410533	6.66136478903843	5.89423777308508	0.0186793744274546	0.0498929749900571	"gene-199655"
"gene-299889"	0.693132875822717	3.12621832538024	5.89129999745217	0.0187073086633318	0.0499550426671345	"gene-299889"
