"logFC"	"logCPM"	"F"	"PValue"	"FDR"	"Gene"
"gene-372264"	-10.7308561638399	2.93846056463858	470.494938113443	9.30401513265008e-19	1.02279038353222e-14	"gene-372264"
"gene-122433"	-8.82081978600564	4.27375323802489	132.066566580098	1.7349034910164e-13	9.53589703837163e-10	"gene-122433"
"gene-163088"	-11.8594923358824	5.14253638309278	108.637214200225	5.05868242487547e-12	9.89924135425384e-09	"gene-163088"
"gene-372068"	-7.4897635233839	2.43825486177899	107.014881223472	6.1366361892868e-12	9.89924135425384e-09	"gene-372068"
"gene-92145"	-13.4854508080908	4.90132051864899	120.030508748217	6.95548164388605e-12	9.89924135425384e-09	"gene-92145"
"gene-136450"	-4.81938147809856	5.88988393325931	100.120493992663	7.53229533139351e-12	9.89924135425384e-09	"gene-136450"
"gene-198922"	-12.7998256593193	4.47335661371684	128.73441123336	7.57271859194857e-12	9.89924135425384e-09	"gene-198922"
"gene-41508"	-10.9433699363583	6.57630090140371	105.156995968285	7.67745031573465e-12	9.89924135425384e-09	"gene-41508"
"gene-33981"	-11.6895913012594	6.81900046084118	104.711746525346	8.1045367223037e-12	9.89924135425384e-09	"gene-33981"
"gene-39831"	-13.8096966775639	5.10263709440201	122.441750245891	1.33433074016108e-11	1.36347366922599e-08	"gene-39831"
"gene-156891"	-8.82312041614806	5.32738646547735	95.6823205659319	1.36434188679031e-11	1.36347366922599e-08	"gene-156891"
"gene-227053"	-13.4366938648743	5.05846369021781	119.565264814126	1.74266557960912e-11	1.59642689305358e-08	"gene-227053"
"gene-157744"	-9.56652210970741	3.77095011328237	100.261690940995	2.77065536961221e-11	2.33552440737847e-08	"gene-157744"
"gene-136337"	-12.8567956802437	3.94221623024061	113.971820914722	2.97437839564255e-11	2.33552440737847e-08	"gene-136337"
"gene-304890"	-8.83737157874581	5.16266394995924	87.8386778599155	4.10508248706311e-11	2.85237367491312e-08	"gene-304890"
"gene-145538"	-8.48819225974694	5.22674403145219	87.7610381311542	4.15154905836532e-11	2.85237367491312e-08	"gene-145538"
"gene-122791"	-12.0987831893571	3.50108522577245	109.462873517088	4.64965355751205e-11	2.86372213988461e-08	"gene-122791"
"gene-38083"	-13.8787856164372	6.9912708816502	95.9547779096742	4.68907473100364e-11	2.86372213988461e-08	"gene-38083"
"gene-273137"	-11.284917559881	4.48078103310583	86.5539997697864	4.9500735711501e-11	2.86400835619227e-08	"gene-273137"
"gene-242872"	-10.7456782023836	3.9070546904397	94.4787488649008	5.63901668865973e-11	2.96328386268423e-08	"gene-242872"
"gene-350745"	-12.5252288435621	5.68602757851557	94.4481126763643	5.66078059823241e-11	2.96328386268423e-08	"gene-350745"
"gene-303219"	-4.31474337310261	4.40714683811194	85.081098005663	6.15018578129744e-11	3.07313601335467e-08	"gene-303219"
"gene-26944"	-7.9789119442355	7.56956647895391	83.3261201590456	7.99392501404897e-11	3.82074859475827e-08	"gene-26944"
"gene-253843"	-13.1155806241763	4.45114708552939	103.212206338021	8.85848539849442e-11	4.05755541606871e-08	"gene-253843"
"gene-87838"	-10.4876514335759	4.60532314975166	90.1266046482424	9.8422213648578e-11	4.32782157855527e-08	"gene-87838"
"gene-237342"	-6.51998853227788	4.48420091061702	76.663225291544	2.24509171080155e-10	9.49242045263133e-08	"gene-237342"
"gene-285657"	-12.6098171479247	3.84222887209522	92.4348821068603	2.90717746037543e-10	1.15897463326565e-07	"gene-285657"
"gene-118220"	-9.52026438701709	5.24412594211921	81.9857892561565	2.95199579108872e-10	1.15897463326565e-07	"gene-118220"
"gene-44107"	-6.8124529567371	5.49828034598312	74.5277776451368	3.16758965289902e-10	1.18529535997989e-07	"gene-44107"
"gene-401546"	-10.714439405667	2.21198639112694	91.5120093322484	3.23468214312713e-10	1.18529535997989e-07	"gene-401546"
"gene-61479"	-11.9694245970905	5.14614447318361	79.7608878421478	4.04155183669803e-10	1.40310719583653e-07	"gene-61479"
"gene-53281"	-9.5570057920164	3.37961208559842	76.0403737845614	4.08436552958873e-10	1.40310719583653e-07	"gene-53281"
"gene-79002"	-12.4114782297153	3.88618819123565	83.5936728864597	4.36172489832759e-10	1.45298308507016e-07	"gene-79002"
"gene-198937"	-11.5607511060499	2.51404908559378	88.6383350715227	4.53482044750149e-10	1.46621415233482e-07	"gene-198937"
"gene-200848"	-8.68341356463324	2.95893951391459	78.4436329568004	4.88244172679251e-10	1.533505197218e-07	"gene-200848"
"gene-7352"	-9.02326260679095	4.09867034229733	71.3490291274761	5.35588131418576e-10	1.635477869079e-07	"gene-7352"
"gene-177267"	-10.2980640227713	4.23203403053747	73.369378711479	6.19822794349079e-10	1.84154377791336e-07	"gene-177267"
"gene-213719"	-12.0097830347413	5.49957814000038	72.7974324502359	6.78665210400454e-10	1.96330701524531e-07	"gene-213719"
"gene-362876"	-9.32395163482119	3.23843101832654	72.4631598752416	7.15774123593292e-10	2.01756536940027e-07	"gene-362876"
"gene-59359"	-4.63528247290425	5.26854687332097	69.1817382775775	7.73316784193167e-10	2.12526785215887e-07	"gene-59359"
"gene-211152"	-8.05379744253857	4.73961969242986	68.9992928352996	7.97884673941041e-10	2.13930395625216e-07	"gene-211152"
"gene-280975"	-13.6886075831261	4.86712366262124	83.1211829388627	8.88973460551862e-10	2.27472852237092e-07	"gene-280975"
"gene-178966"	-8.10532148355909	4.18595250391616	71.1079116277299	8.89778281287633e-10	2.27472852237092e-07	"gene-178966"
"gene-76361"	-8.46932738857195	4.72262979766684	68.0286352555107	9.43220475443549e-10	2.35655061057976e-07	"gene-76361"
"gene-29112"	-10.580798074155	1.97979399876717	82.1792730029311	1.00062751731742e-09	2.44442184397119e-07	"gene-29112"
"gene-57466"	-10.8543625370424	4.07023564999198	66.9035217696286	1.14743094954086e-09	2.63912395164307e-07	"gene-57466"
"gene-92106"	-8.03247593395096	3.91819791891496	69.5429746417296	1.14809063691363e-09	2.63912395164307e-07	"gene-92106"
"gene-145478"	-8.84633052152651	3.23900189857739	66.8790975805843	1.15235103865066e-09	2.63912395164307e-07	"gene-145478"
"gene-55294"	-7.08770390166224	3.12737030162165	66.5312350912215	1.22489853787847e-09	2.74802237283634e-07	"gene-55294"
"gene-411562"	-9.4323125423679	2.9688195436731	66.1229041505512	1.31626309993837e-09	2.8939360515245e-07	"gene-411562"
"gene-64689"	-9.61610834226216	4.23569559714928	68.4722068853799	1.36996362311229e-09	2.95294315860262e-07	"gene-64689"
"gene-179836"	-13.3582399036362	4.51448984128681	79.2902752497219	1.44783169628746e-09	3.06077189178617e-07	"gene-179836"
"gene-121573"	-12.6936273996868	3.94144741143898	79.1356942443736	1.47715795095857e-09	3.06384855752595e-07	"gene-121573"
"gene-69960"	-7.76340118786915	2.23161680137645	67.5724313898375	1.5915750606993e-09	3.20638720426088e-07	"gene-69960"
"gene-433"	-6.34235636962791	4.96477741581409	65.0085540658072	1.60421446588146e-09	3.20638720426088e-07	"gene-433"
"gene-280707"	-7.43872903139319	3.17040318798253	64.687156706075	1.69912059950637e-09	3.33543441970956e-07	"gene-280707"
"gene-50706"	-9.34526693322808	2.85780604713108	69.1009216656285	2.00121948836925e-09	3.85954488344617e-07	"gene-50706"
"gene-73742"	-9.78636763213967	3.3792539899375	65.5429451362643	2.24339045491456e-09	4.25199849497857e-07	"gene-73742"
"gene-356255"	-11.6068492450229	4.86211083772866	65.3065514285824	2.33599559655163e-09	4.35247450726985e-07	"gene-356255"
"gene-97398"	-10.4290551413703	4.54924239382116	65.1581838143513	2.39618109643262e-09	4.36296384763832e-07	"gene-97398"
"gene-104957"	-12.8326930441096	3.88611422164633	75.3981662556331	2.42100240794994e-09	4.36296384763832e-07	"gene-104957"
"gene-341425"	-9.84675419330791	3.7318923053495	62.4126996816538	2.56596113215018e-09	4.54961463318177e-07	"gene-341425"
"gene-170302"	-9.08763569732516	2.84575305615527	62.232286513516	2.65235982942334e-09	4.55604372820989e-07	"gene-170302"
"gene-181301"	-7.47070818276317	2.28639629505037	67.3342230117826	2.65247701815185e-09	4.55604372820989e-07	"gene-181301"
"gene-290343"	-9.51015612553236	4.84490563873467	67.1380820458703	2.73762099957486e-09	4.59857247032481e-07	"gene-290343"
"gene-232153"	-12.930406931554	3.85671977819581	74.401403935658	2.77050362188007e-09	4.59857247032481e-07	"gene-232153"
"gene-122800"	-7.93575656046371	2.85207063181027	66.9440216673651	2.8247297888321e-09	4.59857247032481e-07	"gene-122800"
"gene-20302"	-10.1740491419801	1.82442564320015	74.2075559028761	2.84456406788035e-09	4.59857247032481e-07	"gene-20302"
"gene-240602"	-11.3084491729362	4.43320395194815	66.6638426871984	2.95573692249161e-09	4.70904579550004e-07	"gene-240602"
"gene-176614"	-8.17574753427451	4.14076759723982	61.3324660734284	3.13165371606686e-09	4.91803847153185e-07	"gene-176614"
"gene-334325"	-10.1069727920693	4.32766533578204	63.1900088233534	3.37055342474712e-09	5.21866109834438e-07	"gene-334325"
"gene-8100"	-6.00176575707837	4.40004848838855	62.8898321457124	3.5528103016371e-09	5.30909852573635e-07	"gene-8100"
"gene-39079"	-12.6588270054739	3.73333073401031	72.5683452685549	3.56283996087775e-09	5.30909852573635e-07	"gene-39079"
"gene-409369"	-7.68335589739491	4.25292928391172	60.570012880439	3.60945382902564e-09	5.30909852573635e-07	"gene-409369"
"gene-286539"	-11.5444991234449	2.86637205795745	72.4492182540977	3.62214490521447e-09	5.30909852573635e-07	"gene-286539"
"gene-172388"	-4.93424306226664	4.48401739142355	59.395846720693	4.50191115255105e-09	6.51177753947285e-07	"gene-172388"
"gene-42287"	-9.18593079681117	3.38266042430044	61.3074116267974	4.70279914904601e-09	6.6306687722394e-07	"gene-42287"
"gene-145496"	-5.11941849192237	4.53782518305284	59.1634191386501	4.70474087359841e-09	6.6306687722394e-07	"gene-145496"
"gene-170101"	-8.87665553938038	3.20697482886436	63.7512827273004	4.77317014241674e-09	6.64195688298572e-07	"gene-170101"
"gene-6405"	-8.54135355312212	4.18281039385559	63.4432650550825	5.02571882149033e-09	6.9059658755804e-07	"gene-6405"
"gene-56700"	-11.0048068361975	2.37694407842116	66.3185325671149	5.12897202704524e-09	6.96083820905042e-07	"gene-56700"
"gene-58265"	-9.52629513867027	4.95378433292156	58.6046299142862	5.23294358392418e-09	7.01533522171689e-07	"gene-58265"
"gene-193392"	-8.46172149405228	3.32546246093404	58.1326525594625	5.72792262369079e-09	7.58639197617264e-07	"gene-193392"
"gene-2355"	-12.8563886625379	4.1339210345589	65.2116918736321	6.09795808043829e-09	7.98033966407834e-07	"gene-2355"
"gene-209323"	-8.9262472199023	2.56694655660999	57.6459603899119	6.29050023695685e-09	8.06130928031777e-07	"gene-209323"
"gene-92073"	-10.3493661645695	3.67371149614029	59.680080804188	6.30649138640342e-09	8.06130928031777e-07	"gene-92073"
"gene-280698"	-9.76875198552225	3.97327303097407	59.4781268211892	6.54276101853769e-09	8.26719216974539e-07	"gene-280698"
"gene-73861"	-4.36082880654826	4.37074477630582	57.3744672560725	6.62944633575873e-09	8.28153449647679e-07	"gene-73861"
"gene-131635"	-7.91498694036205	4.13078131342124	56.7816922052677	7.43840606765886e-09	9.18768515750268e-07	"gene-131635"
"gene-172875"	-4.40667089434983	4.04956938313343	56.5256698528548	7.81948840241979e-09	9.51792881556606e-07	"gene-172875"
"gene-66244"	-10.5489098350833	4.19294918320809	58.4645723361928	7.87893679811254e-09	9.51792881556606e-07	"gene-66244"
"gene-274084"	-12.8598306800579	3.82581364696377	63.5130028308792	7.98523798645131e-09	9.53030747653868e-07	"gene-274084"
"gene-262696"	-12.9408181950839	3.97076435811149	66.77644046066	8.14434018349009e-09	9.53030747653868e-07	"gene-262696"
"gene-99820"	-12.5239888071699	3.53902163730474	66.7503063657889	8.17572991341283e-09	9.53030747653868e-07	"gene-99820"
"gene-101990"	-10.3415616601163	3.69178267251718	56.2605381570152	8.23596115956677e-09	9.53030747653868e-07	"gene-101990"
"gene-359591"	-6.88333813474938	3.41202833722524	56.0164820050734	8.64008567430186e-09	9.89379810600003e-07	"gene-359591"
"gene-187157"	-8.60634751814098	4.70136437302948	60.1315996703321	8.84595412363113e-09	1.00251106887708e-06	"gene-187157"
"gene-215313"	-6.68320279435254	4.20854716932802	55.4555139452718	9.6505671919272e-09	1.07011601696579e-06	"gene-215313"
"gene-218523"	-12.7211309132446	4.08835286166341	65.6226672497767	9.66195794058326e-09	1.07011601696579e-06	"gene-218523"
"gene-169536"	-9.14975788654253	2.90879481987492	57.3248844130251	9.73452212285808e-09	1.07011601696579e-06	"gene-169536"
"gene-41369"	-12.9252710821959	4.07232320114725	65.463029007971	9.8947930543384e-09	1.07696495095388e-06	"gene-41369"
"gene-199239"	-13.1479839340947	4.0733320254597	65.2654440083907	1.01913487493924e-08	1.09836761570657e-06	"gene-199239"
"gene-20646"	-7.75236697883901	1.73765427021734	59.1675977589254	1.04696218281123e-08	1.11740342481979e-06	"gene-20646"
"gene-58286"	-14.1921962754578	5.27600812860127	65.0138709954791	1.05828176444187e-08	1.11862417658745e-06	"gene-58286"
"gene-363459"	-12.5632144264663	3.57528523359952	64.8901783962894	1.07811866059099e-08	1.12873889865493e-06	"gene-363459"
"gene-16181"	-8.23634407427131	3.1164583455182	56.5343133306482	1.12907774970415e-08	1.16785785663394e-06	"gene-16181"
"gene-259401"	-9.72306190359977	3.57518515872657	58.6310825472694	1.15082409327645e-08	1.16785785663394e-06	"gene-259401"
"gene-48523"	-10.4946776945788	3.61945439271375	56.367330790242	1.16520532050815e-08	1.16785785663394e-06	"gene-48523"
"gene-9388"	-10.0566186660716	4.71165418033386	54.486088274258	1.17026866313905e-08	1.16785785663394e-06	"gene-9388"
"gene-273241"	-7.21790347660883	2.40680446048019	56.3080870235352	1.17831598142491e-08	1.16785785663394e-06	"gene-273241"
"gene-226935"	-10.9635268466067	5.16656735161908	54.4479720178978	1.17922516225204e-08	1.16785785663394e-06	"gene-226935"
"gene-181289"	-12.1201072228299	3.37517013865507	64.2347229130311	1.19011722020773e-08	1.16812130372711e-06	"gene-181289"
"gene-163028"	-3.39065369248206	4.62802944727563	54.0578647839106	1.27517148949802e-08	1.23095791809445e-06	"gene-163028"
"gene-10049"	-7.04091878679015	3.63445602304114	54.0525573811325	1.27653236298342e-08	1.23095791809445e-06	"gene-10049"
"gene-114715"	-9.7575763702414	3.65098905101329	57.834549698067	1.32574365454381e-08	1.26729565168697e-06	"gene-114715"
"gene-16211"	-11.8415664358187	2.98060734327574	60.3457804443955	1.33840261489472e-08	1.26836723668428e-06	"gene-16211"
"gene-99832"	-12.0430112377584	3.30775340327799	63.296484029995	1.37271234892636e-08	1.28253089766589e-06	"gene-99832"
"gene-2814"	-6.04179671948061	4.11879173117274	53.6498677509571	1.38440008582211e-08	1.28253089766589e-06	"gene-2814"
"gene-367041"	-8.06108050603067	3.30202596224071	53.6357628292228	1.38834873849032e-08	1.28253089766589e-06	"gene-367041"
"gene-189745"	-9.10332514231607	2.20605830237273	57.4653436189075	1.41622976728607e-08	1.29738448598131e-06	"gene-189745"
"gene-244566"	-6.76189204734204	4.22110962148099	53.4664806508991	1.43667906319873e-08	1.29754924136689e-06	"gene-244566"
"gene-210469"	-7.33358066758459	3.42385467802514	53.4513249870547	1.44109194147718e-08	1.29754924136689e-06	"gene-210469"
"gene-189724"	-8.42082142999964	2.82841828689702	55.2001444274215	1.45461898096844e-08	1.29754924136689e-06	"gene-189724"
"gene-31907"	-8.35361682984175	3.75225020843225	55.1635087969491	1.4648542761556e-08	1.29754924136689e-06	"gene-31907"
"gene-39728"	-11.9649143700894	3.11200667314993	62.825906886121	1.47542668216921e-08	1.29754924136689e-06	"gene-39728"
"gene-262574"	-10.9991817392889	4.89946637599182	55.0633380406737	1.49323195073799e-08	1.30085641477895e-06	"gene-262574"
"gene-327631"	-13.0211828274469	4.11580058322262	59.6215843723324	1.51011357921483e-08	1.30085641477895e-06	"gene-327631"
"gene-146582"	-3.47488142360517	4.38983484463219	53.2055581918312	1.51468772029205e-08	1.30085641477895e-06	"gene-146582"
"gene-188322"	-9.99049381985319	4.17115887888127	54.6387213169604	1.62015851364058e-08	1.38065135972488e-06	"gene-188322"
"gene-105556"	-6.33146356612204	1.44953993017998	56.3634811471469	1.72758921226098e-08	1.4497666020319e-06	"gene-105556"
"gene-399571"	-10.0327979206016	3.5513345702209	56.3633203603343	1.72763963309541e-08	1.4497666020319e-06	"gene-399571"
"gene-236062"	-6.96289032003264	4.92530012955887	52.5201525398972	1.7417159286669e-08	1.45050630332085e-06	"gene-236062"
"gene-56282"	-10.2758246214485	3.38703837293774	52.3863059744997	1.79010570878409e-08	1.47264258811888e-06	"gene-56282"
"gene-248416"	-13.4493268593249	4.26814254869957	58.5948360472714	1.7950887547342e-08	1.47264258811888e-06	"gene-248416"
"gene-148324"	-10.0296612165344	1.37790922660186	58.538849002311	1.8121971963535e-08	1.47566546514919e-06	"gene-148324"
"gene-378680"	-9.12967613364607	4.57159394313584	53.7404705573349	1.92792315369199e-08	1.55835729621589e-06	"gene-378680"
"gene-333573"	3.28998980685304	3.7920723998598	51.7410357973589	2.04417447681927e-08	1.64026350537768e-06	"gene-333573"
"gene-409357"	-10.1768989751013	3.43973704757035	51.4521951871789	2.17000811476897e-08	1.72861588446777e-06	"gene-409357"
"gene-183629"	-12.1960617556119	3.30205495349036	57.3414137817366	2.22311169001982e-08	1.75817746822935e-06	"gene-183629"
"gene-31263"	-11.0733918862445	4.46784102709468	54.9170614062758	2.2513203056947e-08	1.76776886575013e-06	"gene-31263"
"gene-408081"	-12.584768838202	3.75108201466061	60.0531346729074	2.27524517271241e-08	1.77388441018635e-06	"gene-408081"
"gene-69348"	-10.6055804759244	4.091823128176	51.1421685506295	2.31423088790571e-08	1.79157325005264e-06	"gene-69348"
"gene-238220"	-9.86565812108205	3.24270938871149	52.6562334732683	2.38415111644143e-08	1.83279533028256e-06	"gene-238220"
"gene-132117"	-12.0298504812012	5.45063878354665	52.6048372367491	2.40844115326774e-08	1.83861066651891e-06	"gene-132117"
"gene-218211"	-12.0381663174224	3.23313950412284	59.5797193062357	2.45331756538345e-08	1.84858317391339e-06	"gene-218211"
"gene-49788"	-6.62323409016971	3.05027316624313	50.8584003839471	2.45513639035163e-08	1.84858317391339e-06	"gene-49788"
"gene-211303"	-9.35934719858791	2.57096620166811	52.2962646114452	2.55990185735604e-08	1.91435381754523e-06	"gene-211303"
"gene-22771"	-11.6795424187919	2.70386879732578	59.0904905109025	2.65316533880264e-08	1.96430560737117e-06	"gene-22771"
"gene-296096"	-9.59388444271608	3.71991184007591	50.4707862561184	2.66243550894483e-08	1.96430560737117e-06	"gene-296096"
"gene-181319"	-8.78994106458805	4.11158309816578	53.9159495742221	2.71140001361153e-08	1.97579477785958e-06	"gene-181319"
"gene-116614"	-8.39995021867624	4.17828651808281	52.0016682932663	2.71395443879557e-08	1.97579477785958e-06	"gene-116614"
"gene-32615"	-12.7911127768307	3.88305871993309	58.8632082877436	2.75189365021159e-08	1.99023466426158e-06	"gene-32615"
"gene-255049"	-12.4336278431023	3.45282255375705	58.3241961247646	3.00215730429655e-08	2.15704021216549e-06	"gene-255049"
"gene-73653"	-10.2452001005318	1.384868639291	58.1136017495853	3.10648208116501e-08	2.2175037349511e-06	"gene-73653"
"gene-147790"	-10.1830973251662	4.75115106817043	53.1458454010484	3.13314108299751e-08	2.22210451131559e-06	"gene-147790"
"gene-348472"	-11.0304620826371	3.74960655656185	52.8733862135563	3.29863451445699e-08	2.32040059474331e-06	"gene-348472"
"gene-37517"	-15.3450651988541	6.39898019218053	57.7164775758319	3.3139533646384e-08	2.32040059474331e-06	"gene-37517"
"gene-401576"	-6.20827312234472	3.50462224967975	49.3947687272464	3.34094179865521e-08	2.32449197421625e-06	"gene-401576"
"gene-97311"	-7.21040082681849	3.28133192655547	49.275049707745	3.42702896313163e-08	2.36939178564189e-06	"gene-97311"
"gene-46583"	-12.8161143302018	4.01636004890063	57.4245608718692	3.4759308990388e-08	2.38818177332084e-06	"gene-46583"
"gene-275720"	-7.95751338132365	4.53400788074445	49.16494058246	3.50827778680264e-08	2.39543464039264e-06	"gene-275720"
"gene-133498"	-5.95616781748855	1.66851782931938	48.8487381853784	3.75312733366981e-08	2.54125803655342e-06	"gene-133498"
"gene-69615"	-10.1634399449152	4.62039316986253	50.3635712430136	3.77039341407361e-08	2.54125803655342e-06	"gene-69615"
"gene-426390"	-9.34700519322407	3.3511079698812	52.1412086967713	3.79119728913637e-08	2.54125803655342e-06	"gene-426390"
"gene-252927"	-5.66711655138839	3.35367972225031	48.6726802202393	3.8972300211755e-08	2.5884574752959e-06	"gene-252927"
"gene-26135"	-7.82911520225128	4.01244394713645	50.1860460649948	3.90870500226617e-08	2.5884574752959e-06	"gene-26135"
"gene-254113"	-12.3026572948972	3.30828825013888	54.0732658973472	3.94221721315183e-08	2.59182125616454e-06	"gene-254113"
"gene-130853"	-11.1116566715152	4.64917958326815	51.9121403118925	3.96093851574313e-08	2.59182125616454e-06	"gene-130853"
"gene-226987"	-5.88971958584859	4.87804243357306	48.5675166833029	3.98608687928841e-08	2.59284337656908e-06	"gene-226987"
"gene-294470"	-7.86794520995589	3.37419677088724	48.2101942411274	4.304356723274e-08	2.77725082929165e-06	"gene-294470"
"gene-334058"	-8.10319965858809	4.64568060629112	49.6949467127553	4.32011181487193e-08	2.77725082929165e-06	"gene-334058"
"gene-83189"	-9.33286660816278	2.62171383901235	51.2762748788792	4.47592790015373e-08	2.84279248711673e-06	"gene-83189"
"gene-385611"	-8.81958099390331	4.83184940778613	48.0286461053987	4.47625646547783e-08	2.84279248711673e-06	"gene-385611"
"gene-82952"	-7.24140328265618	4.98070522237233	48.0045167431958	4.49964425323671e-08	2.84279248711673e-06	"gene-82952"
"gene-295673"	-10.8116330967972	4.20689269944122	51.1701859616602	4.56857454756285e-08	2.86984800007762e-06	"gene-295673"
"gene-402218"	-5.89800253967266	3.56858698627575	47.8266298044902	4.67610234249292e-08	2.91046267017126e-06	"gene-402218"
"gene-398804"	-10.3705767647075	4.52335246980137	49.2828063831455	4.70082338208414e-08	2.91046267017126e-06	"gene-398804"
"gene-229595"	-10.47453267354	5.53431995453697	47.7906674328674	4.71265673874724e-08	2.91046267017126e-06	"gene-229595"
"gene-218286"	-8.81631164245953	5.26884527655078	47.7057496837324	4.80017673169684e-08	2.94188949676617e-06	"gene-218286"
"gene-32245"	-12.2776918333253	3.44718524839648	55.4530947557912	4.81922024498641e-08	2.94188949676617e-06	"gene-32245"
"gene-40060"	-9.02318385176526	4.28550015355901	47.6550342897143	4.85326451878677e-08	2.94188949676617e-06	"gene-40060"
"gene-37682"	-1.94633830132459	4.17879478845008	47.6215044680387	4.88870343976051e-08	2.94188949676617e-06	"gene-37682"
"gene-193446"	-9.08589398562781	5.20752353014869	49.0702162905404	4.9109710546477e-08	2.94188949676617e-06	"gene-193446"
"gene-351643"	-9.53595391537897	4.47902749901159	47.5882587578251	4.92411232061289e-08	2.94188949676617e-06	"gene-351643"
"gene-534"	-13.2393475912949	4.30079695776657	55.1010965894894	5.11301341976092e-08	3.03823548775307e-06	"gene-534"
"gene-249966"	-10.0685783388773	3.49833605888248	50.5084278363346	5.1945613318855e-08	3.07009745814071e-06	"gene-249966"
"gene-336052"	-12.4412922149715	3.45230825415172	50.4664628637179	5.23722210768331e-08	3.07875842939907e-06	"gene-336052"
"gene-79536"	-10.0657334257879	4.44260309701618	48.69182219815	5.31005996284619e-08	3.1049728282749e-06	"gene-79536"
"gene-323535"	-7.62592538958234	3.56654676455179	50.1796181545593	5.53899748236686e-08	3.20936271069328e-06	"gene-323535"
"gene-273987"	-10.0741026013482	4.18454511332394	50.1722631615674	5.54697457501795e-08	3.20936271069328e-06	"gene-273987"
"gene-168137"	-11.336639838719	2.40166535979659	52.1111684275701	5.62270507023903e-08	3.23414887017933e-06	"gene-168137"
"gene-87275"	-3.27456026444574	4.56615838611238	46.9585001470277	5.648654444414e-08	3.23414887017933e-06	"gene-87275"
"gene-377608"	-4.58400205908888	4.5393944770595	46.9320656110223	5.68143133126261e-08	3.23606086137668e-06	"gene-377608"
"gene-302907"	-8.35286607128472	3.27927326212452	48.3043120029664	5.7546177514395e-08	3.26085118255538e-06	"gene-302907"
"gene-206297"	-12.2607363779328	5.53003656350092	49.8602556751028	5.89689343417729e-08	3.31696746199035e-06	"gene-206297"
"gene-166071"	-5.48494595137357	4.65676844181814	46.7490110729603	5.91399638451841e-08	3.31696746199035e-06	"gene-166071"
"gene-249793"	-9.66439664449126	3.16823734541095	47.9170111573049	6.23857980178207e-08	3.47026338064696e-06	"gene-249793"
"gene-252984"	-9.36462501212629	5.07274420451833	47.9079154591174	6.25045164530244e-08	3.47026338064696e-06	"gene-252984"
"gene-246645"	-13.5842205550168	4.55850122472807	53.6301087885296	6.56608898917197e-08	3.6044889075933e-06	"gene-246645"
"gene-294684"	-12.1272434720267	3.27838995912039	53.6231218805534	6.57396737434181e-08	3.6044889075933e-06	"gene-294684"
"gene-347420"	-13.8478264730429	4.95023551586875	53.6084199934373	6.59057828096291e-08	3.6044889075933e-06	"gene-347420"
"gene-133409"	-13.092611838528	4.45449077119716	53.5735470953727	6.63015987827399e-08	3.60818552187455e-06	"gene-133409"
"gene-206715"	-12.1891552580171	3.33064493912716	53.2883416784345	6.96361928059905e-08	3.77098850993228e-06	"gene-206715"
"gene-306260"	-10.5197545707366	4.3231257250548	47.3188715006523	7.07271204062193e-08	3.81129036581161e-06	"gene-306260"
"gene-198745"	-8.53229240822315	3.30272022697147	48.8908467047906	7.14237110108342e-08	3.83005295191269e-06	"gene-198745"
"gene-126153"	-7.66706743731744	2.97395667415929	48.8568119688328	7.19089421375284e-08	3.83735437338762e-06	"gene-126153"
"gene-45480"	-7.97878358737629	3.70915132636487	45.8354325598365	7.23503393982466e-08	3.84225739615906e-06	"gene-45480"
"gene-183526"	-8.27206008000739	2.43308534088877	47.1820652751534	7.27963838803661e-08	3.84735888460031e-06	"gene-183526"
"gene-170744"	-11.7557879051466	2.85083915828722	53.000173000936	7.31890406542047e-08	3.84960346369221e-06	"gene-170744"
"gene-67362"	-8.82037730355515	6.49050831230739	45.6964437350012	7.46192322580413e-08	3.90613914386975e-06	"gene-67362"
"gene-186344"	-9.59011930388899	3.10908774691021	48.5746506121604	7.60694518135495e-08	3.93978433370778e-06	"gene-186344"
"gene-287098"	-10.5174948517392	1.92870468665448	50.4707579146388	7.61767463735052e-08	3.93978433370778e-06	"gene-287098"
"gene-340805"	-12.5751165699589	3.80161114335578	52.7571159295355	7.63371293622993e-08	3.93978433370778e-06	"gene-340805"
"gene-153074"	-9.2355187651319	0.237058906741004	52.7148481191521	7.68992731817046e-08	3.95025098171252e-06	"gene-153074"
"gene-280686"	-14.1489976463179	5.05850269852617	52.5441801141067	7.92147061247968e-08	4.05026634618554e-06	"gene-280686"
"gene-116474"	-13.0099328884976	4.3421116920932	52.3751493038339	8.15818684744555e-08	4.15198833398004e-06	"gene-116474"
"gene-7154"	-11.0597662079379	6.47958106559944	48.0861339580425	8.38905502858562e-08	4.24401134319067e-06	"gene-7154"
"gene-383831"	-7.94240777655352	3.08665713955812	48.0700520474598	8.41621461671579e-08	4.24401134319067e-06	"gene-383831"
"gene-241985"	-10.3619603401559	3.28924093639954	46.4240096715508	8.54881125136362e-08	4.29119096284202e-06	"gene-241985"
"gene-27908"	-10.8427563068172	3.92214082149076	47.9250228689999	8.66541478699358e-08	4.32995021606457e-06	"gene-27908"
"gene-404655"	-3.92964386200347	3.2687761664049	44.9371236558034	8.8416937421584e-08	4.37961952289816e-06	"gene-404655"
"gene-14434"	-11.0158883520397	1.81768717324899	49.6765680888499	8.84449680781763e-08	4.37961952289816e-06	"gene-14434"
"gene-45063"	-12.0444647316599	3.37365924378558	51.8570800744338	8.93226249134919e-08	4.4032449133364e-06	"gene-45063"
"gene-186151"	-10.4200244580822	3.64014973856183	46.187681131085	8.99093956259929e-08	4.40846690031742e-06	"gene-186151"
"gene-364225"	-9.54519750254005	1.34008084776539	51.7994919012464	9.02306060739943e-08	4.40846690031742e-06	"gene-364225"
"gene-3053"	-8.95782013230238	3.10273217578669	44.8260986451711	9.06504045102804e-08	4.40938007425448e-06	"gene-3053"
"gene-249784"	-6.81748450494195	3.19559357082888	46.1068457680362	9.14768282591779e-08	4.42997697380239e-06	"gene-249784"
"gene-340338"	-8.33604373319679	2.72372920734237	46.0542211337449	9.25128011725619e-08	4.44470889701637e-06	"gene-340338"
"gene-329863"	-8.38552373076697	3.68809138326286	46.0503409093188	9.25896786515736e-08	4.44470889701637e-06	"gene-329863"
"gene-33009"	-1.41617515415455	5.33197432662065	44.6757790887566	9.37698699520151e-08	4.48179208861957e-06	"gene-33009"
"gene-20981"	-12.0656896249731	3.28014707687937	49.332960605677	9.43927784309928e-08	4.49203382377448e-06	"gene-20981"
"gene-359383"	-8.4761735075795	4.79417617973536	44.6240303356409	9.48698701160076e-08	4.49527794045376e-06	"gene-359383"
"gene-101771"	-6.23891352922446	4.53122038043621	44.5595721310656	9.6259145553964e-08	4.54153127499883e-06	"gene-101771"
"gene-198928"	-7.28013735444337	2.7762684929471	47.2259074462099	9.9819318259505e-08	4.68937506678093e-06	"gene-198928"
"gene-183933"	-6.03091552012806	6.15615583967185	44.3026569324182	1.02013910093711e-07	4.77208048366027e-06	"gene-183933"
"gene-198760"	-6.78233380618676	3.6570330817711	45.5572168753149	1.02933631846772e-07	4.79470091055746e-06	"gene-198760"
"gene-187747"	-5.22526765407348	2.49947772268815	45.3930692006337	1.0664330410805e-07	4.9465394179738e-06	"gene-187747"
"gene-172229"	-8.83360525335421	3.84629025307978	45.3614850838754	1.07373222564687e-07	4.95946989770421e-06	"gene-172229"
"gene-79518"	-8.97459011527907	5.68872649071804	44.0309522645882	1.08497623395963e-07	4.99043671126283e-06	"gene-79518"
"gene-78601"	-8.82857260713236	5.05503381426844	43.8158013576853	1.13940553890781e-07	5.21895212050565e-06	"gene-78601"
"gene-8715"	-10.9586332783674	4.78260835559242	45.025470838885	1.15475092258659e-07	5.26729331618024e-06	"gene-8715"
"gene-242461"	-10.580469755855	2.34521940683093	50.3353357825318	1.16988756053952e-07	5.31428675744252e-06	"gene-242461"
"gene-8990"	-7.57247807658026	3.87653021472097	44.8501238914365	1.19958275248992e-07	5.42675440251921e-06	"gene-8990"
"gene-361821"	-9.70877699702858	3.67295857137811	43.453126262403	1.23779427271549e-07	5.57666903277105e-06	"gene-361821"
"gene-347049"	-9.39522429394965	4.42487631122055	43.4330980885954	1.24348302053275e-07	5.57943218151694e-06	"gene-347049"
"gene-175843"	-6.43335527072859	1.0603863859251	45.909970638976	1.30730893644709e-07	5.8419703814483e-06	"gene-175843"
"gene-277647"	-3.8761416893544	4.42471240266884	43.094523692314	1.34395201827185e-07	5.98140264650304e-06	"gene-277647"
"gene-290633"	-6.63247427310845	3.62001541461028	43.0286289271203	1.36448476690856e-07	6.04207955531927e-06	"gene-290633"
"gene-219248"	-8.85833197997361	3.0067829716096	44.2465006167013	1.36857801262121e-07	6.04207955531927e-06	"gene-219248"
"gene-27654"	-7.92849546842328	5.89237015415242	42.9852417450988	1.37818509619976e-07	6.06015550500958e-06	"gene-27654"
"gene-355708"	-8.36190952838247	3.64470369418259	44.1459319869332	1.39910672512934e-07	6.1276415256362e-06	"gene-355708"
"gene-29082"	-7.89933810364809	1.35407206612416	44.1089599580762	1.41051089347685e-07	6.15307390952024e-06	"gene-29082"
"gene-414380"	-6.85494642097606	2.82936120594635	42.7960869361375	1.43963631700266e-07	6.2553051513084e-06	"gene-414380"
"gene-89251"	-9.28290942553912	3.24080991488107	45.3785982686901	1.45973244782009e-07	6.31696175450881e-06	"gene-89251"
"gene-229699"	-5.8728322939594	3.6697489297929	42.7195484828831	1.46531906431342e-07	6.31696175450881e-06	"gene-229699"
"gene-204245"	-7.22011085879979	3.09959526366897	42.6224967975522	1.4985837371286e-07	6.43512930556825e-06	"gene-204245"
"gene-53233"	-11.7024169841393	2.5498667223378	48.9258759769448	1.50939141031446e-07	6.45631897804936e-06	"gene-53233"
"gene-41289"	-3.81883995092681	4.78128577938704	42.5542049062749	1.52246901949467e-07	6.48701625244376e-06	"gene-41289"
"gene-29902"	-6.14262751176868	3.79795910414615	42.4764235533025	1.55016449603052e-07	6.5795205810284e-06	"gene-29902"
"gene-244823"	-8.82944506692949	3.98976993055142	42.4137389591055	1.57287209017729e-07	6.65022418743034e-06	"gene-244823"
"gene-252936"	-9.9344261362415	4.21241246409456	42.3043624782218	1.61334037594424e-07	6.79498839194413e-06	"gene-252936"
"gene-134255"	-10.9463962947932	2.06196703510835	48.5411295247704	1.61947326361263e-07	6.79498839194413e-06	"gene-134255"
"gene-194202"	-11.943047688914	3.10778233160896	48.5053724751578	1.63013330412073e-07	6.81370928220501e-06	"gene-194202"
"gene-170750"	-5.28774835792807	2.62209824860419	42.1978926315526	1.65379208935511e-07	6.88641531753059e-06	"gene-170750"
"gene-353795"	-1.47922945674409	6.73607408177754	42.1346017127725	1.67834570221441e-07	6.95869712595508e-06	"gene-353795"
"gene-127707"	-5.13690183883766	3.55749425905273	42.1206472543835	1.68381100291463e-07	6.95869712595508e-06	"gene-127707"
"gene-213608"	-7.72675885660821	3.474297598553	41.9857837723248	1.73761095989018e-07	7.15414130414709e-06	"gene-213608"
"gene-160909"	-8.03709830640836	1.77255353301946	44.522466423325	1.74648714899151e-07	7.16385568241183e-06	"gene-160909"
"gene-335727"	-7.39212600650541	3.03218968145621	41.9223864249737	1.76352688254744e-07	7.20685911518364e-06	"gene-335727"
"gene-92883"	-4.09500909708141	3.52660121707321	41.8902698374924	1.77681137599497e-07	7.23425461344915e-06	"gene-92883"
"gene-348880"	-12.2798100399865	3.42170058023715	47.9593384905134	1.80263078101201e-07	7.29952816769656e-06	"gene-348880"
"gene-302737"	-7.9471341532139	2.46666808509923	42.9916886293505	1.80612358920537e-07	7.29952816769656e-06	"gene-302737"
"gene-27484"	-12.4182254094375	3.5139273786464	47.6564246583691	1.90669439394758e-07	7.6777624441999e-06	"gene-27484"
"gene-356770"	-10.8229086681226	3.99811215929853	42.7138729815731	1.92175707294455e-07	7.70844635435939e-06	"gene-356770"
"gene-38092"	-8.1259934568387	3.45472234929199	41.5409370940798	1.92833871322554e-07	7.70844635435939e-06	"gene-38092"
"gene-163988"	-7.05847022502541	3.77449819417946	41.5159729885527	1.93967803307883e-07	7.7256813832013e-06	"gene-163988"
"gene-3833"	-1.85916938105825	4.4964507740919	41.4764948234934	1.95775416055505e-07	7.76952761262875e-06	"gene-3833"
"gene-38873"	-10.6845181432586	2.35661573256149	47.4499437828762	1.98131674565285e-07	7.83475359171287e-06	"gene-38873"
"gene-207324"	-8.90073194441504	2.42734318033007	42.5299940454765	2.00259356276168e-07	7.89050574746923e-06	"gene-207324"
"gene-136420"	-3.18623237729271	4.3840114373266	41.3511624928284	2.0163309923684e-07	7.91625949968064e-06	"gene-136420"
"gene-273360"	-6.8574107342783	3.36428377281715	41.3127408556867	2.03465718561423e-07	7.92995061429514e-06	"gene-273360"
"gene-189077"	-4.08782298397127	4.58438727295251	41.306547044792	2.03762793270073e-07	7.92995061429514e-06	"gene-189077"
"gene-156645"	-5.14678160142136	3.58335582675081	41.2985733323193	2.0414591320345e-07	7.92995061429514e-06	"gene-156645"
"gene-185524"	-10.0206276385228	3.11123790338235	42.2573795318814	2.12914572965009e-07	8.24144331198714e-06	"gene-185524"
"gene-375932"	-7.4439048385978	3.46334346473579	40.9796068049126	2.20113783841567e-07	8.49021342375558e-06	"gene-375932"
"gene-175431"	-8.48659533724632	3.26600756979167	42.0911774560196	2.2104405997617e-07	8.49628444516795e-06	"gene-175431"
"gene-146304"	-12.9041177324126	3.84939573281872	46.8437325297079	2.21911062757649e-07	8.49988959196808e-06	"gene-146304"
"gene-167337"	-2.69439584220776	3.87167616930986	40.8843461422136	2.25134852554359e-07	8.5891777522421e-06	"gene-167337"
"gene-281940"	-11.08074218755	2.31021476900046	46.7511496496947	2.25804818557079e-07	8.5891777522421e-06	"gene-281940"
"gene-419623"	-7.50113478962827	-0.623024907631667	43.2557292820704	2.28610959885278e-07	8.66593200696157e-06	"gene-419623"
"gene-275101"	-10.0682815155796	5.38096263142416	43.2058310719819	2.31070790290576e-07	8.72907628063335e-06	"gene-275101"
"gene-340320"	-7.01782529993016	2.4017446701089	43.1877284492213	2.31970147618528e-07	8.73304052318655e-06	"gene-340320"
"gene-171856"	-11.1117972011619	2.12102385378541	44.585057262273	2.39365976554018e-07	8.98071733876559e-06	"gene-171856"
"gene-247117"	-11.1825102956584	2.09446316859476	44.5167624520082	2.42699418187203e-07	9.07429683821023e-06	"gene-247117"
"gene-47360"	-12.3815533246877	3.51897892289375	44.5002845930122	2.43511104090969e-07	9.07429683821023e-06	"gene-47360"
"gene-9379"	-12.3906038368071	3.51787349753749	46.2811594904286	2.46735862482084e-07	9.16340316305929e-06	"gene-9379"
"gene-39091"	-6.35104536269265	3.32550827081329	40.4491616584014	2.49663154936842e-07	9.24089919939633e-06	"gene-39091"
"gene-21552"	-9.18305460430289	2.47168554119943	41.5357618484094	2.50687461881128e-07	9.24767539751422e-06	"gene-21552"
"gene-199548"	-6.10228471537113	1.66436011685665	40.3009024366118	2.58652271149056e-07	9.45168028993222e-06	"gene-199548"
"gene-214179"	-9.62896463980378	4.28181608437942	41.3964626633596	2.58765175268046e-07	9.45168028993222e-06	"gene-214179"
"gene-243127"	-1.50085098663938	5.44946480788257	40.2926002842994	2.5916565470547e-07	9.45168028993222e-06	"gene-243127"
"gene-168981"	-6.84053397484835	3.96316495846692	40.2846736599798	2.59656822301422e-07	9.45168028993222e-06	"gene-168981"
"gene-300876"	-7.01602944500208	4.14067301848912	41.1990457035039	2.70689326513034e-07	9.82075170415112e-06	"gene-300876"
"gene-24483"	-13.6361906156962	4.78799568531722	45.7097014937327	2.75033370301536e-07	9.94553236751576e-06	"gene-24483"
"gene-40003"	-7.34528777107788	4.22479682469005	40.0103097589762	2.77279038713698e-07	9.98935091551803e-06	"gene-40003"
"gene-415190"	-12.5239442701465	3.53579170148872	45.6523037800785	2.78062528895526e-07	9.98935091551803e-06	"gene-415190"
"gene-228543"	-7.91005211432137	4.12075030006322	41.0474352669467	2.80242017581755e-07	1.00348550465024e-05	"gene-228543"
"gene-218159"	-10.2342332882886	6.06964458295404	42.2345320358875	2.85015265328998e-07	1.01726389992262e-05	"gene-218159"
"gene-357892"	-8.96026873347031	3.44358952836602	40.9300483987056	2.87883812752635e-07	1.0211264675421e-05	"gene-357892"
"gene-357898"	-6.15248867281216	4.73818564988099	39.8529189151803	2.87955248738334e-07	1.0211264675421e-05	"gene-357898"
"gene-76840"	-12.1826511576209	3.2821975697086	45.3724984762564	2.93351173289294e-07	1.03691622121197e-05	"gene-76840"
"gene-385482"	-11.5578745862063	2.68513641147646	43.5192302609252	2.97480169549566e-07	1.04650321522578e-05	"gene-385482"
"gene-357185"	-7.06405626903451	1.89604570023306	39.7108279504246	2.979673486452e-07	1.04650321522578e-05	"gene-357185"
"gene-181931"	-5.05529519841773	3.09606756849281	39.6178795711695	3.04715437861673e-07	1.06679516191508e-05	"gene-181931"
"gene-222081"	-10.9870940005904	1.82012847763185	41.7770703685514	3.14932515952773e-07	1.09906449138693e-05	"gene-222081"
"gene-138051"	-5.68883020667753	3.11066978580851	39.3551705866375	3.24676916524846e-07	1.12948523523976e-05	"gene-138051"
"gene-95842"	-8.628356232255	3.32476872836084	41.5691382716991	3.29620525787842e-07	1.14306575393872e-05	"gene-95842"
"gene-213663"	-7.89003071258432	4.93779333706773	39.2666274049418	3.31712568382474e-07	1.14509898735684e-05	"gene-213663"
"gene-206306"	-10.4824774519649	4.40864099480245	41.5324063962841	3.3229016371039e-07	1.14509898735684e-05	"gene-206306"
"gene-233799"	-6.6081209161552	1.95201390771181	40.2448494869996	3.37134214712997e-07	1.15529070383789e-05	"gene-233799"
"gene-188385"	-11.0589692164433	4.42701278288542	41.463648362965	3.37349509626091e-07	1.15529070383789e-05	"gene-188385"
"gene-46835"	-12.7933640464063	3.80353896137987	44.4876263202678	3.47945839622745e-07	1.18787845185492e-05	"gene-46835"
"gene-196757"	-5.5524069504276	2.72831181399456	38.9931394945084	3.54480734935471e-07	1.20644170871382e-05	"gene-196757"
"gene-216870"	-7.98299560179801	2.68491117206581	38.9606242270874	3.57295625537574e-07	1.21226876899215e-05	"gene-216870"
"gene-390687"	-12.9050798425879	3.80256515723051	44.317526611172	3.59640311110967e-07	1.21646952001319e-05	"gene-390687"
"gene-179514"	-10.0303096585154	3.72773006276147	38.9138200351784	3.6138910792972e-07	1.21699638334392e-05	"gene-179514"
"gene-122782"	-9.68157889429564	0.70757465741778	44.2837800432971	3.62010204087565e-07	1.21699638334392e-05	"gene-122782"
"gene-23335"	-9.30916436879164	3.71766516778568	38.8665286324784	3.65575615834487e-07	1.22523559294772e-05	"gene-23335"
"gene-152706"	-2.87873455433138	4.13824620991382	38.791394893332	3.72332707973206e-07	1.24408919718828e-05	"gene-152706"
"gene-280993"	-6.55972555394922	1.74199068886529	40.9575967950796	3.7720602067972e-07	1.25655326828247e-05	"gene-280993"
"gene-371805"	-6.06352116894075	-1.24997034870449	44.010704513182	3.81815709445873e-07	1.268066493637e-05	"gene-371805"
"gene-77298"	-12.4324093807257	3.64395664319873	43.9565083816317	3.85883097845444e-07	1.27692625642857e-05	"gene-77298"
"gene-305917"	-12.4823003580969	3.48022599337853	43.9388828732988	3.87215890188777e-07	1.27692625642857e-05	"gene-305917"
"gene-39560"	-9.35563109811373	0.877954089132632	42.2306047360043	3.88606095198486e-07	1.27692625642857e-05	"gene-39560"
"gene-16220"	-10.8312309000336	1.96037036347095	43.9025108548002	3.89981895494578e-07	1.27692625642857e-05	"gene-16220"
"gene-288876"	-3.35884530458708	3.4442326369056	38.5985142404622	3.90291296424996e-07	1.27692625642857e-05	"gene-288876"
"gene-21271"	-9.01151466543353	3.69940546928753	39.566754490081	3.94760532318234e-07	1.28771588479951e-05	"gene-21271"
"gene-414371"	-6.31182052245508	2.58874315976177	38.5128632861903	3.98557683271472e-07	1.29625580242701e-05	"gene-414371"
"gene-79630"	-8.02261103850982	3.40453220139484	38.4880359847042	4.00988295740836e-07	1.30031396315015e-05	"gene-79630"
"gene-62933"	-13.3129556837828	4.14784845134857	43.7020542177082	4.05611833432235e-07	1.31143849556487e-05	"gene-62933"
"gene-6435"	-9.01624036227403	2.24153205053496	40.5385770286833	4.14002929076931e-07	1.32866082033645e-05	"gene-6435"
"gene-229684"	-12.2463236648193	3.49491862910912	43.5918414008084	4.14490831867154e-07	1.32866082033645e-05	"gene-229684"
"gene-517"	-10.8654243118175	1.87922671053656	43.5837013953786	4.1515483714571e-07	1.32866082033645e-05	"gene-517"
"gene-253041"	-7.5379936782337	4.26029223428341	38.3403657047196	4.15773057578223e-07	1.32866082033645e-05	"gene-253041"
"gene-145820"	-4.79412705795153	3.65071898423444	38.3156954069448	4.18298743162433e-07	1.33271504549338e-05	"gene-145820"
"gene-244768"	-3.45317440962314	4.68530441213315	38.304343284604	4.19466392923416e-07	1.33271504549338e-05	"gene-244768"
"gene-419692"	-9.43681242865688	2.87247525905506	39.245761544329	4.25604258846199e-07	1.34831919812573e-05	"gene-419692"
"gene-142614"	-4.16606928741064	3.69235385254274	38.2201418286677	4.28235487665086e-07	1.35275652755813e-05	"gene-142614"
"gene-277158"	-11.3752969599527	2.62966328340748	43.2607055942478	4.42447033529874e-07	1.39364476779195e-05	"gene-277158"
"gene-281505"	-1.94024195390189	3.94918303751976	37.9846461992502	4.53806214041832e-07	1.42534048884624e-05	"gene-281505"
"gene-348108"	-10.3232229759683	3.49811195539906	40.1027909391948	4.56358260958973e-07	1.42927246801196e-05	"gene-348108"
"gene-291029"	-8.91622696678517	2.3623301664541	40.0684862545548	4.59882934079688e-07	1.4362196290733e-05	"gene-291029"
"gene-172049"	-10.7751297526389	1.83461773528895	43.0330311120511	4.62839839258796e-07	1.44135930679092e-05	"gene-172049"
"gene-191915"	-10.9450652240636	4.28394707205589	40.0081881233667	4.66148776832982e-07	1.44756313664547e-05	"gene-191915"
"gene-336035"	-12.5306002371775	3.69561753795913	42.9377918730648	4.71667866737343e-07	1.460576016632e-05	"gene-336035"
"gene-16026"	-13.0813067327859	4.30251373054772	42.9220855585588	4.73141025307828e-07	1.4610222728115e-05	"gene-16026"
"gene-259706"	-7.39231323236385	4.60509887774945	38.7683837090421	4.76293758100509e-07	1.46663789434143e-05	"gene-259706"
"gene-141624"	-11.8907889029072	3.20721354066268	42.857486447758	4.79252201697183e-07	1.46861298409458e-05	"gene-141624"
"gene-326347"	-9.27637705277713	3.2658798569826	38.739080701939	4.79607078404398e-07	1.46861298409458e-05	"gene-326347"
"gene-198802"	-3.23804671737152	3.61705377083905	37.6147272009922	4.97286439718258e-07	1.51851939772856e-05	"gene-198802"
"gene-297013"	-8.40291888728991	3.64105440112778	37.5740235533997	5.02333086399017e-07	1.5296807808267e-05	"gene-297013"
"gene-432055"	-11.5296692361033	2.7823897661554	40.9673938913505	5.07445620315716e-07	1.54098058125156e-05	"gene-432055"
"gene-198575"	-5.87818855362529	0.0283047031037804	37.4416925308006	5.19117918118027e-07	1.5707196095476e-05	"gene-198575"
"gene-290159"	-1.46580498204684	5.05430912193193	37.4341185991623	5.20096368484788e-07	1.5707196095476e-05	"gene-290159"
"gene-191573"	-9.63246672464994	1.13632182947266	40.8296548641574	5.22582730180319e-07	1.57390464462253e-05	"gene-191573"
"gene-286274"	-8.15918344485003	3.14521954806819	39.4828391539413	5.24746505702238e-07	1.57610337081549e-05	"gene-286274"
"gene-358511"	-9.60141538045167	3.79254924446399	37.3702655142895	5.28423289027606e-07	1.5828221297767e-05	"gene-358511"
"gene-146278"	-4.26846545997326	3.5255077144019	37.2297720837414	5.47245164755163e-07	1.63474622178084e-05	"gene-146278"
"gene-210389"	-13.3283899875209	4.16393181988433	42.1221617643825	5.55114733527743e-07	1.65376050560176e-05	"gene-210389"
"gene-78265"	-9.2648230455177	4.21797054305536	38.0976779481521	5.58607497688752e-07	1.65966816813309e-05	"gene-78265"
"gene-246947"	-11.9549850963628	2.97175482511459	42.0530711121353	5.6287887510633e-07	1.66785107117086e-05	"gene-246947"
"gene-347435"	-12.8065700304966	6.1203226010973	37.0937682745761	5.66142157055716e-07	1.6730109496004e-05	"gene-347435"
"gene-51064"	-6.20754465840102	4.42156784810137	37.0703370288628	5.69466907841285e-07	1.67832432115261e-05	"gene-51064"
"gene-40814"	-4.657970163807	3.23155750850678	36.9565213229305	5.85913052936652e-07	1.72121844909933e-05	"gene-40814"
"gene-347217"	-12.3805839443128	5.64871349573341	37.8893282475727	5.87152659339805e-07	1.72121844909933e-05	"gene-347217"
"gene-226923"	-11.6000290412307	2.83262872223166	41.7962542451749	5.92777583417813e-07	1.73308616343405e-05	"gene-226923"
"gene-407334"	-8.16101644457881	4.18071463775919	36.8803755294214	5.9719593595303e-07	1.74137265886782e-05	"gene-407334"
"gene-219239"	-9.14067966968612	2.60211206988349	38.8050257193948	6.12191807961115e-07	1.77733819033434e-05	"gene-219239"
"gene-6993"	-12.427083568004	3.3454475636766	41.632223897218	6.12763735228522e-07	1.77733819033434e-05	"gene-6993"
"gene-416888"	-11.7723272187585	2.81906131628582	39.9714127133565	6.28471983792802e-07	1.81810329416691e-05	"gene-416888"
"gene-78783"	-4.09002601966042	3.83283539181311	36.661411116062	6.30940331516493e-07	1.8204532977325e-05	"gene-78783"
"gene-199539"	-9.03844375138516	0.42710037429643	38.6612307073994	6.32666047964522e-07	1.82065389143298e-05	"gene-199539"
"gene-348484"	-9.76371775891678	3.72966179217241	36.6304110894871	6.35878347712587e-07	1.82512028104555e-05	"gene-348484"
"gene-330657"	-9.50436597346926	4.0961446208235	37.534855445603	6.39333260285742e-07	1.83025795060447e-05	"gene-330657"
"gene-291622"	-10.364240606573	4.693806933724	38.5679220693354	6.46341012566179e-07	1.84551344185455e-05	"gene-291622"
"gene-145387"	-8.34699728908774	3.02761535434591	37.4555481238356	6.51668174471391e-07	1.85590368962798e-05	"gene-145387"
"gene-281451"	-2.28024823425845	3.1415771408594	36.5159159056277	6.54473631273257e-07	1.85907716500954e-05	"gene-281451"
"gene-421316"	-1.42507973679595	4.70107251744696	36.4654613572007	6.62849801075134e-07	1.87801749052035e-05	"gene-421316"
"gene-272736"	-14.4250676292631	5.91530970672427	41.1957534972321	6.69555799975955e-07	1.89005361870606e-05	"gene-272736"
"gene-166529"	-10.7203749074642	2.27682971173085	38.4078655951911	6.70536624484092e-07	1.89005361870606e-05	"gene-166529"
"gene-183342"	-7.14931483823033	4.33121419976446	36.2410754090482	7.01498383044353e-07	1.97226898332649e-05	"gene-183342"
"gene-328642"	-8.05701001383749	2.82310469829401	36.2076992630219	7.074477956164e-07	1.98392184112528e-05	"gene-328642"
"gene-352199"	-3.70559054808747	4.14951598644522	36.1809762364723	7.12249735839689e-07	1.9923056860269e-05	"gene-352199"
"gene-160999"	-6.0307307558023	4.23417253304694	36.1586172241949	7.16293984626836e-07	1.99853293731036e-05	"gene-160999"
"gene-288903"	-8.81533912919249	2.91363318165539	36.1485841275884	7.18116637941405e-07	1.998545873643e-05	"gene-288903"
"gene-293157"	-3.39936946781229	3.618624237451	36.1266907365487	7.22110934939606e-07	2.00224644914558e-05	"gene-293157"
"gene-244392"	-6.39695366571675	4.82021878234691	36.1213488164641	7.23089093341941e-07	2.00224644914558e-05	"gene-244392"
"gene-15837"	-7.3945987655996	2.01284003299765	36.1063237970128	7.25847845491826e-07	2.0027830814096e-05	"gene-15837"
"gene-266926"	-12.5377993367144	3.52830050396403	40.7934710168395	7.26926634660631e-07	2.0027830814096e-05	"gene-266926"
"gene-362918"	-2.72168068533124	3.94907782801121	36.0705433665197	7.32462433989064e-07	2.01298988421045e-05	"gene-362918"
"gene-7331"	-11.3802968221266	4.48379458338585	37.9909793535949	7.38199647472047e-07	2.02017072214499e-05	"gene-7331"
"gene-360831"	-12.4699105187869	3.37706144453589	40.7148053106803	7.38750687075671e-07	2.02017072214499e-05	"gene-360831"
"gene-185593"	-6.85993327235135	0.0318379953285045	37.9386553147842	7.47192584020914e-07	2.03818562683422e-05	"gene-185593"
"gene-374700"	-7.38992855524769	2.52048701709226	35.7805282830198	7.88488237692481e-07	2.14550772201818e-05	"gene-374700"
"gene-164026"	-12.0026536981013	3.46846749822821	38.8088495120232	8.1000326933727e-07	2.19051996669255e-05	"gene-164026"
"gene-308117"	-5.10099294607667	2.9698984859499	35.6748413869835	8.10017124067148e-07	2.19051996669255e-05	"gene-308117"
"gene-366123"	-7.85366792971532	4.84202002663492	35.657388335251	8.13631801267616e-07	2.19051996669255e-05	"gene-366123"
"gene-307478"	-6.59969741659531	0.675498830149739	37.5677526024504	8.14382293400274e-07	2.19051996669255e-05	"gene-307478"
"gene-143831"	-7.04347685478081	4.33439724468616	36.5342475127168	8.14993783659831e-07	2.19051996669255e-05	"gene-143831"
"gene-190490"	-11.2833465464815	4.78967039395019	36.4047638329424	8.41224936211709e-07	2.25550871311593e-05	"gene-190490"
"gene-160317"	-4.24657322319247	3.69942365704719	35.2732245025162	8.97672697310143e-07	2.38489492320986e-05	"gene-160317"
"gene-34357"	-9.06289389868457	2.57016908659359	36.132929096935	8.99253261791836e-07	2.38489492320986e-05	"gene-34357"
"gene-335655"	-6.46563531390702	4.08315280529534	35.2657863239883	8.99387778372744e-07	2.38489492320986e-05	"gene-335655"
"gene-326728"	-5.54678435558529	3.10915054332687	35.2653412671148	8.9949050858748e-07	2.38489492320986e-05	"gene-326728"
"gene-294758"	-5.55655114171797	4.6227787408426	35.2617117789051	9.0032874841453e-07	2.38489492320986e-05	"gene-294758"
"gene-285792"	-7.38066211388884	-0.94812021294666	39.6004338669335	9.30408542319687e-07	2.45864930425969e-05	"gene-285792"
"gene-187248"	-5.54536996954328	0.910466004558218	35.1222151116605	9.33180329066541e-07	2.46006027756079e-05	"gene-187248"
"gene-104942"	-10.2863953162622	1.67742439350528	39.4090189137096	9.6839947888681e-07	2.54679795966572e-05	"gene-104942"
"gene-220105"	-6.79676682847643	3.5033073536919	34.9629753614637	9.72237617512172e-07	2.55078952966857e-05	"gene-220105"
"gene-70225"	-7.2329133913491	4.22151541791602	34.9229931061764	9.82313345739772e-07	2.57108824040889e-05	"gene-70225"
"gene-75362"	-9.79299674617585	4.14839291872454	36.669740963379	1.00518177353497e-06	2.62469435545603e-05	"gene-75362"
"gene-174508"	-4.93818408002847	4.30772177067507	34.8115846896397	1.01097592953556e-06	2.6250422547277e-05	"gene-174508"
"gene-238229"	-4.72237623448434	0.633885603796232	35.6571179158469	1.01129154669551e-06	2.6250422547277e-05	"gene-238229"
"gene-304002"	-12.2377027575961	3.74496690188964	39.1967891280359	1.01247877376926e-06	2.6250422547277e-05	"gene-304002"
"gene-33226"	-8.9230074524124	4.44054388988239	34.721400455543	1.03482579505313e-06	2.67666822706332e-05	"gene-33226"
"gene-194412"	-7.37780536574003	3.08430358907721	35.5515232845066	1.03810954590555e-06	2.67885874134736e-05	"gene-194412"
"gene-355067"	-3.0884591266016	3.60186381277996	34.6775012678221	1.04664996071835e-06	2.6945721354044e-05	"gene-355067"
"gene-141548"	-7.68196856374275	4.13736879496702	34.6565274801356	1.05234958932649e-06	2.70291566249209e-05	"gene-141548"
"gene-214212"	-9.07221757668653	3.2598189260701	35.4492058217646	1.06481612562246e-06	2.72698290642486e-05	"gene-214212"
"gene-10198"	-4.59937906139047	7.28012014273163	34.6043157798053	1.06668120600627e-06	2.72698290642486e-05	"gene-10198"
"gene-354992"	-7.59944873781178	2.72534650630547	34.5049579697233	1.09452736716529e-06	2.78362372363738e-05	"gene-354992"
"gene-1807"	-6.60167680863123	1.23145575380253	34.5049362044333	1.09453355070379e-06	2.78362372363738e-05	"gene-1807"
"gene-119257"	-7.98281410803866	4.32404625532452	34.4982556475786	1.09643325055489e-06	2.78362372363738e-05	"gene-119257"
"gene-141719"	-8.67758384462611	4.066235465573	35.3050899775005	1.10367634805049e-06	2.79555624288456e-05	"gene-141719"
"gene-146310"	-11.1331037362614	1.95024073253112	37.3643513921184	1.11728767817275e-06	2.82352722900069e-05	"gene-146310"
"gene-50383"	-11.1257328534265	2.35027519711787	38.6986524424999	1.12463605042319e-06	2.83557892254637e-05	"gene-50383"
"gene-341956"	-7.09114771096328	0.611927118430167	36.1219528725581	1.14453420316529e-06	2.87914519345447e-05	"gene-341956"
"gene-114203"	-5.61965720803738	1.06889940831405	36.071500457696	1.15836621420433e-06	2.90728762391511e-05	"gene-114203"
"gene-421051"	-7.27085452211189	3.62237567948804	35.0640604503789	1.17207090593831e-06	2.93498302254666e-05	"gene-421051"
"gene-13811"	-5.29513705273312	3.89393662998648	34.1998507508231	1.18494892636191e-06	2.96048716988557e-05	"gene-13811"
"gene-31079"	-7.4405997194168	2.69764791025201	34.0927612535859	1.218532098386e-06	3.03748828969554e-05	"gene-31079"
"gene-153056"	-8.51278232002165	2.90601619756879	35.8058783457372	1.23418517096445e-06	3.06954696479913e-05	"gene-153056"
"gene-396148"	-7.12084681202097	3.2057059587129	33.9807920186188	1.25472463359049e-06	3.11358643274498e-05	"gene-396148"
"gene-361030"	-1.01127180105171	5.22387238873779	33.9519118546789	1.26424306985233e-06	3.1301405556051e-05	"gene-361030"
"gene-162742"	-8.98676262459453	2.48355832786423	34.6533595911028	1.2991828347353e-06	3.20941952859441e-05	"gene-162742"
"gene-206319"	-8.18169015981573	3.32089050998036	34.6332860174765	1.30575920640749e-06	3.2184329497842e-05	"gene-206319"
"gene-213743"	-11.3752621915091	2.64064923448508	37.9753546459823	1.3119006581091e-06	3.22633645069201e-05	"gene-213743"
"gene-237494"	-7.83611609630655	3.62355187160082	33.6940889159725	1.35268092685322e-06	3.31920121180746e-05	"gene-237494"
"gene-291432"	-9.01141746708725	2.90290511649343	34.4360447407479	1.37228954893278e-06	3.35981715176348e-05	"gene-291432"
"gene-249148"	-10.3411976357149	3.69652094006899	34.4203653077071	1.37773047318243e-06	3.36564246482099e-05	"gene-249148"
"gene-79356"	-6.58149168976975	4.07563050926329	33.5943266027565	1.38863707975899e-06	3.38476439418861e-05	"gene-79356"
"g14715"	-12.2192592417322	3.76385484898018	37.6615114527001	1.40334362994516e-06	3.41304347875821e-05	"g14715"
"gene-426041"	-8.39676512429129	-0.032796730609919	36.3364257583176	1.41088610180975e-06	3.42256055756363e-05	"gene-426041"
"gene-150996"	-9.22046073706741	2.68726228579361	33.5269725006351	1.4134835742144e-06	3.42256055756363e-05	"gene-150996"
"gene-429407"	-11.034062867695	1.96973327871085	37.5624943193304	1.43359656433493e-06	3.46363231466678e-05	"gene-429407"
"gene-428729"	-9.1585899532122	2.20497637016108	34.2212352622682	1.44885792022605e-06	3.49282787654494e-05	"gene-428729"
"gene-129453"	-9.1338480584639	0.122327285419719	37.4157223316082	1.47973628479675e-06	3.55946192095637e-05	"gene-129453"
"gene-118573"	-9.90436088247436	3.45463782584528	34.065031310002	1.50737749063703e-06	3.61132585999929e-05	"gene-118573"
"gene-34402"	-11.1734446319475	4.94990007260188	34.9739223998088	1.50786734261773e-06	3.61132585999929e-05	"gene-34402"
"gene-270171"	-11.8570105355862	3.06225671818013	37.1203687032758	1.57749199371729e-06	3.76986293194221e-05	"gene-270171"
"gene-331515"	-7.03221314385695	2.34817074509148	33.8513391145652	1.59153014263795e-06	3.79516070672862e-05	"gene-331515"
"gene-58220"	-6.00683934878346	3.91132180346241	33.0378796429724	1.60863619808828e-06	3.82764885835162e-05	"gene-58220"
"gene-64009"	-6.01364616182975	3.1332471684376	33.0128069806608	1.61937916146293e-06	3.83740719106131e-05	"gene-64009"
"gene-115518"	-5.19718145261273	3.50646491471462	33.0120170548569	1.61971885440958e-06	3.83740719106131e-05	"gene-115518"
"gene-118590"	-12.4710078105099	3.55537402334797	36.9613980500642	1.63296087244962e-06	3.86045997222337e-05	"gene-118590"
"gene-184811"	-11.3388670505004	2.52207798988288	35.5907470525632	1.6750822551349e-06	3.95143872253652e-05	"gene-184811"
"gene-285765"	-9.27980219721661	2.91876992215399	33.6424296948522	1.67863356993046e-06	3.95143872253652e-05	"gene-285765"
"gene-236990"	-5.15710311913738	4.31032975197587	32.7397802798095	1.74140248498442e-06	4.09043536697301e-05	"gene-236990"
"gene-304606"	-11.5961208942809	3.2013375488096	36.4949183157765	1.80817489639696e-06	4.2382231633458e-05	"gene-304606"
"gene-212345"	-1.92063318850245	3.27390645672203	32.5344707147508	1.83955336456423e-06	4.30259790141586e-05	"gene-212345"
"gene-115189"	-4.27787342438404	3.09707829580616	32.4856451763597	1.86374584696129e-06	4.34992740884191e-05	"gene-115189"
"gene-299976"	-10.5869347181535	2.15893652263573	36.2630017354903	1.90270993351846e-06	4.43145980914585e-05	"gene-299976"
"gene-131605"	-6.29749851675554	2.41520740637456	32.9664801077501	1.99688935604562e-06	4.64097350761301e-05	"gene-131605"
"gene-114074"	-8.00175491479755	5.07387359931163	32.2083946537619	2.00765664836927e-06	4.65615391044798e-05	"gene-114074"
"gene-602"	-5.48228133010934	2.55128599844844	32.1938214691414	2.01553917644792e-06	4.66459414035621e-05	"gene-602"
"gene-26305"	-1.82874669249942	3.08723969792759	32.184579720076	2.02055493284653e-06	4.66637823041638e-05	"gene-26305"
"gene-233784"	-9.39003281718118	0.558699010860597	34.6441092924891	2.08913741189305e-06	4.81465148195814e-05	"gene-233784"
"gene-286572"	-7.79935819917106	4.19276882504021	32.0327243533625	2.10489007795697e-06	4.83880058086832e-05	"gene-286572"
"gene-194476"	-9.23832788651971	3.5186860834938	33.6054172879457	2.10841942894198e-06	4.83880058086832e-05	"gene-194476"
"gene-296201"	-4.43588888345782	1.49429949539308	32.0122853528632	2.11652249274591e-06	4.84727745057412e-05	"gene-296201"
"gene-207502"	-6.84533574179105	3.04229139270721	31.9845959534227	2.13238992139295e-06	4.87346411764506e-05	"gene-207502"
"gene-301715"	-4.51295148952238	4.84887677147152	31.927128627336	2.16572468789321e-06	4.93872167942649e-05	"gene-301715"
"gene-45037"	-12.728293442726	3.98501520395101	35.6689889068208	2.16992865565632e-06	4.93872167942649e-05	"gene-45037"
"gene-340742"	-8.18312363495651	0.0183293366573699	34.4345950595464	2.19482135068487e-06	4.97777501814529e-05	"gene-340742"
"gene-225876"	-1.57219643795089	5.00418744849249	31.8754986107159	2.19614380405755e-06	4.97777501814529e-05	"gene-225876"
"gene-122773"	-8.36179107110336	-0.26120244416414	35.5513475944395	2.22748562074234e-06	5.03842580839929e-05	"gene-122773"
"gene-195592"	-6.53761470127144	5.03504309604568	31.7000690566647	2.30292569323983e-06	5.19837005046929e-05	"gene-195592"
"gene-342049"	-5.67607756430959	3.12576954724728	31.6916160093175	2.30820774523208e-06	5.19961634084759e-05	"gene-342049"
"gene-420709"	-13.1349894319648	4.20160514946581	34.1408268791871	2.35274211164975e-06	5.28909898432837e-05	"gene-420709"
"gene-290739"	-4.62996856788071	5.11736866385704	31.5792017000742	2.37968389024661e-06	5.33132000533048e-05	"gene-290739"
"gene-125470"	-5.43328397180742	5.33648697949846	31.5768209778833	2.3812227077388e-06	5.33132000533048e-05	"gene-125470"
"gene-272210"	-7.94285030491264	3.776649222612	32.2118803370452	2.42932471990151e-06	5.42666894745436e-05	"gene-272210"
"gene-199491"	-4.99744920686312	2.35280824068774	32.2050220587944	2.4336830629446e-06	5.42666894745436e-05	"gene-199491"
"gene-386052"	-3.80601508757998	2.8766472091745	31.4821709765333	2.44326233519796e-06	5.43700057709134e-05	"gene-386052"
"gene-104716"	-11.9065313194391	3.01012856771853	35.0432722537375	2.49559289175919e-06	5.54223286042602e-05	"gene-104716"
"gene-180073"	-10.4096656384398	2.0011698181764	34.9940478370935	2.52335336662898e-06	5.59258539503072e-05	"gene-180073"
"gene-61384"	-5.95840624241492	3.92548182714227	31.3370547977909	2.541724256224e-06	5.62196675023549e-05	"gene-61384"
"gene-99641"	-7.6246534652629	2.93924736473954	32.0138192143025	2.55859257895527e-06	5.64791329728018e-05	"gene-99641"
"gene-144820"	-8.4389781951249	3.71147081681678	31.170909052454	2.65963352718907e-06	5.85136303807593e-05	"gene-144820"
"gene-299566"	-12.1208547355715	3.16871717063198	34.7575998100643	2.66140409263892e-06	5.85136303807593e-05	"gene-299566"
"gene-291587"	-8.09446942463744	2.90325830382927	32.5440397165471	2.74857414266242e-06	6.03095320365029e-05	"gene-291587"
"gene-259741"	-7.5056015565691	2.96663007721495	32.4911970129589	2.78543363852858e-06	6.09580582974779e-05	"gene-259741"
"gene-65056"	-3.62955988027697	0.827779793372499	30.9970694352736	2.78922071533079e-06	6.09580582974779e-05	"gene-65056"
"gene-194969"	-10.7995767119015	2.06846500120563	34.5255755897273	2.80478936042779e-06	6.11766853952038e-05	"gene-194969"
"gene-183222"	-5.78820483787789	1.56109139405167	30.8524087396167	2.9021490364298e-06	6.3174899717768e-05	"gene-183222"
"gene-222430"	-4.1463889339651	4.64510747675308	30.8445454240882	2.90842450221521e-06	6.31863844918019e-05	"gene-222430"
"gene-171811"	-6.17224319611793	3.76706108479957	30.8301062485957	2.91998537892553e-06	6.33124245967028e-05	"gene-171811"
"gene-285738"	-12.9858403391797	4.31536727905902	34.330666706254	2.93165757109616e-06	6.34403773209844e-05	"gene-285738"
"gene-402450"	-7.4791013518017	5.03977775392601	31.4838095029764	2.94176516655002e-06	6.35340362983976e-05	"gene-402450"
"gene-142374"	-10.5725717011382	1.99691285759364	34.2744753681621	2.9693680343721e-06	6.40044368663775e-05	"gene-142374"
"gene-360840"	-7.69505611761662	3.29912216953829	31.3834554740083	3.02094170030546e-06	6.49886734079412e-05	"gene-360840"
"gene-293139"	-11.6052643944021	2.65652660923847	34.1391629659451	3.06233289757752e-06	6.57504405138079e-05	"gene-293139"
"gene-338346"	-6.08347032111223	1.51218174252157	31.3143918340007	3.07674315321975e-06	6.59310672189956e-05	"gene-338346"
"gene-268342"	-7.4289412367306	0.934888658958253	31.292447290362	3.09470197184646e-06	6.61868847791987e-05	"gene-268342"
"gene-26108"	-5.7476067854802	3.18434024393043	30.5913578131891	3.1183578893334e-06	6.65633170435767e-05	"gene-26108"
"gene-22821"	-7.46515900806247	1.57367177776842	30.5684466003493	3.13813067153438e-06	6.68555629305765e-05	"gene-22821"
"gene-152610"	-11.0197110900545	2.29836965934941	32.7839330293418	3.25742066337786e-06	6.92627182833903e-05	"gene-152610"
"gene-340712"	-5.76867958963084	3.21295596082782	30.3553720286372	3.3285009410322e-06	7.06374726732953e-05	"gene-340712"
"gene-107333"	-3.66798681081866	3.77577338037844	30.3117012073346	3.36900626512091e-06	7.13593176733606e-05	"gene-107333"
"gene-69862"	-3.43935427625663	3.14377603936325	30.2025866479622	3.47250866138793e-06	7.34101686819952e-05	"gene-69862"
"gene-285316"	-6.17661752197332	2.92655213119503	30.1680625103334	3.50595371627574e-06	7.39749504856415e-05	"gene-285316"
"gene-635"	-3.61855794060059	1.19937295628346	29.9087475623845	3.76832471403411e-06	7.93361959802698e-05	"gene-635"
"gene-38816"	-7.86974335744602	4.40328783783206	29.9028981279951	3.77447743997827e-06	7.93361959802698e-05	"gene-38816"
"gene-255416"	-8.11088270305089	3.61403933343974	29.894605715202	3.78321803728576e-06	7.93681600837449e-05	"gene-255416"
"gene-247244"	-7.17137375236687	0.913170244963125	31.281504231717	3.79077712941117e-06	7.93752628259372e-05	"gene-247244"
"gene-30423"	-1.00835624268369	5.70523075077969	29.8545327377763	3.82575977459345e-06	7.98492931507094e-05	"gene-30423"
"gene-72366"	-4.04454530570191	4.50128858326006	29.8524889393707	3.82794300831655e-06	7.98492931507094e-05	"gene-72366"
"gene-115297"	-1.43167851799892	6.34124438079189	29.7727150664246	3.91419788284318e-06	8.14938964509377e-05	"gene-115297"
"gene-152584"	-11.2588736998656	2.50251733283761	33.0618822896561	3.92422605084642e-06	8.15482362513321e-05	"gene-152584"
"gene-122164"	-3.27898295455428	4.45063872479226	29.7128990802535	3.98022177348894e-06	8.25558074640829e-05	"gene-122164"
"gene-54550"	-12.0494019167927	3.26711154705819	31.9025046718043	4.04021767622677e-06	8.36423972029394e-05	"gene-54550"
"gene-420821"	-11.7202824233941	2.81489192771192	32.8071998694715	4.16398867614077e-06	8.59123706217125e-05	"gene-420821"
"gene-259165"	-4.72879318678708	3.9870939139804	29.5504945487202	4.16549563734856e-06	8.59123706217125e-05	"gene-259165"
"gene-360036"	-10.7834677632353	1.8525940023376	32.639610912676	4.33031817061167e-06	8.9024661191779e-05	"gene-360036"
"gene-402584"	-10.1732523033605	1.25159487625829	31.619381435815	4.33259289889946e-06	8.9024661191779e-05	"gene-402584"
"gene-233383"	-2.0282329956758	4.3933409968126	29.3951855241471	4.3512293830943e-06	8.92407921797679e-05	"gene-233383"
"gene-12117"	-7.03065052608685	2.721077143524	29.3178906502584	4.4469142564585e-06	9.10333862593078e-05	"gene-12117"
"gene-84601"	-8.6817703122088	2.28668387551934	29.8863932286832	4.51323028978622e-06	9.22192204007805e-05	"gene-84601"
"gene-233537"	-6.65881426492713	2.01133209513163	29.1995977472048	4.5976876388032e-06	9.36871021604847e-05	"gene-233537"
"gene-421725"	-10.0787186630093	3.56003507244117	30.5325826115988	4.60211363291747e-06	9.36871021604847e-05	"gene-421725"
"gene-179634"	-7.12374504868353	2.9837903967098	29.8070611388379	4.61155953740009e-06	9.37058669032147e-05	"gene-179634"
"gene-29269"	-12.7681889019804	3.86514427267256	30.5153919610913	4.62278102503633e-06	9.37605752919269e-05	"gene-29269"
"gene-243159"	-2.91199579867219	4.67141333796453	29.0913316796681	4.74042728004195e-06	9.59696447320462e-05	"gene-243159"
"gene-75666"	-5.75650193180587	2.60747959061461	29.5562705880265	4.93765240745265e-06	9.97787002116304e-05	"gene-75666"
"gene-164684"	-5.10970229820209	5.67742099751853	28.7714071248273	5.19030556682475e-06	0.000104596216575998	"gene-164684"
"gene-76825"	-9.09108151651333	0.777144708390023	31.8669654618517	5.19508180210085e-06	0.000104596216575998	"gene-76825"
"gene-93344"	-6.49102387985019	3.31450306816236	29.2531230014017	5.36482733921369e-06	0.000107816356380212	"gene-93344"
"gene-249163"	-3.42887892921356	2.12941220084915	28.6339237607602	5.397321274897e-06	0.000108271446669603	"gene-249163"
"gene-162992"	-2.11908411288709	3.58462701065772	28.6233312869651	5.41362945106021e-06	0.00010840078061112	"gene-162992"
"gene-229820"	-7.73659711680513	3.91206353360423	28.565551584426	5.50351005634898e-06	0.000109784728829516	"gene-229820"
"gene-353876"	-9.87090613784285	3.50813193153361	29.847551005592	5.50742045840882e-06	0.000109784728829516	"gene-353876"
"gene-205721"	-3.52389190199999	3.76827363945827	28.559696768839	5.51270538650894e-06	0.000109784728829516	"gene-205721"
"gene-39698"	-4.1293737841808	2.14519987159113	28.4930079571452	5.61859914231025e-06	0.00011163493203427	"gene-39698"
"gene-258416"	-10.6517344755101	2.15645056140734	30.5729800767205	5.62592125416041e-06	0.00011163493203427	"gene-258416"
"gene-350762"	-4.80643222480226	4.04862555950066	28.4718471082175	5.65264829692729e-06	0.000111963176086706	"gene-350762"
"gene-418688"	-7.47135608893645	2.66359965191265	28.989344144141	5.76848981236079e-06	0.000114052173574249	"gene-418688"
"gene-136310"	-8.48618800560224	3.92859178416017	28.9803889217298	5.78274770642943e-06	0.000114128807067825	"gene-136310"
"gene-218556"	-2.47203961251087	4.15012787292657	28.3578768984355	5.83982822635644e-06	0.000115048802316015	"gene-218556"
"gene-285922"	-7.64867184037071	3.65999308611412	28.9269784455245	5.86856501507718e-06	0.000115408113078253	"gene-285922"
"gene-285307"	-2.92725048512162	0.542236984182823	28.2175751554967	6.07930633476569e-06	0.000119338954532284	"gene-285307"
"gene-76335"	-7.45450796172523	3.23933725119143	28.1418406472127	6.2128762288332e-06	0.000121743580006352	"gene-76335"
"gene-290097"	-6.89283170754292	2.96565630632768	28.1070772279417	6.27522400741882e-06	0.000122746508031237	"gene-290097"
"gene-60444"	-7.42987001716729	0.527156202568933	29.3211402805021	6.33154504562299e-06	0.000123628196601303	"gene-60444"
"gene-104966"	-6.81740313336619	3.3720058398757	28.5481297839218	6.5174775756089e-06	0.000127033033667852	"gene-104966"
"gene-64072"	-11.4671604190182	2.77331217391133	30.8629251924466	6.60660039718377e-06	0.000128542226842905	"gene-64072"
"gene-2673"	-4.73219367527816	3.04492696321275	27.8234461818853	6.80934766456879e-06	0.000132252930877393	"gene-2673"
"gene-184749"	-9.65356872967576	1.12043092508173	30.6610484330553	6.93736396731058e-06	0.000134501661539057	"gene-184749"
"gene-406225"	-4.62540815010001	0.716099435313123	27.6535963093868	7.15206795013215e-06	0.000138420216506695	"gene-406225"
"gene-280460"	-2.58615288654769	4.45573502070787	27.6123810502291	7.23795405398087e-06	0.000139836254684379	"gene-280460"
"gene-305392"	-11.9784595674711	2.99518486597595	30.4624645983092	7.28015627593965e-06	0.000140404838493692	"gene-305392"
"gene-38909"	-10.9725257776669	2.29965099515211	30.3690686244508	7.44763000186751e-06	0.000143383181454518	"gene-38909"
"gene-269822"	-2.67076264751926	1.88881137842595	27.4237664269028	7.64516279439646e-06	0.000146928801746154	"gene-269822"
"gene-24278"	-10.5727412620693	3.60440951567073	27.9279329073115	7.74974039116951e-06	0.000148678701780325	"gene-24278"
"gene-270837"	-3.14319216277977	3.00212616288466	27.2883375473857	7.95246632365357e-06	0.000152302199121818	"gene-270837"
"gene-213699"	-9.60585031851643	3.49189841133621	28.4624906485596	7.97072611867139e-06	0.000152386421256617	"gene-213699"
"gene-425553"	-4.74431607102581	2.61939651962836	27.2452955437922	8.052850687983e-06	0.000153689214605898	"gene-425553"
"gene-79960"	-11.6306436614459	2.7664263903037	29.9876088962731	8.1759065210518e-06	0.000155767314360351	"gene-79960"
"gene-38432"	-1.66072305579183	4.09412072145195	27.1804516419116	8.20662295982068e-06	0.000156082017642403	"gene-38432"
"gene-22862"	-8.89766578811573	0.191060560991962	29.0773601782034	8.24172800729362e-06	0.000156478956794782	"gene-22862"
"gene-363160"	-3.9832463791103	3.65147804343825	27.1355699754587	8.31487474925684e-06	0.000157595548480311	"gene-363160"
"gene-322589"	-6.36214117095654	3.15214964474884	27.6342221145665	8.41757395394358e-06	0.000159267453486578	"gene-322589"
"gene-248072"	-7.39952940873403	3.75316574326435	27.5194220482817	8.6949857003579e-06	0.000164233638838547	"gene-248072"
"gene-251998"	-3.13750242956207	3.62632103034557	26.910897993057	8.87996417556525e-06	0.000167439873382485	"gene-251998"
"gene-1771"	-5.28623917009495	0.449576954434707	28.043644433707	8.92946797825099e-06	0.00016808500254266	"gene-1771"
"gene-405096"	-10.4779721514484	1.51808229257719	29.5612007973844	9.08166170500537e-06	0.000170657619013887	"gene-405096"
"gene-111421"	-8.63339687394603	2.91614851259123	27.275235600198	9.3178643563799e-06	0.000174797411040417	"gene-111421"
"gene-71665"	-5.25175995538058	-0.417613303162187	27.8763979808845	9.34599536993845e-06	0.000174975523954641	"gene-71665"
"gene-146107"	-2.425164031227	2.13259070824179	26.7319179411829	9.35919294872453e-06	0.000174975523954641	"gene-146107"
"gene-165465"	-11.7709575412885	3.02900654320568	29.4154973275385	9.41541518287965e-06	0.000175727774372489	"gene-165465"
"gene-258455"	-8.36258002778802	3.66409347814554	26.6978643217315	9.45343397235295e-06	0.000176138304505213	"gene-258455"
"gene-206132"	-7.61423574647066	3.63752081946147	27.7298281994992	9.72806770495728e-06	0.000180948643452784	"gene-206132"
"gene-280481"	-7.87190030018451	1.82776305263233	27.0955886295669	9.8062910598089e-06	0.00018209553652108	"gene-280481"
"gene-363284"	-5.51741848744821	2.75116039823512	26.5129576895306	9.98299309527708e-06	0.000184989893887034	"gene-363284"
"gene-31203"	-10.1164052494078	1.20184802511776	28.3365922790008	9.99581524323646e-06	0.000184989893887034	"gene-31203"
"gene-13404"	-8.63433259500224	2.11299335600369	27.5078482521036	1.03387499150249e-05	0.000191014920698938	"gene-13404"
"gene-147885"	-6.98224773691339	4.132659137222	26.3396679394154	1.05078473865998e-05	0.000193697764211888	"gene-147885"
"gene-122764"	-6.84674312474312	1.92067819098223	26.8497519790187	1.05191999667513e-05	0.000193697764211888	"gene-122764"
"gene-205337"	-5.37520191304155	3.5662601235431	26.1607458118066	1.10805294268051e-05	0.000203692742456302	"gene-205337"
"gene-355061"	-6.74833634521766	1.12135831874024	27.110036730785	1.15377326243051e-05	0.000211743396893131	"gene-355061"
"gene-74305"	-4.06640626368721	4.73445931447031	25.9953722624027	1.16392819221304e-05	0.000213251043616632	"gene-74305"
"gene-197725"	-4.18572752388959	1.68815671278973	25.9760702593424	1.17064164314729e-05	0.000214124186075178	"gene-197725"
"gene-335834"	-2.82110881665468	2.66334377193406	25.9220420475089	1.18965216753821e-05	0.000217239971391154	"gene-335834"
"gene-101301"	-8.328851042976	3.4472416565245	25.8581956157613	1.21253959396017e-05	0.000221052201598743	"gene-101301"
"gene-23834"	-11.6598657548384	2.67653057482821	28.2544756029778	1.25972199894437e-05	0.000229273575072772	"gene-23834"
"gene-135898"	-5.01656068525819	3.13517408003137	25.7218081996066	1.26300748579333e-05	0.000229491591592167	"gene-135898"
"gene-165990"	-2.75768793560397	2.32054265823308	25.7155841088422	1.26536302929318e-05	0.00022954019440627	"gene-165990"
"gene-62605"	-6.02754892815548	2.63730160382648	25.6445843147936	1.29256492359037e-05	0.000234088405354678	"gene-62605"
"gene-198946"	-7.25398034008713	3.11039979444127	25.6349935069287	1.29628661768382e-05	0.000234376295858523	"gene-198946"
"gene-152204"	-1.60818745842173	3.16198358953089	25.6159183436815	1.30372246394876e-05	0.000235333678919355	"gene-152204"
"gene-422359"	-8.49837867866232	-0.273978862762511	28.0747120043547	1.31856031484974e-05	0.000237621861330216	"gene-422359"
"gene-164657"	-8.84621923999795	3.09769818573248	26.619252691359	1.3224766841047e-05	0.000237937580824271	"gene-164657"
"gene-203530"	-7.33857117165423	2.57706472666607	25.5342262036371	1.33608221272101e-05	0.000239992675889576	"gene-203530"
"gene-188973"	-1.52453573924553	5.66990532009521	25.5199656975374	1.34181771656657e-05	0.000240629725256384	"gene-188973"
"gene-109867"	-12.7166524124162	3.89328610835552	27.9482430613235	1.36172202512327e-05	0.000243801469416613	"gene-109867"
"gene-324167"	-11.2593612090205	2.32665025661403	27.9281909859992	1.36870384588614e-05	0.000244653030533761	"gene-324167"
"gene-384593"	-4.46790379325763	2.90860296859501	25.4402759225743	1.37435210544037e-05	0.00024526384245302	"gene-384593"
"gene-53133"	4.65971182175616	0.860464365320327	25.3566506799375	1.40939306385625e-05	0.00025110952918917	"gene-53133"
"gene-118973"	-11.4569101881262	2.64770606711024	27.7719458717094	1.42444243527531e-05	0.000253380189174458	"gene-118973"
"gene-262476"	-12.0838007675596	3.0129099635667	27.7365473944674	1.43740646736095e-05	0.000255273171174458	"gene-262476"
"gene-111720"	-8.27539582444124	2.34826605584232	25.7417962432869	1.4488229081584e-05	0.000256885648861053	"gene-111720"
"gene-413822"	-10.4530914248999	1.65360100452815	26.8816871244698	1.47155680545806e-05	0.000260348592010815	"gene-413822"
"gene-227403"	-6.75527071379472	3.27297883625252	25.684906378803	1.47309036869578e-05	0.000260348592010815	"gene-227403"
"gene-291112"	-4.25761239048218	2.76095179634672	24.9861454709197	1.5764210824811e-05	0.000278163675115806	"gene-291112"
"gene-288206"	-3.46222705674643	4.87963305508546	24.9459908522978	1.59574350681142e-05	0.000281121929012468	"gene-288206"
"gene-180343"	-9.08756004264105	2.98944571205862	25.8574429590762	1.63852848616284e-05	0.00028819749837421	"gene-180343"
"gene-219328"	-5.67638759350114	2.77639121015548	24.8139211955835	1.66108439788585e-05	0.00029169809562235	"gene-219328"
"gene-61250"	-1.10384852857006	4.97538973371878	24.7743175709891	1.68122582649913e-05	0.000294764202722567	"gene-61250"
"gene-287217"	-3.86799122731204	4.16279075534817	24.7000273210625	1.71970889328307e-05	0.00030103120802326	"gene-287217"
"gene-70534"	-8.65288896104816	0.124308472039796	26.8875268975471	1.78962858174447e-05	0.000312772448316645	"gene-70534"
"gene-409737"	-3.67758452389606	1.26993043805925	24.5540235783321	1.79808459666928e-05	0.000313751491606117	"gene-409737"
"gene-24426"	-7.80683049040411	-0.62863164288083	26.1346518258049	1.80227517259816e-05	0.000313942469480851	"gene-24426"
"gene-119278"	-5.57827898782022	3.77454122316937	24.5416640303495	1.80489075513416e-05	0.000313942469480851	"gene-119278"
"gene-122692"	-9.04366390876406	0.261118676954053	26.8413293728413	1.81128724045432e-05	0.000314557355992327	"gene-122692"
"gene-9263"	-6.47601492698126	-1.62097783520673	26.0738806654594	1.83247871071171e-05	0.000317735622505581	"gene-9263"
"gene-288188"	-2.1583571652663	4.39042159131652	24.4783177430798	1.84020517082785e-05	0.000318572841620638	"gene-288188"
"gene-104695"	-3.28835186809985	4.43436115220106	24.4588720862431	1.85119199913469e-05	0.000319970969284397	"gene-104695"
"gene-96015"	-3.13537857874379	0.784820654702572	24.4325262196272	1.86618840307654e-05	0.000321819841959907	"gene-96015"
"gene-93014"	-4.99471998658155	4.21910938591065	24.4298067880173	1.86774364750678e-05	0.000321819841959907	"gene-93014"
"gene-218232"	-7.84815012405398	1.28465101184296	25.3878462597239	1.87277079013145e-05	0.000322181053144211	"gene-218232"
"gene-249870"	-5.23673429269543	3.27514010659675	24.3008229672093	1.9431091833905e-05	0.000333759363328309	"gene-249870"
"gene-148582"	-1.58712765591661	3.42670412089234	24.2058280433377	2.00067122760388e-05	0.000343110433776122	"gene-148582"
"gene-399223"	-10.7644976383181	1.73819665939508	26.4095449101478	2.02790288482814e-05	0.000347238884936382	"gene-399223"
"gene-326377"	-8.33693155955349	2.89395588835624	25.0768622991423	2.04738042135498e-05	0.000350028817604281	"gene-326377"
"gene-335259"	-4.94843820761774	4.01834163678502	23.9982152187736	2.13285437374771e-05	0.000364075592090195	"gene-335259"
"gene-246959"	-11.5482818720499	2.40788927175169	26.1831607611614	2.15246813021384e-05	0.000366853986906058	"gene-246959"
"gene-218723"	-4.20916101018071	4.53995055695882	23.9626598253447	2.15640461257476e-05	0.000366955973777622	"gene-218723"
"gene-400657"	-6.9935463618997	1.64644963898713	24.3324601366045	2.19768681464708e-05	0.000373402954457733	"gene-400657"
"gene-80050"	-3.959602790368	2.62222169665613	23.725946700126	2.32038373067889e-05	0.000393641641224584	"gene-80050"
"gene-419351"	-6.30737415760416	-0.24149426482075	24.1118514373371	2.34812530490721e-05	0.000397658198348773	"gene-419351"
"gene-406501"	-6.49624891850228	2.11179454752141	24.1073667205922	2.35129472324845e-05	0.000397658198348773	"gene-406501"
"gene-17915"	-3.02260698291706	3.93263404276419	23.6421459039761	2.38155835120846e-05	0.000402157771963665	"gene-17915"
"gene-111890"	-6.57091127440458	3.30312722822097	23.6286406770461	2.39157595296247e-05	0.000403229976241049	"gene-111890"
"gene-37544"	-6.70138284750372	3.28502418976022	23.6162914062818	2.4007751852708e-05	0.000404161127284561	"gene-37544"
"gene-114185"	-6.31488707280467	-1.11907302333044	25.6724415485975	2.46475349320043e-05	0.000414297173558904	"gene-114185"
"gene-104386"	-5.79312436546526	2.54559801034166	23.5109610997856	2.48077803068111e-05	0.000416354089943168	"gene-104386"
"gene-231997"	-8.585656726889	-0.0755332084275841	25.6148655688253	2.50290446750082e-05	0.000419427268463971	"gene-231997"
"gene-90307"	-5.25635326601949	-0.928490445822461	23.4228851227947	2.54984326509975e-05	0.000426642724706873	"gene-90307"
"gene-141064"	-2.44291148331244	4.06197448813259	23.3661461664067	2.59541186958792e-05	0.00043360733559848	"gene-141064"
"gene-303012"	-5.46762410822265	3.90614394652305	23.3180855287145	2.63468550786621e-05	0.000439500725158927	"gene-303012"
"gene-14127"	-1.34023089739152	6.39975394966169	23.3057865922138	2.64483663826976e-05	0.000440525593401506	"gene-14127"
"gene-26733"	-3.66721055692877	4.03643465274044	23.2385938984386	2.70103156860551e-05	0.000449204841659309	"gene-26733"
"gene-110642"	-8.89028248854205	0.514323978352967	25.282147973049	2.73618272206577e-05	0.000454363393711012	"gene-110642"
"gene-53224"	-7.0595391692145	0.957700089437667	24.0533786582115	2.75579872627279e-05	0.000456930548988188	"gene-53224"
"gene-173646"	-2.2993436824174	4.89891184389193	23.1594168606542	2.76887688402086e-05	0.000458407584127128	"gene-173646"
"gene-23884"	-9.74451471254699	1.00723712729836	25.1302116966238	2.85039318153014e-05	0.000471193567587381	"gene-23884"
"gene-194467"	-5.83088246377474	2.76286603019824	23.7833347997046	2.98349117354678e-05	0.000492455232294291	"gene-194467"
"gene-263663"	-2.05016174087913	3.07160545710122	22.8978844254308	3.00610856263073e-05	0.000495196973514956	"gene-263663"
"gene-353046"	-3.79191011526075	4.52683233430896	22.8947161908976	3.00911105528964e-05	0.000495196973514956	"gene-353046"
"gene-177979"	-5.49811862330948	4.41770866129897	22.8396495588331	3.06180756147405e-05	0.000503115852365982	"gene-177979"
"gene-253133"	-4.77911719740848	3.95440856713869	22.8153551882468	3.0853662682591e-05	0.000506230319208541	"gene-253133"
"gene-418586"	-6.25427485801998	3.55039398447544	22.8064597108182	3.09404034369664e-05	0.000506896952284011	"gene-418586"
"gene-540"	-6.93710846250974	0.301529461811743	23.105795376652	3.18704220392462e-05	0.000521356472436657	"gene-540"
"gene-298464"	-7.18929088157611	2.68505741464104	22.690508837992	3.20949883952571e-05	0.000524249936744518	"gene-298464"
"gene-355055"	-7.91226899540138	-0.914604963640378	23.9808213509307	3.28801609448969e-05	0.000536278352028563	"gene-355055"
"gene-46811"	-7.95845107083987	-0.401883534993806	24.4822013326999	3.39837595883376e-05	0.000553456991340141	"gene-46811"
"gene-41383"	-6.99438853446606	4.10770528964995	22.5014725212037	3.40762690098369e-05	0.000554142640865587	"gene-41383"
"gene-186909"	-11.9671033509576	3.18029201328914	24.46437298333	3.41496969768323e-05	0.000554516423731636	"gene-186909"
"gene-247144"	-1.43661937813103	3.63844138103302	22.4510145275469	3.46267442146952e-05	0.000561433332082808	"gene-247144"
"gene-15807"	-6.61883424965319	0.465357368296035	22.8125992421856	3.48765559252999e-05	0.000564650926784715	"gene-15807"
"gene-244427"	-1.79409289101618	2.2329184412369	22.3358205126213	3.5919075498855e-05	0.000580674113174872	"gene-244427"
"gene-300570"	-6.53457660778693	4.29432313722692	22.3193007527069	3.61085559310583e-05	0.00058288011064629	"gene-300570"
"gene-400426"	-9.05710940083755	3.10500547192262	23.1020901096598	3.65188710453077e-05	0.000588639221995701	"gene-400426"
"gene-253193"	-5.88573735465443	3.32531123109589	22.2538077860158	3.6870241457488e-05	0.000593432744278426	"gene-253193"
"gene-143329"	-1.22262573160047	5.17522757107699	22.2072297211974	3.74222940813632e-05	0.000601437542158517	"gene-143329"
"gene-116468"	-9.20402745273648	2.91671136912693	22.5379320224578	3.79671037881205e-05	0.000609302732763224	"gene-116468"
"gene-133302"	-2.04864770833469	3.74705378844468	22.123486137738	3.84369855127177e-05	0.000615152153604037	"gene-133302"
"gene-94260"	-1.34892914848265	5.996889235509	22.1229550963281	3.84435121919379e-05	0.000615152153604037	"gene-94260"
"gene-405804"	-1.9243866636724	4.40193853423196	22.0854474440474	3.89074775115558e-05	0.000621671366692636	"gene-405804"
"gene-221564"	-1.42412324403968	4.04409825937877	22.0718632672754	3.90769725291882e-05	0.000623473380280647	"gene-221564"
"gene-402599"	-8.25330024789316	-0.461134429896157	23.6389157956799	4.28740726459339e-05	0.000683064754488046	"gene-402599"
"gene-206855"	-3.67870500383644	4.16716403076602	21.6446172007321	4.48278070536209e-05	0.000713157862431917	"gene-206855"
"gene-341187"	-6.94091520498628	1.30351564020978	21.9327141126945	4.58520402694717e-05	0.000728398090581362	"gene-341187"
"gene-47336"	-7.93665342774276	0.749907977354275	21.5250420716114	4.65932742239983e-05	0.00073910514219973	"gene-47336"
"gene-164451"	-6.93358040363179	-1.19762672056415	22.2549272730006	4.71373242381296e-05	0.000745919753075993	"gene-164451"
"gene-263447"	-1.01660909174774	5.34644268008933	21.4877666468551	4.71585762201233e-05	0.000745919753075993	"gene-263447"
"gene-89397"	-4.74453840981307	2.84069323096655	21.4550446348801	4.76608147906655e-05	0.000752780656600268	"gene-89397"
"gene-419031"	-9.80551743058911	4.99325157187612	21.749722452062	4.85657350405591e-05	0.000765972920087326	"gene-419031"
"gene-359782"	-1.11835090010376	5.36627223926005	21.374784551802	4.8916854437269e-05	0.000770405416660313	"gene-359782"
"gene-384842"	-10.1552059318733	3.95327635383199	22.0465830559116	5.02246827588368e-05	0.000789871155318874	"gene-384842"
"gene-349411"	-11.3484325919994	2.13773789202337	22.9850630240183	5.14857801130573e-05	0.000808547401118341	"gene-349411"
"gene-129711"	-5.05242414892976	3.94313771431848	21.1677523091643	5.23215711077237e-05	0.000820500757756358	"gene-129711"
"gene-212426"	-1.35504998233998	5.04446495637689	21.096520406954	5.35503449983258e-05	0.000838573992260107	"gene-212426"
"gene-375719"	-7.48829103854932	-1.03440331112537	22.8387161408946	5.36576405230191e-05	0.000839058950596798	"gene-375719"
"gene-111809"	-6.64853609825513	1.32789469891738	21.8200255928064	5.38283510385717e-05	0.000840532759896334	"gene-111809"
"gene-239929"	-7.35739480928097	-1.01722677101626	22.7747988802321	5.46369497027217e-05	0.000851948919265276	"gene-239929"
"gene-53872"	-10.4905683800012	1.86954547748929	22.7544121475757	5.49533365121946e-05	0.000855668595295404	"gene-53872"
"gene-362692"	-3.61240779500484	1.06019241564894	20.9316672667513	5.65129346731781e-05	0.000878708190752825	"gene-362692"
"gene-65339"	-1.04559690382128	6.06397782724105	20.8558067594951	5.79341416801049e-05	0.000899533925832477	"gene-65339"
"gene-206961"	-6.39779391310217	2.34771138030736	21.1767363695266	5.82252077184726e-05	0.000902778150139872	"gene-206961"
"gene-23893"	-8.35079019631802	-0.372504481373691	21.8844319861363	6.05624588304792e-05	0.000937694521018954	"gene-23893"
"gene-355275"	-4.78372077536741	-1.3799799980874	20.6298270065525	6.23968071892758e-05	0.000964737132815342	"gene-355275"
"gene-402818"	-5.17695444937343	3.05702947267939	20.6164231765747	6.26727057587587e-05	0.000967641930345553	"gene-402818"
"gene-6978"	-4.76180135003789	4.22146494002539	20.446118091127	6.62930164014032e-05	0.00102210256563903	"gene-6978"
"gene-50869"	-1.63980698694959	3.51682785420003	20.4373504427565	6.64852977661951e-05	0.00102363148227421	"gene-50869"
"gene-147255"	-6.28997832424471	4.50013302332817	20.431127665474	6.66221267542037e-05	0.00102430355162092	"gene-147255"
"gene-111729"	-7.1890293739574	0.0494790073175862	20.9812993071636	6.97668746841715e-05	0.0010711553818479	"gene-111729"
"gene-123966"	-5.87134616271246	1.67781417438127	20.9609622030442	7.02109594377268e-05	0.00107647012147689	"gene-123966"
"gene-185530"	-6.90271806983934	4.3155003160553	20.2557612890158	7.06035125186571e-05	0.00108098107676546	"gene-185530"
"gene-183541"	-4.83202520198778	2.65505420399354	20.235544232399	7.1078464402715e-05	0.00108673930344791	"gene-183541"
"gene-71829"	-5.80041013905796	2.64775337968379	20.1571991619075	7.29512345222469e-05	0.00111382350153203	"gene-71829"
"gene-271501"	-8.16552593793908	-0.337020182170444	21.7468432837462	7.33361709882037e-05	0.00111814774989365	"gene-271501"
"gene-54398"	-1.91112207552806	1.93784573482471	20.1364150335336	7.34567907986481e-05	0.00111843559729853	"gene-54398"
"gene-172624"	-6.41565893405807	1.10560039328595	20.1102430106569	7.40986917659877e-05	0.00112664857342117	"gene-172624"
"gene-179842"	2.06396459859353	4.34359424708149	20.0560880280064	7.54458667482953e-05	0.00114554753199449	"gene-179842"
"gene-334636"	-2.74599467354059	3.52178108597264	20.0394208424028	7.58656910210111e-05	0.00115033316054341	"gene-334636"
"gene-53242"	-5.62650323070615	3.27172047620355	19.9698594778498	7.7644772687701e-05	0.00117568730875468	"gene-53242"
"gene-13249"	-2.73331652786861	3.16095696980495	19.9532691330365	7.80755807584766e-05	0.00118058440065741	"gene-13249"
"gene-395396"	-7.57440652059929	-0.856070177319189	21.5231632144429	7.8255920674611e-05	0.00118168590106593	"gene-395396"
"gene-390693"	-8.45860392125123	-0.354346339948164	21.4617738788076	7.96674477904556e-05	0.00120135014205827	"gene-390693"
"gene-352598"	-7.20787420929741	2.37175673339342	20.1608138612863	8.07331476565099e-05	0.00121575272902468	"gene-352598"
"gene-361727"	-2.04531734273685	3.3838713526866	19.8469066467852	8.08984396315569e-05	0.00121657530351533	"gene-361727"
"gene-402236"	-6.20414930706265	0.559839924639125	20.1183419402005	8.18559740048989e-05	0.00122929333638778	"gene-402236"
"gene-362054"	-1.69383252921592	4.98108595750996	19.7793726432955	8.27468005488649e-05	0.00124097623251524	"gene-362054"
"gene-54991"	-1.99583769445033	3.55868876930661	19.766226937774	8.31117672673198e-05	0.00124475157707036	"gene-54991"
"gene-376728"	-2.93217365366111	3.11468178688107	19.7619200220155	8.32317118424536e-05	0.00124485198405999	"gene-376728"
"gene-109484"	-11.0271116188497	3.06228944321944	21.2881434022185	8.3810181298461e-05	0.00125180071061682	"gene-109484"
"gene-419019"	-8.43455211183683	3.03396470652049	19.9931284087549	8.52639601760115e-05	0.00127178658645169	"gene-419019"
"gene-151619"	-4.47353590231972	1.98903171425252	19.6031013722267	8.77853867220275e-05	0.00130762162091497	"gene-151619"
"gene-256923"	-1.49092464362434	3.14105382589126	19.5646336436195	8.89276036904898e-05	0.00132284323054067	"gene-256923"
"gene-137227"	-5.25805714281801	0.618998721699331	19.530400843215	8.9957327701159e-05	0.00133635257218762	"gene-137227"
"gene-394641"	-7.03390767636751	-1.13678383800439	21.0135743620789	9.08418530808524e-05	0.00134767137775683	"gene-394641"
"gene-259590"	-0.949279012212621	4.76942225237987	19.3655360719531	9.50966017352353e-05	0.00140889075859224	"gene-259590"
"gene-422274"	-7.46718421730034	0.988659755409008	19.3531591429735	9.54947871652377e-05	0.00141132771653543	"gene-422274"
"gene-329410"	-4.52807649631599	1.13880234276165	19.3524436797	9.55178587375927e-05	0.00141132771653543	"gene-329410"
"gene-64119"	-7.22696374426544	4.71674515573817	19.5976575855653	9.70554197839664e-05	0.00143212111367133	"gene-64119"
"g8866"	-4.85940059351087	1.05688223314839	19.2875656596675	9.7634751507987e-05	0.00143873836907145	"g8866"
"gene-122590"	5.33246868997347	3.28205817237723	19.2446062954165	9.9063800683411e-05	0.00145784251795547	"gene-122590"
"gene-231198"	1.17720708224515	8.63575101142994	19.2327974875173	9.94604966906991e-05	0.00146172358304927	"gene-231198"
"gene-321850"	-3.78005629343307	0.852341383877403	19.187363822306	0.000101002539005834	0.00148240442094945	"gene-321850"
"gene-292407"	-6.36301741609908	2.60347509800822	19.1665709752893	0.000101716696593166	0.00149089552753156	"gene-292407"
"gene-402284"	-2.82775161637157	2.52581191496851	19.1510391852306	0.000102253649173965	0.00149677012698988	"gene-402284"
"gene-379542"	-4.50593506486169	0.859961575991583	19.1428031767001	0.000102539596615872	0.00149895982127431	"gene-379542"
"gene-213648"	3.30049991074803	6.23975660097044	19.1256845572281	0.000103136657390472	0.0015056856237629	"gene-213648"
"gene-257883"	-1.49469268690108	3.93571858238832	19.0915972636238	0.000104336555823119	0.00152118270313468	"gene-257883"
"gene-167611"	-7.6059706890588	-0.721126885274431	20.4896976580182	0.000106083558952995	0.00154460471996063	"gene-167611"
"gene-270956"	-1.93718077743629	3.22586314393195	19.0286944484288	0.000106589816000842	0.00154992307843553	"gene-270956"
"gene-377626"	-2.82467767960325	3.04130909779308	18.9944578878174	0.00010783784934418	0.00156599931022533	"gene-377626"
"gene-286491"	-4.92502771803211	3.74168700654982	18.9837500946937	0.000108231356978897	0.00156964024705675	"gene-286491"
"gene-367186"	-8.04606714616585	-0.585850417874928	20.318898178068	0.000111630752938496	0.00161680746647285	"gene-367186"
"gene-282437"	-8.29564319774818	1.81781187136586	19.4831959688553	0.000112162889231393	0.0016214010961207	"gene-282437"
"gene-225814"	-7.38490073312747	-0.941573188431356	19.8572815847598	0.000112242903133617	0.0016214010961207	"gene-225814"
"gene-161445"	-2.40852512970989	1.36336812914447	18.8544695459567	0.000113104413869871	0.00163170186571061	"gene-161445"
"gene-76715"	-5.73646159586902	4.23403324284487	18.8478150997793	0.000113361459285926	0.00163326673909591	"gene-76715"
"gene-147823"	-6.19544199442906	1.43507395430317	19.3686767137893	0.000116382113809751	0.001674592378417	"gene-147823"
"gene-350085"	-1.14837175696166	3.62824810914429	18.7341223898002	0.000117850186897555	0.00169349948309127	"gene-350085"
"gene-225738"	-2.46325367306335	3.22112217568831	18.7285906820013	0.000118073339187915	0.00169449114581299	"gene-225738"
"gene-405544"	-7.32329201054416	-1.15107017579033	20.1073741621659	0.000118937208472545	0.00170466327606086	"gene-405544"
"gene-292255"	-7.62380487488541	0.909700533528079	19.2850451429857	0.000119570253999722	0.00171150495080591	"gene-292255"
"gene-29073"	-6.80084766936944	-1.42853675782407	19.9247356356603	0.000125660741152776	0.00179634398893689	"gene-29073"
"gene-118718"	-2.57118307696897	1.65375001621465	18.4127543667101	0.000131588151582377	0.00187863448096763	"gene-118718"
"gene-267901"	-3.62188737148449	3.27265066196658	18.4071840616587	0.000131840741763495	0.00187979931803644	"gene-267901"
"gene-392368"	-7.70340665739339	3.16728320884224	18.3669149705135	0.000133682145769338	0.00190358527000302	"gene-392368"
"gene-101238"	-7.02368066276873	2.26691204237782	18.6239108016676	0.000134135215254291	0.00190756587489058	"gene-101238"
"gene-299808"	-1.83260932063925	3.3263179731536	18.316193549752	0.000136040413924021	0.00193216055590022	"gene-299808"
"gene-353001"	-1.04973916050721	4.58483536300513	18.2235805590754	0.000140461002012568	0.0019923713485473	"gene-353001"
"gene-333791"	-2.21706054467783	3.70841071038152	18.178065298918	0.000142689140392496	0.00202136819630761	"gene-333791"
"gene-345031"	-6.30723019624638	-1.23822615507577	19.0671658564956	0.00014384319061245	0.00203145313122541	"gene-345031"
"gene-359170"	-0.700660710607154	5.81706392025081	18.1526255085975	0.000143950818739578	0.00203145313122541	"gene-359170"
"gene-126138"	-5.72460876042149	2.84896758011294	18.4139432494084	0.00014395542520009	0.00203145313122541	"gene-126138"
"gene-267939"	-1.47605803733455	3.43276348959195	18.1045322725755	0.000146368433161216	0.00206285664838621	"gene-267939"
"gene-358996"	-4.71614183872808	3.37993444619142	18.0370337096157	0.000149834445987537	0.00210900136330474	"gene-358996"
"gene-430128"	-2.62007101687753	1.9581133472625	17.9692474708624	0.000153402986092298	0.00215646934285503	"gene-430128"
"gene-238199"	-4.98503985860601	2.88585775163802	17.9461113118871	0.000154641514592103	0.00217110366527585	"gene-238199"
"gene-267803"	-1.57238093862329	3.72239715066552	17.9142808088515	0.000156362835210302	0.00219247021360568	"gene-267803"
"gene-49094"	-7.36027384284732	-0.844042375940078	19.1780698058579	0.000157722959060693	0.00220872418975058	"gene-49094"
"gene-105121"	-5.03993654950129	3.19469966128915	17.8752264941121	0.00015850261778865	0.00221681841902116	"gene-105121"
"gene-226108"	-3.37419553880873	2.67392721263017	17.8450963826535	0.000160174665587641	0.00223735717764287	"gene-226108"
"gene-213851"	-1.27824282359255	4.31613498863474	17.8202778307449	0.000161566007088491	0.00225392781208602	"gene-213851"
"gene-292044"	-5.42069734673297	0.430662398297276	17.8056723991246	0.000162390783780897	0.00226256259328695	"gene-292044"
"gene-848"	-4.07525072415372	0.357610610068191	17.7998387428455	0.000162721460893145	0.00226430002480803	"gene-848"
"gene-341043"	-3.5526076555619	1.364775809978	17.6579192902535	0.00017099016242049	0.00237635253538362	"gene-341043"
"gene-152968"	-5.3123723731948	-0.84935246175187	17.899404041062	0.000171402440832877	0.00237907453544926	"gene-152968"
"gene-80550"	-2.28835450909821	1.8958584783216	17.563111142341	0.000176761603691543	0.00245036609001403	"gene-80550"
"gene-162460"	-1.7110977600583	2.36751908790728	17.5356376414687	0.000178472414543951	0.00247096631370485	"gene-162460"
"gene-186540"	-1.66543947416198	4.9358666861036	17.5232438423105	0.000179249935267146	0.00247860948225375	"gene-186540"
"gene-22"	-3.44794185039648	1.84329907168141	17.4981723005626	0.000180833800228491	0.0024973693039093	"gene-22"
"gene-371913"	-5.1389994320727	-1.65235684235612	18.729039540783	0.000181171076092598	0.0024988878789033	"gene-371913"
"gene-11239"	-1.55472565682649	4.63779275091007	17.4812374223598	0.000181912039488244	0.00250596372192264	"gene-11239"
"gene-324122"	-4.27062647952818	3.45594104431897	17.4229681428688	0.000185674450979325	0.00255459228988201	"gene-324122"
"gene-216864"	-6.51967970789221	1.40603511148875	17.3869514896138	0.000188041247091886	0.00258327166132558	"gene-216864"
"gene-75772"	-8.70982996861825	0.20266934650775	18.6060670628804	0.000188228927564977	0.00258327166132558	"gene-75772"
"gene-221329"	-4.03756691627261	1.42497351031806	17.6039334113441	0.000189638020700365	0.00259936503935051	"gene-221329"
"gene-20053"	3.10681898920304	2.68119087176438	17.2636657163062	0.000196388198866895	0.00268853732271952	"gene-20053"
"gene-323574"	-5.63907855331058	0.78160396937847	17.1970979559565	0.000201057778044025	0.00274903999258454	"gene-323574"
"gene-368072"	-1.68186419354249	4.98280963503752	16.9354442961945	0.000220585967944424	0.00301230005666218	"gene-368072"
"gene-27466"	1.07413392447835	2.89988066137325	16.9180916205928	0.000221950333598623	0.00302395688010048	"gene-27466"
"gene-9326"	-3.43630415600878	1.89034186291161	16.9175921251641	0.000221989739128635	0.00302395688010048	"gene-9326"
"gene-70158"	-5.27277322651063	3.34581283269268	16.8977067831506	0.000223564554813567	0.00304164003844746	"gene-70158"
"gene-108266"	-8.91782199504174	3.45247949169425	17.089335733802	0.000226509671533764	0.00307789965286856	"gene-108266"
"gene-247179"	-2.282616248147	3.42811291566638	16.7755387633233	0.000233503529302849	0.0031690176513904	"gene-247179"
"gene-165441"	-6.40680429039991	1.83766703051371	16.9971379051685	0.00023388659973013	0.00317030257809287	"gene-165441"
"gene-181154"	-8.06967012587786	-0.395903579418032	17.8889453445972	0.000235756000711215	0.00319170654657437	"gene-181154"
"gene-419274"	-11.1615666294198	2.33320260107655	17.859565763385	0.000237960583599289	0.00321759003137391	"gene-419274"
"gene-420365"	-3.78117319013554	0.967814881444857	16.9238094810821	0.000239936298914426	0.00324031908349666	"gene-420365"
"gene-92757"	-7.77030066609627	-0.530910519697402	17.7552150774037	0.000245972172254545	0.00331775716514627	"gene-92757"
"gene-398654"	-6.91733156058101	1.19027006215606	17.0852255674456	0.000247932244921314	0.00334009702012255	"gene-398654"
"gene-257189"	-10.6438109625081	1.61918616210316	17.6878274010585	0.000251300032622569	0.00338132344996316	"gene-257189"
"gene-25878"	-1.15302371003361	4.31644222413677	16.5538871294318	0.000252752949948785	0.00339671537749021	"gene-25878"
"gene-393501"	-1.37333141156332	3.86644986686748	16.4803936279115	0.000259501779539251	0.00348315392243588	"gene-393501"
"gene-337702"	-2.8282455135275	2.75187424641631	16.3769823617179	0.000269323736775256	0.0036105802906956	"gene-337702"
"gene-197659"	-3.47150257976074	4.76433735950978	16.3558746394223	0.000271376611188208	0.00363367002045307	"gene-197659"
"gene-300888"	-5.22057275137519	3.05871306169702	16.3004208740135	0.000276849436929402	0.00370244021917873	"gene-300888"
"gene-420682"	9.36700311452098	1.12307740893063	17.0034800186693	0.000281001882785297	0.0037534066797798	"gene-420682"
"gene-405508"	-1.07400302018344	5.96829350756079	16.245761299496	0.000282358683962779	0.00376695268544033	"gene-405508"
"gene-180766"	1.81208130053165	3.36530937682538	16.1732592824557	0.000289846555541125	0.00386216143644071	"gene-180766"
"gene-40889"	-7.64417398749249	-0.424471774116959	17.1983016316551	0.000293945226088376	0.00391203374139167	"gene-40889"
"gene-110675"	-5.28438706766178	-0.962677787699317	16.1082989224569	0.000296734722917516	0.0039443830822639	"gene-110675"
"gene-236232"	-4.95175254358898	-0.853228514590315	16.2853837390944	0.000300219371163648	0.0039858835111135	"gene-236232"
"gene-32541"	-5.8158044842477	0.137924027274231	16.0382726043593	0.000304355156774786	0.00403591826106782	"gene-32541"
"gene-68483"	-2.29957918995425	1.60530136434737	16.0216790258146	0.000306191190778126	0.00405537320508908	"gene-68483"
"gene-18027"	-1.37478590283324	4.62085518391634	16.0058660174468	0.000307951803642631	0.00407378360703182	"gene-18027"
"gene-221519"	-3.53486102839116	2.66701805293973	15.916841828651	0.000318066415601525	0.00420252897440812	"gene-221519"
"gene-420401"	-10.1245427361467	1.48630610783142	16.5777097787514	0.000323973331750597	0.00427543677783231	"gene-420401"
"gene-282149"	3.7949624995603	3.87381831025884	15.83389393277	0.000327808516258307	0.00432086213336639	"gene-282149"
"gene-267919"	-0.867594267946531	6.32554502792818	15.8021197626849	0.000331623851727769	0.00436591736771661	"gene-267919"
"gene-207042"	-5.54195340785074	1.84974072213115	15.7964484486617	0.000332309789606114	0.00436840194930365	"gene-207042"
"gene-116692"	1.62014607708478	6.90382761195124	15.7939922185357	0.000332607334810075	0.00436840194930365	"gene-116692"
"gene-362165"	-1.40693281003118	3.20872530046075	15.5880879319797	0.000358585007950345	0.00470396777135817	"gene-362165"
"gene-80436"	-12.6136387954242	3.71789016741848	15.8369797350136	0.000381345243997772	0.00499657719578965	"gene-80436"
"gene-107455"	-12.3160426270594	3.66165963605231	16.38218601153	0.000383382881585331	0.00501729525865184	"gene-107455"
"gene-3175"	-4.68336727382843	1.3209828555483	15.5257542083562	0.000393679152366502	0.00514591548390601	"gene-3175"
"gene-284591"	8.73176316752172	8.42007857642962	15.2898377599635	0.000400103534361469	0.00522367951690692	"gene-284591"
"gene-15625"	-7.42346795979516	-0.647692215499209	15.9456530224545	0.000401284769907129	0.00523288668515903	"gene-15625"
"gene-366177"	-8.05104104036686	-0.393037908598966	16.1996099775264	0.000407166467501514	0.00530329499673477	"gene-366177"
"gene-261982"	-6.44999117848079	3.34691676856323	15.4141395500784	0.000409839691065856	0.00533179612294314	"gene-261982"
"gene-370967"	-9.41577215980506	3.09252162532169	15.4025846280354	0.000411552646885455	0.00534775206526218	"gene-370967"
"gene-78951"	4.69844282438251	2.48348377476206	15.1718699533259	0.000417909129318219	0.00542393749538983	"gene-78951"
"gene-113124"	-8.86129605028476	3.4851329438389	15.3520456093728	0.000419134946094672	0.00543343214907868	"gene-113124"
"gene-11707"	-2.42112320198406	2.61078213178966	15.052512775309	0.000436783705151838	0.00565555155563504	"gene-11707"
"gene-271931"	-1.71705300665507	1.79097462566533	15.0382675309597	0.000439096158574221	0.0056788047896546	"gene-271931"
"gene-188376"	-4.20508514860626	4.01129682548871	15.0310196407744	0.000440277709625449	0.00568739466734731	"gene-188376"
"gene-385168"	-6.18654223920515	4.94573093663448	14.9735586585725	0.000449765406833374	0.00580313511422451	"gene-385168"
"gene-370982"	-9.90821026469419	1.66847697381521	15.8869611466915	0.000451670143430216	0.00581544657370933	"gene-370982"
"gene-349169"	-7.98053564372832	-0.60836184275638	15.3556867888667	0.000451777619753277	0.00581544657370933	"gene-349169"
"gene-402770"	-7.14210149657386	-1.14247660324646	15.8471103254528	0.000457709406957162	0.00588491170839776	"gene-402770"
"gene-321629"	0.65280939962095	7.93447554705783	14.8869802421754	0.000464473315161731	0.00596490088034218	"gene-321629"
"gene-122000"	-1.41118731738907	3.95112401785628	14.8820646369868	0.000465323563733124	0.00596884706664904	"gene-122000"
"gene-401657"	-10.9947158435721	2.02406122419863	15.7835546419444	0.000467521988760586	0.00599005736881716	"gene-401657"
"gene-300609"	-6.37682313276748	-1.43871254763291	15.2351527750694	0.000471514167032531	0.00603417373479467	"gene-300609"
"gene-152552"	-3.71087823230061	0.391856950800282	14.8336109884325	0.000473793601024387	0.00605629425123382	"gene-152552"
"gene-225158"	-2.87181877177801	2.38252393875728	14.8198923259805	0.000476221366328722	0.00608025723583234	"gene-225158"
"gene-266992"	-1.06688679565939	5.69843732118326	14.7838874533393	0.000482656169193737	0.006155265972096	"gene-266992"
"gene-14500"	-1.43106429859567	1.74953479439061	14.720130241314	0.000494278623385351	0.00629618181561433	"gene-14500"
"gene-112699"	-7.88460535914256	-0.855087325420716	15.3923517968788	0.000533145608452091	0.00678341397420583	"gene-112699"
"gene-346884"	-3.81388201862597	0.668275236937283	14.4893925097261	0.000538889751425592	0.00684857229759715	"gene-346884"
"gene-369485"	-7.93523227942304	1.5932211589998	14.8302635718853	0.000544855356071347	0.00691639137331676	"gene-369485"
"gene-148662"	1.19686539961548	6.95346171589542	14.4408948753052	0.000548799535499771	0.00695842363754208	"gene-148662"
"gene-88059"	-0.776751105520983	8.33576927590904	14.3677911581376	0.000564104951616687	0.00713929646851877	"gene-88059"
"gene-305990"	1.17768525687994	6.52999925882735	14.3665741363457	0.000564363561461185	0.00713929646851877	"gene-305990"
"gene-341875"	2.19716483594262	3.57563384591048	14.3440829859053	0.000569165549351333	0.00719176653335541	"gene-341875"
"gene-283117"	-5.06381049989564	-0.0955791076898763	14.7055714522895	0.000569830132316185	0.00719189741050726	"gene-283117"
"gene-313493"	0.735837262427529	8.86918736992594	14.3065918863236	0.000577266905842052	0.00727740263293771	"gene-313493"
"gene-428678"	-10.9661025095899	2.48759971254329	15.1160029108088	0.000585463723709557	0.00737198151411848	"gene-428678"
"gene-284576"	9.36981647449591	9.48580098483322	14.2662994884298	0.000586110419661562	0.00737198151411848	"gene-284576"
"gene-371922"	-4.98428538895025	-1.83595865719198	14.9674225864374	0.000615860653595157	0.00773732133139607	"gene-371922"
"gene-419068"	-8.15296448791574	2.74126267223102	14.2747948920772	0.000621809963878881	0.00780314718369924	"gene-419068"
"gene-240376"	-11.1752162188213	2.19646415456255	14.9223686336368	0.000625411083100794	0.0078393888671916	"gene-240376"
"gene-112984"	-9.2126040634068	0.486404249654093	14.6160873326665	0.00063660594452411	0.00797062545347784	"gene-112984"
"gene-211258"	3.96165070587968	5.82331355443849	14.0359776013703	0.000639506066105221	0.00799782728634209	"gene-211258"
"gene-108449"	-11.0543392292707	2.2840001711683	14.8269835364803	0.000646162048609772	0.00807188568223548	"gene-108449"
"gene-305278"	-0.940581429450138	4.70390732005987	14.0015384203972	0.000647924606096072	0.00808471645268345	"gene-305278"
"gene-355612"	-11.8836803041483	2.84132773442846	14.8154835239273	0.000648713623692363	0.00808538420096389	"gene-355612"
"gene-222278"	-0.884652292614867	5.40453818978918	13.9788931782212	0.000653524314262917	0.00813611867122565	"gene-222278"
"gene-159952"	-2.72738485161317	3.37113257045721	13.9755010037493	0.000654367551568848	0.00813740101176058	"gene-159952"
"gene-423187"	-9.9412108501543	1.88720000175445	14.7408467193493	0.000665540290524825	0.00826698803812362	"gene-423187"
"gene-365624"	-2.06796219304129	2.10460349447715	13.895827317088	0.000674509450676729	0.00836894175089084	"gene-365624"
"gene-284140"	10.9730263343547	4.87874468398726	14.0481410981542	0.00067651330426401	0.00838434132330808	"gene-284140"
"gene-211119"	1.47221246306305	6.09780977879366	13.8743029036991	0.00068006330703008	0.00841884677272711	"gene-211119"
"gene-13008"	-0.957412288256431	3.92247923850012	13.8434208586868	0.000688116764585738	0.00850896242192465	"gene-13008"
"gene-326882"	-5.90146094595938	2.85540344542675	13.7596296123304	0.000710483122717478	0.0087756640090261	"gene-326882"
"gene-107443"	-10.9775949613899	2.31265640105861	14.5224287096763	0.000717546362360824	0.00885295977714089	"gene-107443"
"gene-355509"	-8.45328740760998	3.99313894295562	13.7255879497037	0.000719789557586798	0.00887068005218797	"gene-355509"
"gene-411056"	-5.83534059599925	2.48839551043339	14.0530527305835	0.000722120582001098	0.00888944183419717	"gene-411056"
"gene-266896"	-2.53476334470944	-0.647718593970393	13.8601732266592	0.000725774047691954	0.00892442293767075	"gene-266896"
"gene-250445"	-6.53789634225624	-1.59742321478207	14.4780505516042	0.000728639742925475	0.00894964993740753	"gene-250445"
"gene-405599"	-4.939355812084	0.877714872928843	13.8190655736912	0.000737048767732754	0.00904283158893546	"gene-405599"
"gene-44392"	-1.97820535244623	1.89048514083262	13.6071141985469	0.000753202335190905	0.00923071713573424	"gene-44392"
"gene-257543"	-0.783106538927778	5.59075843499877	13.5583848937726	0.000767420642728765	0.00938534075904709	"gene-257543"
"gene-268898"	-0.647081371218395	4.94794610531814	13.5580249284695	0.000767526729953911	0.00938534075904709	"gene-268898"
"gene-17977"	-1.97077486586837	1.181014203608	13.4784603664382	0.000791362792716699	0.00966605686703853	"gene-17977"
"gene-275482"	-2.16512178049304	3.8017240758515	13.4579999556807	0.000797618781854019	0.00973165734619448	"gene-275482"
"gene-21187"	0.57984439624336	5.97454241623964	13.4305486306203	0.000806095081355127	0.00982417209460855	"gene-21187"
"gene-258523"	-2.64408035796574	4.74617123478541	13.3565848079243	0.000829413756540185	0.0100971710140047	"gene-258523"
"gene-211740"	1.50295635945452	8.08231502644677	13.3512151081727	0.000831134380663425	0.0101069250515852	"gene-211740"
"g6035"	-9.80069629562202	1.43097301582865	14.0773587802906	0.000837610957366507	0.010174427905337	"g6035"
"gene-12141"	-2.28466329402391	2.65832993297492	13.2690038003418	0.000857957031310674	0.0104100680410577	"gene-12141"
"gene-188412"	1.86235071223444	4.13624192454755	13.2580618671528	0.000861595859611024	0.0104426938089349	"gene-188412"
"gene-108458"	-8.67706749494252	0.0356504227841208	13.9903723013746	0.000863518789760401	0.0104544736297754	"gene-108458"
"gene-430140"	-8.55981815606695	0.906857352655374	13.9865190394022	0.000864686269187307	0.0104570914820419	"gene-430140"
"gene-327649"	2.63530197066646	0.783621315199919	13.2209169799597	0.000874071672897428	0.0105589779122653	"gene-327649"
"gene-171018"	-1.28557032529263	2.07098149390774	13.1883652535377	0.000885162841459611	0.0106812240572618	"gene-171018"
"gene-347681"	-2.79476505417666	4.88825281740773	13.1691120936913	0.000891793256374518	0.0107494334071547	"gene-347681"
"gene-204888"	-2.04397021521078	1.50865221351608	13.1579623181481	0.000895657167849451	0.0107841831830986	"gene-204888"
"gene-218965"	1.93051498514226	9.61604636427426	13.1492127531711	0.000898701768157258	0.0108090027760971	"gene-218965"
"gene-144986"	-1.72646150318669	3.60326988934674	13.1453389950791	0.00090005324118044	0.0108134265358433	"gene-144986"
"gene-53860"	-5.27602646641926	3.55704498981288	13.2864666270678	0.000901291120137734	0.0108164773839237	"gene-53860"
"gene-273297"	-0.902803257076119	4.73221411447153	13.1182117784559	0.000909578164023818	0.0108952517298236	"gene-273297"
"gene-118351"	-6.36858648877407	-0.0557170232820558	13.4268477224917	0.000909837268077693	0.0108952517298236	"gene-118351"
"gene-134261"	-3.61446639383386	-0.233190443565652	13.0366886740686	0.000938853693070631	0.0112304881914314	"gene-134261"
"gene-143712"	2.17341686537662	5.87674126764357	13.0182805615449	0.000945601936400417	0.0112901181135994	"gene-143712"
"gene-373833"	-4.4644399208921	-0.927447089222447	13.0174904679169	0.000945892730157835	0.0112901181135994	"gene-373833"
"gene-160479"	-7.91870849519404	-0.43026318943282	13.4934726311564	0.000951929001860358	0.0113498432944153	"gene-160479"
"gene-215617"	-1.18979294745991	4.7612763060262	12.9530413660627	0.000969936698137931	0.0115520196344857	"gene-215617"
"gene-252078"	-1.61960201845524	3.41291128277244	12.9406847340366	0.000974620431010181	0.0115952406905789	"gene-252078"
"gene-372216"	-5.64686100264958	-1.54633959008449	13.388055534603	0.000989204448729796	0.0117560264917693	"gene-372216"
"gene-390753"	-11.034921647061	2.52005570604267	13.5764892121814	0.000999220978600799	0.0118622421358084	"gene-390753"
"gene-185155"	-2.39518520973425	2.9377876887145	12.8634275807454	0.00100445556359228	0.011911521047001	"gene-185155"
"gene-293468"	-8.08061334647587	3.02356933913345	13.1470113272525	0.00101005645249154	0.0119650329549994	"gene-293468"
"gene-38226"	-1.76881531120355	1.56496786359	12.8278935066864	0.00101850307230785	0.0120422729586881	"gene-38226"
"gene-28968"	-4.71728449287301	1.51982755819489	12.8272290095196	0.00101876774780132	0.0120422729586881	"gene-28968"
"gene-419420"	-3.02944313180143	3.41036219402967	12.8200112874339	0.00102164735518447	0.0120633398233544	"gene-419420"
"gene-199910"	-4.24582188705034	0.423739981237428	12.7557810811848	0.0010476577212811	0.0123571902682867	"gene-199910"
"gene-267483"	-2.3697782195579	2.11951760006252	12.7097728370419	0.00106672180385066	0.0125685667628407	"gene-267483"
"gene-52319"	-5.00692036609647	0.998725795027841	12.7062538351338	0.00106819506950497	0.0125724501060687	"gene-52319"
"gene-370994"	-8.82006103035745	3.3228299083065	12.9678661975787	0.0010803791209203	0.0127022541992265	"gene-370994"
"gene-408949"	-6.10010562787455	2.53636782905005	12.6349331557154	0.00109852573165821	0.0129018091539729	"gene-408949"
"gene-108242"	-8.14821314159115	2.93016713268713	12.8977032264432	0.00110933514182341	0.0130148572188524	"gene-108242"
"gene-297835"	-5.77815414723473	2.04209584890453	12.6020248272404	0.00111282860593439	0.0130309889472561	"gene-297835"
"gene-172175"	1.44371810993375	3.87195615315845	12.6014483331057	0.00111308092617788	0.0130309889472561	"gene-172175"
"gene-333448"	-1.93364665267364	1.52692829593761	12.5401393867173	0.0011402654608367	0.0133350406499764	"gene-333448"
"gene-372053"	-5.61597338185369	-1.14377469661711	13.1985824444771	0.0011433905945945	0.0133573781151725	"gene-372053"
"gene-275883"	-2.82156819512683	1.13865400247115	12.4931099051016	0.0011615972336867	0.0135556670805922	"gene-275883"
"gene-93380"	-9.71122611008252	0.65604289342458	13.0794407855168	0.00119338396059757	0.0139118450464995	"gene-93380"
"gene-194509"	-0.816718518791274	5.44843234111391	12.4099523221016	0.00120036283823296	0.0139783778397192	"gene-194509"
"gene-337033"	-1.46347945116019	2.77901769958782	12.3905221683298	0.00120961766562806	0.0140658134428749	"gene-337033"
"gene-152697"	0.947683934766653	8.49766135627815	12.3888237855295	0.00121043022986989	0.0140658134428749	"gene-152697"
"gene-218923"	-1.91566623914166	3.20795662846062	12.48985918316	0.0012240271548903	0.0142087967409811	"gene-218923"
"gene-111266"	-3.69252230445833	1.24334555530187	12.3364694873002	0.00123576559335566	0.0143299273921506	"gene-111266"
"gene-286545"	-1.94648046496975	5.10636683499443	12.2943755597238	0.00125654519288101	0.0145555335145848	"gene-286545"
"gene-389188"	-10.4298269792506	1.92463124632803	12.5256479113989	0.00127743447133858	0.0147819338351842	"gene-389188"
"gene-123837"	-6.2908477264918	3.05078625011978	12.2233291042469	0.00129246576192366	0.014940143134413	"gene-123837"
"gene-355621"	-10.1481521897783	1.49240510324951	12.830328459652	0.00130571593384783	0.0150774530050307	"gene-355621"
"gene-332045"	-1.01683039150867	4.23240514877019	12.1932344984535	0.00130800967563323	0.0150880906235426	"gene-332045"
"gene-262532"	-5.11092826061529	-1.33895652869855	12.1416655068606	0.00133510988759945	0.0153762338621384	"gene-262532"
"gene-249999"	2.51869419990325	1.31139913349271	12.140391885388	0.00133578671321224	0.0153762338621384	"gene-249999"
"gene-180400"	2.81998334579373	2.72711052928155	12.127305595566	0.00134276221173112	0.0154403608719248	"gene-180400"
"gene-112415"	-6.59312064397415	0.0799295985686479	12.3591399758719	0.0013613312742063	0.0156375284193834	"gene-112415"
"gene-71595"	-3.44948540199158	0.635924596897925	12.1986366307011	0.0013711448602636	0.0157338157086406	"gene-71595"
"gene-213251"	-0.543617379861676	5.69327635342633	12.0663723698118	0.00137575675730836	0.0157702753212626	"gene-213251"
"gene-221311"	-3.21218210104464	1.61459885920098	12.0337446792844	0.00139377828593262	0.0159602132263097	"gene-221311"
"gene-168211"	1.78622681824963	4.58772568178851	12.0190845030669	0.00140195738979151	0.0160371671029949	"gene-168211"
"gene-193350"	-1.496111045064	3.47580680551151	11.9966265505121	0.00141458628312631	0.0161648097821284	"gene-193350"
"gene-14527"	1.01092998767596	8.99383120549098	11.9634439047992	0.00143346834798934	0.0163635696255938	"gene-14527"
"gene-168058"	-1.26567775796149	4.46561118042418	11.9531090601817	0.00143940392222326	0.0164142814491705	"gene-168058"
"gene-179774"	-3.29038189180719	1.05472278549761	11.9141384006693	0.00146202239799906	0.0166412483333473	"gene-179774"
"gene-110657"	-4.06323405236779	4.34555239339681	11.9136047406518	0.00146233474847753	0.0166412483333473	"gene-110657"
"gene-66657"	-0.821963798152575	4.28578398869738	11.8531806718291	0.00149816480731412	0.017031360627512	"gene-66657"
"gene-166547"	-0.727628161221365	5.25246371608486	11.8356607611428	0.00150872776314087	0.0171299611177635	"gene-166547"
"gene-252410"	0.524326519524843	6.4807745380244	11.8336341716083	0.00150995472783706	0.0171299611177635	"gene-252410"
"gene-173251"	-3.24226210989721	-0.434742618955985	11.810757672721	0.00152387889320262	0.0172701037865736	"gene-173251"
"gene-114760"	-8.08063632493232	-0.0833888090409916	12.3884970023803	0.0015340776096983	0.0173677808068109	"gene-114760"
"gene-128016"	0.567283937058525	7.03424804919174	11.7236793111696	0.0015781452062188	0.0178483027283572	"gene-128016"
"gene-106824"	-3.1873250514025	3.97075377232037	11.713463072007	0.00158464555902966	0.0179034004423567	"gene-106824"
"gene-418912"	-5.50654584545053	1.20167598565294	11.8220492044093	0.00159000005044302	0.0179454523147024	"gene-418912"
"gene-221463"	-0.998671072909087	6.14510548890013	11.6840027111794	0.00160355077399109	0.018079829393317	"gene-221463"
"gene-265224"	-1.59309425896095	5.58525991461273	11.6607309883804	0.0016186545269685	0.0182314233759885	"gene-265224"
"gene-80194"	-11.8428526498532	3.69713392797514	12.2150336247464	0.00163523730336066	0.0183993486958482	"gene-80194"
"gene-21537"	-5.16765589456121	-1.53146016005075	12.2115285962132	0.00163735427760989	0.018404330852521	"gene-21537"
"gene-199712"	-3.87031804621134	2.44426669864191	11.6296626457493	0.0016390551517556	0.0184046305242587	"gene-199712"
"gene-3434"	-0.991381564237562	3.41604397656434	11.6133922601155	0.00164984805965583	0.018506918081425	"gene-3434"
"gene-96109"	-2.65746268585137	2.51281650213719	11.5941154014579	0.00166273341825827	0.0186324449204008	"gene-96109"
"gene-400815"	-0.528539377432825	5.96669634244146	11.5800122142805	0.00167222842489001	0.0187197628053114	"gene-400815"
"gene-130615"	-7.00749325145544	7.28546655292871	11.5445939702294	0.00169632957529276	0.0189702451894134	"gene-130615"
"gene-77495"	-2.43432975694402	1.3037364848272	11.5286551653264	0.00170729604540428	0.0190734811251313	"gene-77495"
"gene-122824"	6.61112228664442	8.09113605039358	11.4790343671324	0.00174192347130865	0.0194405733198945	"gene-122824"
"gene-275958"	-0.883890650994911	5.32329383708483	11.4596506216003	0.00175565290767733	0.019555588552528	"gene-275958"
"gene-339374"	11.7510972540967	4.60971718043813	11.459462178015	0.00175578694636088	0.019555588552528	"gene-339374"
"gene-56617"	-2.03565655286667	3.93075868764774	11.2933625294755	0.00187828496418333	0.0208987718737524	"gene-56617"
"gene-129043"	-1.65002180175091	2.08265415639647	11.289089337379	0.00188155420256562	0.0209139791191142	"gene-129043"
"gene-430104"	-2.5562645020476	-1.1510443083333	11.2589066715208	0.00190481916021607	0.0211511889174296	"gene-430104"
"gene-323689"	2.98723257558213	0.600565883878983	11.255885059995	0.00190716506739026	0.0211558684014341	"gene-323689"
"gene-346416"	-7.06106917892379	-1.10904268442883	11.7652475547643	0.00193273452178134	0.0214178937479257	"gene-346416"
"gene-107416"	-7.4013368261101	-1.01037937562493	11.4506535089913	0.00193627871715008	0.0214355608636766	"gene-107416"
"gene-29178"	-1.44143226582999	2.79677388284544	11.2000770897008	0.00195105150633588	0.0215773734498494	"gene-29178"
"gene-260493"	-4.20158440943999	-0.943668086898103	11.4109739573582	0.0019667118417446	0.0217287068103501	"gene-260493"
"gene-220664"	-0.691120262610489	5.04935971984792	11.1726397381829	0.00197302149763044	0.0217765314492484	"gene-220664"
"gene-90810"	-7.98545303608863	-0.908971261526586	12.9947186642009	0.00197811537689099	0.0218108549028713	"gene-90810"
"gene-207670"	-0.958149784642523	4.36888950883827	11.0234063503692	0.00209722946272677	0.0231010455749052	"gene-207670"
"gene-423178"	-8.23990770633071	1.92507071053632	11.2114937206695	0.00212768571167474	0.0234130620905309	"gene-423178"
"gene-53026"	-3.05819104340276	1.276367134114	10.942063997066	0.00216842026650443	0.0238374439896832	"gene-53026"
"gene-328995"	0.979261406615745	6.5361220082461	10.8990623828671	0.00220709295857574	0.024238334559064	"gene-328995"
"gene-167227"	1.01352434070714	8.70056771389466	10.8896682801116	0.00221563889615896	0.0243079025803148	"gene-167227"
"gene-105043"	-1.57327971954072	1.39840390346563	10.884951868011	0.00221994278202941	0.0243308384873871	"gene-105043"
"gene-112469"	-6.18539340163745	1.65806431332358	10.955555758766	0.00224865812623947	0.0246210147228591	"gene-112469"
"gene-410894"	-3.66452985047845	0.883802392261923	10.801329797582	0.00229775028215602	0.0251335013450161	"gene-410894"
"gene-364813"	-1.49425553951058	1.93822298141116	10.7979179649593	0.00230098602478444	0.0251438761137728	"gene-364813"
"gene-14822"	-2.26141072811404	3.70542258226743	10.7938490712665	0.00230485127412168	0.0251611023400394	"gene-14822"
"gene-343203"	-3.99329224704246	2.68013962456137	10.7833583938471	0.00231484889515849	0.025245172524283	"gene-343203"
"gene-166044"	-0.882375370269282	6.34206913558612	10.7786491955535	0.00231935180156449	0.0252692114515347	"gene-166044"
"gene-107449"	-7.67510229746344	-0.524090216481076	11.2647125469539	0.00233421060687185	0.025405918021131	"gene-107449"
"gene-398558"	-10.3094523327465	3.26928739060143	10.7464100306195	0.0023504308135388	0.0255571572039882	"gene-398558"
"gene-351343"	-0.787027324998362	5.18089224420322	10.7215705208862	0.0023746794600805	0.0257953076133053	"gene-351343"
"gene-428508"	-7.18060549228189	2.08533455795599	10.815179355877	0.00238042987395415	0.0258322464011628	"gene-428508"
"gene-54493"	4.6259572911399	0.529818576813895	10.7032933840941	0.0023926922520792	0.0259397099872847	"gene-54493"
"gene-370478"	-8.77576680056582	0.491935118369128	11.1933608504967	0.00239844127712638	0.0259764186792613	"gene-370478"
"gene-355037"	1.79243617106893	6.97091437294456	10.641134513163	0.00245505136502179	0.0265633658028391	"gene-355037"
"gene-419004"	-4.35011565866754	2.26231339148279	10.6299507616257	0.00246645409545364	0.0266605013483991	"gene-419004"
"gene-170684"	-0.77535022056135	5.25408393002132	10.618801525827	0.00247787791217841	0.0267525798505496	"gene-170684"
"gene-88715"	-1.31148252575116	2.08662035037612	10.6168923188818	0.00247983979511598	0.0267525798505496	"gene-88715"
"gene-391752"	-8.22387814414475	2.18174254876992	10.7050966157384	0.00248954269878957	0.0268309243997978	"gene-391752"
"gene-272278"	-1.3875295546965	2.36909556294353	10.5840127523498	0.00251388792663792	0.0270667678526255	"gene-272278"
"gene-120070"	1.24894585212261	8.98523759806009	10.572135163383	0.00252631003804368	0.0271739004385657	"gene-120070"
"gene-156819"	0.713207381011453	6.80210608653384	10.5604298693186	0.00253861607239241	0.0272795762305081	"gene-156819"
"gene-132150"	-9.82533226229783	1.29816215288287	10.7630941769193	0.00254353872219199	0.027305782395563	"gene-132150"
"gene-348982"	-9.54580658032451	0.750663910354244	11.0360300742292	0.00254693524938025	0.0273155699477435	"gene-348982"
"gene-32875"	-2.86559456472655	2.93189483661419	10.5247565309578	0.00257651649838514	0.027605892657649	"gene-32875"
"gene-399798"	-9.27755621878497	2.84561259162176	10.617310342458	0.0025803914595799	0.027620490082923	"gene-399798"
"g3138"	3.35011921158832	-1.3064596342848	10.4309238560292	0.00267912056385445	0.0286493894537471	"g3138"
"gene-403743"	-9.24503603736347	1.05611691011807	10.8826850995992	0.0027012913463064	0.0288584021087913	"gene-403743"
"gene-181562"	2.55126497162205	2.19655421326454	10.4052427322554	0.00270795644346712	0.0289015195951787	"gene-181562"
"gene-108560"	-5.31919110668715	0.666818952522955	10.4443806979201	0.00276990438558618	0.029534004763093	"gene-108560"
"gene-290669"	-3.470738789227	0.00524698692213885	10.3121402138609	0.002815306187057	0.0299874566874393	"gene-290669"
"gene-423075"	-5.9012860285116	2.01327445316616	10.3099479863152	0.00281788799764621	0.0299874566874393	"gene-423075"
"gene-140193"	-3.38104061548621	-0.420577881849989	10.2933829071711	0.00283747879526724	0.0301667353930105	"gene-140193"
"gene-205780"	0.648568340526176	8.42851948731282	10.278350821198	0.00285538249037016	0.0303277485184919	"gene-205780"
"gene-73181"	1.26152881414707	8.68993387858225	10.2751348169444	0.0028592284965752	0.0303392846166517	"gene-73181"
"gene-100345"	-1.6342833352871	1.98484947885672	10.2689273017849	0.00286666769088741	0.0303888890317505	"gene-100345"
"g5819"	-3.45533921687622	-0.513292210061259	10.326726141978	0.00290733076192326	0.0307902572888462	"g5819"
"gene-204669"	3.1744059566793	0.749853566036717	10.2010588471125	0.00294936436158673	0.031205353635152	"gene-204669"
"gene-393751"	-0.996316525513356	3.13736806498294	10.1930266288678	0.00295931882488749	0.0312805690788348	"gene-393751"
"gene-402785"	-6.62166878128427	-1.32438095361795	10.6336769640639	0.00297395676280108	0.0314050976882538	"gene-402785"
"gene-288972"	0.623602655545853	8.19296006370253	10.1486461839044	0.00301497104064389	0.0318076551341634	"gene-288972"
"gene-263342"	-0.872578691838317	5.28307113453457	10.1444192404416	0.00302032955012358	0.0318258731066108	"gene-263342"
"gene-167281"	-1.96381593914332	3.50621638668854	10.1427187895704	0.00302248808544543	0.0318258731066108	"gene-167281"
"gene-168229"	-0.504399985470688	6.70649884937129	10.138898970549	0.00302734293576507	0.0318464888926942	"gene-168229"
"gene-429764"	-8.90174999349036	0.378591640681147	10.5852800967078	0.00303033557483819	0.0318474942391933	"gene-429764"
"gene-272347"	1.91801820149467	0.843012744390741	10.1096691106787	0.00306476990368647	0.0321786203927654	"gene-272347"
"gene-18178"	-3.28641377969066	1.49967232438106	10.0866202067958	0.00309463103242586	0.0324611440261999	"gene-18178"
"gene-252597"	0.649774049008229	8.73733246817798	10.0792061633654	0.00310430227887695	0.0325315490483263	"gene-252597"
"gene-348627"	3.21094497248354	1.19681284991801	10.0755303045551	0.00310910921911586	0.0325508929959435	"gene-348627"
"gene-126081"	0.828986895897276	7.14944516425582	10.0505826194046	0.00314194429176112	0.032863362130666	"gene-126081"
"gene-144578"	-0.6659794292501	5.28663794455451	10.0406113220557	0.00315517153313992	0.0329703428363186	"gene-144578"
"gene-61009"	-2.38291473670745	-0.392177279199526	10.0357533784864	0.00316163728889771	0.0330065324946368	"gene-61009"
"gene-357413"	-2.91799908973534	2.01392289595211	10.0241360144301	0.00317715707260209	0.0331370851035245	"gene-357413"
"gene-57689"	-1.72744468079349	1.5806323576812	9.97085644056215	0.00324938387565416	0.0338582719858447	"gene-57689"
"gene-428461"	-6.74012377063171	-1.03534529439075	10.136892693285	0.00327688330403588	0.0341124793193811	"gene-428461"
"gene-204870"	-1.07098990993284	4.59937201350664	9.94132925544293	0.00329016529026947	0.0342183415666342	"gene-204870"
"gene-65074"	-3.45168756749541	4.63002117981882	9.9304998949183	0.00330525901594773	0.0343428283197669	"gene-65074"
"gene-383578"	-4.7458353383716	-0.0762502339620112	10.0098992687828	0.00331503148833856	0.0344118424469365	"gene-383578"
"gene-21635"	-1.00790132593572	5.06765321946634	9.8700261976195	0.00339091750349876	0.0351663736943037	"gene-21635"
"gene-327116"	-2.76681120303831	3.8589812240593	9.85166875512628	0.00341738707001109	0.0354074797932441	"gene-327116"
"gene-349121"	-7.45085485370574	0.734273518598533	10.0023986148835	0.00346231289353328	0.0358391766841915	"gene-349121"
"gene-126766"	0.945247121809316	4.07679789919366	9.76147235778633	0.00355068826023065	0.036719394209516	"gene-126766"
"gene-357595"	-7.98228110779513	1.7091287420783	9.82822968090952	0.00357611143891005	0.0369475498570848	"gene-357595"
"gene-333141"	-2.65903915395054	-0.780656172132054	9.70467480925049	0.00363747323914815	0.0375462378572353	"gene-333141"
"gene-408336"	3.89776119019669	2.35690168440562	9.68967667438907	0.00366076645481635	0.0377512248009344	"gene-408336"
"gene-268966"	-1.44012337580435	1.30321746127688	9.67836413036814	0.00367844115440482	0.0378979415279965	"gene-268966"
"gene-170466"	-0.900677574878096	3.48514378933499	9.66849062222874	0.00369394207377293	0.0380220086301366	"gene-170466"
"gene-29544"	-1.50524431778964	2.72309650135967	9.6639891966385	0.00370103225204995	0.0380593522420815	"gene-29544"
"gene-402869"	-1.31475531281383	3.88408037413824	9.65863132420244	0.00370949038631765	0.0381106802026074	"gene-402869"
"gene-57448"	-2.49755047253965	3.85054495669626	9.65055400222398	0.00372228062772828	0.0382063780958141	"gene-57448"
"gene-113488"	-5.82267541661112	0.13771977307955	9.8167787511357	0.003736998795044	0.0383216676808943	"gene-113488"
"gene-231430"	-1.63879779415457	3.15620036356415	9.62904908319301	0.00375656356214919	0.0384863963082069	"gene-231430"
"gene-296617"	-2.49503412614846	1.21023706308743	9.62355686587603	0.00376537321456165	0.0385407334708345	"gene-296617"
"gene-268681"	0.656278979557776	6.04081540106698	9.60315193135741	0.00379829721641607	0.0388415640000575	"gene-268681"
"gene-132199"	-10.1622834498335	1.62150739202343	9.76599550498397	0.0038161699839559	0.0389767540205464	"gene-132199"
"gene-220007"	-1.67392004659903	1.62010953094504	9.59065789159621	0.00381860857637847	0.0389767540205464	"gene-220007"
"gene-392461"	-1.11889657641473	4.13548252658767	9.58087404596633	0.00383459509166728	0.039103621375416	"gene-392461"
"gene-178688"	0.609718463517688	6.8442368196859	9.53909975091111	0.00390366260182507	0.0397525224177546	"gene-178688"
"gene-38131"	-2.55791415332664	4.7491560978134	9.53802307064116	0.00390546022115664	0.0397525224177546	"gene-38131"
"gene-135910"	-4.73091363461434	-0.662397411930744	9.51747927527679	0.00407519392565157	0.0414418194492949	"gene-135910"
"gene-31601"	-1.13944809505978	3.38996734175645	9.35755885909393	0.00421964591938296	0.0428711345580193	"gene-31601"
"gene-175322"	0.918634695298851	9.80076809727069	9.26696568679631	0.00438746553640168	0.0445350033625704	"gene-175322"
"gene-305439"	-3.64499041884334	2.9989600364086	9.33408816541974	0.00440439762669877	0.0446656301755531	"gene-305439"
"gene-234006"	-0.878262345934479	3.52344602844458	9.21633140925977	0.00448436241472358	0.0454346507143377	"gene-234006"
"gene-17762"	-7.39334578204439	0.38400288822643	9.34961816847836	0.00453766495441596	0.0459047332219428	"gene-17762"
"gene-252900"	-9.53735931727776	0.846386088167294	9.56024176361494	0.00454292571308303	0.0459047332219428	"gene-252900"
"gene-30831"	-1.79493663488825	1.56753209045499	9.18610931159968	0.00454328661379731	0.0459047332219428	"gene-30831"
"gene-30619"	-5.72108907125452	3.04975789770145	9.15465074839505	0.00460550269859387	0.0464906254964577	"gene-30619"
"gene-47208"	-1.46277823361327	2.63534504406946	9.10405159427048	0.00470749421955976	0.0474765907849729	"gene-47208"
"gene-229248"	-2.33143579823536	3.02556815946456	9.09538232203985	0.00472520995347324	0.0476115793020452	"gene-229248"
"gene-331179"	-9.45315267381238	0.903222717505512	9.32283616277246	0.00477807189769329	0.048100132208189	"gene-331179"
"gene-330516"	-3.93995470230974	-1.47521382512622	9.21515242331881	0.00480102593025153	0.0482869881530238	"gene-330516"
"gene-345372"	0.815901825278114	8.99380827676159	9.05096313119601	0.00481710750944984	0.0484044450195449	"gene-345372"
"gene-178795"	-1.0264004843625	4.59437434075592	9.04636634837261	0.00482672633107527	0.048456805988594	"gene-178795"
"gene-121196"	-0.944596432708685	4.11659574756029	9.04232972964485	0.00483518995958002	0.0484974846949481	"gene-121196"
"gene-130632"	3.97447807558169	7.37830948565107	9.04022549759415	0.00483960822752559	0.0484975508160335	"gene-130632"
"gene-299231"	-2.68167497750211	2.29605267006064	9.0361144463979	0.00484825270082167	0.048525438935051	"gene-299231"
"gene-390723"	-7.20144114139378	-1.06416622434247	9.3973188036204	0.00485121962972993	0.048525438935051	"gene-390723"
"gene-13038"	-0.966320255974357	4.50240881627745	9.02245085265286	0.00487710266570436	0.0487347924574798	"gene-13038"
"gene-111738"	-3.07346545862897	2.98295485552636	9.02060423344351	0.00488101578237836	0.0487347924574798	"gene-111738"
"gene-830"	0.669059423390918	6.7808683646171	9.00394717780565	0.00491646555373652	0.0490441976698962	"gene-830"
"gene-6555"	1.7164312579745	4.70152668181897	8.99000474744489	0.00494634996484019	0.0492975749442323	"gene-6555"
"gene-92963"	-1.52022866717474	1.95650614994573	8.97246801991179	0.00498421489141295	0.0496299586062523	"gene-92963"
