"logFC"	"logCPM"	"F"	"PValue"	"FDR"	"Gene"
"gene-237342"	-12.2775823384432	3.9842185471681	178.771513568474	1.71343837269782e-13	1.81401720517518e-09	"gene-237342"
"gene-41508"	-10.611025177988	6.31627562828308	88.5695418600474	1.29554660287995e-11	6.85797594234502e-08	"gene-41508"
"gene-92145"	-12.9232318413439	4.48005244558424	106.573267146633	6.39065743898703e-11	2.25526301021852e-07	"gene-92145"
"gene-157744"	-11.931773378626	3.28987786373667	102.591296447486	9.6817627391465e-11	2.5625205529836e-07	"gene-157744"
"gene-136450"	-4.38716180481818	5.55980099186959	74.3961439136347	1.33656268189911e-10	2.61000459658911e-07	"gene-136450"
"gene-372264"	-7.90723964421165	3.44833566485779	92.3072482611766	1.47917517517093e-10	2.61000459658911e-07	"gene-372264"
"gene-39831"	-10.9854198975181	4.67319627917255	89.7181153057276	2.03336419041646e-10	3.07531809770559e-07	"gene-39831"
"gene-6405"	-12.4558360410889	3.86216569257835	79.6640620420121	3.14531343336042e-10	4.16242916487335e-07	"gene-6405"
"gene-122800"	-10.7570833942634	2.29113612825419	86.9135569707891	5.69098461585902e-10	5.69201620779867e-07	"gene-122800"
"gene-26944"	-7.4871076010789	7.35033911063301	66.3568074140664	5.75117902215791e-10	5.69201620779867e-07	"gene-26944"
"gene-44107"	-6.64567920825899	5.4140761236955	66.2087418637804	5.91406236760039e-10	5.69201620779867e-07	"gene-44107"
"gene-33981"	-11.9110784567963	6.60075530333887	78.0076439519426	9.41696128180845e-10	7.60673442817126e-07	"gene-33981"
"gene-53281"	-11.3713704546137	3.20280175526177	82.585512071026	9.69316368310089e-10	7.60673442817126e-07	"gene-53281"
"gene-333573"	3.46840506806703	3.48731409403579	63.124418264608	1.06801642074347e-09	7.60673442817126e-07	"gene-333573"
"gene-136337"	-12.4150833264639	3.68443444581026	81.7437908176836	1.07774644774317e-09	7.60673442817126e-07	"gene-136337"
"gene-8100"	-8.02239002284512	4.26677190074768	67.1083168880858	1.39314309804733e-09	9.21825373689195e-07	"gene-8100"
"gene-156891"	-8.4742384720628	5.2005179161999	61.4214353744375	1.49182677247322e-09	9.29057061186706e-07	"gene-156891"
"gene-362876"	-11.1116713095851	3.14880761167415	77.8236159558084	1.78589747512984e-09	1.0218330153474e-06	"gene-362876"
"gene-385611"	-12.9485261544729	4.4028612644683	67.8500132902445	1.94550515485575e-09	1.0218330153474e-06	"gene-385611"
"gene-170101"	-11.4589782748848	2.96996227430041	67.6955086898706	1.99526618386041e-09	1.0218330153474e-06	"gene-170101"
"gene-178966"	-8.50129926328283	3.90267234598431	64.943967501122	2.02687194883304e-09	1.0218330153474e-06	"gene-178966"
"gene-340320"	-10.4844893567673	2.35406520503736	75.0306994022637	2.58972004267408e-09	1.2462439132632e-06	"gene-340320"
"gene-253843"	-10.0176699953056	4.004630728066	57.8591941654874	3.05930926433628e-09	1.40821335571862e-06	"gene-253843"
"gene-227053"	-13.2008063138867	4.68433649166391	71.5580860449391	4.17147075222926e-09	1.84014003557713e-06	"gene-227053"
"gene-252984"	-13.431127315394	4.82198569496568	62.5277997533305	4.75533936899041e-09	2.01379111598006e-06	"gene-252984"
"gene-20646"	-9.73139503816418	1.58351123243375	69.5473318572966	5.54088528055229e-09	2.25620586404643e-06	"gene-20646"
"gene-364225"	-8.85721627297579	0.903260055368216	67.9458997197962	6.97669839284481e-09	2.73564095870548e-06	"gene-364225"
"gene-50706"	-10.9618835712213	2.56151427856061	66.6297289280211	8.45642123037037e-09	3.13038295341026e-06	"gene-50706"
"gene-406501"	-8.55161047890295	2.74082017116263	57.0486395554375	8.57477147906843e-09	3.13038295341026e-06	"gene-406501"
"gene-433"	-7.03967188271206	4.77773913683156	52.6453196518775	9.20395893238159e-09	3.24807710723746e-06	"gene-433"
"gene-118220"	-10.3392070582857	4.64578713998244	56.2991253073771	9.89793826730759e-09	3.38030556245114e-06	"gene-118220"
"gene-163028"	-3.66034466965751	4.49271627560508	52.0024030531033	1.05896949953311e-08	3.50353440361158e-06	"gene-163028"
"gene-242461"	-10.6342622730295	2.41378887439024	64.5377036531587	1.15465616181146e-08	3.70434690457512e-06	"gene-242461"
"gene-99832"	-11.1585691923598	2.66553601898047	63.720383632103	1.30663492018334e-08	4.04983172833576e-06	"gene-99832"
"gene-290343"	-9.32146750511247	4.51672427042054	54.7419498595475	1.33885057610042e-08	4.04983172833576e-06	"gene-290343"
"gene-56700"	-10.5586161697522	1.90254913221496	56.4144183937959	1.41741261044362e-08	4.16837425187961e-06	"gene-56700"
"gene-193446"	-13.6138772503722	4.97157458295379	62.2767480285659	1.63012331534964e-08	4.59799193572125e-06	"gene-193446"
"gene-29112"	-10.1384094836766	1.75571417466287	62.1969154614305	1.65036075901962e-08	4.59799193572125e-06	"gene-29112"
"gene-372068"	-7.41137798163171	2.06639007630155	53.5450288692305	1.69503915956084e-08	4.6013793800694e-06	"gene-372068"
"gene-104957"	-12.2654491215761	3.56221355970809	61.599635595388	1.81060734887684e-08	4.72234944830943e-06	"gene-104957"
"gene-38083"	-15.5783771724531	6.70153142215244	55.0469775227657	1.8288120088853e-08	4.72234944830943e-06	"gene-38083"
"gene-7352"	-9.95995604993254	3.67672117561224	52.3036215900187	2.17250635627264e-08	5.47626780806153e-06	"gene-7352"
"gene-122791"	-11.4934982388226	3.20833587448106	59.9746861337875	2.33737405622225e-08	5.75483235656394e-06	"gene-122791"
"gene-273137"	-10.5556417004492	4.14505792600998	48.3236790125864	2.41063179846983e-08	5.80030882963639e-06	"gene-273137"
"gene-249966"	-11.7138297348166	3.12690148103362	59.4153135589745	2.5550204431872e-08	6.01111142933841e-06	"gene-249966"
"gene-177267"	-9.65701773676915	3.82179410097923	56.2463277681263	2.72097289134575e-08	6.26237826101684e-06	"gene-177267"
"gene-200848"	-10.990204340617	2.34017828457226	58.8767148558672	2.7852625883353e-08	6.27395213249059e-06	"gene-200848"
"gene-79002"	-9.76200323419555	3.45085437080009	47.3939673863837	2.98448310479009e-08	6.45331842519093e-06	"gene-79002"
"gene-122433"	-6.42684990340244	4.13015196254781	47.3906062126192	2.98680082019794e-08	6.45331842519093e-06	"gene-122433"
"gene-350745"	-11.6449289476784	5.4010856941668	55.0309358909988	3.36657930757143e-08	7.12839502585175e-06	"gene-350745"
"gene-242872"	-12.4845033161416	3.6580161563176	57.3620699405433	3.56074871415553e-08	7.39169541897345e-06	"gene-242872"
"gene-41369"	-12.4590008162938	3.82148903081402	57.1445335835265	3.68996548656139e-08	7.4697073918358e-06	"gene-41369"
"gene-198922"	-8.34598056896895	4.37475607443314	54.4378495639245	3.73943980133463e-08	7.4697073918358e-06	"gene-198922"
"gene-198745"	-11.4615328618966	3.08820846308586	47.3451841633179	3.93980200674236e-08	7.65150776108976e-06	"gene-198745"
"gene-61479"	-10.8146499737667	4.93452167465274	46.1621713447681	3.97499694776553e-08	7.65150776108976e-06	"gene-61479"
"gene-273241"	-8.33014191266571	2.51177990259546	45.9009368027701	4.22641360351668e-08	7.93226010398269e-06	"gene-273241"
"gene-10049"	-9.67393152172524	3.22747458077987	45.856619889702	4.2706982707756e-08	7.93226010398269e-06	"gene-10049"
"gene-211303"	-10.9188071543414	2.12759387912395	50.07247934985	4.79005027834889e-08	8.74349349946202e-06	"gene-211303"
"gene-188322"	-12.6311879332178	3.81587531320596	46.2961914996875	4.99351957841655e-08	8.81678439391093e-06	"gene-188322"
"gene-16181"	-11.7652409347033	2.95984688107752	55.3173380479247	4.99676077864037e-08	8.81678439391093e-06	"gene-16181"
"gene-163088"	-8.74235373189588	4.85392188511495	48.1377737293673	5.13603251491815e-08	8.91052639309262e-06	"gene-163088"
"gene-259706"	-9.6390778883474	4.56267087760092	44.9007497815614	5.35473302048458e-08	8.91052639309262e-06	"gene-259706"
"gene-302907"	-8.63512170242836	3.104527284496	52.4253221553967	5.37166095050303e-08	8.91052639309262e-06	"gene-302907"
"gene-99820"	-11.9785337162856	3.19791747231837	54.8655370634174	5.39143820764202e-08	8.91052639309262e-06	"gene-99820"
"gene-396148"	-11.4128920803165	2.78568293725268	45.89583996756	5.47071139653368e-08	8.91052639309262e-06	"gene-396148"
"gene-285657"	-12.124863436911	3.38024759352961	48.7157464964563	6.29367580253965e-08	1.00956281396193e-05	"gene-285657"
"gene-275101"	-13.946437697355	5.11560037539354	44.4541016501437	7.62847546992624e-08	1.20541298209118e-05	"gene-275101"
"gene-294684"	-11.8685306425025	3.08289487702063	52.7207817878707	7.78065253140668e-08	1.21137894632357e-05	"gene-294684"
"gene-303219"	-4.05499428968243	3.76680089278844	42.19636786665	1.03056132744512e-07	1.57482557921581e-05	"gene-303219"
"gene-363459"	-12.317925652199	3.57216425453576	51.0021470613045	1.05164058039433e-07	1.57482557921581e-05	"gene-363459"
"gene-116614"	-8.35387487882922	3.73558752638815	44.8065639377735	1.05613125648742e-07	1.57482557921581e-05	"gene-116614"
"gene-67362"	-9.79997663353032	5.99844814368677	41.942343589447	1.09719478524416e-07	1.61333349880277e-05	"gene-67362"
"gene-51064"	-5.47829615601654	4.10181955024032	41.7064767765118	1.16312941830114e-07	1.65245841008756e-05	"gene-51064"
"gene-78265"	-10.4982473746835	4.22609109020242	44.3542454974055	1.16755575539207e-07	1.65245841008756e-05	"gene-78265"
"gene-226987"	-5.89642420972559	4.67038807691065	41.6805473303304	1.17062794707251e-07	1.65245841008756e-05	"gene-226987"
"gene-399571"	-12.2289006370719	3.3953168513729	42.3326162422143	1.25829270425978e-07	1.70398845740665e-05	"gene-399571"
"gene-334325"	-9.52867738941361	3.97610655769554	43.9911179870787	1.26600666614295e-07	1.70398845740665e-05	"gene-334325"
"gene-398804"	-13.2163902591391	4.35636728993032	45.3083003877094	1.27626996231981e-07	1.70398845740665e-05	"gene-398804"
"gene-198760"	-7.90198438688133	3.48205395373885	41.3187236023606	1.28073759944866e-07	1.70398845740665e-05	"gene-198760"
"gene-114203"	-6.62021075410574	0.84118757820717	47.7589910826099	1.29030131503084e-07	1.70398845740665e-05	"gene-114203"
"gene-39079"	-12.2475453085845	3.39121696329944	49.7997458127381	1.30370326863076e-07	1.70398845740665e-05	"gene-39079"
"gene-66244"	-12.4563531978664	3.66642615459183	42.0323212628693	1.35217011960359e-07	1.74333405069392e-05	"gene-66244"
"gene-285738"	-12.621768805143	3.98561605322252	44.9861709737281	1.3667396449192e-07	1.74333405069392e-05	"gene-285738"
"gene-179836"	-12.9642926164852	4.1969197210245	49.3516764446371	1.41362296200986e-07	1.78166979747599e-05	"gene-179836"
"gene-383831"	-11.0967904462316	2.65985672505567	48.9063882704202	1.53278069663214e-07	1.88725664658243e-05	"gene-383831"
"gene-145478"	-8.41331802448014	2.64734986573485	40.5999905987068	1.53305064329923e-07	1.88725664658243e-05	"gene-145478"
"gene-38873"	-10.253270382455	2.18492421636383	44.0934515905493	1.65496107762159e-07	2.01391642859537e-05	"gene-38873"
"gene-10198"	-6.46407918851398	7.20923030845133	40.2431577297881	1.67726512948987e-07	2.01786430976241e-05	"gene-10198"
"gene-211152"	-7.62198460452168	4.44807563512391	40.1012453962335	1.73852430360965e-07	2.06806256205791e-05	"gene-211152"
"gene-183629"	-9.60671634538483	3.06123826673966	42.3134453039742	1.84966626405064e-07	2.15876477242267e-05	"gene-183629"
"gene-285316"	-11.2998462753476	2.47309423736513	40.7254694798885	1.85555487192276e-07	2.15876477242267e-05	"gene-285316"
"gene-326347"	-9.12640492042751	3.37911257419523	39.6962474149197	1.92664367647759e-07	2.21710615248568e-05	"gene-326347"
"gene-97398"	-13.2143091039553	4.2960401637892	40.40086510735	2.00901894916475e-07	2.27327805444704e-05	"gene-97398"
"gene-206297"	-14.1248831757972	5.24484029968276	43.1785057107788	2.01840121959027e-07	2.27327805444704e-05	"gene-206297"
"gene-394641"	-7.67141451472405	-0.56423947834527	47.2548234666725	2.07829341206026e-07	2.31368821467364e-05	"gene-394641"
"gene-280975"	-13.2708263361445	4.46710957671669	43.0015973907645	2.09798874665788e-07	2.31368821467364e-05	"gene-280975"
"gene-334058"	-8.65766453472444	4.49080244986556	39.1964027468267	2.18877957886853e-07	2.36172565599923e-05	"gene-334058"
"gene-351643"	-9.00510636216765	4.42768738968352	39.1643383975483	2.20682788641229e-07	2.36172565599923e-05	"gene-351643"
"gene-426390"	-9.16001629283375	3.199791695974	41.5417519236049	2.208471143326e-07	2.36172565599923e-05	"gene-426390"
"gene-243159"	-3.58581827356283	4.51384881229228	38.7056584971042	2.48286749412779e-07	2.61001789241933e-05	"gene-243159"
"gene-83189"	-8.62463189475986	2.46509907156798	41.0241729795565	2.48995756242894e-07	2.61001789241933e-05	"gene-83189"
"gene-517"	-8.07720324042591	1.7024333522271	44.23584827489	2.59476878837823e-07	2.69276615232097e-05	"gene-517"
"gene-105556"	-9.00973478904055	1.52743013741012	39.3267074318298	2.61976871341324e-07	2.69276615232097e-05	"gene-105556"
"gene-398558"	-8.1984702004635	3.19685475727935	40.7588259603394	2.64878377675449e-07	2.69641094658652e-05	"gene-398558"
"gene-20981"	-11.6834928083325	2.84787576921449	39.1953934572073	2.70689262215019e-07	2.72932116101943e-05	"gene-20981"
"gene-32615"	-12.5783687529013	3.73260318889324	45.7723404772189	2.74782754256354e-07	2.7444575653887e-05	"gene-32615"
"gene-355067"	-3.65665970838557	3.61468547187925	38.2163086195227	2.81779297409515e-07	2.7880349735276e-05	"gene-355067"
"gene-22771"	-11.2397812634868	2.60685818124825	45.5587829948288	2.86199753015281e-07	2.80555257886369e-05	"gene-22771"
"gene-341425"	-9.93728216038394	3.40177407797008	43.4912457035745	3.02093291272956e-07	2.93418502266677e-05	"gene-341425"
"gene-377608"	-5.19816979907255	4.39722500783277	37.8917912179292	3.06587079614571e-07	2.95076128352679e-05	"gene-377608"
"gene-168137"	-10.4119815543251	1.80279327234341	41.2387717178664	3.10051535138616e-07	2.9572212635248e-05	"gene-168137"
"gene-170302"	-8.26520292366053	2.51392664692098	40.049178104143	3.12863121391732e-07	2.95739452336988e-05	"gene-170302"
"gene-205721"	-4.75960340044716	3.75324194152375	37.7703348983036	3.16453760901543e-07	2.95925700148307e-05	"gene-205721"
"gene-145538"	-7.48835325013502	4.86954211745333	37.743835808618	3.18650513052866e-07	2.95925700148307e-05	"gene-145538"
"gene-87838"	-12.9086601482616	4.10501639929291	44.9446982536154	3.21963479485754e-07	2.96402378897016e-05	"gene-87838"
"gene-249784"	-7.0847126681162	2.73917066233795	39.7781529800685	3.33548803940863e-07	3.0442079201051e-05	"gene-249784"
"gene-126153"	-7.62556424032069	3.06924603991309	37.5223785973606	3.37648578092944e-07	3.05528674894872e-05	"gene-126153"
"gene-53133"	5.22383397341475	0.0809088945591264	37.3861826236242	3.49921043529714e-07	3.09832302902182e-05	"gene-53133"
"gene-87275"	-4.33651667688476	4.0409177804763	37.3766230891732	3.50799884886769e-07	3.09832302902182e-05	"gene-87275"
"gene-294758"	-6.97844075266906	4.40356826796918	37.3681532497693	3.51580486989394e-07	3.09832302902182e-05	"gene-294758"
"gene-172388"	-5.00343065615809	4.19000297345393	37.3408339216362	3.54110783519071e-07	3.09832302902182e-05	"gene-172388"
"gene-304890"	-8.45175973387964	4.75801690570646	37.1069737217089	3.7657091051509e-07	3.26783297510103e-05	"gene-304890"
"gene-199491"	-6.48233450380098	2.47326081268183	42.3735273964074	3.80714227145286e-07	3.27692806730662e-05	"gene-199491"
"gene-226935"	-13.6909016292644	4.83123482370745	40.1999147400065	3.92090179265418e-07	3.34762800635724e-05	"gene-226935"
"gene-153056"	-11.6232396791566	2.78508824648351	40.0149684542142	4.08973645436284e-07	3.46384318738715e-05	"gene-153056"
"gene-262696"	-12.178674283602	3.32818703445233	39.5497494708464	4.54953656693964e-07	3.82269393922142e-05	"gene-262696"
"gene-31263"	-13.0688820224732	4.21989481296695	42.7735617729263	4.92346077869136e-07	4.1043054538587e-05	"gene-31263"
"gene-92073"	-10.1411000607337	3.61499718624986	36.0273971696509	5.01486357176768e-07	4.14206072305915e-05	"gene-92073"
"gene-57466"	-12.6001001599667	3.68412638231019	36.7391433745742	5.04699946419789e-07	4.14206072305915e-05	"gene-57466"
"gene-237494"	-3.70180532951188	3.75873460729204	35.7457962897225	5.40778052085161e-07	4.40401325955815e-05	"gene-237494"
"gene-280686"	-13.6926972384781	4.77693163009581	38.3221934785811	6.04748207990515e-07	4.8873811282409e-05	"gene-280686"
"gene-7331"	-12.9312116753258	4.03655277703802	38.1523598371056	6.29291244301308e-07	5.04720182077117e-05	"gene-7331"
"gene-299566"	-12.0427218283788	3.2626584660732	41.4110230273626	6.47252831250373e-07	5.15222986800579e-05	"gene-299566"
"gene-308117"	-6.25713791069129	3.14402565462749	34.9256384304929	6.74796462605816e-07	5.33139563403565e-05	"gene-308117"
"gene-193392"	-11.2066401498946	2.67384582390689	35.3260357909337	7.29425481293304e-07	5.72031671885349e-05	"gene-193392"
"gene-92106"	-7.17476118553649	3.37218419415964	34.6007272054981	7.37181032959168e-07	5.73862911466082e-05	"gene-92106"
"gene-218159"	-12.1871490123763	5.70458675150125	34.4353846320913	7.71230729817274e-07	5.95986842085801e-05	"gene-218159"
"gene-176614"	-7.95019012866326	3.68316379999906	34.3748191810661	7.84113943299214e-07	6.0155176215281e-05	"gene-176614"
"gene-432055"	-8.62037960245551	2.73300713415615	38.6807336898893	8.4027475971475e-07	6.34418544039105e-05	"gene-432055"
"gene-45063"	-11.7948452738995	3.0493775205936	40.0842360415147	8.49425970102402e-07	6.34418544039105e-05	"gene-45063"
"gene-324122"	-12.0696036522781	3.19604532563687	36.8503547901923	8.56571520336034e-07	6.34418544039105e-05	"gene-324122"
"gene-286539"	-10.8030379396741	2.01693641062036	36.819270056879	8.6296416815361e-07	6.34418544039105e-05	"gene-286539"
"gene-9388"	-9.44219310418209	4.53603214799903	34.0093609466461	8.66814791173181e-07	6.34418544039105e-05	"gene-9388"
"g14715"	-12.5341429305118	3.95560484875594	39.9837890826373	8.67282629658965e-07	6.34418544039105e-05	"g14715"
"gene-290739"	-5.78700722745507	4.90267492574632	34.0006175303699	8.68902322524513e-07	6.34418544039105e-05	"gene-290739"
"gene-164026"	-11.440742545206	2.84565500797736	36.6567574071479	8.97221254953855e-07	6.44616624968659e-05	"gene-164026"
"gene-191915"	-13.2988479577565	4.36957976025738	39.8135072950474	8.98481860532267e-07	6.44616624968659e-05	"gene-191915"
"gene-21552"	-10.6928168957944	1.93513834020326	36.6137796257383	9.0652052999503e-07	6.44616624968659e-05	"gene-21552"
"gene-21271"	-12.3988189499216	3.54041043582712	39.7669279605399	9.07224682349392e-07	6.44616624968659e-05	"gene-21271"
"gene-53233"	-10.9651509314781	2.14961917567372	34.3602644415455	9.42291956251748e-07	6.65069662722484e-05	"gene-53233"
"gene-22821"	-7.73668549247618	1.50653196330586	35.4144034114398	9.68386389600256e-07	6.78960709052842e-05	"gene-22821"
"gene-306260"	-10.6793295827021	4.10977458445805	35.356469403406	9.82643257352381e-07	6.84423958262477e-05	"gene-306260"
"gene-272736"	-12.1363047148827	5.69811443759965	35.3194429857615	9.9187137954129e-07	6.86336097725728e-05	"gene-272736"
"gene-133409"	-12.5359185876675	3.97953657573614	36.2056750689304	1.00010631630142e-06	6.87540621472933e-05	"gene-133409"
"gene-31907"	-9.19399770201471	3.41285634813579	35.1592983783333	1.03285482759605e-06	6.9713275038142e-05	"gene-31907"
"gene-45480"	-8.63659315936552	3.1807752541948	33.3734240940222	1.03335958095175e-06	6.9713275038142e-05	"gene-45480"
"gene-348484"	-9.9954207993149	3.46642211500976	33.3718420475602	1.03381356200891e-06	6.9713275038142e-05	"gene-348484"
"gene-181289"	-11.7827079006297	3.3904755530076	38.9755867096482	1.07060586616097e-06	7.173736901928e-05	"gene-181289"
"gene-144820"	-12.4651448003161	3.56883862697666	33.7407434522952	1.11263716082108e-06	7.40848403875017e-05	"gene-144820"
"gene-248416"	-12.7288751860172	3.86926511756553	35.5136874004437	1.18305793600512e-06	7.82814648030388e-05	"gene-248416"
"gene-194467"	-8.69119353371465	2.59123891328304	32.8228866771071	1.20475414013576e-06	7.92219383951381e-05	"gene-194467"
"gene-255049"	-12.1956001105975	3.29996189312084	38.3560777503765	1.22054289320562e-06	7.94746299124387e-05	"gene-255049"
"gene-146582"	-2.86376761113956	3.88217724720824	32.7674174270079	1.22361052949159e-06	7.94746299124387e-05	"gene-146582"
"gene-357892"	-11.8995689971467	3.05746611588666	33.2864895649415	1.25803287740272e-06	8.09756305376725e-05	"gene-357892"
"gene-296096"	-9.46155481897198	3.66994805246373	34.3723785090278	1.26201747791782e-06	8.09756305376725e-05	"gene-296096"
"gene-183933"	-4.9900139063231	5.81273135654461	32.6346919192873	1.27000154502953e-06	8.09970262483593e-05	"gene-183933"
"gene-261546"	-11.9901290555234	3.28318709084393	37.8707511578479	1.35374848303193e-06	8.58211688015509e-05	"gene-261546"
"gene-213719"	-13.5002599556132	4.86611098026919	37.7616768324808	1.38578534016336e-06	8.73292225970805e-05	"gene-213719"
"gene-227403"	-9.56256168780281	3.41259576346024	32.3024199678722	1.39444478115808e-06	8.73549520598855e-05	"gene-227403"
"gene-185524"	-11.6111631177657	2.74775544255051	34.7757643683354	1.41798581870518e-06	8.83071521331281e-05	"gene-185524"
"gene-147790"	-10.7214930711655	4.50978890375081	36.2717878266308	1.44320538271888e-06	8.9352136765174e-05	"gene-147790"
"gene-254113"	-11.9061926418845	3.09075456840988	32.7313295558665	1.46343113938476e-06	9.00775899573629e-05	"gene-254113"
"gene-199239"	-12.6158650367707	3.68556527904653	37.4624021055938	1.47794487573919e-06	9.04451005748598e-05	"gene-199239"
"gene-335727"	-8.15466517406565	2.63179222574809	32.055722202788	1.4951062629377e-06	9.04762460750173e-05	"gene-335727"
"gene-145496"	-5.45030615716568	4.29413836385397	32.0455430899365	1.49942053632263e-06	9.04762460750173e-05	"gene-145496"
"gene-240376"	-9.76391807526073	4.04735704363843	32.03455651771	1.5040917454617e-06	9.04762460750173e-05	"gene-240376"
"gene-348880"	-11.7385392822106	3.09003012619839	37.2858898627153	1.53537126624897e-06	9.18360203151293e-05	"gene-348880"
"gene-415190"	-12.0085762700488	3.27516436345883	37.2149646440134	1.5591172251133e-06	9.27324385521038e-05	"gene-415190"
"gene-213663"	-13.2789577535768	4.52566206302281	32.4595914504758	1.5766011563139e-06	9.32484717424318e-05	"gene-213663"
"gene-280707"	-6.44578249732299	2.9971443021092	31.7065561479932	1.65084382258974e-06	9.70971308319864e-05	"gene-280707"
"gene-232153"	-11.9883151473129	3.12721380809678	36.7423072756934	1.72779949239219e-06	0.000100684139598623	"gene-232153"
"gene-122764"	-7.4911085781711	1.90909434505449	35.4773641822622	1.73289247689754e-06	0.000100684139598623	"gene-122764"
"gene-352199"	-3.32228981903826	3.88132939937878	31.5212215674044	1.74036058813148e-06	0.000100684139598623	"gene-352199"
"gene-7154"	-10.0529293911246	6.15536808354067	33.0221102504309	1.79003132603093e-06	0.000102796036401513	"gene-7154"
"gene-27654"	-8.46882191675383	5.89793889166249	31.4104604378577	1.79628475812599e-06	0.000102796036401513	"gene-27654"
"gene-398654"	-9.8940510417425	1.50892243253562	33.7933744871683	1.81057764603358e-06	0.000103056911497621	"gene-398654"
"gene-26135"	-6.91099261923121	3.63415416839282	32.8805113580001	1.85765085646179e-06	0.000104730166063836	"gene-26135"
"gene-402450"	-8.05513497908242	4.95334965338071	31.2890604896558	1.85975925380195e-06	0.000104730166063836	"gene-402450"
"gene-275720"	-12.6171136981271	3.81283017683095	31.7644673197415	1.91022145259223e-06	0.000107002722320603	"gene-275720"
"gene-79536"	-10.9365216713186	4.38553026051688	32.6638619448287	1.96640068626351e-06	0.000109569916134062	"gene-79536"
"gene-206319"	-11.5794002338329	2.80565694562763	31.6301514652847	1.9828671347083e-06	0.000109660175928642	"gene-206319"
"gene-274084"	-8.37197525192449	3.80538382992957	31.0552780092809	1.98873654276937e-06	0.000109660175928642	"gene-274084"
"gene-39560"	-9.17096137561822	1.13602188202383	36.0059675287963	2.03087987895836e-06	0.000111403757919856	"gene-39560"
"gene-104695"	-3.88289452257617	4.26488586874309	30.772471626119	2.15745582342799e-06	0.000117737035065114	"gene-104695"
"gene-146304"	-12.6418321840898	3.72301411881721	35.6659427385937	2.18969777820121e-06	0.000118708841366936	"gene-146304"
"gene-291622"	-13.3903457921193	4.48526786224961	35.6495404189431	2.19768894945872e-06	0.000118708841366936	"gene-291622"
"gene-378680"	-8.50498410551448	4.29203620189678	30.6476263778896	2.2366701803843e-06	0.000120201153298115	"gene-378680"
"gene-347049"	-9.2032771187103	4.16551589818851	30.5951364768399	2.2708838377884e-06	0.000121423470659928	"gene-347049"
"gene-17915"	-2.8832941863257	3.64749618456403	30.466053425863	2.35738627433737e-06	0.000125207509561404	"gene-17915"
"gene-77298"	-12.2305184122073	3.39345571980182	35.3195374205516	2.36530668860687e-06	0.000125207509561404	"gene-77298"
"gene-194202"	-11.7697089968721	2.93518260295753	35.2167589217152	2.4202768968645e-06	0.00012705757725107	"gene-194202"
"gene-238220"	-11.386883947759	2.67060334092931	35.1859479318722	2.43702214475578e-06	0.00012705757725107	"gene-238220"
"gene-132117"	-8.39855997736715	5.2476591111224	30.3376823845991	2.44685780436683e-06	0.00012705757725107	"gene-132117"
"gene-330657"	-9.84961164234163	4.05565576551382	30.3357078188732	2.44826161889282e-06	0.00012705757725107	"gene-330657"
"gene-259401"	-7.81179580526373	3.13045212881621	31.8089874383568	2.46601272488036e-06	0.000127354520577114	"gene-259401"
"gene-185530"	-9.12508675010934	4.43376645570462	30.2166419443237	2.53449799598752e-06	0.000129631984542644	"gene-185530"
"gene-187157"	-7.52902382843587	4.48906106317918	30.2165022894121	2.53460100125883e-06	0.000129631984542644	"gene-187157"
"gene-24483"	-13.3590142644688	4.4527723964598	34.9287414814325	2.58176537657577e-06	0.000131409375200998	"gene-24483"
"gene-141548"	-10.0111697360543	3.83607734106953	30.0687993564389	2.64604858130296e-06	0.000133426677329929	"gene-141548"
"gene-186344"	-11.6673253138734	2.87447325685071	32.2813051332401	2.65749256001676e-06	0.000133426677329929	"gene-186344"
"gene-37517"	-14.781845414194	5.91694659014538	34.7974170171556	2.65920741632333e-06	0.000133426677329929	"gene-37517"
"gene-228543"	-8.08942958484545	3.75347613437745	29.9141724995054	2.76826404868934e-06	0.000138243450393745	"gene-228543"
"gene-419623"	-7.11541908793454	-0.441651409523152	32.0533050011992	2.81810294020277e-06	0.00014007162360529	"gene-419623"
"gene-356255"	-8.8819894884883	4.62091347374093	33.3849060123487	2.83785396180131e-06	0.000140394205110236	"gene-356255"
"gene-252936"	-9.29923803053533	4.1670917509453	29.8109575135203	2.85314053352543e-06	0.000140493948039227	"gene-252936"
"gene-347217"	-10.851130172367	5.7004310481336	29.7062474510353	2.94205057105988e-06	0.000143740899209348	"gene-347217"
"gene-347435"	-10.9661629737616	6.01805161772945	29.6295419730263	3.00902988801617e-06	0.000143740899209348	"gene-347435"
"gene-206715"	-12.111528376294	3.27040271763051	31.7961417518697	3.01172750693694e-06	0.000143740899209348	"gene-206715"
"gene-358996"	-6.31833023485348	2.80718895336908	29.6199898600928	3.01748251176692e-06	0.000143740899209348	"gene-358996"
"gene-121573"	-12.2515631957621	3.48572287328965	34.2378278340517	3.01831736005476e-06	0.000143740899209348	"gene-121573"
"gene-285765"	-11.6880363654638	2.89638040281103	31.7866949603201	3.01910427831699e-06	0.000143740899209348	"gene-285765"
"gene-214212"	-11.6976092543788	2.87125498678362	34.234643864078	3.02050394052017e-06	0.000143740899209348	"gene-214212"
"gene-172624"	-9.47519059109354	0.800200475432636	30.1262365505943	3.02769628069185e-06	0.000143740899209348	"gene-172624"
"gene-398573"	-5.90800411457844	1.71862287036315	29.5563124967665	3.07447287677716e-06	0.000145310019403749	"gene-398573"
"gene-171856"	-10.7625778980127	2.00399761791077	30.0150516315609	3.12517515790352e-06	0.000147049908429887	"gene-171856"
"gene-79630"	-7.97038168235767	3.30865133026855	29.355086052211	3.26213588572407e-06	0.000152815188593631	"gene-79630"
"gene-340712"	-8.05561383096986	2.82378595104687	29.3129854528305	3.30290241022484e-06	0.000153953509811071	"gene-340712"
"gene-104966"	-8.29081499985201	2.95751845238933	29.3000667014142	3.31551905515482e-06	0.000153953509811071	"gene-104966"
"gene-340805"	-12.0476844122078	3.43042945717471	33.7854571567551	3.34672630635308e-06	0.00015472397993607	"gene-340805"
"gene-229684"	-11.8954493035094	3.22990144260076	29.7394385061121	3.38137363706491e-06	0.000155646098676549	"gene-229684"
"gene-80194"	-8.93136820315864	5.04285122522321	30.6029676334478	3.41201865639619e-06	0.000156376803096391	"gene-80194"
"gene-167337"	-3.26442470163747	4.05767641400565	29.1452126592822	3.47076321860784e-06	0.000158383492221557	"gene-167337"
"gene-359383"	-9.39371681166753	4.55409493939185	28.9353262661878	3.69349792688931e-06	0.000167824302798185	"gene-359383"
"gene-244768"	-3.56234432624138	4.40986030515595	28.8899654996876	3.74358378214505e-06	0.000169292163132562	"gene-244768"
"gene-301715"	-4.85052990073499	4.69958074255272	28.8772211927398	3.75778391764921e-06	0.000169292163132562	"gene-301715"
"gene-42287"	-7.95346233206224	3.02830131313991	28.8507187703449	3.78749568895582e-06	0.00016990769855498	"gene-42287"
"gene-46835"	-12.3647735196102	3.51200612502708	33.0887388848671	3.92995557360529e-06	0.000175554597712064	"gene-46835"
"gene-353876"	-11.9387305354014	3.16180517524378	29.0467667219996	4.12816442528709e-06	0.000183355985352807	"gene-353876"
"gene-106209"	-6.21628069662438	-0.797732991341001	29.0260251920442	4.15304757331821e-06	0.000183355985352807	"gene-106209"
"gene-3833"	-1.67223044908449	4.43306270862467	28.5386567456904	4.15655393262242e-06	0.000183355985352807	"gene-3833"
"gene-130853"	-9.0951530477214	4.29180853104233	28.5109994586796	4.19104080014609e-06	0.000183475035729682	"gene-130853"
"gene-218523"	-8.97936957679833	3.79656701345699	31.7782448625228	4.1939131620462e-06	0.000183475035729682	"gene-218523"
"gene-125470"	-6.661319686636	5.36235768003979	28.4141504917578	4.31419893995653e-06	0.000187960593322304	"gene-125470"
"gene-322589"	-6.32466559350434	3.18512224177366	28.3754836545117	4.36442874898942e-06	0.00018875308479607	"gene-322589"
"gene-114715"	-7.90338321096711	3.43165413825031	31.6045310510693	4.37763839903037e-06	0.00018875308479607	"gene-114715"
"gene-78601"	-8.4463591244472	5.001167814744	28.3575670916309	4.38791148819796e-06	0.00018875308479607	"gene-78601"
"gene-340338"	-8.60354889806176	2.46429775223306	29.6716447541915	4.40370378243406e-06	0.00018875308479607	"gene-340338"
"gene-188385"	-10.7331436248014	4.24685774881386	28.2761179372225	4.49635382314591e-06	0.000191947169055023	"gene-188385"
"gene-34357"	-10.5759511015221	2.16814988182912	30.2236480946285	4.54966914851908e-06	0.00019344316174848	"gene-34357"
"gene-27908"	-12.4891905005259	3.5976254951098	32.3775802997617	4.63954124071357e-06	0.000196475292461738	"gene-27908"
"gene-295673"	-10.0543027925562	3.68107448687231	31.2238181933644	4.81110280485159e-06	0.000202928866115394	"gene-295673"
"gene-214179"	-9.22000489662249	3.93608560138364	29.2896997521419	4.89504232530202e-06	0.000205650051976081	"gene-214179"
"gene-142374"	-7.63460984958685	1.6298813382897	31.0960084084595	4.96673808325684e-06	0.000207837375839684	"gene-142374"
"gene-534"	-13.0416997368475	4.12867804915056	31.9471654527535	5.13502950673704e-06	0.000214033690503248	"gene-534"
"gene-366123"	-8.12293513062465	4.56930065339529	27.8202165419538	5.15775985700617e-06	0.00021413805335735	"gene-366123"
"gene-16211"	-9.49181470360758	2.34768212367377	30.8348738066111	5.30172367840676e-06	0.000218255406715705	"gene-16211"
"gene-218723"	-4.57860822613798	4.06167402428467	27.728141747875	5.3033566640197e-06	0.000218255406715705	"gene-218723"
"gene-246645"	-10.0252147947065	4.23560133317851	30.8220557756469	5.3187772676539e-06	0.000218255406715705	"gene-246645"
"gene-184811"	-10.7018839398431	1.93874521210728	29.4900234080692	5.53607003524409e-06	0.00022629487823602	"gene-184811"
"gene-8990"	-7.60057167189504	3.74231509405481	27.5015927262401	5.68032843628593e-06	0.000231298604442151	"gene-8990"
"gene-39728"	-9.78313444857995	2.8274280310328	28.7169018836125	5.74383180101007e-06	0.00023298830374442	"gene-39728"
"gene-355708"	-9.85407774992678	3.40889127306431	28.6849458846661	5.79556467028922e-06	0.000234189477726534	"gene-355708"
"gene-197725"	-5.5788462345411	1.33290396058775	27.3685471513136	5.91477216170218e-06	0.000238097691543502	"gene-197725"
"gene-281940"	-6.72525758500746	2.00477023968396	28.5953830521129	5.94320577890071e-06	0.00023833605901978	"gene-281940"
"gene-229595"	-8.71674546228737	5.25440443492236	27.3045503615191	6.03115148333301e-06	0.000240777074477094	"gene-229595"
"gene-26108"	-6.44529208867025	2.96779965334315	27.2945462525155	6.0495609531413e-06	0.000240777074477094	"gene-26108"
"gene-277647"	-4.45050030146888	4.23467149722462	27.269679859184	6.0955766449662e-06	0.000241699887416693	"gene-277647"
"gene-261023"	-8.88719231064179	3.38325334761336	27.252158566617	6.12822133752391e-06	0.000242087609329723	"gene-261023"
"gene-49788"	-6.29791664487241	2.85088873508064	27.2311617343368	6.16758410276217e-06	0.000242736850914287	"gene-49788"
"gene-258455"	-9.58847335502562	3.35806415787439	27.2091407351313	6.20915302049268e-06	0.00024346778899243	"gene-258455"
"gene-47360"	-12.0240883875211	3.21064556759639	28.9043691431666	6.48644926868614e-06	0.000253402355747528	"gene-47360"
"gene-368606"	-7.88080889989013	3.71255957097677	26.9995225063689	6.61994071160742e-06	0.000257110722514598	"gene-368606"
"gene-408081"	-11.9465575675815	3.02720406374587	30.8777017385163	6.62994495574623e-06	0.000257110722514598	"gene-408081"
"gene-353046"	-4.74996550043882	4.1894069885845	26.9278374340839	6.76690782071058e-06	0.000261464427364463	"gene-353046"
"gene-428508"	-5.10015588747029	2.90837940012778	26.9104890491364	6.80298885161486e-06	0.000261902701716533	"gene-428508"
"gene-262574"	-7.91628509442133	4.58466512174403	26.8683474371448	6.89148097032251e-06	0.000264348221133349	"gene-262574"
"gene-398591"	-8.53907770058182	0.201652776901684	30.6893379491674	6.93866885277207e-06	0.000265197426513711	"gene-398591"
"gene-133498"	-5.11909749601247	0.985144242199483	27.8528119747062	7.33235879801412e-06	0.000279236268325811	"gene-133498"
"gene-131635"	-7.76045180505786	4.00675200338786	26.5889345297131	7.50973980730961e-06	0.000284966363225759	"gene-131635"
"gene-259165"	-5.4136411824296	3.64529393205439	26.5608015875608	7.57514851558268e-06	0.000285436560239226	"gene-259165"
"gene-281451"	-2.09054268204468	2.96848024091848	26.5508534748297	7.59842108715775e-06	0.000285436560239226	"gene-281451"
"gene-181301"	-7.01533169920424	2.3994544865563	26.548893944678	7.60301407267986e-06	0.000285436560239226	"gene-181301"
"gene-99641"	-9.01513562815721	2.77434495747515	27.6822683159038	7.69765722385839e-06	0.00028766476280809	"gene-99641"
"gene-407334"	-6.31972704933598	3.82331764953334	26.4898744663423	7.74273020801417e-06	0.00028766476280809	"gene-407334"
"gene-189077"	-3.32400059765289	4.25841578447888	26.4873744090422	7.74870792828273e-06	0.00028766476280809	"gene-189077"
"gene-69960"	-9.88255752965904	1.43013634016248	30.2149412068773	7.78678735999364e-06	0.00028766476280809	"gene-69960"
"gene-206132"	-8.12825177256492	3.44014740849167	26.4667435148023	7.798223002354e-06	0.00028766476280809	"gene-206132"
"gene-12117"	-7.24053154142395	2.21354315083713	26.3706333296882	8.03332296115376e-06	0.000295308299269913	"gene-12117"
"gene-27484"	-11.9867415428103	3.13233027348137	30.0715329347211	8.0646129121546e-06	0.000295432722840764	"gene-27484"
"gene-209323"	-11.0582396934887	2.24784663677098	28.0560954018518	8.18304678333775e-06	0.00029873764239723	"gene-209323"
"gene-198928"	-7.73113007303527	2.33203878084046	26.2333274543421	8.38222461437966e-06	0.000304756238226107	"gene-198928"
"gene-118590"	-11.9354080815198	3.11793334820854	29.9026707232822	8.40548045357734e-06	0.000304756238226107	"gene-118590"
"gene-160999"	-5.27761343307211	4.01679376271962	26.182802387262	8.51459711040156e-06	0.00030765883825195	"gene-160999"
"gene-190490"	-13.4799839991413	4.54542700554217	29.8023721722531	8.6152513889832e-06	0.000309281200011392	"gene-190490"
"gene-291112"	-5.46555325556002	2.43602230775023	26.1439354808298	8.61792330248046e-06	0.000309281200011392	"gene-291112"
"gene-212345"	-1.89844187761939	3.04333187998667	26.1256780844042	8.66691493591331e-06	0.000309988609549035	"gene-212345"
"gene-93344"	-7.23232011540202	2.64068260389979	26.1011186975762	8.73328034725304e-06	0.00031131056914602	"gene-93344"
"gene-189724"	-11.2753582562188	2.3708515381796	29.733223758094	8.76314669078216e-06	0.000311326959782922	"gene-189724"
"gene-175431"	-8.48478071965925	2.79509731098463	25.9900143361225	9.04026784348133e-06	0.000320098045682063	"gene-175431"
"gene-422274"	-9.37282944377731	0.920145386513221	27.6808834622653	9.07885199661929e-06	0.000320392686960695	"gene-422274"
"gene-169536"	-7.32641266843362	2.55463504621725	25.9393777173841	9.18393027806532e-06	0.000322039516768875	"gene-169536"
"gene-78783"	-4.40129105884556	3.83184300898165	25.9385304606031	9.18635440296592e-06	0.000322039516768875	"gene-78783"
"gene-101771"	-7.54476177669412	4.18258182024452	25.8836068948728	9.3449454226779e-06	0.000326517944521092	"gene-101771"
"gene-391752"	-7.56597226039623	2.95976584420441	25.8705788562291	9.38298513507588e-06	0.000326768630345554	"gene-391752"
"gene-270171"	-8.91812076629348	2.76359333506135	28.5620396941822	9.47879669964586e-06	0.000328272051332512	"gene-270171"
"gene-16220"	-10.0031776075556	1.27045453260298	27.5223591137856	9.4881692365872e-06	0.000328272051332512	"gene-16220"
"gene-29902"	-6.27361718996126	3.55474952093186	25.8106437437322	9.56009837163475e-06	0.000328852850597591	"gene-29902"
"gene-335655"	-6.1132689249623	4.02236080876463	25.8083051123443	9.56708019118334e-06	0.000328852850597591	"gene-335655"
"gene-141624"	-11.5085484433861	2.77919661276517	29.3507041553465	9.63215983481691e-06	0.000330018369486106	"gene-141624"
"gene-54550"	-12.1512838688494	3.29606055008372	26.16579551731	9.70249935122935e-06	0.000331356002036984	"gene-54550"
"gene-170744"	-8.72852095012707	2.38353116475041	28.447769014901	9.76596260836443e-06	0.000332450952201782	"gene-170744"
"gene-8715"	-10.5235135708392	4.7195028703288	26.8402922577687	9.80663808311996e-06	0.000332567966015667	"gene-8715"
"gene-236062"	-5.02964477661479	4.24726784765936	25.7111731767002	9.86185637171667e-06	0.000332567966015667	"gene-236062"
"gene-409357"	-8.53487780110702	3.184624942027	25.7105952721349	9.86363855000657e-06	0.000332567966015667	"gene-409357"
"gene-367041"	-8.27989247171103	3.42086564909896	26.7606814916548	1.00356018931364e-05	0.00033729180077027	"gene-367041"
"gene-131605"	-7.02668809998345	2.40844082363385	25.6071269069207	1.01882531449928e-05	0.000341338721664679	"gene-131605"
"gene-273987"	-12.6905447167732	3.83143635038563	29.0944853684531	1.02657964504472e-05	0.000342851694072191	"gene-273987"
"gene-170750"	-5.73965738787301	2.09641513554215	25.5643870986961	1.03256083760458e-05	0.000343764829802506	"gene-170750"
"gene-347420"	-13.6532461724409	4.80431022976303	29.05857827203	1.03581174859987e-05	0.000343766112301781	"gene-347420"
"gene-218286"	-8.79304858891998	4.72487555564349	25.4607467428965	1.06668451153132e-05	0.000352093315584069	"gene-218286"
"gene-172875"	-4.50412002286429	3.67791266138441	25.4581514167032	1.06755411639261e-05	0.000352093315584069	"gene-172875"
"gene-199539"	-6.12760516175263	0.413678526352704	25.3855083809541	1.09219972673169e-05	0.000359103059220758	"gene-199539"
"gene-402284"	-3.15072868039944	2.54809302084738	25.3489597448208	1.10482550777574e-05	0.00036172902522738	"gene-402284"
"gene-207502"	-8.92958647206005	2.54373278271426	26.423468245735	1.10701996952556e-05	0.00036172902522738	"gene-207502"
"gene-340742"	-8.17739963654143	0.261058481939628	28.7542636997731	1.11773471915066e-05	0.000364106383743018	"gene-340742"
"gene-168981"	-7.63489257908106	3.83032038651683	25.2756894557216	1.13060210028792e-05	0.000367168234225406	"gene-168981"
"gene-134255"	-10.6213507356047	1.83597890390963	28.6956544629541	1.13429824197156e-05	0.000367242063845653	"gene-134255"
"gene-305439"	-6.22119128188073	2.59079955053715	26.3098291107957	1.14438621918605e-05	0.000368666383542337	"gene-305439"
"gene-409369"	-7.99494160378345	3.90716929258214	25.2336912200092	1.1456620401004e-05	0.000368666383542337	"gene-409369"
"gene-9379"	-12.0523182364235	3.20553917969591	28.6429868028908	1.14940785358541e-05	0.00036875093775481	"gene-9379"
"gene-136420"	-2.96821398290087	4.24003031164844	25.1895620692669	1.16171394919273e-05	0.000371572978250858	"gene-136420"
"gene-152706"	-2.59874299486654	3.7771695659137	25.1431806298976	1.17884070762507e-05	0.000375915258181525	"gene-152706"
"gene-56282"	-8.92109449297229	3.1959283499506	25.1264296069642	1.18509136466436e-05	0.000376773641973021	"gene-56282"
"gene-160317"	-3.85740039859647	3.37702385265195	25.0851527158367	1.20064333091825e-05	0.000380575177976991	"gene-160317"
"gene-82952"	-7.00848107440542	4.30617226407095	25.0694061952577	1.20663268959238e-05	0.000380713727053581	"gene-82952"
"gene-32245"	-11.6695552702488	2.89597137953258	28.444672291339	1.20827252564469e-05	0.000380713727053581	"gene-32245"
"gene-291587"	-11.867919787864	3.18802475640946	28.4099105482229	1.21892049305532e-05	0.000382883221010367	"gene-291587"
"gene-165465"	-11.8967635403152	2.98995608032275	28.3986513047166	1.22239093890152e-05	0.000382883221010367	"gene-165465"
"gene-253041"	-7.87896623266181	4.02031786130877	24.9832756699539	1.2399549502532e-05	0.000386611975861303	"gene-253041"
"gene-156645"	-4.61108931619408	3.24941266111132	24.9790898406038	1.24159886457772e-05	0.000386611975861303	"gene-156645"
"gene-342049"	-4.9792905235585	2.79145958319733	24.9629782268554	1.24794788568721e-05	0.000387449391958079	"gene-342049"
"gene-324167"	-11.0228001990654	2.20424565537947	28.2103269209099	1.28204092263663e-05	0.000396870387367077	"gene-324167"
"gene-356770"	-10.0404020758537	3.7929398506628	24.8646091764367	1.28746083486651e-05	0.000397386234948449	"gene-356770"
"gene-183526"	-8.70100355493013	2.16378012671639	24.7915956590547	1.3176398885614e-05	0.000405518997098825	"gene-183526"
"gene-416888"	-9.15125967134974	2.69377851970685	24.6837341250052	1.36359366680817e-05	0.000418215033322969	"gene-416888"
"gene-219248"	-11.4337797935687	2.76129421166586	27.9583583554289	1.36679325143806e-05	0.000418215033322969	"gene-219248"
"gene-79356"	-7.60389349242584	3.57844049123158	24.6502525459457	1.37819927097749e-05	0.000420489789101979	"gene-79356"
"gene-391612"	-3.17805264544211	2.91182420136955	24.5968626533386	1.4018313322887e-05	0.000426470928590243	"gene-391612"
"gene-166529"	-10.8421911438469	2.07736411241608	27.8214380429324	1.41535770901337e-05	0.000429352208175487	"gene-166529"
"gene-267803"	-1.38256956385563	3.68386843126885	24.531439442224	1.43137307513283e-05	0.000432969907040893	"gene-267803"
"gene-246959"	-11.7145691847016	3.07254881169081	27.6853503142694	1.46547006924044e-05	0.000442020843961496	"gene-246959"
"gene-332768"	-7.47256442906843	1.50922197170338	24.410766458383	1.48759635570393e-05	0.000446158307871523	"gene-332768"
"gene-23335"	-8.82549252920762	4.09104764635915	24.4107256019218	1.48761578047273e-05	0.000446158307871523	"gene-23335"
"gene-58286"	-9.29974191126398	4.98605499307624	24.393762938615	1.49570362740731e-05	0.000447316788230541	"gene-58286"
"gene-329863"	-12.3423672789278	3.46487321594172	27.5464918633279	1.51857488800442e-05	0.000452732753231125	"gene-329863"
"gene-286572"	-8.17583329609652	4.0658445609623	24.3341947741451	1.52447480696596e-05	0.000452732753231125	"gene-286572"
"gene-180343"	-8.7092587294016	2.56611532641579	25.3327920454295	1.52664204121575e-05	0.000452732753231125	"gene-180343"
"gene-285922"	-8.53856134411658	3.58122497669402	24.3094143547548	1.53661482615045e-05	0.000454210874164517	"gene-285922"
"gene-358511"	-9.93640717325962	3.39941077508203	24.3021216889047	1.5402068935965e-05	0.000454210874164517	"gene-358511"
"gene-1771"	-6.03530609138495	1.35395906706188	24.2893305775503	1.54652864946782e-05	0.000454808300330994	"gene-1771"
"gene-304002"	-12.1587416151133	3.40331619016473	27.4332791271997	1.5634032823878e-05	0.000458131749134036	"gene-304002"
"gene-246947"	-11.6886757474505	2.79556974760448	27.425626695497	1.56648430326363e-05	0.000458131749134036	"gene-246947"
"gene-375932"	-8.54390101046498	3.26803902295181	24.2093136606102	1.5867008677023e-05	0.000462765897695986	"gene-375932"
"gene-244823"	-6.01820628061801	4.00295318073353	24.1326750008248	1.62620868198924e-05	0.000472985475720333	"gene-244823"
"gene-136310"	-9.60240651010161	3.78927466801838	24.0653981273112	1.66174474932027e-05	0.000481997031809689	"gene-136310"
"gene-259741"	-9.12976183871306	2.63215308043465	25.0183666208567	1.67682022936909e-05	0.000485040867987173	"gene-259741"
"gene-280460"	-3.36391477230962	4.40420021531576	23.9767260415414	1.70983621437569e-05	0.000490659049365212	"gene-280460"
"gene-376728"	-4.42540357089982	2.70592662756238	23.97670097627	1.70985001399212e-05	0.000490659049365212	"gene-376728"
"gene-196757"	-6.16111121979657	2.36353062816946	23.9755739795035	1.71047060021989e-05	0.000490659049365212	"gene-196757"
"gene-175843"	-5.34533890895185	0.742270314486524	24.9436139090337	1.71478084693613e-05	0.000490659049365212	"gene-175843"
"gene-151619"	-5.17539380770562	1.8179988476955	23.9433903259326	1.72829319931184e-05	0.000493192455555646	"gene-151619"
"gene-34402"	-13.9089302748344	5.03330928188783	26.9573480872813	1.76803454475874e-05	0.000503176928101097	"gene-34402"
"gene-288903"	-8.31936904605006	2.8195342942415	23.854506415911	1.77853889293401e-05	0.000504809417144566	"gene-288903"
"gene-210469"	-6.51054906045503	3.21200670453847	23.7941013779264	1.81356225978321e-05	0.000513373894233286	"gene-210469"
"gene-33009"	-0.895398703435547	5.30933438357568	23.727993774911	1.85272619547981e-05	0.000523061659507861	"gene-33009"
"gene-299976"	-10.1850422803158	1.78730314971328	26.6870980277819	1.89690694990309e-05	0.00053411047549532	"gene-299976"
"gene-360831"	-12.1853049377809	3.21497270963934	26.649910013842	1.91541692823009e-05	0.00053789175117167	"gene-360831"
"gene-213608"	-7.19191746328022	3.31632545962455	23.6100467520202	1.92483065675377e-05	0.000538339984870773	"gene-213608"
"gene-219239"	-7.38190412683065	1.6827249545897	24.5553181207648	1.9271829060737e-05	0.000538339984870773	"gene-219239"
"gene-2814"	-5.24821633416752	3.87085827831237	23.5482485840106	1.96378446089373e-05	0.000545809754077943	"gene-2814"
"gene-41383"	-7.70389017869171	4.2633754821425	23.5475420446797	1.96423459245959e-05	0.000545809754077943	"gene-41383"
"gene-143831"	-7.4468102016073	3.84954720205943	23.4844518693597	2.00487045893129e-05	0.000555643024835226	"gene-143831"
"gene-348108"	-12.3043527866619	3.40131257014419	26.4052813347922	2.04212605387765e-05	0.000562818043283714	"gene-348108"
"gene-233799"	-6.16616693420088	2.05325818151486	23.4272615924584	2.04247189326444e-05	0.000562818043283714	"gene-233799"
"gene-62605"	-6.9956636391499	2.46351389768214	23.4208886881506	2.04670772328544e-05	0.000562818043283714	"gene-62605"
"gene-379542"	-5.63751831232988	0.439062940558774	23.3983091943464	2.06179010583218e-05	0.000565496680063349	"gene-379542"
"gene-226923"	-11.1896865016973	2.36319254089542	26.2938558313788	2.10280278532776e-05	0.000575094742058749	"gene-226923"
"gene-55294"	-5.62295268394297	2.88505840081651	23.3307096370519	2.10764862490596e-05	0.000575094742058749	"gene-55294"
"gene-62933"	-12.7868890203218	3.86291449653805	26.2740731375224	2.11377668459546e-05	0.000575284158349927	"gene-62933"
"gene-247244"	-8.85083234083261	0.532805682199324	26.2283734649022	2.13936348747053e-05	0.000580754903637192	"gene-247244"
"gene-160909"	-9.97197921155912	1.26999854666185	26.183795620525	2.16464336215381e-05	0.000586114559466047	"gene-160909"
"gene-70225"	-6.44825581489956	3.83915521732299	23.2347392996325	2.1746078677053e-05	0.000586201632110929	"gene-70225"
"gene-336052"	-12.1480856121017	3.23207958983511	26.1598623467247	2.17834818122129e-05	0.000586201632110929	"gene-336052"
"gene-33226"	-9.86974235464272	4.15606411619517	24.1460386149625	2.18157592379056e-05	0.000586201632110929	"gene-33226"
"gene-38092"	-8.77124426071187	3.57668399362852	23.2108871893443	2.1915949810446e-05	0.000587402938337194	"gene-38092"
"gene-152204"	-1.57986580230918	2.68750950265041	23.1957312420746	2.20246141661577e-05	0.000588824722669473	"gene-152204"
"gene-116474"	-12.8112305908836	3.99379889672738	26.0922391047767	2.21757780717405e-05	0.000591372701374096	"gene-116474"
"gene-243308"	-2.81721739194443	3.50501552008854	23.1602320233755	2.22813627902144e-05	0.000592695446884422	"gene-243308"
"gene-163988"	-6.8787148967199	3.69510297074798	23.1379070008588	2.2444442517734e-05	0.000595537125151001	"gene-163988"
"gene-290159"	-1.59364145100661	4.72971216169546	23.0837315957242	2.28454338903179e-05	0.000604661521491988	"gene-290159"
"gene-222081"	-4.6705760314413	1.86648086318866	23.0730916099679	2.29250711439922e-05	0.000605256180053479	"gene-222081"
"gene-183342"	-7.31270513065718	3.87586721130459	23.0235478106595	2.32997632847571e-05	0.000613618392775433	"gene-183342"
"gene-181319"	-9.36363727844824	3.77454163250502	25.1906589328115	2.35010903355212e-05	0.000617384723032661	"gene-181319"
"gene-73653"	-10.0289765772681	1.27043593325057	25.8353008078892	2.37370603095523e-05	0.000621066903850116	"gene-73653"
"gene-64009"	-6.26355285855135	2.73321025640044	22.9640115496138	2.37585809067061e-05	0.000621066903850116	"gene-64009"
"gene-135898"	-4.8631860806287	2.56218934003032	22.8928361534122	2.4319620441748e-05	0.000634167048317208	"gene-135898"
"gene-174508"	-4.98790660600524	3.86908771499427	22.8545714512117	2.46269957722137e-05	0.000639408508252086	"gene-174508"
"gene-92883"	-3.91325133213991	2.79247907840045	22.8527886741047	2.46414160165156e-05	0.000639408508252086	"gene-92883"
"gene-147885"	-8.46951549406697	4.23889379208194	23.732265949365	2.47528359405916e-05	0.000639574557691047	"gene-147885"
"gene-377626"	-3.04702175917266	3.02087106225372	22.8342635659112	2.47917866274743e-05	0.000639574557691047	"gene-377626"
"gene-118573"	-11.9686712499723	3.15419269959365	25.6661711265059	2.48290491367734e-05	0.000639574557691047	"gene-118573"
"gene-206961"	-6.38756628689023	2.04035490853482	22.7524279252456	2.54677202347014e-05	0.000653083646443062	"gene-206961"
"gene-104716"	-11.7362453849948	2.8917107817059	25.5654269691604	2.55050893279406e-05	0.000653083646443062	"gene-104716"
"gene-304606"	-11.6175596724917	2.83648649137234	25.5591628678924	2.55477731070526e-05	0.000653083646443062	"gene-304606"
"gene-79518"	-6.46768591826831	5.26398757573624	23.6225295988572	2.56002373924503e-05	0.000653083646443062	"gene-79518"
"gene-334636"	-2.87593000101954	3.35311404707057	22.6948055500137	2.59552939875192e-05	0.00066054975347564	"gene-334636"
"gene-53224"	-7.15737843603645	-0.695518015323129	25.4773084880477	2.61126485190449e-05	0.000662960695134602	"gene-53224"
"gene-270837"	-2.83985470239752	2.89282515832997	22.6218646887949	2.6586632716896e-05	0.000673379618597556	"gene-270837"
"gene-390753"	-12.0871724120897	3.36281617793414	25.3704287577204	2.68705308004044e-05	0.000678945846262246	"gene-390753"
"gene-140193"	-4.92789643335812	-0.10240887378796	24.6971018686685	2.69769832354259e-05	0.000680012670270129	"gene-140193"
"gene-275482"	-3.40129951899321	3.33933447479256	22.506686124614	2.7616725547488e-05	0.000694354666121118	"gene-275482"
"gene-194476"	-9.27001777887742	3.47680476769886	23.3690995866465	2.76771199681791e-05	0.000694354666121118	"gene-194476"
"gene-112469"	-7.5687551104083	2.18351210335307	24.5662208002002	2.79883603244641e-05	0.000700503004149177	"gene-112469"
"gene-145387"	-8.16496119884764	2.84141114814486	23.2942307753834	2.83243396563501e-05	0.000705797978144758	"gene-145387"
"gene-113124"	-8.01962112535759	3.84257336099874	22.4292074511858	2.83332521688412e-05	0.000705797978144758	"gene-113124"
"gene-229820"	-7.59954160118038	3.91482199547015	22.4116824668279	2.84980247141937e-05	0.000708236121242181	"gene-229820"
"gene-31079"	-6.36205857951023	2.36404205504265	22.3751034188184	2.88452085800801e-05	0.000715185534513601	"gene-31079"
"gene-180073"	-10.3610994319793	1.63590755186487	23.6382150490137	2.91194573071604e-05	0.000720298351660997	"gene-180073"
"gene-258416"	-10.8118253730667	2.02575372925645	23.6034140554333	2.94245207129633e-05	0.000726147787384948	"gene-258416"
"gene-326728"	-5.43971197581247	2.93825464097043	22.2923940168747	2.96467687037399e-05	0.000729931023875569	"gene-326728"
"gene-172229"	-8.75510709461103	3.52405434881935	22.1681698334922	3.08950568107598e-05	0.000758900154189128	"gene-172229"
"gene-327631"	-8.19474360714597	3.46118760295628	22.9917267159567	3.1107587206134e-05	0.000762351911461438	"gene-327631"
"gene-290097"	-5.10197933309969	2.85079721414432	22.0635006966056	3.19898335604887e-05	0.000782162512482435	"gene-290097"
"gene-61384"	-6.71029251708499	3.27958498116162	22.0238855021736	3.2414784657871e-05	0.000789838633669435	"gene-61384"
"gene-70158"	-6.83388860098872	3.02528727457505	22.0203507335778	3.24529900487583e-05	0.000789838633669435	"gene-70158"
"gene-406603"	-2.09840882774017	2.47210911459568	21.9200534676432	3.35570655885639e-05	0.000812367102073353	"gene-406603"
"gene-198802"	-3.6364556890521	3.36626732615	21.9174013089837	3.35867923782531e-05	0.000812367102073353	"gene-198802"
"gene-266926"	-11.8210185342025	2.99938688740464	23.1614732126613	3.36088401537857e-05	0.000812367102073353	"gene-266926"
"gene-359591"	-7.35284716438745	3.09813417061043	21.9039193805378	3.37383346529263e-05	0.000813639519295058	"gene-359591"
"gene-331179"	-9.0687360924992	0.953741353499117	23.1221405705112	3.40108010282789e-05	0.000818346251105429	"gene-331179"
"gene-251998"	-2.6456606168917	3.47776105906809	21.842146814001	3.44419557770765e-05	0.000826841237668727	"gene-251998"
"gene-166071"	-5.35839094198004	4.24682801679607	21.8340137672853	3.45357411575573e-05	0.000827216949400586	"gene-166071"
"gene-39091"	-7.59534487927934	3.03211779091191	22.63878202182	3.47261685496921e-05	0.000829900556288015	"gene-39091"
"gene-76840"	-9.04580615446113	3.24879043834444	21.7738347120335	3.52381089152982e-05	0.000840238421365456	"gene-76840"
"gene-210389"	-10.4695935263369	4.20016211552634	23.7287704827222	3.55017214789519e-05	0.000844048774558793	"gene-210389"
"gene-404655"	-3.3851363163924	2.91141658714084	21.7468979806459	3.55573584068406e-05	0.000844048774558793	"gene-404655"
"gene-184749"	-9.25797419043836	0.671674270364723	24.3055052106075	3.58566383393428e-05	0.000847997363549881	"gene-184749"
"gene-104386"	-6.7624676709559	2.29113256075961	21.7196086441157	3.5883897125753e-05	0.000847997363549881	"gene-104386"
"gene-171811"	-6.4014868397804	3.45916733246732	21.7126244702404	3.59679752809862e-05	0.000848091212249	"gene-171811"
"gene-305917"	-7.63206367471359	3.4908427173999	23.6611048476364	3.61967980453165e-05	0.000849909464201164	"gene-305917"
"gene-400657"	-9.8492026712475	1.35033642696772	24.2701522028799	3.62056454476929e-05	0.000849909464201164	"gene-400657"
"gene-238199"	-8.76168912346039	2.40119427899725	21.6376998007019	3.68831210450489e-05	0.000862927379955352	"gene-238199"
"gene-150996"	-9.23688681752062	2.76101030312742	21.6344619841326	3.6923217447792e-05	0.000862927379955352	"gene-150996"
"gene-326377"	-7.43194173610734	3.61119401081833	21.5299199542196	3.82428475066268e-05	0.000891799617957396	"gene-326377"
"gene-233537"	-10.2373472881686	1.53007514925273	24.0571195669213	3.83876041002189e-05	0.000893207834305534	"gene-233537"
"gene-206306"	-12.8568089967455	4.11810819734224	23.9739364615431	3.92776404791645e-05	0.000911913113493233	"gene-206306"
"gene-294470"	-6.54061380687839	3.39490933165315	21.3929272009545	4.00478079950482e-05	0.000927759613224454	"gene-294470"
"gene-119257"	-9.8447011502561	4.4835223988624	22.1279260607516	4.07759572421255e-05	0.00094256563170826	"gene-119257"
"gene-141719"	-9.14390117832667	3.94899373360289	22.119382676608	4.08861715431162e-05	0.00094305424428534	"gene-141719"
"gene-280698"	-8.14195843667116	3.73539523391198	21.323497569257	4.09966674850107e-05	0.000943547214486539	"gene-280698"
"gene-76361"	-7.04439141141283	4.04124505719697	22.0811845000321	4.13828298738812e-05	0.000948340136162302	"gene-76361"
"gene-333791"	-2.39782852533357	3.34491381112766	21.2956363337249	4.13840694159803e-05	0.000948340136162302	"gene-333791"
"gene-255416"	-8.07216553748799	3.4128366611049	21.2733853731338	4.16962331645703e-05	0.000953429849920747	"gene-255416"
"gene-249148"	-9.20517050331074	3.57785766149617	23.1432598993201	4.2024271624052e-05	0.000956569606018431	"gene-249148"
"gene-64072"	-11.1811246371475	2.33673039222541	22.4255767514496	4.20456813499897e-05	0.000956569606018431	"gene-64072"
"gene-179634"	-9.19255332696107	2.6233418627345	21.2445404928586	4.21046034197213e-05	0.000956569606018431	"gene-179634"
"gene-46583"	-12.1689778993043	3.34381936735738	23.7040834089919	4.23211862294644e-05	0.000959431260409721	"gene-46583"
"gene-321850"	-3.87832450738343	0.852307694003035	21.2179114294686	4.24853468724286e-05	0.000961094802005131	"gene-321850"
"gene-186909"	-11.2399723893384	2.56828867947879	23.6753178539304	4.26602845167726e-05	0.000962994524902072	"gene-186909"
"gene-75362"	-7.79557919873345	3.94935325095176	21.1357235512565	4.36835308563925e-05	0.000983444474143757	"gene-75362"
"gene-70534"	-7.63438224428814	-0.839659631351923	23.5843525499703	4.37519927573165e-05	0.000983444474143757	"gene-70534"
"gene-164684"	-5.72514886986571	5.55832658518744	21.1146814914578	4.39959866447983e-05	0.00098683370891627	"gene-164684"
"gene-3053"	-7.9392045647184	2.99300654074052	22.9206329436006	4.48315473002571e-05	0.00100344945299751	"gene-3053"
"gene-59359"	-5.11893237133547	4.91973032831698	21.0464935220478	4.5024806744432e-05	0.00100564900633608	"gene-59359"
"gene-69615"	-7.90846567523366	4.22420395567122	20.9414204118698	4.6660095050912e-05	0.00103997984485054	"gene-69615"
"gene-249793"	-8.7730098010663	2.97238423470819	21.6392016169357	4.7618793233288e-05	0.00105911799151433	"gene-249793"
"gene-54398"	-2.60472794276465	1.6340682950492	20.8602701664759	4.79658693939466e-05	0.00106369459255617	"gene-54398"
"gene-64689"	-6.91603977779092	3.72044622330531	20.8566198194732	4.80255044150233e-05	0.00106369459255617	"gene-64689"
"gene-101990"	-11.8382546759178	2.98539026194291	21.9619867734318	4.84986238827329e-05	0.00107193096251877	"gene-101990"
"gene-323535"	-5.9557942492255	2.83644207537703	21.5672730309531	4.87246383927238e-05	0.00107468280554951	"gene-323535"
"gene-72366"	-6.50571934087831	3.72381953389135	20.8068137945479	4.88470307928372e-05	0.00107514244283528	"gene-72366"
"gene-259590"	-1.14847354215074	4.61048975966316	20.7918507072231	4.90967236713157e-05	0.00107839629358552	"gene-259590"
"gene-385168"	-7.97568751238567	4.81734014937989	20.7572982274566	4.96784650632211e-05	0.00108891492675843	"gene-385168"
"gene-198937"	-8.38899267120733	2.15134194809472	21.4223340537686	5.10366146955575e-05	0.00111637322268981	"gene-198937"
"gene-15837"	-5.86466353566804	1.66971141876016	20.6606237138733	5.13450613737764e-05	0.00112080446343128	"gene-15837"
"gene-336035"	-9.63098647818413	3.38465075988281	22.4409275468115	5.15868168814377e-05	0.00112376467144811	"gene-336035"
"gene-384842"	-12.3235507017876	3.44736195767976	21.7054602946784	5.25157949562154e-05	0.00114122461203801	"gene-384842"
"gene-16026"	-12.8694440077795	3.95332471881808	22.9263053276537	5.26039114644895e-05	0.00114122461203801	"gene-16026"
"gene-162992"	-2.28362215551504	3.38572694766477	20.4028973607058	5.60826535379743e-05	0.0012142066523651	"gene-162992"
"gene-292255"	-9.61479756172983	1.04436989449574	21.4838988241897	5.62709569760296e-05	0.00121579718674536	"gene-292255"
"gene-236990"	-4.17871080659939	4.28775459868861	20.3620762741119	5.68743556682728e-05	0.00122633157527496	"gene-236990"
"gene-118973"	-11.2271992282996	2.36484469284909	22.5669598433151	5.82361826136169e-05	0.00125314322221618	"gene-118973"
"gene-69348"	-8.30373050639654	3.73251315200137	20.2030418617803	6.00729224075769e-05	0.00129004468464303	"gene-69348"
"gene-252927"	-5.30519726099024	3.33505586055591	20.1483198723573	6.12169202695173e-05	0.00131195047549267	"gene-252927"
"gene-38816"	-5.69153118877223	4.72060732634505	20.1122810263886	6.19828640594505e-05	0.0013256819834291	"gene-38816"
"gene-414380"	-5.12807774714975	2.63906707339588	20.1046946037232	6.21453841357454e-05	0.0013264781892039	"gene-414380"
"gene-341956"	-9.34649286679236	0.854086345020534	21.1597046637378	6.22898105638614e-05	0.00132688576345996	"gene-341956"
"gene-58265"	-6.60682695269663	4.68490387964227	20.0242479335791	6.3896660334867e-05	0.00135838141157678	"gene-58265"
"gene-76715"	-7.26240145174327	4.30669276326042	19.8494138460148	6.78846224182772e-05	0.00144026953415291	"gene-76715"
"gene-218211"	-11.2656337019137	2.36472495789813	22.0068169956592	6.83504290854167e-05	0.00144725198545461	"gene-218211"
"gene-223270"	-3.99255846478199	2.01739805156368	19.7931919517243	6.92221480203594e-05	0.0014627841937955	"gene-223270"
"gene-355061"	-9.64027591133569	0.929139380897199	20.7957879010715	6.98727097482094e-05	0.00146879937363942	"gene-355061"
"gene-152584"	-11.1810635820671	2.33666819661875	21.929302675891	6.98928466301875e-05	0.00146879937363942	"gene-152584"
"gene-26733"	-3.64960116143734	3.69448190197327	19.764187484912	6.9923007869488e-05	0.00146879937363942	"gene-26733"
"gene-305392"	-11.5444670130133	2.66400160342852	21.8843972093856	7.08035010876921e-05	0.00148327452538833	"gene-305392"
"gene-371957"	-5.77964706430908	-0.92032874253823	20.7500886065784	7.08923122552653e-05	0.00148327452538833	"gene-371957"
"gene-335259"	-7.86039019529648	3.77753867971813	19.4946173200716	7.68064179313199e-05	0.00160324891875645	"gene-335259"
"gene-29082"	-6.59830341405257	0.851645698139904	21.0962851493384	7.70403935886762e-05	0.00160324891875645	"gene-29082"
"gene-179514"	-12.3967155514655	3.59638502069058	21.5790648337048	7.73444436104608e-05	0.00160324891875645	"gene-179514"
"gene-56617"	-4.45308860807384	3.42746531582746	19.4745851873844	7.73456866765196e-05	0.00160324891875645	"gene-56617"
"gene-97311"	-6.50127318748643	2.76547249088997	19.4725798698567	7.73998896466077e-05	0.00160324891875645	"gene-97311"
"gene-177979"	-7.07827341006193	4.16188273383781	19.4649104402371	7.76075612899044e-05	0.00160324891875645	"gene-177979"
"gene-29269"	-12.6402213607025	3.75182899550583	20.4623842516541	7.76864735356625e-05	0.00160324891875645	"gene-29269"
"gene-172049"	-10.0953246109146	1.346329700246	21.4490537838769	8.03244673699303e-05	0.00165446524522461	"gene-172049"
"gene-385482"	-11.4229582731763	2.51433340636885	20.3013911229288	8.17881982849913e-05	0.00168134301988971	"gene-385482"
"gene-421725"	-11.8773132872933	2.99316337189393	21.3348357144257	8.30445893829326e-05	0.00170386253449052	"gene-421725"
"gene-273360"	-7.86056775418234	3.03129154312773	19.2208308250965	8.45333279898724e-05	0.00173105288864367	"gene-273360"
"gene-194969"	-10.6463941787178	1.79687473690799	21.1276956931391	8.82339678746836e-05	0.00180334559438084	"gene-194969"
"gene-6993"	-9.49862968407812	2.84529297761757	19.7280858161564	8.86323195592378e-05	0.00180799685389913	"gene-6993"
"gene-367071"	-4.33071154988786	5.13564571723814	18.9715509258312	9.22832731968524e-05	0.0018788519487213	"gene-367071"
"gene-419692"	-11.0437000232504	2.37293173715309	20.9319273139628	9.34604130609729e-05	0.00189662906838589	"gene-419692"
"gene-119278"	-6.25684109209037	3.67441130312371	18.9339833225057	9.35147231224554e-05	0.00189662906838589	"gene-119278"
"gene-95842"	-7.68177162302184	2.98952896701327	19.5300251552941	9.46577056443762e-05	0.00191613982726006	"gene-95842"
"gene-219328"	-6.0308631316524	2.06614250696586	18.8758833319121	9.54534665406984e-05	0.0019285607829511	"gene-219328"
"gene-20302"	-6.26886827307963	1.72527728107791	18.8434306655648	9.65547965011551e-05	0.00194709643915758	"gene-20302"
"gene-195592"	-5.99712372387821	4.77074942263023	18.7812929339634	9.87011075091692e-05	0.00198659434448588	"gene-195592"
"gene-65074"	-7.05960409865544	4.25108690880849	18.765934896722	9.92393111075689e-05	0.00199363678689911	"gene-65074"
"gene-287098"	-7.42521441349068	1.76270847549426	20.227607196445	0.000100451269356698	0.00201416209977151	"gene-287098"
"gene-421316"	-1.13596938004051	4.55934872768699	18.6401385991161	0.000103765964974137	0.00207669238408543	"gene-421316"
"gene-335834"	-2.5570595830354	2.48576133530697	18.5959894006052	0.000105405838819417	0.00210442760743864	"gene-335834"
"gene-400372"	-10.489405238186	1.69154547286385	19.5113032113769	0.000105549358604885	0.00210442760743864	"gene-400372"
"gene-402818"	-4.40997967056007	2.87895010379291	18.5679295129997	0.000106462285313292	0.00211863950115003	"gene-402818"
"gene-37544"	-9.02247673844237	2.90625660393824	18.5217302335993	0.000108226082838787	0.00214677911377197	"gene-37544"
"gene-348472"	-8.30377653140745	3.55604335577997	18.520282256482	0.00010828185952151	0.00214677911377197	"gene-348472"
"gene-418586"	-6.21855221170314	3.46699803849723	18.4950604377516	0.000109258294746508	0.0021620889093108	"gene-418586"
"gene-249163"	-4.13245864052091	2.51322946006272	18.4838732512345	0.000109694364389579	0.0021666683503591	"gene-249163"
"gene-148324"	-7.48286121326453	1.30450074769659	19.0788512696581	0.000110068158503784	0.0021700029684908	"gene-148324"
"gene-107333"	-3.35374240541884	3.4625173500731	18.4549659261012	0.000110829678204672	0.00218095502444769	"gene-107333"
"gene-115297"	-1.25633467485871	6.08027960003495	18.4388561086326	0.000111467752704914	0.00218944174004996	"gene-115297"
"gene-215313"	-7.38695506786115	2.89223568649602	18.403873433958	0.000112866723211908	0.00221281481230457	"gene-215313"
"gene-213699"	-12.1158394530519	3.27773017622079	20.280636114751	0.000113389519155863	0.00221784971386405	"gene-213699"
"gene-38909"	-10.966473954221	2.20478861120278	20.2700711705769	0.000113748304206824	0.00221784971386405	"gene-38909"
"gene-244392"	-4.79653790731352	3.75062374457107	18.3819717992166	0.000113751997225671	0.00221784971386405	"gene-244392"
"gene-101238"	-6.63217998313565	2.43055616264371	18.9391155753301	0.000115365246311114	0.00224516886524957	"gene-101238"
"gene-205337"	-6.65984594968004	3.12446822457694	18.3141122104315	0.000116541730930032	0.00226390331258027	"gene-205337"
"gene-191573"	-8.98628570229223	0.511374846886574	18.4959054439288	0.00011793851870908	0.00228684083804585	"gene-191573"
"gene-79960"	-11.4267152619802	2.53679354398679	20.1307080081422	0.00011859722130817	0.00229540910784204	"gene-79960"
"gene-221329"	-6.49682352852205	0.39690917201499	18.2417992992439	0.00011959414394111	0.00230970387580548	"gene-221329"
"gene-229699"	-5.59840823534394	3.49915158037381	18.2376432530847	0.000119772119374441	0.00230970387580548	"gene-229699"
"gene-2355"	-5.37126937832576	3.49260088933392	18.2278778362061	0.000120191406988535	0.00231357531961386	"gene-2355"
"gene-101301"	-7.74015514256558	3.22290098006478	18.8009089645681	0.00012087147154928	0.0023224433199496	"gene-101301"
"gene-218232"	-10.4372829551617	1.65209793079738	20.0235538859457	0.000122476747741321	0.0023490241455387	"gene-218232"
"gene-297013"	-7.81262468336744	3.1957103727691	18.0817895466112	0.000126652157791421	0.0024207299913791	"gene-297013"
"gene-2673"	-5.77471946855528	2.15729396538688	18.0813365731726	0.000126672751036556	0.0024207299913791	"gene-2673"
"gene-112984"	-9.94764376192234	1.30443212631968	18.932237908603	0.000127593831703144	0.00243393855178592	"gene-112984"
"gene-307478"	-6.50575166968631	0.544455450768339	18.0517953511665	0.000128023423329775	0.0024377409762452	"gene-307478"
"gene-357898"	-6.08483474317575	4.43379206367016	17.9942842937614	0.00013069670094904	0.00248417589398112	"gene-357898"
"gene-24447"	-7.10594718569112	-0.929769774409388	18.1935214834021	0.000131145915299277	0.00248824696285564	"gene-24447"
"gene-411562"	-7.06749439560801	2.53928729089184	17.9293009861854	0.000133788342790542	0.00253384111828886	"gene-411562"
"gene-293139"	-11.2483710782435	2.441175013089	19.6471536868206	0.000137225155431476	0.00259429057241614	"gene-293139"
"gene-374700"	-4.93274535851487	2.17797820102393	17.8459846227623	0.000137865525329097	0.00260175101008761	"gene-374700"
"gene-253133"	-6.05610066624318	3.81305480671044	17.8278240082486	0.000138771518260321	0.00261028148275316	"gene-253133"
"gene-352598"	-8.63950775696677	2.19029402808075	18.3930641849042	0.000138810661640694	0.00261028148275316	"gene-352598"
"gene-228255"	-4.17575747892844	2.28826902828997	17.813884880198	0.000139471171655931	0.00261805194028606	"gene-228255"
"gene-127707"	-4.54618251814941	2.58060166771922	17.7528231155337	0.000142580235288511	0.00267167601946808	"gene-127707"
"gene-288876"	-2.03072925884264	3.43695502221656	17.7377274484161	0.000143360077123199	0.00268154264399877	"gene-288876"
"gene-22"	-3.74774610801213	1.53481249791428	17.696952538426	0.000145489092540072	0.00271656617763976	"gene-22"
"gene-173646"	-2.38840004964677	4.78312556235369	17.6672080488577	0.000147063201693577	0.00274112344424278	"gene-173646"
"gene-302737"	-7.96472161294245	1.84743630989368	17.6234514093111	0.000149411598348473	0.00278000103992141	"gene-302737"
"gene-45037"	-12.6179938686846	3.72886568888093	19.35723452486	0.000149887250434227	0.00278395845674941	"gene-45037"
"gene-198946"	-6.53471929632605	2.74273278189366	18.1608449438962	0.000150271076373553	0.00278619944932891	"gene-198946"
"gene-185155"	-2.7040764898732	2.57905431914237	17.5909820430346	0.000151179776675434	0.00279814737003989	"gene-185155"
"gene-203530"	-8.20721448065751	2.4745365046912	17.5641108357476	0.000152659796388359	0.00282060953641109	"gene-203530"
"gene-360036"	-10.26855002649	1.42331949103751	19.2578928845912	0.000154510859155233	0.00284575103845732	"gene-360036"
"gene-206855"	-4.46186277344212	3.62808330386532	17.5300445642499	0.000154558122897228	0.00284575103845732	"gene-206855"
"gene-89234"	-2.15136067816026	1.67696919157337	17.5173749326404	0.000155270473931358	0.00285390365887376	"gene-89234"
"gene-213743"	-10.3277456640826	1.68558066490721	19.2265657985644	0.000156000576225455	0.00286235372703448	"gene-213743"
"gene-64119"	-9.34383950557636	4.79503393106916	18.8091173150647	0.000156667024465604	0.00286960862978779	"gene-64119"
"gene-204245"	-7.59247443576726	3.0099881663244	17.4782706367814	0.000157491052142372	0.0028797198083442	"gene-204245"
"gene-146310"	-10.4632521406601	1.54235616547721	19.0743762214377	0.000163461212156409	0.00298373078120672	"gene-146310"
"gene-233383"	-1.48170930603009	4.67224787739972	17.3685007770329	0.000163905417783355	0.00298668960081304	"gene-233383"
"gene-84601"	-10.0352811553736	1.20808973304786	18.9797686776768	0.00016829213768471	0.0030583175488424	"gene-84601"
"gene-429407"	-10.2855858097974	1.35504768487697	18.9774199276005	0.000168414010671117	0.0030583175488424	"gene-429407"
"gene-413822"	-9.84720243937726	1.06772633646446	18.0727439475142	0.000169833943870648	0.00307882185575094	"gene-413822"
"gene-199548"	-4.99919439431858	1.4868636215338	17.2150227935771	0.000173339972475491	0.0031370090403385	"gene-199548"
"gene-233784"	-8.6414492237637	0.0334283902599569	17.9683532203437	0.000175901568008907	0.00317793498380598	"gene-233784"
"gene-392368"	-9.19949412931284	3.30140078803601	17.1695692050422	0.000176242834652108	0.00317867613366586	"gene-392368"
"gene-53242"	-6.1387402479493	2.89955791944845	17.6883395126393	0.000176811162633302	0.00318350302516797	"gene-53242"
"gene-147823"	-6.73935856886182	1.32081010830153	18.3998378027887	0.000178582678714682	0.00320994027088683	"gene-147823"
"gene-279406"	-6.50365423907186	5.52971732285773	17.1110036480052	0.000180058944366334	0.00323098990509556	"gene-279406"
"gene-220105"	-4.42694670894043	3.41916403560039	17.0628385028915	0.000183262717634464	0.00328291436818286	"gene-220105"
"gene-8658"	-5.74103230244888	-1.27549957382847	17.2272970823036	0.000184921474525611	0.00330703319392338	"gene-8658"
"gene-6435"	-7.86388581012944	1.39336127479631	17.0081082951834	0.000186976351591557	0.00333814272225939	"gene-6435"
"gene-167611"	-7.71144364566889	-0.639910147187947	17.7548018913604	0.000189046023269913	0.00336941119252284	"gene-167611"
"gene-300876"	-7.05125555825831	3.54330262013271	18.1433238479413	0.000193978467037384	0.00345151265634418	"gene-300876"
"gene-280993"	-5.61536487595512	1.2321354331452	16.8975103312798	0.000194725417223276	0.00345898991970272	"gene-280993"
"gene-241985"	-8.18742851832151	2.34134837732475	16.873753443914	0.000196433759805934	0.00348349114751327	"gene-241985"
"gene-408175"	-1.87564826530902	3.22952535321684	16.861069754165	0.000197352308110671	0.00349096300098111	"gene-408175"
"gene-261611"	-7.68382678614552	-0.81282377845839	17.6252204244482	0.000197529506397999	0.00349096300098111	"gene-261611"
"gene-363160"	-4.48092664823276	3.40205093741335	16.8543014808247	0.000197844318559428	0.00349096300098111	"gene-363160"
"gene-292407"	-6.12769541345419	2.43343445890602	16.80793320547	0.00020125001656553	0.00354000858495878	"gene-292407"
"gene-138051"	-6.66997170025856	2.92970184939553	16.8073581681447	0.000201292638910474	0.00354000858495878	"gene-138051"
"gene-47336"	-9.81644023632468	0.992625334408161	17.5024190697871	0.000205944537918226	0.00361414899545837	"gene-47336"
"gene-216870"	-7.75005210915915	2.84052702758614	16.7421121638456	0.000206191177222712	0.00361414899545837	"gene-216870"
"gene-152610"	-7.70542901137388	1.96420779218298	17.2265218628251	0.000207610631331009	0.0036330144692585	"gene-152610"
"gene-30423"	-0.847589581527468	5.74343553095278	16.6614414904289	0.000212422383608004	0.00371108213738933	"gene-30423"
"gene-74305"	-3.48531113031835	4.5165947815174	16.6488637418099	0.000213411699780508	0.00372222350177304	"gene-74305"
"gene-14822"	-3.06144534434325	3.56033937033913	16.6380467037828	0.000214266416477809	0.00373098445929369	"gene-14822"
"gene-104942"	-9.53065071898895	1.1823398171338	18.1661967789818	0.000216784813480766	0.00376863845701292	"gene-104942"
"gene-635"	-3.62995395048943	1.04941195504635	16.5744853852599	0.000219362328542463	0.00380719503652304	"gene-635"
"gene-121196"	-1.36168998718349	3.73478436033715	16.538822716718	0.000222277419273447	0.00385147469369556	"gene-121196"
"gene-194412"	-5.92214305778205	2.58274919052431	17.0129164004507	0.000223741380315123	0.0038705065251572	"gene-194412"
"gene-291432"	-9.41439150489248	2.85273466269863	16.9591630374949	0.000228007026254434	0.00393242889201997	"gene-291432"
"gene-65339"	-1.05196114405234	5.91869017436158	16.4694737859612	0.000228063789524914	0.00393242889201997	"gene-65339"
"gene-247117"	-10.8416284439661	1.96882299131599	17.9773334478501	0.000230073745227832	0.00395453202770261	"gene-247117"
"gene-162742"	-7.21398067198626	1.95742767958812	17.6185564416596	0.000230092729674583	0.00395453202770261	"gene-162742"
"gene-363284"	-5.05485406447223	2.58465862371022	16.3313907282186	0.000240064133300981	0.00411922038777551	"gene-363284"
"gene-187248"	-4.28825339850799	0.898630978105169	16.2450345538558	0.000247906521746866	0.0042469034720616	"gene-187248"
"gene-361821"	-7.46737309664758	2.60541496646232	16.7131000023796	0.000248667394108812	0.00425305606046849	"gene-361821"
"gene-296201"	-4.09459410159278	0.717050311357806	16.1806601154963	0.000253928451969759	0.00433603309839328	"gene-296201"
"gene-114074"	-6.74988956957118	4.68147359442067	16.1693343944912	0.000255003805398082	0.00434379719571089	"gene-114074"
"gene-402599"	-7.89987714065094	-0.654662223423253	17.6503349495293	0.000255203726809499	0.00434379719571089	"gene-402599"
"gene-425553"	-4.81926575330328	2.40032198036075	16.1628628068632	0.000255620427366655	0.00434390604258551	"gene-425553"
"gene-253193"	-7.16639770269983	2.99620205208584	16.093320797882	0.000262346754011786	0.00445106584090189	"gene-253193"
"gene-419019"	-8.47237597192839	2.3365341943941	16.5295411570956	0.000265372260162356	0.00449465103822792	"gene-419019"
"gene-48523"	-4.17861221430028	3.42799210053091	16.0587008613017	0.000265764763382514	0.00449465103822792	"gene-48523"
"gene-275958"	-1.38770399274751	4.98377019158587	15.9925932364771	0.000272422862363423	0.00459990565205991	"gene-275958"
"gene-303012"	-4.86834151490473	3.44549390016242	15.9842558865786	0.000273274994962829	0.00460694645170616	"gene-303012"
"gene-143329"	-1.17465465322886	5.11492186984721	15.9093550307934	0.000281057816078855	0.00473061859908878	"gene-143329"
"gene-115518"	-5.3918172278727	3.03150488096038	15.8893583768285	0.00028317499009923	0.00475868828600088	"gene-115518"
"gene-22862"	-8.83052030948691	0.221939014395051	17.3193275022453	0.000283681352581104	0.00475964259869437	"gene-22862"
"gene-153074"	-8.02566920724415	-0.37412758163607	17.2514441202009	0.000289934466573721	0.0048568610721772	"gene-153074"
"gene-280481"	-10.3542494002332	1.50542463812426	17.2394047067152	0.000291058912521837	0.00486799479758086	"gene-280481"
"gene-372216"	-7.23650179510758	-0.840302467996877	17.1733572495185	0.000297311759607411	0.00495869487810652	"gene-372216"
"gene-116468"	-9.0469138143288	2.8168459452394	16.2094911718205	0.0002974186500045	0.00495869487810652	"gene-116468"
"gene-241187"	-3.7451349191544	2.14022253954124	15.7510438037185	0.000298288405715468	0.0049653763385372	"gene-241187"
"gene-220848"	-1.20435188427379	3.6274344284295	15.6510739440672	0.000309741156582174	0.00514792719738693	"gene-220848"
"gene-215617"	-1.28183465404069	4.58057950740203	15.6046892130805	0.000315212006536312	0.00523064187021934	"gene-215617"
"gene-360840"	-7.60709383757533	3.01085414593904	15.5728978084735	0.000319020543759415	0.0052855563329905	"gene-360840"
"gene-221869"	-2.96742112620075	2.03359254172732	15.5608818199848	0.000320472664770578	0.00530131890925955	"gene-221869"
"gene-40814"	-4.24149773656427	3.08168051336455	15.5433599340358	0.000322602697007118	0.00532822894417216	"gene-40814"
"gene-13249"	-3.86377598071746	3.17742890546196	15.4978185568696	0.000328209154141239	0.00541238366805809	"gene-13249"
"gene-357185"	-6.05435056913092	1.63058405689347	15.4663729520496	0.000332140342417636	0.00545343767641381	"gene-357185"
"gene-57448"	-3.24869713120357	3.47811078333599	15.4633628041692	0.000332519257933139	0.00545343767641381	"gene-57448"
"gene-18874"	-3.20060534170289	0.463664352482511	15.4574078146553	0.000333270214385515	0.00545343767641381	"gene-18874"
"gene-220028"	-2.48857017587281	2.05968251579527	15.4546144215606	0.000333623093596986	0.00545343767641381	"gene-220028"
"gene-218923"	-3.37701605580714	3.05699183351255	15.454337862764	0.000333658051736357	0.00545343767641381	"gene-218923"
"gene-221519"	-6.43612558770886	2.5042880713288	15.4532995918116	0.000333789327884778	0.00545343767641381	"gene-221519"
"gene-331515"	-6.69861176490915	1.88134296419962	15.8737704350538	0.0003355003814642	0.00546605065794944	"gene-331515"
"gene-231997"	-6.94658720018253	-1.12655644107523	16.7990785646494	0.000335593929126961	0.00546605065794944	"gene-231997"
"gene-115189"	-4.78841402609259	2.87596315553921	15.4162171276075	0.000338513896197291	0.00550514073585363	"gene-115189"
"gene-244566"	-5.31406669273605	3.72183537069031	15.8052277709636	0.000343894643663502	0.00558406839335198	"gene-244566"
"gene-419004"	-4.73340885233309	2.0720899730981	15.3523758447595	0.000346814018466379	0.00562284841271601	"gene-419004"
"gene-428678"	-10.5778136282474	1.84910904860777	16.6766362319281	0.000349245498901633	0.00565361176891681	"gene-428678"
"gene-14434"	-10.4408962175201	1.5298817558542	15.4655209508966	0.000352412111032652	0.00569616338855372	"gene-14434"
"gene-405096"	-10.3402777613352	1.56405673099839	16.6318220982125	0.000354390659947014	0.00570251728850709	"gene-405096"
"gene-399798"	-5.6116422788412	3.63131897361315	15.2948776343451	0.000354473602606044	0.00570251728850709	"gene-399798"
"gene-76335"	-6.03456953343062	3.93366598758719	15.2919575407	0.000354867339437608	0.00570251728850709	"gene-76335"
"gene-419274"	-6.66904965946182	2.1819329764857	15.7175470220974	0.000354959751877413	0.00570251728850709	"gene-419274"
"gene-129453"	-8.9766516235424	0.205405387728757	16.6168201229287	0.000356131262697827	0.0057126692093665	"gene-129453"
"gene-346884"	-3.65381301604122	0.51379989267933	15.2056359700567	0.000366717930388185	0.00587297761317393	"gene-346884"
"gene-272210"	-8.47865309428568	3.53435273597365	16.2145382887349	0.0003672344554568	0.00587297761317393	"gene-272210"
"gene-399756"	-1.49010226609857	3.57647123423778	15.1707510113355	0.000371625089376994	0.00593423049959915	"gene-399756"
"gene-187747"	-4.35336295598508	2.19094046599645	15.1607700175523	0.000373041815971902	0.00594788208688935	"gene-187747"
"gene-58220"	-4.70033508155316	4.18336722039651	15.1405191008066	0.000375933847248011	0.00598497991099954	"gene-58220"
"gene-277158"	-11.4264056312013	2.59485594214552	16.3955112045453	0.000382908362813395	0.0060868631187769	"gene-277158"
"gene-286274"	-7.35285525124721	2.69427953539549	15.4803550763569	0.000386834419349138	0.00614005396948924	"gene-286274"
"gene-402218"	-6.33749941951382	2.74040945997838	15.0412419961806	0.0003904584191378	0.00618829832846091	"gene-402218"
"gene-24426"	-7.04343753499125	-1.25959101857208	15.6550477452954	0.000391360630038406	0.00619332584486787	"gene-24426"
"gene-50869"	-1.62293274293701	3.27763251920675	15.0250551212845	0.000392882300622827	0.00620812674133413	"gene-50869"
"gene-288206"	-2.59858480219766	5.12833029516605	15.0131623458007	0.000394673299179491	0.00622713296335808	"gene-288206"
"gene-26305"	-1.22453046353273	3.01872139708352	14.999339087468	0.000396765868650296	0.00625083370744149	"gene-26305"
"gene-268342"	-6.26470530489971	0.877214018530003	14.9761139535394	0.00040030814089134	0.00629387042641145	"gene-268342"
"gene-249870"	-5.3600742101573	3.27698296984009	14.9736456403327	0.00040068656535386	0.00629387042641145	"gene-249870"
"gene-418688"	-5.74713722455962	2.41926778165588	14.9085392125938	0.000410805967976334	0.00644326338217103	"gene-418688"
"gene-226108"	-3.52064836126783	2.51640343168059	14.8699036974703	0.000416938435911573	0.00652977399555594	"gene-226108"
"gene-297835"	-5.96150629289221	2.66186494259065	14.8326608946077	0.000422941491418268	0.00661400527274033	"gene-297835"
"gene-424958"	-4.76833765107953	4.38985358405427	14.8078117780326	0.000426997608868066	0.00666758655617435	"gene-424958"
"gene-328642"	-7.57290738505377	2.21085314591458	15.2021568207507	0.000428144782127996	0.00667565362060249	"gene-328642"
"gene-293157"	-3.52376036658246	3.25118734942329	14.7725475837239	0.000432824498314513	0.00673869553478786	"gene-293157"
"gene-147255"	-6.76408500904683	4.63593396058002	14.7257715454181	0.000440683547498613	0.00685061952834044	"gene-147255"
"gene-88038"	-1.9288623215332	2.92653586924967	14.7220957044589	0.000441307501495058	0.00685061952834044	"gene-88038"
"gene-50383"	-10.3071744110616	1.55630159062186	15.9195184184328	0.000448150442831783	0.00694665993888739	"gene-50383"
"gene-73861"	-2.839764373794	4.64817877267098	14.6692052481371	0.00045038949581869	0.00697116022256209	"gene-73861"
"gene-207324"	-6.30710260898143	2.17344813209799	15.0422296625068	0.000453996731109031	0.00701673487919899	"gene-207324"
"g6035"	-8.5116038657399	1.90860514473953	15.0111451986378	0.000459211578714561	0.00708698685692574	"g6035"
"gene-37682"	-1.32494111574655	4.08586834935872	14.5981652779231	0.000462900087198373	0.0071335126974806	"gene-37682"
"gene-238229"	-4.79412395446737	-0.00689967818432874	14.926312624537	0.000473770463290491	0.0072904184518262	"gene-238229"
"gene-263663"	-2.1552557885331	2.92674320206197	14.5227805728701	0.000476578456820602	0.00732298421242339	"gene-263663"
"gene-92757"	-7.72928324743274	-0.669686018059704	15.7100028052707	0.000480583856871187	0.00736622640413364	"gene-92757"
"gene-398226"	-7.04416174378918	1.01499903221468	14.5000607664929	0.000480784211321086	0.00736622640413364	"gene-398226"
"gene-145820"	-4.38167849241254	3.33954460917212	14.4680168096169	0.00048678281828943	0.00744735505380087	"gene-145820"
"gene-76825"	-8.49864817017268	0.0122112821732823	14.5901753023521	0.0004900858478085	0.0074870690775593	"gene-76825"
"gene-373833"	-6.63868193194598	-1.07315210555554	14.5777143299619	0.000492415210184059	0.00751181531731792	"gene-373833"
"gene-114185"	-6.66324580163046	-1.08777883472835	15.5584377983693	0.000505621502911833	0.00770217964219796	"gene-114185"
"gene-350762"	-4.9192779441753	3.90416569215928	14.3625427781459	0.000507092730906647	0.00771349244555844	"gene-350762"
"gene-13811"	-6.02617126337653	3.59485712687455	14.3560573823922	0.000508370437885245	0.0077218333226558	"gene-13811"
"gene-123966"	-10.1892721511563	1.31689626049538	14.3422624886037	0.00053870690254046	0.00817090254612586	"gene-123966"
"gene-422359"	-7.93218512019449	-0.61834339085512	15.3518364530469	0.000542042932389959	0.00820974037941702	"gene-422359"
"gene-146107"	-2.06318311321615	2.03591918662383	14.1832150630891	0.000543707760895172	0.00822319152085312	"gene-146107"
"gene-188973"	-1.47794123831641	5.55411393680784	14.0621614564764	0.000569997951050992	0.00860851399112247	"gene-188973"
"gene-111720"	-11.3738158059977	2.4067261906799	14.6010299846096	0.000571775049540979	0.00862305192235092	"gene-111720"
"gene-300570"	-3.89639576801144	4.4798204201312	14.0430102910468	0.000574278839749733	0.00864849228510728	"gene-300570"
"gene-1807"	-4.65605965726956	0.19172382844253	14.0222142307274	0.000578965948045547	0.0086951428248669	"gene-1807"
"gene-281505"	-1.82379113556163	3.81294750925417	14.0219792247871	0.000579019145322675	0.0086951428248669	"gene-281505"
"gene-366177"	-8.72371169646922	0.0270173010660693	15.1513497523803	0.000580105460628219	0.00869911687205517	"gene-366177"
"gene-401657"	-7.98435147923385	1.77994910366775	14.8810455618609	0.000581369912874404	0.00870574719604146	"gene-401657"
"gene-345031"	-6.33224211052633	-1.15501597526371	14.5444283783437	0.000583697556133334	0.00872825709997685	"gene-345031"
"gene-29178"	-1.54169931016097	2.4787611649791	13.9935009003549	0.000585504087748229	0.00874107928844152	"gene-29178"
"gene-263447"	-0.822932084977382	5.29956436891729	13.9904371221207	0.000586206318578774	0.00874107928844152	"gene-263447"
"gene-31203"	-5.3321857634492	1.29437385484292	14.3392441757128	0.000589016987596324	0.00877063691657143	"gene-31203"
"gene-300888"	-5.14163608460033	2.72856967278161	14.3067540109282	0.000596211103955125	0.00886529067074847	"gene-300888"
"gene-17977"	-1.69661122484701	1.17107890684774	13.9170706865612	0.000603291036900091	0.00895798346095549	"gene-17977"
"gene-181154"	-8.08363150961166	-0.370179279619125	15.0243987136519	0.000605691955676708	0.00898103744362648	"gene-181154"
"gene-244427"	-1.36349237864904	2.44221813026779	13.8985468002452	0.000607687404777819	0.0089980231529829	"gene-244427"
"gene-52883"	-1.03414564128509	3.87040162275399	13.7877368007007	0.000634704111057813	0.00938493355275009	"gene-52883"
"gene-89251"	-8.1650653962898	2.45101932386184	14.5728935331606	0.000647942542296883	0.00956731896136276	"gene-89251"
"gene-400339"	-2.20711859119459	4.39798751351984	13.6664766663188	0.000665730574406631	0.00981628076774791	"gene-400339"
"gene-197659"	-3.69753478493928	4.48904668892969	13.6071982532067	0.000681478140165983	0.0100345049651422	"gene-197659"
"gene-271501"	-7.90496701500411	-0.435397640527103	14.0901082106155	0.00068958637389605	0.0101397929728298	"gene-271501"
"gene-7799"	-6.24799764531997	-1.39652455208366	13.6526287379161	0.000702867105272871	0.0103071574063729	"gene-7799"
"gene-390723"	-7.21581394296471	-0.909392513946222	14.0382646127588	0.000702915617965542	0.0103071574063729	"gene-390723"
"gene-207670"	-0.918143856011842	4.17771969997427	13.5235331671534	0.000704378100495742	0.0103143166665953	"gene-207670"
"gene-21537"	-5.94641919873745	-1.42214684941777	14.5387799088564	0.000715405008478648	0.0104613160563031	"gene-21537"
"gene-54991"	-2.66313212603061	3.06169711994935	13.4790075925941	0.000716895846848356	0.0104686570077014	"gene-54991"
"gene-268898"	-0.764428498502565	4.82673434842781	13.453876930902	0.000724064704931984	0.0105587782797726	"gene-268898"
"gene-183222"	-5.44484089460871	1.52784044856773	13.4277745015795	0.000731591138564421	0.0106538588500434	"gene-183222"
"gene-418912"	-8.14356928315005	1.64616504399897	13.6990324983065	0.000749529962978269	0.010900101261059	"gene-418912"
"gene-402785"	-6.56107182333746	-1.25875901646764	14.3865294645482	0.000754079816427043	0.0109512249883582	"gene-402785"
"gene-247179"	-2.95100178039957	3.13114134660068	13.3370019511369	0.0007584158055037	0.0109991070313256	"gene-247179"
"gene-296617"	-4.00977909515769	0.757277634040957	13.32871754175	0.000760915278634066	0.0110202599930217	"gene-296617"
"gene-350085"	-0.9259506393233	3.49935728940796	13.2460096666279	0.000786352243777711	0.0113731027388998	"gene-350085"
"gene-602"	-6.56711915138674	2.25152297034248	13.1924332076387	0.000803308902783441	0.011602498436246	"gene-602"
"gene-225876"	-0.878690384837005	4.80653364282834	13.09362257737	0.000835605101890675	0.0120525220895321	"gene-225876"
"gene-338346"	-6.74082239678093	0.958321858691777	13.3082343572737	0.000869948105891579	0.0125308035334342	"gene-338346"
"gene-368072"	-2.21092094414014	4.59435234288802	12.943721277772	0.000887250686008049	0.012762667136912	"gene-368072"
"gene-908"	-7.12884910919183	-0.977980326789461	13.0513414140584	0.000889481474432704	0.0127773953457517	"gene-908"
"gene-73742"	-3.90871982820594	3.02053437142325	12.925427093638	0.000893781201862808	0.0128217636641213	"gene-73742"
"gene-419031"	-8.69117651565355	4.36750063895438	13.2269099681931	0.00089750711923544	0.0128577914361916	"gene-419031"
"gene-6978"	-5.78996253692044	4.06383995386602	12.8763964391387	0.000911535991681678	0.0130411237080188	"gene-6978"
"gene-286491"	-3.71004714121448	3.59540843803426	12.8441894434116	0.000923401571331404	0.0131930532195487	"gene-286491"
"gene-402236"	-6.99050711712442	0.72686324742701	12.7916666308828	0.000943103941710254	0.0134504625324381	"gene-402236"
"gene-15625"	-7.29611982859793	-0.965878644496475	13.2483866648548	0.000943958974364929	0.0134504625324381	"gene-15625"
"gene-75772"	-9.11545134772186	0.353868796166737	13.7144154422219	0.000953934076552296	0.0135743280490042	"gene-75772"
"gene-221564"	-1.41671430457354	3.89400896250204	12.7315786324145	0.000966191328753864	0.0137146275787029	"gene-221564"
"gene-402584"	-7.40725321477711	0.868442307624173	13.0347667937445	0.000966384450147573	0.0137146275787029	"gene-402584"
"gene-266992"	-0.909284952698347	5.572681248831	12.6484416213908	0.000999126391034073	0.0141603093733303	"gene-266992"
"gene-93699"	-2.815590162009	-0.325569693278486	12.5914358295823	0.00102239514347143	0.0144707184277167	"gene-93699"
"gene-71665"	-5.12766378618122	-0.893589039397215	12.8102870945669	0.00105405992038922	0.0148989751363962	"gene-71665"
"gene-257299"	-7.7978979492336	1.79535770993925	12.4723854608419	0.00107286014948618	0.0151444938701469	"gene-257299"
"gene-293468"	-12.1378693400495	3.14788765468541	13.2516663350525	0.00112446822597111	0.0158518576675848	"gene-293468"
"gene-212426"	-0.975703248645109	5.09812227984581	12.3454823659282	0.0011295707435574	0.0159026136463327	"gene-212426"
"gene-383578"	-5.67313446488374	0.195122457998883	12.3121044536342	0.00114500820687471	0.0160985416815174	"gene-383578"
"gene-111421"	-8.13725888258583	3.60089813755011	12.2941772319881	0.00115339175100725	0.0161949051298591	"gene-111421"
"gene-220664"	-0.810547797731809	5.01399137733603	12.2781465310909	0.00116094347592869	0.0162793491121285	"gene-220664"
"gene-371805"	-5.26274192468949	-1.76772186773158	13.1426362887344	0.00116927062972202	0.0163744287789247	"gene-371805"
"gene-49094"	-7.41874315214346	-0.88227757807997	12.6571563797111	0.0011817816946444	0.0165277712036991	"gene-49094"
"gene-25878"	-0.993288277556852	4.11134891830117	12.2123025930288	0.00119251495258813	0.0166465029631959	"gene-25878"
"gene-349411"	-8.20463125429608	1.95509595184403	12.4915489983597	0.0011934160526179	0.0166465029631959	"gene-349411"
"gene-164657"	-9.22110124374755	2.69692580822343	12.8661476209885	0.00120077336214326	0.0167270889276457	"gene-164657"
"gene-323574"	-6.17436164403344	0.638068541654288	12.4536772546051	0.001211236406316	0.0168506699522568	"gene-323574"
"gene-41289"	-2.73220815286276	4.19937912687099	12.0983529417945	0.00124932119889534	0.0173576949248097	"gene-41289"
"gene-137227"	-5.30775230475813	0.602660441457014	12.0909483423297	0.00125311040912136	0.017387522806511	"gene-137227"
"gene-75666"	-6.73351070377376	2.54913947108085	12.0005171840732	0.0013003826786144	0.018019831699595	"gene-75666"
"gene-7712"	-3.45123688436151	0.0315587540387164	11.9699755188852	0.00131677201384371	0.0182230919092332	"gene-7712"
"gene-258523"	-2.99415849364671	4.38083683594217	11.9598359013129	0.00132226144023161	0.0182751721510862	"gene-258523"
"gene-71829"	-4.49324482199918	2.37353507716905	11.9501572548885	0.0013275239302672	0.0183239841587208	"gene-71829"
"gene-221311"	-2.88477607550651	1.88088688896692	11.8954683035748	0.00135767952247614	0.018715824354759	"gene-221311"
"gene-276797"	-7.26865378975261	3.50859425272307	11.8542038842953	0.00138091297916237	0.0190113468275579	"gene-276797"
"gene-126138"	-4.62512386322279	3.04556279653582	11.8411397575117	0.0013883561130851	0.0190889950249766	"gene-126138"
"gene-141064"	-2.21043499609175	3.88103991569142	11.8307269631349	0.00139431912994493	0.019146117546987	"gene-141064"
"gene-267939"	-1.27714965556519	3.31078349380475	11.7755341952074	0.00142638247356209	0.0195610249321267	"gene-267939"
"gene-364813"	-1.61078510045668	1.6620142409868	11.763720814277	0.00143334626186384	0.0196310955683732	"gene-364813"
"gene-234632"	-1.2280323970599	7.39172400671082	11.7524639189621	0.00144001554812962	0.01968714355386	"gene-234632"
"gene-19981"	-0.772805318963427	4.62700527672691	11.7505417072791	0.00144115767018433	0.01968714355386	"gene-19981"
"gene-421051"	-11.8858130087406	2.97005240301792	12.0935297566548	0.00146896689964329	0.020041175987788	"gene-421051"
"gene-371922"	-5.79613693572304	-1.70555450829327	12.4577202158842	0.00149881152287108	0.0204220303637531	"gene-371922"
"gene-292044"	-5.07318765715264	0.711921451928541	11.8714803358118	0.00152402942886755	0.0207389454542684	"gene-292044"
"gene-126583"	-1.47436795976479	4.14481963292402	11.5688707282031	0.00155355817047338	0.0211136333129674	"gene-126583"
"gene-422998"	-8.94276342600068	0.374598629521343	12.333937312826	0.00156844316106534	0.0212885996746138	"gene-422998"
"gene-111809"	-9.24860768820551	1.06606905012044	11.8918571763474	0.00158916958557413	0.0215423026920273	"gene-111809"
"gene-423075"	-10.8858059268839	2.07522517204165	11.5989491814869	0.00159381039964625	0.0215773394442043	"gene-423075"
"gene-181931"	-4.05467855999195	2.81715435844233	11.5041278258788	0.00159583043211599	0.0215773394442043	"gene-181931"
"gene-220249"	-6.45674567605644	0.0286322773400557	11.7468220472855	0.00160160536727154	0.0216208478593588	"gene-220249"
"gene-365624"	-2.60059115584825	2.02110979669528	11.4931283209311	0.00160313266927332	0.0216208478593588	"gene-365624"
"gene-357595"	-6.77114556991469	1.70970686357902	11.9302840813392	0.0017055250206897	0.0229647094741042	"gene-357595"
"gene-199910"	-5.68913584627236	-0.321503401252635	11.3420215168393	0.00170711498593747	0.0229647094741042	"gene-199910"
"gene-285792"	-7.44387781477326	-0.886580185567094	12.0613339735825	0.00173444394503582	0.0233027386371755	"gene-285792"
"gene-269822"	-2.08517951833714	1.54187419544004	11.2636225263118	0.00176386115673359	0.0236679316430146	"gene-269822"
"gene-341187"	-6.29629434063181	1.31793950334847	11.2419909030584	0.00177986813066779	0.0238524859485821	"gene-341187"
"gene-144476"	-1.80268293692124	3.41488269841833	11.1828253262238	0.00182444161871066	0.0244189170888619	"gene-144476"
"gene-12141"	-2.12903937216029	2.46746420752171	11.1705077362623	0.00183386935014062	0.0245141096085085	"gene-12141"
"gene-5746"	-0.920518766276702	7.73736201407193	11.1585253603275	0.00184309011389711	0.0246062989102505	"gene-5746"
"gene-405599"	-7.20691344622312	0.712410197760614	11.3892456081969	0.00184845513265388	0.0246468444450965	"gene-405599"
"gene-275883"	-3.24190818858644	0.894914108679945	11.0868534826643	0.00189928047522221	0.0252926822530536	"gene-275883"
"gene-419068"	-10.9839766892316	2.27958562721802	11.7357496413571	0.00195802526810922	0.0260422280320004	"gene-419068"
"gene-189745"	-6.87343598693671	1.78653222353878	11.235334467488	0.00196694234098521	0.0261280032170771	"gene-189745"
"gene-242395"	0.655228996800154	6.30454991740315	10.9841917200329	0.00198295432061683	0.0263076909678827	"gene-242395"
"gene-94260"	-0.990234394246105	5.82196073132954	10.9784090001879	0.0019877823851891	0.0263387385632003	"gene-94260"
"gene-294364"	-1.1623917912633	3.9230113000227	10.8916464975159	0.00206173856452651	0.0272845327283027	"gene-294364"
"gene-293061"	-3.26050294378919	3.96167784460506	10.8885382915896	0.00206444157450938	0.0272861959417363	"gene-293061"
"gene-297257"	-7.60968085766798	1.98819860387804	11.3306637036873	0.00214636744091206	0.0283336559812169	"gene-297257"
"gene-183013"	-5.28543164315867	-1.36909926643501	10.8403468060644	0.00218026021732489	0.0287452240607952	"gene-183013"
"gene-80550"	-2.21741312634533	1.82227202971434	10.7495926976557	0.00218919973200413	0.0288271860232932	"gene-80550"
"gene-11239"	-1.40268838099027	4.39966367961153	10.7270691722713	0.00221016596377542	0.0290671143583731	"gene-11239"
"gene-46811"	-7.58462385497683	-0.755560679976471	11.3895266634807	0.00223046472463693	0.0292976799500386	"gene-46811"
"gene-299808"	-1.71891176201346	3.23570608748585	10.6387424754654	0.0022944654782151	0.0301009987829781	"gene-299808"
"gene-108266"	-10.6579461113155	2.37521576919934	11.2816177720502	0.00232356012029392	0.0304449641009304	"gene-108266"
"gene-53026"	-4.10043910680696	1.22622690999174	10.5979376086656	0.00233455652674957	0.0305139363671305	"gene-53026"
"gene-112699"	-8.28640211088405	-0.222451429314727	11.2691455432143	0.0023345885007439	0.0305139363671305	"gene-112699"
"gene-110675"	-6.45796638365552	-1.36628859991456	10.8825997494596	0.0023715948894078	0.0309594020889771	"gene-110675"
"gene-362918"	-1.88222193845514	3.47644987427427	10.5536645699152	0.00237889768824664	0.0310164899328414	"gene-362918"
"gene-384593"	-4.59726345332654	2.34808979178411	10.520081025676	0.00241312900860762	0.0314241043224218	"gene-384593"
"gene-184293"	-1.12375735788752	4.53957065832746	10.4944218038727	0.00243963549539234	0.0317302469161164	"gene-184293"
"gene-57796"	-4.12080013523909	-1.50045077267327	10.6956994930157	0.00245081472683514	0.0318365343717836	"gene-57796"
"gene-38226"	-1.68247633731147	1.31845362753013	10.4805152744633	0.00245413024885067	0.0318405354713016	"gene-38226"
"gene-402560"	-1.00740172624958	5.04091658167955	10.4558635755709	0.00248004988554066	0.0321374395816633	"gene-402560"
"gene-105121"	-5.16595287008904	2.82721471644108	10.4459436783945	0.0024905618921969	0.0322342038541425	"gene-105121"
"gene-355612"	-8.52365934416164	2.39241419035261	10.8959094620674	0.00254230730289302	0.0328637453183498	"gene-355612"
"gene-180615"	-1.2166543416903	4.78369796659704	10.28879822534	0.00266355292592657	0.0343890668619325	"gene-180615"
"gene-61250"	-0.863655188167559	4.82932936440839	10.2754779861702	0.00267879195990288	0.0345436912052275	"gene-61250"
"gene-131083"	0.490151616464717	5.94529069967952	10.2625281634771	0.00269369603458315	0.03469362520454	"gene-131083"
"gene-357269"	-4.69126938678258	1.17566738968529	10.7017256870515	0.00274400461910345	0.0352986353614194	"gene-357269"
"gene-111890"	-8.1874908340641	3.19622130092071	10.2082702416778	0.0027571064850132	0.0354241339281975	"gene-111890"
"gene-164451"	-4.14631498361084	-1.39972694440657	10.2050568829444	0.00276091129452443	0.0354300216668244	"gene-164451"
"gene-171018"	-1.20756035542481	1.98746404355092	10.1831374056589	0.00278701454292739	0.0357216985060197	"gene-171018"
"gene-132150"	-4.69590308323545	2.75005177988615	10.1589556710418	0.00281611633449411	0.0360510563884996	"gene-132150"
"g8866"	-4.54194083873033	0.36667848453277	10.3362430386086	0.00284280865101882	0.0363488106139326	"g8866"
"gene-146278"	-3.81040837802273	3.10716787334296	10.1016675255239	0.00288635672355187	0.0368176642930631	"gene-146278"
"gene-361727"	-1.77596897725287	3.48485322030176	10.1016064882112	0.00288643254588102	0.0368176642930631	"gene-361727"
"gene-123837"	-11.9317163621983	2.90248097594298	10.147012860861	0.00291947068831425	0.037194267361231	"gene-123837"
"gene-164583"	-9.15645434336581	0.824540714521515	10.1225073402288	0.0029500531262197	0.0375387168837596	"gene-164583"
"gene-11934"	-1.28022290550342	2.50360964141593	10.0431641342163	0.00296001179425903	0.0376202219277555	"gene-11934"
"gene-110642"	-8.98263654718254	0.619539550369186	10.6313152212106	0.00298173317187377	0.0378508502285703	"gene-110642"
"gene-317184"	0.835299767111991	7.68093603517265	10.0219131355688	0.00298725889396786	0.0378755807310631	"gene-317184"
"gene-1091"	-12.2245086715575	3.295900710802	10.0740976751317	0.00301147502958997	0.0381369451414701	"gene-1091"
"gene-77495"	-2.40767315227099	1.41717191183978	9.99200318617358	0.00302606061641908	0.0382758706643116	"gene-77495"
"gene-354992"	-4.99220071691788	2.61939145259441	9.97845481835246	0.00304381265626756	0.0384544684867597	"gene-354992"
"gene-30831"	-1.86307360795905	1.30552254578613	9.97516828617533	0.00304813556546402	0.0384631838278518	"gene-30831"
"gene-402869"	-0.958226579542921	3.84950269612196	9.95718343672958	0.00307190761523371	0.0387170070505705	"gene-402869"
"gene-197029"	-1.00903990850453	3.5870986774262	9.95361014448972	0.00307665415020433	0.0387307223403249	"gene-197029"
"gene-346416"	-4.27603302597869	-0.450336173270846	10.0946962152973	0.00314357444429691	0.0395261551564981	"gene-346416"
"gene-291029"	-5.78018630444216	2.09073230484044	9.88938104346258	0.00316331476377712	0.0397271807877916	"gene-291029"
"gene-414371"	-3.73524441015815	2.60472397527896	9.80816009993834	0.0032766338633029	0.0411015671928766	"gene-414371"
"gene-44413"	-2.95453171469503	-1.13027893568793	9.87787427522713	0.00344264634956166	0.0431328957429695	"gene-44413"
"gene-405508"	-1.13766632669292	5.7173321129704	9.68001369742058	0.00346428832923831	0.0433527429570284	"gene-405508"
"gene-38726"	-0.641297521687881	5.52416595448641	9.64433788282368	0.00351854123362845	0.0439796883594149	"gene-38726"
"gene-430128"	-2.84585413753086	1.64966023066418	9.63543260711807	0.00353222411073194	0.0440832281836146	"gene-430128"
"gene-71595"	-4.03396574387302	0.254561966463016	9.63353140544601	0.00353515261432783	0.0440832281836146	"gene-71595"
"gene-89397"	-4.4312008270981	2.27233292345334	9.6147283966532	0.00356425516436295	0.044393846382483	"gene-89397"
"gene-165441"	-5.71466926485562	1.41861070938538	10.0315689491161	0.00358404152171008	0.0445878350062804	"gene-165441"
"gene-393501"	-1.14017380435187	3.65422540757214	9.57918633206798	0.00361996413057864	0.0449818782282113	"gene-393501"
"gene-419122"	-1.88109284361928	3.49219738379596	9.53267775047284	0.00369426499864898	0.0458513288871005	"gene-419122"
"gene-186151"	-7.00601979054568	3.64610584741617	9.51811877687518	0.00371785611759338	0.0460900968582683	"gene-186151"
"gene-113488"	-6.43868296135459	0.038250788101465	9.90102296770985	0.00377795606783442	0.0467803753101321	"gene-113488"
"gene-185593"	-5.47000935559415	-0.51470393434425	9.45463476815081	0.00382261363035284	0.0472780496548428	"gene-185593"
"gene-63754"	-4.67191361485117	1.27650861641066	9.4260632173138	0.00387078138288547	0.0478179259050274	"gene-63754"
"gene-166814"	-1.95640500855202	3.70676181819056	9.39976186165306	0.00391569302865734	0.0483163660773837	"gene-166814"
"gene-207042"	-6.41497073101197	1.34227349342851	9.38621561840399	0.0039390403546098	0.0485350252862657	"gene-207042"
"gene-359782"	-0.853877255122953	5.30423612618861	9.38416786891344	0.0039425825773296	0.0485350252862657	"gene-359782"
"gene-409737"	-4.15479581502014	0.200059605035788	9.37209880825857	0.00396352877159955	0.0487362126654175	"gene-409737"
"gene-330250"	-0.858944503389175	3.59827276615165	9.35991161934101	0.00398480019295806	0.0489409276599153	"gene-330250"
"gene-108560"	-8.41943765797877	0.969887632625209	9.39565496427013	0.00403176625013786	0.0494603815645534	"gene-108560"
"gene-268966"	-1.31436861871144	1.37309419856903	9.31929884707904	0.00405656685055511	0.0496989486325971	"gene-268966"
"gene-77229"	-2.49030274640806	2.0684952679978	9.31703825694936	0.00406060173488207	0.0496989486325971	"gene-77229"
"gene-93794"	-0.90123878105681	3.0058368829788	9.31130371657967	0.00407085638027826	0.0497669243625935	"gene-93794"
