"logFC"	"logCPM"	"F"	"PValue"	"FDR"	"Gene"
"gene-237342"	-12.0917387957696	3.9842185471681	291.63711942967	4.33253858520105e-16	4.58685860015235e-12	"gene-237342"
"gene-372264"	-11.4960769808178	3.44833566485779	219.739271508863	3.83020339359211e-15	1.98266749902292e-11	"gene-372264"
"gene-41508"	-10.0928167359889	6.31627562828308	149.7676359985	5.61821337212501e-15	1.98266749902292e-11	"gene-41508"
"gene-44107"	-7.23270200973494	5.4140761236955	135.147633489618	2.75748479248474e-14	7.29837287450898e-11	"gene-44107"
"gene-33981"	-15.0595841708741	6.60075530333887	160.195103554573	2.13175041492811e-13	4.51376832856878e-10	"gene-33981"
"gene-156891"	-9.10664235778239	5.2005179161999	116.503504788396	2.58057036506036e-13	4.553416409149e-10	"gene-156891"
"gene-92145"	-12.4779344498523	4.48005244558424	169.772972272042	3.16003293981741e-13	4.77932410483527e-10	"gene-92145"
"gene-39831"	-12.2487790485179	4.67319627917255	147.356718875098	5.98930020886491e-13	7.9260901639066e-10	"gene-39831"
"gene-178966"	-9.28174866684699	3.90267234598431	121.091405165341	8.59849917548601e-13	1.01147011967634e-09	"gene-178966"
"gene-8100"	-7.86719647301731	4.26677190074768	114.155202338449	1.89227962646836e-12	1.88161864607331e-09	"gene-8100"
"gene-6405"	-11.6829313277846	3.86216569257835	120.10951701421	2.06871443398644e-12	1.88161864607331e-09	"gene-6405"
"gene-157744"	-10.8190984637335	3.28987786373667	144.164090040817	2.13274995304428e-12	1.88161864607331e-09	"gene-157744"
"gene-136450"	-3.65554353907536	5.55980099186959	99.276024121541	2.6291024507314e-12	1.99285418369818e-09	"gene-136450"
"gene-198922"	-12.5781789351198	4.37475607443314	130.457343130908	2.63530353941386e-12	1.99285418369818e-09	"gene-198922"
"gene-372068"	-10.0916379243325	2.06639007630155	110.16340099126	3.03068793804323e-12	2.13905954667091e-09	"gene-372068"
"gene-53281"	-11.4873261969332	3.20280175526177	138.267809556108	3.44773924903166e-12	2.1767117512448e-09	"gene-53281"
"gene-362876"	-11.6404578289092	3.14880761167415	137.860552936973	3.56629559374782e-12	2.1767117512448e-09	"gene-362876"
"gene-26944"	-6.23077821864024	7.35033911063301	96.9066421569937	3.70084174198606e-12	2.1767117512448e-09	"gene-26944"
"gene-290343"	-12.1555691761634	4.51672427042054	106.149600813396	4.93252673538372e-12	2.74845581828986e-09	"gene-290343"
"gene-122800"	-10.1898518827138	2.29113612825419	127.63116984266	8.58043800609599e-12	4.54205485852691e-09	"gene-122800"
"gene-340320"	-10.6651677585585	2.35406520503736	124.318695910673	1.15462825771452e-11	5.82097588782076e-09	"gene-340320"
"gene-199491"	-10.8325375821341	2.47326081268183	114.581289984621	1.23372853760315e-11	5.93703819436572e-09	"gene-199491"
"gene-253843"	-8.95421589510063	4.004630728066	87.2315247409059	1.59633642857314e-11	7.34800598665384e-09	"gene-253843"
"gene-177267"	-12.1672795811394	3.82179410097923	110.720930691674	1.84299696288448e-11	8.12992035252415e-09	"gene-177267"
"gene-163088"	-12.1575745897681	4.85392188511495	95.4190742702099	1.95024121889736e-11	8.25888151378654e-09	"gene-163088"
"gene-136337"	-11.1135520935981	3.68443444581026	113.575283488966	3.17015910662692e-11	1.27600222481995e-08	"gene-136337"
"gene-227053"	-12.670262212795	4.68433649166391	113.274469577981	3.2647036908179e-11	1.27600222481995e-08	"gene-227053"
"gene-20646"	-9.89393622379316	1.58351123243375	112.467482608715	3.53361120722246e-11	1.27600222481995e-08	"gene-20646"
"gene-252984"	-12.6053032359117	4.82198569496568	95.5535902820092	3.61141164660726e-11	1.27600222481995e-08	"gene-252984"
"gene-385611"	-9.7322944774286	4.4028612644683	95.5441455732013	3.61576147582871e-11	1.27600222481995e-08	"gene-385611"
"gene-243159"	-4.03085960605733	4.51384881229228	81.2000565652751	4.21035505196135e-11	1.36756473723487e-08	"gene-243159"
"gene-118220"	-9.00490423486486	4.64578713998244	89.7230820569786	4.24291264876467e-11	1.36756473723487e-08	"gene-118220"
"gene-218723"	-6.64453575338008	4.06167402428467	81.1250719361246	4.26274075080293e-11	1.36756473723487e-08	"gene-218723"
"gene-364225"	-9.11373366126229	0.903260055368216	108.812865898837	5.08681565587174e-11	1.58394462790335e-08	"gene-364225"
"gene-302907"	-10.8290448261539	3.104527284496	99.7026276325303	6.18180927913288e-11	1.86108957194664e-08	"gene-302907"
"gene-242461"	-10.7760160674166	2.41378887439024	106.668516492496	6.32844286295257e-11	1.86108957194664e-08	"gene-242461"
"gene-301715"	-6.54495557980185	4.69958074255272	76.9823540244959	8.54651323420082e-11	2.44545771920227e-08	"gene-301715"
"gene-249784"	-10.3634750107797	2.73917066233795	83.7840203493395	9.92701660725678e-11	2.76571907423757e-08	"gene-249784"
"gene-170101"	-8.24532237638431	2.96996227430041	87.5030550592873	1.04259615911181e-10	2.83024757346582e-08	"gene-170101"
"gene-50706"	-10.4867724243148	2.56151427856061	100.281830451294	1.23927742158413e-10	3.22351948908794e-08	"gene-50706"
"gene-334058"	-9.59357876883004	4.49080244986556	74.6785197823177	1.2722366621447e-10	3.22351948908794e-08	"gene-334058"
"gene-116614"	-8.59851387834801	3.73558752638815	82.0709417801209	1.27881192539618e-10	3.22351948908794e-08	"gene-116614"
"gene-114203"	-8.8869734022763	0.84118757820717	92.1932612488507	1.49982537786916e-10	3.69270959895367e-08	"gene-114203"
"gene-122791"	-11.3766832308388	3.20833587448106	97.2291410558857	1.72957228557562e-10	4.08046195681159e-08	"gene-122791"
"gene-99832"	-10.7184217736086	2.66553601898047	97.2039358611028	1.73439867815738e-10	4.08046195681159e-08	"gene-99832"
"gene-193446"	-12.7374662589193	4.97157458295379	94.8846811632058	2.24688843443835e-10	5.1712625772606e-08	"gene-193446"
"gene-398558"	-10.6942406039861	3.19685475727935	77.8836217089626	2.41397305723571e-10	5.43760271424564e-08	"gene-398558"
"gene-7352"	-8.78017950173666	3.67672117561224	77.584834875456	2.52824762896197e-10	5.57636617662924e-08	"gene-7352"
"gene-334325"	-11.5790229251276	3.97610655769554	77.3952707750079	2.6037072244216e-10	5.62560171121459e-08	"gene-334325"
"gene-29112"	-9.78953488468761	1.75571417466287	92.6579725974918	2.89453866664006e-10	6.12889617274365e-08	"gene-29112"
"gene-38083"	-13.7718769096419	6.70153142215244	78.7168007146774	3.61333874826274e-10	7.50086614271719e-08	"gene-38083"
"gene-406501"	-6.7448231098763	2.74082017116263	74.6167464742196	4.03067235824044e-10	8.18715038127324e-08	"gene-406501"
"gene-249966"	-11.0904884145006	3.12690148103362	89.6669074222877	4.0986017777225e-10	8.18715038127324e-08	"gene-249966"
"gene-350745"	-12.4003739838922	5.4010856941668	83.3632454919711	4.57890651011111e-10	8.97720059676783e-08	"gene-350745"
"gene-145478"	-8.12811384856613	2.64734986573485	66.9791735708359	5.11639438904017e-10	9.75576242145068e-08	"gene-145478"
"gene-104957"	-11.1547427811511	3.56221355970809	87.7277036937325	5.16031638425652e-10	9.75576242145068e-08	"gene-104957"
"gene-79002"	-8.32177954587203	3.45085437080009	66.4326341515103	5.66959643935722e-10	1.05305293865745e-07	"gene-79002"
"gene-38873"	-10.6130164672416	2.18492421636383	74.8755182008607	6.42223206441994e-10	1.17227880803472e-07	"gene-38873"
"gene-41369"	-11.6212197109242	3.82148903081402	85.3720352593769	6.86320453689714e-10	1.23153807512085e-07	"gene-41369"
"gene-259706"	-8.82637339228194	4.56267087760092	64.920631745681	7.55341284281908e-10	1.33279969611543e-07	"gene-259706"
"gene-56700"	-9.40662687492977	1.90254913221496	73.2745199732882	8.21277642831434e-10	1.42460614901504e-07	"gene-56700"
"gene-305439"	-10.8590238012087	2.59079955053715	70.1464232283151	8.3428337809514e-10	1.42460614901504e-07	"gene-305439"
"gene-51064"	-4.84914831076792	4.10181955024032	63.0138886295717	1.09124647224107e-09	1.81104768798578e-07	"gene-51064"
"gene-61479"	-8.51774483350617	4.93452167465274	62.9971736756157	1.0948054409284e-09	1.81104768798578e-07	"gene-61479"
"gene-198745"	-8.51021160695837	3.08820846308586	64.3681505015106	1.22248897095676e-09	1.9911524208491e-07	"gene-198745"
"gene-200848"	-9.94027229189277	2.34017828457226	80.0006085197978	1.34600053276236e-09	2.15910721823562e-07	"gene-200848"
"gene-273241"	-6.66830633539561	2.51177990259546	61.1462700136909	1.57545329018143e-09	2.48945134076878e-07	"gene-273241"
"gene-428508"	-6.21451091126027	2.90837940012778	60.8977754085932	1.65521318712887e-09	2.57702088413725e-07	"gene-428508"
"gene-280707"	-7.16677642526234	2.9971443021092	60.6143449713073	1.75139614002598e-09	2.68725086006594e-07	"gene-280707"
"gene-167337"	-3.65983324527873	4.05767641400565	60.4637422486225	1.80487791802467e-09	2.72974893116102e-07	"gene-167337"
"gene-290739"	-5.70372023273347	4.90267492574632	60.3131472548428	1.86007657219773e-09	2.77360995350104e-07	"gene-290739"
"gene-285738"	-11.8296060539261	3.98561605322252	67.939859662138	1.91717616480195e-09	2.81904778566087e-07	"gene-285738"
"gene-244768"	-3.9735103236559	4.40986030515595	59.9441433609723	2.0029680625028e-09	2.89214440340143e-07	"gene-244768"
"gene-67362"	-8.02204129120801	5.99844814368677	59.7987583374979	2.06239512248223e-09	2.89214440340143e-07	"gene-67362"
"gene-432055"	-10.7749560082974	2.73300713415615	72.4692170452241	2.06496751142239e-09	2.89214440340143e-07	"gene-432055"
"gene-244823"	-7.98853411231757	4.00295318073353	59.7657135150458	2.07615920145942e-09	2.89214440340143e-07	"gene-244823"
"gene-285657"	-10.8086846714502	3.38024759352961	66.7478323905251	2.33162055753232e-09	3.20582686267464e-07	"gene-285657"
"gene-26135"	-7.61856858657849	3.63415416839282	64.0407836128071	2.37602257490719e-09	3.22499371801826e-07	"gene-26135"
"gene-122764"	-9.99157395223576	1.90909434505449	70.6560526820694	2.69565913039512e-09	3.6125244574042e-07	"gene-122764"
"gene-78265"	-10.8473786515484	4.22609109020242	62.8284325294438	2.94799994343789e-09	3.90130942514712e-07	"gene-78265"
"gene-242872"	-10.6817737945834	3.6580161563176	73.6136463237379	3.13950616056409e-09	4.06686966047031e-07	"gene-242872"
"gene-122433"	-4.7960610440676	4.13015196254781	57.6495830136069	3.19403982422736e-09	4.06686966047031e-07	"gene-122433"
"gene-351643"	-7.7995909827111	4.42768738968352	57.5728000738176	3.24494207586417e-09	4.06686966047031e-07	"gene-351643"
"gene-99820"	-10.5552939929087	3.19791747231837	73.364283913566	3.24860988859504e-09	4.06686966047031e-07	"gene-99820"
"gene-398573"	-6.39401234106774	1.71862287036315	57.398654304291	3.3635768365386e-09	4.06686966047031e-07	"gene-398573"
"gene-80194"	-12.666604966028	5.04285122522321	62.0825359209734	3.37099160353096e-09	4.06686966047031e-07	"gene-80194"
"gene-197725"	-6.88595882076306	1.33290396058775	57.3847653469422	3.37323285779254e-09	4.06686966047031e-07	"gene-197725"
"gene-175843"	-9.00411987962923	0.742270314486524	62.0670688705347	3.38041494400102e-09	4.06686966047031e-07	"gene-175843"
"gene-218523"	-12.0757004746456	3.79656701345699	68.6353478654416	3.64931864046626e-09	4.34104903894565e-07	"gene-218523"
"gene-383831"	-10.4940811287706	2.65985672505567	72.3919856834692	3.71454101401399e-09	4.34341699485947e-07	"gene-383831"
"gene-352199"	-3.42880688492474	3.88132939937878	56.8946153289071	3.73336116494013e-09	4.34341699485947e-07	"gene-352199"
"gene-183933"	-4.8780334602682	5.81273135654461	56.6242799873695	3.94907964868894e-09	4.54444633050759e-07	"gene-183933"
"gene-140193"	-8.41002383564188	-0.10240887378796	67.8733174041332	4.09768671600704e-09	4.66475368412543e-07	"gene-140193"
"gene-145538"	-6.51909336864608	4.86954211745333	56.363468952663	4.16964687407474e-09	4.69617568679035e-07	"gene-145538"
"gene-83189"	-9.48023790824188	2.46509907156798	60.5936389725736	4.41959674810189e-09	4.92529166022681e-07	"gene-83189"
"gene-426390"	-8.10799201789572	3.199791695974	60.4434955146834	4.54306367373321e-09	5.01014740768891e-07	"gene-426390"
"gene-517"	-9.11142290303435	1.7024333522271	66.8786323091884	4.77352769154735e-09	5.16611464732858e-07	"gene-517"
"gene-363459"	-11.0148923253822	3.57216425453576	70.5852477402843	4.78208402227449e-09	5.16611464732858e-07	"gene-363459"
"gene-16181"	-10.1056000267199	2.95984688107752	70.1167927391638	5.10975441456179e-09	5.39472253301828e-07	"gene-16181"
"gene-281940"	-9.67541812080187	2.00477023968396	59.7887360206601	5.12577894053615e-09	5.39472253301828e-07	"gene-281940"
"gene-164684"	-8.25092986612205	5.55832658518744	55.3601752971981	5.14656631562148e-09	5.39472253301828e-07	"gene-164684"
"gene-355067"	-3.25766582054527	3.61468547187925	55.1544353479634	5.37510799461383e-09	5.57904591558594e-07	"gene-355067"
"gene-179836"	-11.6258953603444	4.1969197210245	69.4332183554396	5.63188756951248e-09	5.78881492217754e-07	"gene-179836"
"gene-377608"	-4.48436503032886	4.39722500783277	54.3606348503149	6.36193714249655e-09	6.45792100605054e-07	"gene-377608"
"gene-79518"	-8.77567260599785	5.26398757573624	58.5922095207733	6.404852230427e-09	6.45792100605054e-07	"gene-79518"
"gene-275101"	-9.66414939679794	5.11560037539354	55.7195835385144	6.57735021411988e-09	6.56928365253653e-07	"gene-275101"
"gene-322589"	-6.64803985403448	3.18512224177366	53.8656917844068	7.07221233659224e-09	6.94107265653821e-07	"gene-322589"
"gene-274084"	-8.59317389137378	3.80538382992957	53.8600850478457	7.08072019369157e-09	6.94107265653821e-07	"gene-274084"
"gene-398804"	-11.4349442732284	4.35636728993032	60.057909715433	7.32715551322797e-09	7.10027711798077e-07	"gene-398804"
"gene-304890"	-7.27993800114113	4.75801690570646	53.6421605939757	7.419886777638e-09	7.10027711798077e-07	"gene-304890"
"gene-294684"	-10.2326213905164	3.08289487702063	67.4998923110042	7.44432568334624e-09	7.10027711798077e-07	"gene-294684"
"gene-105556"	-6.94602032669795	1.52743013741012	54.9976421561887	7.62388173827323e-09	7.20661035384809e-07	"gene-105556"
"gene-7154"	-10.653385242102	6.15536808354067	56.9372211605125	8.75898458537118e-09	8.20631591197564e-07	"gene-7154"
"gene-333573"	3.41251056805794	3.48731409403579	52.7719542043773	8.95425056619694e-09	8.25407747568207e-07	"gene-333573"
"gene-211303"	-9.17639180780999	2.12759387912395	58.9273977695126	8.96589127895946e-09	8.25407747568207e-07	"gene-211303"
"gene-92106"	-6.21076874621887	3.37218419415964	52.3311700577595	9.85556817880808e-09	8.99490519905527e-07	"gene-92106"
"gene-341425"	-10.3355167157755	3.40177407797008	62.1666267387211	1.00630183363378e-08	9.10574146382976e-07	"gene-341425"
"gene-226987"	-4.54909748794773	4.67038807691065	52.1513564341234	1.02502073311411e-08	9.19652076396528e-07	"gene-226987"
"gene-356255"	-11.7157568188294	4.62091347374093	61.9984923614187	1.03418380797454e-08	9.20075964287935e-07	"gene-356255"
"gene-378680"	-8.9130569430906	4.29203620189678	52.0232243774251	1.05415376625755e-08	9.26399212579924e-07	"gene-378680"
"gene-206297"	-12.2530298488784	5.24484029968276	58.0066689882964	1.05879195921574e-08	9.26399212579924e-07	"gene-206297"
"gene-76361"	-11.7146969679463	4.04124505719697	55.2545508699109	1.21140359772649e-08	1.05124015484675e-06	"gene-76361"
"gene-188322"	-8.28177350174157	3.81587531320596	52.5721180068316	1.26315700876738e-08	1.08720621427101e-06	"gene-188322"
"gene-22771"	-10.2919721932264	2.60685818124825	63.8901317473035	1.27338783951644e-08	1.08720621427101e-06	"gene-22771"
"gene-181289"	-11.6748587824947	3.3904755530076	63.7142529299778	1.30785299373465e-08	1.10260030908949e-06	"gene-181289"
"gene-402284"	-3.49276610191363	2.54809302084738	51.0282943756681	1.31224746335389e-08	1.10260030908949e-06	"gene-402284"
"gene-272736"	-12.9675246546564	5.69811443759965	54.6912593827535	1.35220362898972e-08	1.11721167174154e-06	"gene-272736"
"gene-326347"	-6.99366204637164	3.37911257419523	50.8453267125668	1.36654608151364e-08	1.11721167174154e-06	"gene-326347"
"gene-57448"	-4.96702687699427	3.47811078333599	50.8445215266118	1.36679018832354e-08	1.11721167174154e-06	"gene-57448"
"gene-79630"	-8.34867216701115	3.30865133026855	50.8278732277886	1.37184771253802e-08	1.11721167174154e-06	"gene-79630"
"gene-273137"	-6.52941551967354	4.14505792600998	50.5957895406518	1.44443783903961e-08	1.16734835129102e-06	"gene-273137"
"gene-39079"	-10.3549311362962	3.39121696329944	62.1740947781602	1.65619522783173e-08	1.32834385432231e-06	"gene-39079"
"gene-9388"	-8.79600040646723	4.53603214799903	49.7967357892794	1.72685298902597e-08	1.36400464034519e-06	"gene-9388"
"gene-168137"	-9.46231477309358	1.80279327234341	55.3305814216681	1.73408543062709e-08	1.36400464034519e-06	"gene-168137"
"gene-181301"	-7.32047197279007	2.3994544865563	49.7647308937438	1.73930883580429e-08	1.36400464034519e-06	"gene-181301"
"gene-142374"	-9.80544184308834	1.6298813382897	58.622441200911	1.81040734831882e-08	1.40932224975378e-06	"gene-142374"
"gene-87838"	-11.3763017035357	4.10501639929291	61.2814721094542	1.90272187851318e-08	1.47037346918387e-06	"gene-87838"
"gene-218923"	-5.03731524670905	3.05699183351255	49.1334295346	2.00531805930622e-08	1.53021929922829e-06	"gene-218923"
"g14715"	-11.8196190975267	3.95560484875594	60.9131942102964	2.01567160693852e-08	1.53021929922829e-06	"g14715"
"gene-404655"	-4.02038472563355	2.91141658714084	49.0934898917963	2.023526040351e-08	1.53021929922829e-06	"gene-404655"
"gene-114715"	-10.446306606912	3.43165413825031	57.6506958263895	2.13571440269699e-08	1.60360343130163e-06	"gene-114715"
"gene-38816"	-6.79159470355339	4.72060732634505	48.8026772103197	2.16145962399358e-08	1.61150514360704e-06	"gene-38816"
"gene-133498"	-6.05933713961985	0.985144242199483	52.2533451082167	2.1946210771095e-08	1.61845641212183e-06	"gene-133498"
"gene-226935"	-11.9117706564854	4.83123482370745	54.0656754414803	2.20135754553266e-08	1.61845641212183e-06	"gene-226935"
"gene-174508"	-5.70495043501029	3.86908771499427	48.6140550458024	2.25618283443438e-08	1.64732466676943e-06	"gene-174508"
"gene-198760"	-5.62268976353998	3.48205395373885	48.5561815391199	2.28611355008877e-08	1.6577454900541e-06	"gene-198760"
"gene-353046"	-4.82333050373582	4.1894069885845	48.4755948590303	2.32848827911323e-08	1.67698676265114e-06	"gene-353046"
"gene-39560"	-9.54817256908957	1.13602188202383	59.6885044463981	2.44612448311264e-08	1.74980539883199e-06	"gene-39560"
"gene-323535"	-9.93269915155718	2.83644207537703	51.2750556988922	2.67591984328347e-08	1.90133982421759e-06	"gene-323535"
"gene-147790"	-11.6398969739067	4.50978890375081	56.2673839610167	2.7110291210643e-08	1.91344435364718e-06	"gene-147790"
"gene-32615"	-10.7732246790459	3.73260318889324	58.9946607242806	2.73300173242733e-08	1.91617810206676e-06	"gene-32615"
"gene-42287"	-8.05674846232588	3.02830131313991	47.5191831491904	2.89947371358801e-08	2.01952159248396e-06	"gene-42287"
"gene-218159"	-10.1151022702498	5.70458675150125	47.3949160810901	2.98382926958404e-08	2.06469284163963e-06	"gene-218159"
"gene-228543"	-7.29042095382512	3.75347613437745	46.9606581431715	3.29946372664095e-08	2.26827418661998e-06	"gene-228543"
"gene-213719"	-12.6536380649795	4.86611098026919	57.6362679076886	3.40475508360623e-08	2.3255575529122e-06	"gene-213719"
"gene-112469"	-10.7076119431279	2.18351210335307	54.89057167524	3.45108224605932e-08	2.34209023968141e-06	"gene-112469"
"gene-31263"	-11.3672037600433	4.21989481296695	57.1344892462098	3.69605218388191e-08	2.49236334208649e-06	"gene-31263"
"gene-262574"	-7.90770374798272	4.58466512174403	45.882497958919	4.24478007706156e-08	2.8406585952927e-06	"gene-262574"
"gene-396148"	-6.7484924666616	2.78568293725268	46.9913808412907	4.26622004960366e-08	2.8406585952927e-06	"gene-396148"
"gene-176614"	-6.47184044954412	3.68316379999906	45.6857224083376	4.44609395723507e-08	2.93975517526114e-06	"gene-176614"
"gene-280975"	-8.56287445869404	4.46710957671669	50.4191832777967	4.47058263169021e-08	2.93975517526114e-06	"gene-280975"
"gene-394641"	-7.02217973848911	-0.56423947834527	55.8699219266183	4.55573018499561e-08	2.97725404126843e-06	"gene-394641"
"gene-299566"	-10.6479306266329	3.2626584660732	55.8106385310534	4.60097921821155e-08	2.98837834252796e-06	"gene-299566"
"gene-246645"	-11.594703178951	4.23560133317851	52.8883457961371	4.93820186713363e-08	3.18785019313072e-06	"gene-246645"
"gene-236062"	-4.96148565939932	4.24726784765936	45.168600404448	5.02450835369631e-08	3.22390726912623e-06	"gene-236062"
"gene-240376"	-7.89594751403425	4.04735704363843	45.0487580211469	5.16952907979724e-08	3.29697616673574e-06	"gene-240376"
"gene-262696"	-10.3334992973749	3.32818703445233	49.6172482168518	5.24682998656194e-08	3.32623886633122e-06	"gene-262696"
"gene-45063"	-10.5652373512513	3.0493775205936	54.9318473279977	5.33147383080061e-08	3.35978056230274e-06	"gene-45063"
"gene-170302"	-6.74124085388822	2.51392664692098	47.9028959766185	5.39848055119134e-08	3.38187654411022e-06	"gene-170302"
"gene-295673"	-11.3877501343449	3.68107448687231	52.119650403568	5.67998821932258e-08	3.53729619282166e-06	"gene-295673"
"gene-398654"	-9.47015283348274	1.50892243253562	49.0583266639152	5.87184512663391e-08	3.63539323717387e-06	"gene-398654"
"gene-399571"	-7.78043119209007	3.3953168513729	45.5476424151268	5.92486015934792e-08	3.64688921552421e-06	"gene-399571"
"gene-183629"	-7.13116548907216	3.06123826673966	47.3542016678889	6.06852062578257e-08	3.68939520154666e-06	"gene-183629"
"gene-214179"	-10.8967018708728	3.93608560138364	47.3329319669339	6.09620521718929e-08	3.68939520154666e-06	"gene-214179"
"gene-130853"	-8.72874045659968	4.29180853104233	44.3562136921109	6.09846188977675e-08	3.68939520154666e-06	"gene-130853"
"gene-7331"	-10.9281092992183	4.03655277703802	48.2965764200374	6.85408060568989e-08	4.10917855962152e-06	"gene-7331"
"gene-31907"	-7.62776143566989	3.41285634813579	46.7548232990346	6.90226960137778e-08	4.10917855962152e-06	"gene-31907"
"gene-133409"	-9.11524096927784	3.97953657573614	48.2576201937124	6.9087917598246e-08	4.10917855962152e-06	"gene-133409"
"gene-261546"	-10.845782190804	3.28318709084393	53.0872204824039	7.30280122635228e-08	4.31926014432355e-06	"gene-261546"
"gene-348880"	-10.7045240932666	3.09003012619839	52.6703599471721	7.84898998076538e-08	4.60405809001814e-06	"gene-348880"
"gene-402450"	-6.78578900402793	4.95334965338071	43.2983524633076	7.87129984219592e-08	4.60405809001814e-06	"gene-402450"
"gene-14822"	-3.94154537564093	3.56033937033913	43.139560824687	8.18105396389689e-08	4.7589460613064e-06	"gene-14822"
"gene-22821"	-6.504584163187	1.50653196330586	45.9328239596345	8.24830840208192e-08	4.77184923786018e-06	"gene-22821"
"gene-194467"	-7.20710945046281	2.59123891328304	42.6933868559705	9.12199094985302e-08	5.24083994153634e-06	"gene-194467"
"gene-41383"	-8.25999527331933	4.2633754821425	42.6772963742004	9.15798044001343e-08	5.24083994153634e-06	"gene-41383"
"gene-248416"	-11.017065215569	3.86926511756553	46.7818196904417	9.3646921989397e-08	5.33032238226745e-06	"gene-248416"
"gene-34357"	-10.3211499424853	2.16814988182912	46.603211063313	9.7196817446304e-08	5.50279522087711e-06	"gene-34357"
"gene-164026"	-8.14212231750657	2.84565500797736	46.5508569593605	9.82642670244729e-08	5.53363720738348e-06	"gene-164026"
"gene-78601"	-7.67023007938011	5.001167814744	42.3672925417559	9.88131587010574e-08	5.53510535009574e-06	"gene-78601"
"gene-415190"	-10.736152935136	3.27516436345883	51.1126709356082	1.03125044677253e-07	5.74623604209512e-06	"gene-415190"
"gene-305917"	-10.7816052678984	3.4908427173999	48.7215784937006	1.07220547315155e-07	5.93551292412901e-06	"gene-305917"
"gene-21271"	-10.5997727710051	3.54041043582712	50.8708262265854	1.07643192730025e-07	5.93551292412901e-06	"gene-21271"
"gene-291112"	-5.37117064800602	2.43602230775023	41.9411190266779	1.09752676107556e-07	6.02047451787923e-06	"gene-291112"
"gene-340805"	-11.3131605595372	3.43042945717471	50.6466467533372	1.12021563695817e-07	6.10228142615821e-06	"gene-340805"
"gene-146582"	-2.44825553372646	3.88217724720824	41.8448161968795	1.12396795891268e-07	6.10228142615821e-06	"gene-146582"
"gene-66244"	-7.01303624836375	3.66642615459183	42.5737320636595	1.18789721391977e-07	6.41646316518805e-06	"gene-66244"
"gene-259401"	-7.21208399604478	3.13045212881621	44.1538226112232	1.22084897944926e-07	6.56097875402501e-06	"gene-259401"
"gene-181319"	-11.6056933329181	3.77454163250502	48.0182930574155	1.22723615963624e-07	6.56199455660043e-06	"gene-181319"
"gene-211152"	-5.03886566672074	4.44807563512391	41.4453931106317	1.24099958649485e-07	6.57492950675837e-06	"gene-211152"
"gene-321850"	-4.45140328827021	0.852307694003035	41.4419058901922	1.24207603792545e-07	6.57492950675837e-06	"gene-321850"
"gene-21552"	-9.27205729924665	1.93513834020326	45.38446691562	1.25582316629724e-07	6.60613017207398e-06	"gene-21552"
"gene-300888"	-10.2972149086916	2.72856967278161	44.0108046845051	1.26044988642575e-07	6.60613017207398e-06	"gene-300888"
"gene-131605"	-6.81001106893531	2.40844082363385	41.152581672037	1.33489850944169e-07	6.96185739874835e-06	"gene-131605"
"gene-324122"	-10.1175223118397	3.19604532563687	45.070689415514	1.34236171265122e-07	6.96646247639139e-06	"gene-324122"
"gene-391752"	-7.08043166878095	2.95976584420441	40.9595496876745	1.40086520924891e-07	7.2346146196674e-06	"gene-391752"
"gene-55294"	-5.82441214637371	2.88505840081651	40.8958349292624	1.4233846724551e-07	7.31522986761269e-06	"gene-55294"
"gene-172875"	-4.23831645939776	3.67791266138441	40.8144213149508	1.45271516757149e-07	7.42990119762288e-06	"gene-172875"
"gene-367041"	-8.12996081476359	3.42086564909896	43.33662010908	1.46633644834542e-07	7.46351152818894e-06	"gene-367041"
"gene-347217"	-8.90428589668361	5.7004310481336	40.6641022802954	1.50855296641288e-07	7.64165083991061e-06	"gene-347217"
"gene-187157"	-6.02294071917459	4.48906106317918	40.6239904482682	1.52383142833031e-07	7.66704259634549e-06	"gene-187157"
"gene-191915"	-11.0262892860232	4.36957976025738	48.9233494795857	1.528049483167e-07	7.66704259634549e-06	"gene-191915"
"gene-10049"	-5.42917306481993	3.22747458077987	40.4803111202305	1.57990774186919e-07	7.8898505958345e-06	"gene-10049"
"gene-17915"	-2.52427190340428	3.64749618456403	40.438196234897	1.59675294890916e-07	7.93653684042314e-06	"gene-17915"
"gene-64009"	-7.07775835100662	2.73321025640044	40.412865884659	1.60697553603109e-07	7.95002336446785e-06	"gene-64009"
"gene-15837"	-6.7609525333656	1.66971141876016	40.3784491618322	1.62097556051892e-07	7.98198523684362e-06	"gene-15837"
"gene-37517"	-13.0301212230224	5.91694659014538	48.5253481680213	1.64332464913303e-07	8.05457317609786e-06	"gene-37517"
"gene-238220"	-10.2958884835483	2.67060334092931	48.4567733956616	1.66411283019815e-07	8.10944438720376e-06	"gene-238220"
"gene-126153"	-5.15416500141662	3.06924603991309	40.260729830332	1.66983930897367e-07	8.10944438720376e-06	"gene-126153"
"gene-275883"	-5.7177255309561	0.894914108679945	40.1983698541208	1.69634964138873e-07	8.20057244446689e-06	"gene-275883"
"gene-145496"	-4.29798802664254	4.29413836385397	39.9890505425313	1.78861971669985e-07	8.60732588213696e-06	"gene-145496"
"gene-340742"	-8.71610183230509	0.261058481939628	47.991260391146	1.8129182499083e-07	8.6847807745607e-06	"gene-340742"
"gene-87275"	-3.17958795916046	4.0409177804763	39.8608946471845	1.84770518482995e-07	8.7892515076772e-06	"gene-87275"
"gene-348484"	-7.6653570435344	3.46642211500976	39.8448232027841	1.85525843441012e-07	8.7892515076772e-06	"gene-348484"
"gene-303219"	-2.78377102374233	3.76680089278844	39.8355488945273	1.85963194268414e-07	8.7892515076772e-06	"gene-303219"
"gene-280686"	-8.90428398929479	4.77693163009581	43.3623140968715	1.93909846705657e-07	9.12322501778845e-06	"gene-280686"
"gene-170744"	-9.96208375400215	2.38353116475041	45.6623235036847	1.94752890716935e-07	9.12322501778845e-06	"gene-170744"
"gene-121573"	-10.9862164857167	3.48572287328965	47.5585613133218	1.96410399531136e-07	9.16033876579797e-06	"gene-121573"
"gene-183342"	-7.14652753878251	3.87586721130459	39.5615059475476	1.99388205580954e-07	9.25843391441033e-06	"gene-183342"
"gene-20981"	-7.28909286660772	2.84787576921449	40.3915020878114	2.01363933354081e-07	9.30934481405963e-06	"gene-20981"
"gene-135898"	-4.83127236707996	2.56218934003032	39.4958568729941	2.02753221724997e-07	9.33281894957629e-06	"gene-135898"
"gene-93344"	-6.52776624333942	2.64068260389979	39.4718180031268	2.04000294440125e-07	9.34957193609351e-06	"gene-93344"
"gene-185155"	-3.24384575013815	2.57905431914237	39.3767013367764	2.09014377565244e-07	9.53808282449674e-06	"gene-185155"
"gene-207502"	-10.0399696459683	2.54373278271426	41.6979673669325	2.13029312121261e-07	9.66835496608095e-06	"gene-207502"
"gene-227403"	-7.09226764141788	3.41259576346024	39.2889582906904	2.13754782095798e-07	9.66835496608095e-06	"gene-227403"
"gene-143831"	-7.5733303879081	3.84954720205943	39.2733684418026	2.14608804857752e-07	9.66835496608095e-06	"gene-143831"
"gene-163988"	-7.0764300078068	3.69510297074798	39.1895680345919	2.19261362247954e-07	9.83610187338599e-06	"gene-163988"
"gene-12117"	-6.49444879552344	2.21354315083713	38.9044482508579	2.35902022793735e-07	1.0537952385305e-05	"gene-12117"
"gene-53242"	-8.2885397859011	2.89955791944845	41.2255799563919	2.37615070985583e-07	1.05530813078915e-05	"gene-53242"
"gene-221311"	-4.45189588037298	1.88088688896692	38.8661858248865	2.38234290411455e-07	1.05530813078915e-05	"gene-221311"
"gene-255049"	-10.1509780318278	3.29996189312084	46.4673120185711	2.40891300696365e-07	1.06263175019684e-05	"gene-255049"
"gene-77495"	-4.14818241742987	1.41717191183978	38.7618797543818	2.44716249086426e-07	1.0750252817751e-05	"gene-77495"
"gene-186344"	-10.2027479473008	2.87447325685071	42.177578749206	2.51522963546687e-07	1.10036099796231e-05	"gene-186344"
"gene-259165"	-4.74331234644801	3.64529393205439	38.6031200775719	2.54940615653017e-07	1.11072275634506e-05	"gene-259165"
"gene-270171"	-9.95943320380317	2.76359333506135	44.2213745735486	2.60241057059589e-07	1.12916888159421e-05	"gene-270171"
"gene-252936"	-7.49600555020915	4.1670917509453	38.3823338682497	2.69912731130653e-07	1.16635350386948e-05	"gene-252936"
"gene-229595"	-7.35481148208268	5.25440443492236	38.3274619234872	2.73775412092453e-07	1.17823588935886e-05	"gene-229595"
"gene-79536"	-8.5230010348838	4.38553026051688	40.5382279743767	2.78899300505576e-07	1.19214139299103e-05	"gene-79536"
"gene-308117"	-4.28073950766412	3.14402565462749	38.2415529245345	2.79940158615631e-07	1.19214139299103e-05	"gene-308117"
"gene-218286"	-8.59247378034956	4.72487555564349	38.2354360994638	2.80384629125121e-07	1.19214139299103e-05	"gene-218286"
"gene-206132"	-7.54625372150404	3.44014740849167	38.1585416654385	2.86035817529551e-07	1.21130448007414e-05	"gene-206132"
"gene-249148"	-11.3690004245625	3.57785766149617	43.6847337378826	2.90343969577676e-07	1.22465004219875e-05	"gene-249148"
"gene-232153"	-10.116727332566	3.12721380809678	45.3844890035707	2.95895355865537e-07	1.24227492128243e-05	"gene-232153"
"gene-10198"	-4.08838817589103	7.20923030845133	38.0082085992204	2.9743316924316e-07	1.24227492128243e-05	"gene-10198"
"gene-132117"	-6.40173694206231	5.2476591111224	38.0003400251067	2.98042722211898e-07	1.24227492128243e-05	"gene-132117"
"gene-160317"	-3.54590257275161	3.37702385265195	37.8970055626473	3.06170798946641e-07	1.26632409189073e-05	"gene-160317"
"gene-77298"	-10.4838372367366	3.39345571980182	45.2057656453397	3.0620474877116e-07	1.26632409189073e-05	"gene-77298"
"gene-291622"	-11.2773323540133	4.48526786224961	45.1056584464264	3.12147308664359e-07	1.2858768703617e-05	"gene-291622"
"gene-330657"	-7.99279181937145	4.05565576551382	37.6657471982429	3.25217786353984e-07	1.33452740470141e-05	"gene-330657"
"gene-377626"	-2.98937578299802	3.02087106225372	37.5509050635212	3.35135933087117e-07	1.36991665003603e-05	"gene-377626"
"gene-194202"	-10.1047793180969	2.93518260295753	44.6147864199679	3.43135043129589e-07	1.39721950062037e-05	"gene-194202"
"gene-347049"	-6.88272784843775	4.16551589818851	37.3945965319533	3.49149440099922e-07	1.41626249898003e-05	"gene-347049"
"gene-180343"	-9.83080334256918	2.56611532641579	39.5625388713464	3.51039000072809e-07	1.41849232586673e-05	"gene-180343"
"gene-275482"	-3.32514749690687	3.33933447479256	37.3063851608474	3.57328742087939e-07	1.43841801995628e-05	"gene-275482"
"gene-24483"	-11.2685076210075	4.4527723964598	44.3084387487357	3.6413751496388e-07	1.46027419353129e-05	"gene-24483"
"gene-399798"	-7.51674261577799	3.63131897361315	37.2025595477034	3.67214832222211e-07	1.46705789763643e-05	"gene-399798"
"gene-199239"	-10.2632731612667	3.68556527904653	43.9637710249248	3.89430101766636e-07	1.54996108548999e-05	"gene-199239"
"gene-16211"	-9.49646656916011	2.34768212367377	42.1548477392732	3.98513422496041e-07	1.57267549558684e-05	"gene-16211"
"gene-45480"	-6.00346794288036	3.1807752541948	36.8885358661742	3.98906005281421e-07	1.57267549558684e-05	"gene-45480"
"gene-285316"	-6.63692395620003	2.47309423736513	37.6500172660188	3.9959356598929e-07	1.57267549558684e-05	"gene-285316"
"gene-33226"	-11.3461639851888	4.15606411619517	38.9313241991305	4.08060313355211e-07	1.6000498287006e-05	"gene-33226"
"gene-210469"	-6.17652027767198	3.21200670453847	36.6589049399343	4.23894560268524e-07	1.65061297718352e-05	"gene-210469"
"gene-286572"	-7.54276645745933	4.0658445609623	36.6466000483473	4.252792357388e-07	1.65061297718352e-05	"gene-286572"
"gene-57466"	-7.71993764077246	3.68412638231019	37.4026209756333	4.2563270309918e-07	1.65061297718352e-05	"gene-57466"
"gene-58286"	-8.36207332091236	4.98605499307624	36.6161708313884	4.28723924928447e-07	1.65653291723265e-05	"gene-58286"
"gene-214212"	-10.0639177084885	2.87125498678362	43.4407600000636	4.31482635480475e-07	1.66112969521156e-05	"gene-214212"
"gene-258523"	-4.34186805952608	4.38083683594217	36.444274108617	4.48742458359806e-07	1.72131753864321e-05	"gene-258523"
"gene-146304"	-10.4419038089539	3.72301411881721	43.0902369500014	4.62381668424285e-07	1.76258145594088e-05	"gene-146304"
"gene-79356"	-6.79277271608272	3.57844049123158	36.3280785977	4.62829550157329e-07	1.76258145594088e-05	"gene-79356"
"gene-7712"	-5.18803956852458	0.0315587540387164	36.2527736499645	4.72207111586047e-07	1.79184827611523e-05	"gene-7712"
"gene-198928"	-6.15149718361234	2.33203878084046	36.2141256760482	4.77097285434734e-07	1.80393891460626e-05	"gene-198928"
"gene-46835"	-10.6281515830784	3.51200612502708	42.7128177581918	4.98328682635548e-07	1.87751094770909e-05	"gene-46835"
"gene-334636"	-2.7815848767311	3.35311404707057	35.9463223014474	5.12480964143566e-07	1.92398438559856e-05	"gene-334636"
"gene-391612"	-2.9140491449855	2.91182420136955	35.9258333122989	5.15299437309516e-07	1.9277297324367e-05	"gene-391612"
"gene-153056"	-7.00177897492852	2.78508824648351	38.9015339370471	5.28399379341956e-07	1.96977613700468e-05	"gene-153056"
"gene-64689"	-7.19586671951367	3.72044622330531	35.7729312309833	5.36854636661543e-07	1.99427369766167e-05	"gene-64689"
"gene-335727"	-5.69762141891544	2.63179222574809	35.7124133054099	5.45646294992589e-07	2.01984521856173e-05	"gene-335727"
"gene-251998"	-2.60980511845892	3.47776105906809	35.6973610065238	5.47856435425688e-07	2.02096030726542e-05	"gene-251998"
"gene-229684"	-8.21873606932388	3.22990144260076	36.312701626059	5.63588498305036e-07	2.07177480262341e-05	"gene-229684"
"gene-29082"	-8.85792740472428	0.851645698139904	40.4220898944784	5.75359189887544e-07	2.10772586274721e-05	"gene-29082"
"gene-290097"	-4.84202884859987	2.85079721414432	35.4834182081526	5.80308744898285e-07	2.11852713180626e-05	"gene-290097"
"gene-335655"	-5.24300346526248	4.02236080876463	35.326441269029	6.05403134111051e-07	2.20001301424467e-05	"gene-335655"
"gene-169536"	-6.01933266096202	2.55463504621725	35.3179939585806	6.06785491791295e-07	2.20001301424467e-05	"gene-169536"
"gene-300876"	-10.8781173832256	3.54330262013271	40.1567301041693	6.09153723238216e-07	2.20106159314778e-05	"gene-300876"
"gene-213663"	-7.72315913854362	4.52566206302281	35.9890816371292	6.13096941296829e-07	2.20777459779236e-05	"gene-213663"
"gene-299976"	-10.0724685834111	1.78730314971328	41.6396356858399	6.1797580563755e-07	2.217799950605e-05	"gene-299976"
"gene-398591"	-8.12086105834904	0.201652776901684	41.4949166482936	6.36339610152857e-07	2.27598900428659e-05	"gene-398591"
"gene-3053"	-9.95480246136181	2.99300654074052	39.8763861199036	6.47174451970492e-07	2.30694812222613e-05	"gene-3053"
"gene-291587"	-10.972124089434	3.18802475640946	41.2799628010159	6.64706058348191e-07	2.3614909529303e-05	"gene-291587"
"gene-331179"	-9.38598057843969	0.953741353499117	37.7763569591215	6.87475350070737e-07	2.4342145589294e-05	"gene-331179"
"gene-219239"	-8.71683434770446	1.6827249545897	36.7344231179604	6.96474842151876e-07	2.45785971795397e-05	"gene-219239"
"gene-97398"	-6.58658833426379	4.2960401637892	35.4358681075728	7.0865142008047e-07	2.49252245328636e-05	"gene-97398"
"gene-246959"	-10.9401688810938	3.07254881169081	40.7888038371824	7.34750152365545e-07	2.57576154407087e-05	"gene-246959"
"gene-113124"	-7.51658159000018	3.84257336099874	34.5784560432099	7.41673722650941e-07	2.5914520467675e-05	"gene-113124"
"gene-407334"	-5.09457716343848	3.82331764953334	34.510863398401	7.55486239372938e-07	2.63103053165832e-05	"gene-407334"
"gene-422274"	-8.73462631668013	0.920145386513221	37.3502037096146	7.60405878233513e-07	2.63948099437974e-05	"gene-422274"
"gene-294470"	-6.55965757514577	3.39490933165315	34.3333054057043	7.93075236884382e-07	2.74388481467155e-05	"gene-294470"
"gene-145387"	-9.59745401785592	2.84141114814486	36.1912568267963	7.97015564350771e-07	2.74853543315362e-05	"gene-145387"
"gene-219248"	-10.5955640579195	2.76129421166586	40.3222415237611	8.08672597203197e-07	2.77968077486696e-05	"gene-219248"
"gene-220105"	-5.00306966570574	3.41916403560039	34.1406902285478	8.36086385483621e-07	2.86461053822495e-05	"gene-220105"
"gene-27654"	-5.73039019858212	5.89793889166249	34.0678088724185	8.52994933581874e-07	2.90909642330435e-05	"gene-27654"
"gene-101238"	-9.41837193122604	2.43055616264371	35.9121213013439	8.54565965474311e-07	2.90909642330435e-05	"gene-101238"
"gene-534"	-10.9330730333328	4.12867804915056	39.9263558683438	8.77673519403468e-07	2.97818254805273e-05	"gene-534"
"gene-347420"	-12.0142261315869	4.80431022976303	39.8635341909786	8.89192650396082e-07	3.00763022036528e-05	"gene-347420"
"gene-184811"	-9.28266709817871	1.93874521210728	36.591543751581	9.11371967351447e-07	3.07283280839165e-05	"gene-184811"
"gene-50869"	-1.97420555726036	3.27763251920675	33.8054113259997	9.16912813772348e-07	3.08170030457392e-05	"gene-50869"
"gene-206319"	-7.47063024207583	2.80565694562763	34.4322887777661	9.24353267627286e-07	3.09687596340825e-05	"gene-206319"
"gene-27908"	-10.410187107891	3.5976254951098	39.623756875197	9.34674575227783e-07	3.12157720124181e-05	"gene-27908"
"gene-31203"	-9.13910294949714	1.29437385484292	35.5176763623725	9.43512954740702e-07	3.14118605403768e-05	"gene-31203"
"gene-118590"	-10.4495490171326	3.11793334820854	39.4742439551192	9.64295425742289e-07	3.2003121229886e-05	"gene-118590"
"gene-141624"	-10.2171560044926	2.77919661276517	39.2326995045176	1.01430080666887e-06	3.35575082506353e-05	"gene-141624"
"gene-144820"	-7.61785114145485	3.56883862697666	34.0348249455223	1.02804882590693e-06	3.39063953890239e-05	"gene-144820"
"gene-69960"	-8.90047490085441	1.43013634016248	38.938732997499	1.07894781671178e-06	3.54745979364212e-05	"gene-69960"
"gene-233799"	-5.71207219126207	2.05325818151486	33.1672931054902	1.09431571112717e-06	3.5868484314871e-05	"gene-233799"
"gene-226108"	-4.19925070794927	2.51640343168059	33.1256808213976	1.1070737592757e-06	3.61746601526292e-05	"gene-226108"
"gene-39728"	-7.39477192362344	2.8274280310328	34.7739933910268	1.13899171360921e-06	3.70920508485857e-05	"gene-39728"
"gene-261023"	-6.81580144871601	3.38325334761336	33.0138052364095	1.14215628380457e-06	3.70920508485857e-05	"gene-261023"
"gene-69615"	-7.35275354940779	4.22420395567122	32.9774721854941	1.15379991621724e-06	3.73555954525747e-05	"gene-69615"
"gene-92073"	-5.83536052876566	3.61499718624986	32.957517055619	1.16024800719174e-06	3.73784605090928e-05	"gene-92073"
"gene-194412"	-7.3914233673209	2.58274919052431	34.6969525678583	1.16156734745363e-06	3.73784605090928e-05	"gene-194412"
"gene-23335"	-7.18887741110451	4.09104764635915	32.8966606798526	1.18014772519457e-06	3.78612847473784e-05	"gene-23335"
"gene-332768"	-6.48736643116732	1.50922197170338	32.8731733417659	1.18792373902349e-06	3.79956151813948e-05	"gene-332768"
"gene-253041"	-6.24120272750325	4.02031786130877	32.8489301105031	1.19600658165986e-06	3.81389207229907e-05	"gene-253041"
"gene-31079"	-5.98268871283501	2.36404205504265	32.7601296601017	1.22611094331711e-06	3.89814911618565e-05	"gene-31079"
"gene-366123"	-5.71508643787236	4.56930065339529	32.7238367798093	1.2386432495561e-06	3.92620242007498e-05	"gene-366123"
"gene-353876"	-7.93258114700348	3.16180517524378	33.281932152894	1.25958927066132e-06	3.98067809208698e-05	"gene-353876"
"gene-304002"	-10.9297009873781	3.40331619016473	38.1902656811142	1.26439634032836e-06	3.98397739733821e-05	"gene-304002"
"gene-306260"	-6.55502624984038	4.10977458445805	34.3507980108201	1.2690147962566e-06	3.98666458396695e-05	"gene-306260"
"gene-273987"	-10.9610973603027	3.83143635038563	38.1589385067691	1.27287018770992e-06	3.98694576251034e-05	"gene-273987"
"gene-358996"	-4.60844298998378	2.80718895336908	32.4638341269347	1.33246210766855e-06	4.16129095394896e-05	"gene-358996"
"gene-97311"	-7.04233673569212	2.76547249088997	32.400383810764	1.35647375032806e-06	4.22381988080094e-05	"gene-97311"
"gene-27484"	-10.2041533241241	3.13233027348137	37.7547151779114	1.38785755822722e-06	4.30887037212656e-05	"gene-27484"
"gene-249793"	-9.86588012102235	2.97238423470819	33.954986071701	1.40491730128566e-06	4.33912398672394e-05	"gene-249793"
"gene-44392"	-4.55103094537566	1.89288612572867	32.273670785878	1.40579911915209e-06	4.33912398672394e-05	"gene-44392"
"gene-206715"	-7.79983345668875	3.27040271763051	34.7417108984424	1.42996027494768e-06	4.40086902060205e-05	"gene-206715"
"gene-101301"	-10.1749614132221	3.22290098006478	33.73744403669	1.48610491841915e-06	4.5604037018271e-05	"gene-101301"
"gene-32245"	-10.2301768508797	2.89597137953258	37.332362088635	1.5200231375283e-06	4.63247776641684e-05	"gene-32245"
"gene-53224"	-7.35859581945821	-0.695518015323129	37.3316175939026	1.52026771438404e-06	4.63247776641684e-05	"gene-53224"
"gene-409369"	-6.20273034057894	3.90716929258214	31.991100690305	1.52271867640792e-06	4.63247776641684e-05	"gene-409369"
"gene-185524"	-7.08634653588208	2.74775544255051	34.4609181964863	1.53289362617219e-06	4.65007014907879e-05	"gene-185524"
"gene-8715"	-8.55966937579272	4.7195028703288	33.594768095165	1.54204136296581e-06	4.66445483134831e-05	"gene-8715"
"gene-118401"	-7.2936658908628	-0.603530527373374	33.4885532932826	1.58512995144405e-06	4.78113128089405e-05	"gene-118401"
"gene-190490"	-11.2338096765046	4.54542700554217	37.0348533091072	1.62121062784548e-06	4.87606730596593e-05	"gene-190490"
"gene-371957"	-6.5614691921684	-0.92032874253823	34.1252250368024	1.66639318497859e-06	4.99161432654523e-05	"gene-371957"
"gene-356770"	-8.05503356784778	3.7929398506628	31.668002543535	1.66905777991595e-06	4.99161432654523e-05	"gene-356770"
"gene-34402"	-12.1814073214577	5.03330928188783	36.7754695754181	1.71534692557879e-06	5.11559940876132e-05	"gene-34402"
"gene-247244"	-8.50618007095104	0.532805682199324	36.753354846357	1.72364033359192e-06	5.12589331790383e-05	"gene-247244"
"gene-296096"	-5.89505178616225	3.66994805246373	33.0279653005145	1.78729206836068e-06	5.30029723465952e-05	"gene-296096"
"gene-69348"	-7.55132944845275	3.73251315200137	31.4023165805269	1.80047061798145e-06	5.32446436663957e-05	"gene-69348"
"gene-193392"	-5.69450873148621	2.67384582390689	31.9329589769855	1.82304086426653e-06	5.37619321169631e-05	"gene-193392"
"gene-409357"	-7.01523570836063	3.184624942027	31.3004771372189	1.85369067014218e-06	5.45139531244312e-05	"gene-409357"
"gene-9379"	-10.2980626955758	3.20553917969591	36.2796468632091	1.91204127916564e-06	5.60136053769848e-05	"gene-9379"
"gene-210389"	-11.0689931825711	4.20016211552634	35.0470501000538	1.91526637824393e-06	5.60136053769848e-05	"gene-210389"
"gene-38092"	-7.12587656447145	3.57668399362852	30.9455557732726	2.05248484493959e-06	5.98613141966264e-05	"gene-38092"
"gene-7080"	-4.83397110707743	4.46375045981037	30.9192684156094	2.06807478990428e-06	6.0150296155815e-05	"gene-7080"
"gene-61384"	-5.6548239314809	3.27958498116162	30.8501317116784	2.10967482314232e-06	6.11921297331718e-05	"gene-61384"
"gene-99641"	-6.96335444188265	2.77434495747515	32.3312419837429	2.14669421947942e-06	6.20231797002656e-05	"gene-99641"
"gene-144476"	-2.43315116385837	3.41488269841833	30.7844003397122	2.15004316142415e-06	6.20231797002656e-05	"gene-144476"
"gene-288903"	-7.10025427990747	2.8195342942415	30.7653399119677	2.16190041002554e-06	6.2094515587665e-05	"gene-288903"
"gene-205721"	-2.93542534578584	3.75324194152375	30.7615818512941	2.16424636363922e-06	6.2094515587665e-05	"gene-205721"
"gene-2355"	-5.1606809683324	3.49260088933392	30.7406105034619	2.1773869278771e-06	6.21833388963088e-05	"gene-2355"
"gene-172388"	-3.06942037898067	4.19000297345393	30.7379033502414	2.17908932941632e-06	6.21833388963088e-05	"gene-172388"
"gene-390753"	-10.9367140144729	3.36281617793414	35.6678940792337	2.18874916982598e-06	6.2291095325128e-05	"gene-390753"
"gene-359383"	-6.17555204527759	4.55409493939185	30.6755453579066	2.21869363619687e-06	6.29740201780596e-05	"gene-359383"
"gene-38432"	-1.74918229141161	4.25933784035349	30.6397484648934	2.24177031591051e-06	6.34588832474452e-05	"gene-38432"
"gene-229699"	-5.50796452744565	3.49915158037381	30.595263849837	2.27080015073824e-06	6.4109229855642e-05	"gene-229699"
"gene-116474"	-11.2789828084212	3.99379889672738	35.4669594776233	2.28878865313181e-06	6.44452273157087e-05	"gene-116474"
"gene-209323"	-9.22742660093014	2.24784663677098	32.7469494198123	2.35894197193306e-06	6.62443465699081e-05	"gene-209323"
"gene-206855"	-4.40565821725236	3.62808330386532	30.4243848863562	2.3860446302715e-06	6.68281865097471e-05	"gene-206855"
"gene-244566"	-5.91307079394831	3.72183537069031	31.9109046194516	2.39995535169161e-06	6.69937656090557e-05	"gene-244566"
"gene-69862"	-2.94921655784536	2.96889090989162	30.3951836535517	2.406346742892e-06	6.69937656090557e-05	"gene-69862"
"gene-1771"	-4.89530286940673	1.35395906706188	30.388612591814	2.41094027553133e-06	6.69937656090557e-05	"gene-1771"
"gene-213608"	-5.97427855077987	3.31632545962455	30.347455245946	2.4399222666165e-06	6.76216152792379e-05	"gene-213608"
"gene-92883"	-3.3442117693199	2.79247907840045	30.318329820252	2.46065310439056e-06	6.80181055252815e-05	"gene-92883"
"gene-408081"	-9.64858279225031	3.02720406374587	35.0546036688077	2.50981489229573e-06	6.91963808977471e-05	"gene-408081"
"gene-368606"	-5.55102965397277	3.71255957097677	30.2286770502183	2.52563779346495e-06	6.94517592712036e-05	"gene-368606"
"gene-357892"	-6.53435468322123	3.05746611588666	30.7301412042626	2.5514181213865e-06	6.99789213759556e-05	"gene-357892"
"gene-75362"	-6.61992554109827	3.94935325095176	30.1438694522811	2.58877457100187e-06	7.08200423338419e-05	"gene-75362"
"gene-56282"	-6.77012834302804	3.1959283499506	30.1105866119214	2.61400468191565e-06	7.13259473387656e-05	"gene-56282"
"gene-206306"	-11.7404604653799	4.11810819734224	34.7587375855552	2.68248978761253e-06	7.30064765590074e-05	"gene-206306"
"gene-76715"	-6.52373615179784	4.30669276326042	29.9756426020593	2.71898195709569e-06	7.3809902512236e-05	"gene-76715"
"gene-329863"	-10.4437450366938	3.46487321594172	34.5341307680867	2.82209031133534e-06	7.6412967074443e-05	"gene-329863"
"gene-125470"	-4.56961933254026	5.36235768003979	29.8127408919062	2.85165098286119e-06	7.70164003968148e-05	"gene-125470"
"gene-166529"	-9.3541170343657	2.07736411241608	34.3541266588713	2.93960384935268e-06	7.91897861401954e-05	"gene-166529"
"gene-77229"	-3.69923752214832	2.0684952679978	29.6990589327326	2.94826042049219e-06	7.92214037354082e-05	"gene-77229"
"gene-229820"	-6.15129743866664	3.91482199547015	29.6102666017446	3.026112255786e-06	8.11074694987503e-05	"gene-229820"
"gene-280698"	-7.01856878825372	3.73539523391198	29.4553351192878	3.16718100917069e-06	8.46741044042678e-05	"gene-280698"
"gene-277647"	-3.27452912734395	4.23467149722462	29.4150930646403	3.20494350626412e-06	8.54184346220459e-05	"gene-277647"
"gene-8990"	-5.20062465407574	3.74231509405481	29.4085176486801	3.21115868325062e-06	8.54184346220459e-05	"gene-8990"
"gene-118573"	-10.4843903573677	3.15419269959365	33.9474454190673	3.22491533751754e-06	8.55693701210482e-05	"gene-118573"
"gene-304606"	-10.254630652013	2.83648649137234	33.9255665588133	3.24108565830057e-06	8.57834346610703e-05	"gene-304606"
"gene-186909"	-10.3955502250234	2.56828867947879	33.8184013496764	3.32155832883809e-06	8.7694109794037e-05	"gene-186909"
"gene-324167"	-9.32591360925296	2.20424565537947	33.7848581147871	3.34718584199889e-06	8.8150886838911e-05	"gene-324167"
"gene-163028"	-1.91288012783419	4.49271627560508	29.2588577176046	3.35610450394738e-06	8.81664476012182e-05	"gene-163028"
"gene-361821"	-9.91143385533943	2.60541496646232	30.5993011656586	3.4154215674742e-06	8.9502643898142e-05	"gene-361821"
"gene-336035"	-10.2159242174631	3.38465075988281	32.5915393307216	3.43696768475372e-06	8.98448811814511e-05	"gene-336035"
"gene-400657"	-9.20993420692506	1.35033642696772	33.6395122585765	3.46071310354765e-06	9.02427823331501e-05	"gene-400657"
"gene-134255"	-8.96432231496538	1.83597890390963	33.619225234308	3.47688525120485e-06	9.04417301093506e-05	"gene-134255"
"gene-104386"	-6.25398450562419	2.29113256075961	29.1261601743914	3.49038580789206e-06	9.05531528890638e-05	"gene-104386"
"gene-73742"	-4.68482322576854	3.02053437142325	29.1185317575473	3.49827519898244e-06	9.05531528890638e-05	"gene-73742"
"gene-326377"	-5.98481149861112	3.61119401081833	29.0760098497856	3.54259713244234e-06	9.12608235015132e-05	"gene-326377"
"gene-376728"	-3.50215356604444	2.70592662756238	29.0757647651485	3.54285429858524e-06	9.12608235015132e-05	"gene-376728"
"gene-185530"	-5.70027585245226	4.43376645570462	29.039568187673	3.58105182999737e-06	9.20208634082091e-05	"gene-185530"
"gene-189077"	-2.55014188872413	4.25841578447888	29.0179648683096	3.60405576397169e-06	9.23877442449594e-05	"gene-189077"
"gene-297835"	-6.4299175944042	2.66186494259065	28.9486995039986	3.67886666292239e-06	9.40776844453125e-05	"gene-297835"
"gene-175431"	-5.92250189204465	2.79509731098463	28.9251245969473	3.70470045521417e-06	9.45100330586806e-05	"gene-175431"
"gene-165465"	-9.77406178491047	2.98995608032275	33.2565596433257	3.78012242383535e-06	9.62022983200598e-05	"gene-165465"
"gene-287098"	-9.02422616490639	1.76270847549426	32.1507303989224	3.8271845265302e-06	9.71664330512595e-05	"gene-287098"
"gene-160999"	-3.82904192664983	4.01679376271962	28.7683140027272	3.881469781184e-06	9.83089008932896e-05	"gene-160999"
"gene-292407"	-6.81442928255709	2.43343445890602	28.7441039591569	3.90954296494164e-06	9.87836070879168e-05	"gene-292407"
"gene-170750"	-4.24621602575068	2.09641513554215	28.7148033184327	3.94380520744562e-06	9.94120612648256e-05	"gene-170750"
"gene-357269"	-9.25327982818251	1.17566738968529	32.0055131682934	3.96590483173213e-06	9.97316732863375e-05	"gene-357269"
"gene-64119"	-11.6512581948644	4.79503393106916	31.978267120837	3.99252607642254e-06	0.000100163207514421	"gene-64119"
"gene-29902"	-4.55076516812025	3.55474952093186	28.655050719355	4.01465933119925e-06	0.000100480374324838	"gene-29902"
"gene-238199"	-7.30371607545041	2.40119427899725	28.6341577838549	4.03974915664375e-06	0.000100869868682517	"gene-238199"
"gene-141719"	-7.46967518323549	3.94899373360289	29.9699579784208	4.05639678327734e-06	0.000101047229987193	"gene-141719"
"gene-70158"	-5.62936705568446	3.02528727457505	28.5236720261258	4.17520167709734e-06	0.000103762582524483	"gene-70158"
"gene-136310"	-6.76681285234984	3.78927466801838	28.4891958278735	4.21844083957987e-06	0.000104591646764946	"gene-136310"
"gene-131635"	-5.39666057951855	4.00675200338786	28.3060368002197	4.45619524701774e-06	0.000110228362336862	"gene-131635"
"gene-151619"	-4.02997782058572	1.8179988476955	28.2955863078016	4.47017932976166e-06	0.000110229383698754	"gene-151619"
"gene-341043"	-8.33618053244826	0.690358584523338	29.6118311144728	4.47706007277457e-06	0.000110229383698754	"gene-341043"
"gene-259741"	-7.04009336721738	2.63215308043465	29.4564829998402	4.67369875508307e-06	0.000114803825336577	"gene-259741"
"gene-348472"	-7.97415484374221	3.55604335577997	28.1378340457842	4.68697796472614e-06	0.000114863508593879	"gene-348472"
"gene-188385"	-6.43945608593414	4.24685774881386	28.0921930055177	4.75174652133445e-06	0.000116181848548194	"gene-188385"
"gene-180073"	-9.16130809620553	1.63590755186487	30.0249856354655	4.79681131664004e-06	0.00011701345946836	"gene-180073"
"gene-246947"	-9.6494880943195	2.79556974760448	32.1818829498428	4.85813997602881e-06	0.000118237075692453	"gene-246947"
"gene-62933"	-10.6210004824915	3.86291449653805	32.1584650140766	4.88503096805451e-06	0.000118618859767874	"gene-62933"
"gene-104716"	-10.0400574924303	2.8917107817059	32.1394842439412	4.90694411101601e-06	0.00011873661209405	"gene-104716"
"gene-348108"	-10.2505088919851	3.40131257014419	32.1348494661052	4.91231095656881e-06	0.00011873661209405	"gene-348108"
"gene-294758"	-3.78443184837439	4.40356826796918	27.9675326867112	4.93349805843662e-06	0.000118954793992067	"gene-294758"
"gene-254113"	-6.13685850340085	3.09075456840988	28.4274622268999	4.94380932809193e-06	0.000118954793992067	"gene-254113"
"gene-327631"	-6.45568251914935	3.46118760295628	29.1270686021802	5.12160240681103e-06	0.000122953298596164	"gene-327631"
"gene-104966"	-5.40614911547515	2.95751845238933	27.8014298241056	5.18712160922667e-06	0.000124244471667156	"gene-104966"
"gene-71829"	-5.96632418827263	2.37353507716905	27.7700149795134	5.23661371381792e-06	0.000125146793201333	"gene-71829"
"gene-26305"	-1.35852945837609	3.01872139708352	27.7526714371996	5.26415015704049e-06	0.000125521526379702	"gene-26305"
"gene-189724"	-8.95501886993986	2.3708515381796	31.7798618529115	5.34272625309446e-06	0.000126980556007005	"gene-189724"
"gene-194476"	-6.93845581137264	3.47680476769886	28.9602033771224	5.36565251509058e-06	0.000126980556007005	"gene-194476"
"gene-147885"	-6.40648166563642	4.23889379208194	28.9578971986333	5.36911056674621e-06	0.000126980556007005	"gene-147885"
"gene-20302"	-5.36326586710614	1.72527728107791	27.6848424940837	5.37331530094815e-06	0.000126980556007005	"gene-20302"
"gene-419623"	-4.47534394526455	-0.441651409523152	29.4870055179282	5.54056887106958e-06	0.000130641431265064	"gene-419623"
"gene-226923"	-9.44141025620966	2.36319254089542	31.5443141076033	5.65059169849025e-06	0.000132932922395105	"gene-226923"
"gene-172229"	-6.68435200517014	3.52405434881935	27.5117337243852	5.66286464533791e-06	0.000132932922395105	"gene-172229"
"gene-357898"	-5.4869398566381	4.43379206367016	27.3816968425533	5.89115342114907e-06	0.000137985932012622	"gene-357898"
"gene-101771"	-5.11310489888876	4.18258182024452	27.3571449548735	5.93533286037025e-06	0.00013871383883607	"gene-101771"
"gene-198946"	-6.85068447562817	2.74273278189366	28.5782701866726	5.97186668776238e-06	0.000139260248069032	"gene-198946"
"gene-286539"	-5.47236817321792	2.01693641062036	29.1030049739205	6.14599808528888e-06	0.000143005893909788	"gene-286539"
"gene-160909"	-8.61030733757911	1.26999854666185	31.1645435013138	6.18783236357567e-06	0.000143663555335911	"gene-160909"
"gene-258455"	-6.11942746367095	3.35806415787439	27.1953479414057	6.23533976952625e-06	0.000144449763982439	"gene-258455"
"gene-119257"	-7.78927759733474	4.4835223988624	28.3889812361456	6.2988480825049e-06	0.000145372050453796	"gene-119257"
"gene-147823"	-8.55783971061931	1.32081010830153	30.1487175540218	6.30261369210282e-06	0.000145372050453796	"gene-147823"
"gene-198937"	-8.79466865844953	2.15134194809472	28.3768431987073	6.3204531597986e-06	0.000145466603484321	"gene-198937"
"gene-53233"	-5.60878223872537	2.14961917567372	27.5797137781261	6.34655357104906e-06	0.000145750461294352	"gene-53233"
"gene-156645"	-3.43179413755013	3.24941266111132	27.0229651089688	6.57261161957711e-06	0.00015061523639927	"gene-156645"
"gene-258416"	-9.2835599536777	2.02575372925645	28.8453804695855	6.59137409374174e-06	0.000150718957949123	"gene-258416"
"gene-177979"	-5.9107350489084	4.16188273383781	26.9839390886143	6.65160108882592e-06	0.00015176832053319	"gene-177979"
"gene-336052"	-9.96536728855584	3.23207958983511	30.8000806111972	6.75533754237535e-06	0.000153803781851888	"gene-336052"
"gene-46583"	-10.5073892882947	3.34381936735738	30.6988871085108	6.92265172694927e-06	0.000157274922388867	"gene-46583"
"gene-47360"	-6.88396267952441	3.21064556759639	28.5696642244934	7.10630796370617e-06	0.000161101675399908	"gene-47360"
"gene-419031"	-12.2367435517008	4.36750063895438	27.914034439079	7.20574479403499e-06	0.000163006880629163	"gene-419031"
"gene-255416"	-6.30788530682248	3.4128366611049	26.699030359531	7.2594309982683e-06	0.00016378794815743	"gene-255416"
"gene-416888"	-6.35645781794587	2.69377851970685	26.6937589384058	7.27121334032229e-06	0.00016378794815743	"gene-416888"
"gene-59359"	-4.04598445634887	4.91973032831698	26.6246568110343	7.42754189476969e-06	0.000166954110488167	"gene-59359"
"gene-198802"	-2.9362804327762	3.36626732615	26.5955491817682	7.4944473590764e-06	0.000168101089386741	"gene-198802"
"gene-136420"	-2.26822144375553	4.24003031164844	26.5826530151022	7.52429249408189e-06	0.00016841370958741	"gene-136420"
"gene-292044"	-8.36549753146213	0.711921451928541	27.701160398736	7.65625704703563e-06	0.000171005893158157	"gene-292044"
"gene-184749"	-8.31083967358457	0.671674270364723	30.2704752453991	7.68197988714204e-06	0.000171219202242469	"gene-184749"
"gene-233537"	-9.01799254079341	1.53007514925273	30.1654531445368	7.88148022861362e-06	0.000175296704160362	"gene-233537"
"gene-352598"	-9.52146775444043	2.19029402808075	27.4989167005217	8.11200896751208e-06	0.000180045783939309	"gene-352598"
"gene-340338"	-5.30990065691318	2.46429775223306	27.4685871473798	8.18279935341289e-06	0.000181237022499126	"gene-340338"
"gene-58265"	-5.19663102435775	4.68490387964227	26.1739478872144	8.53802115582191e-06	0.000188368205733772	"gene-58265"
"gene-3833"	-1.25662664704689	4.43306270862467	26.1730670617732	8.54035503468504e-06	0.000188368205733772	"gene-3833"
"gene-147255"	-7.42793951404814	4.63593396058002	26.1453988416216	8.61400918637899e-06	0.000189597744815373	"gene-147255"
"gene-221519"	-7.02080140539689	2.5042880713288	26.1233791864368	8.67310452445573e-06	0.000190502401660607	"gene-221519"
"gene-45765"	-1.68625444217074	4.48189830087558	26.1133172587046	8.70025024160002e-06	0.000190703000637307	"gene-45765"
"gene-162742"	-9.01497320199861	1.95742767958812	28.8424682295552	8.81167305170594e-06	0.000192746245038039	"gene-162742"
"gene-355708"	-5.80437635930474	3.40889127306431	27.1220429741095	9.03979399967455e-06	0.000197328451700112	"gene-355708"
"gene-187248"	-4.06060056335438	0.898630978105169	25.9741073750764	9.08514119176122e-06	0.000197910267072379	"gene-187248"
"gene-221869"	-2.97822073840738	2.03359254172732	25.9639662369669	9.11387161657302e-06	0.000198128457504432	"gene-221869"
"gene-253193"	-7.27652997454376	2.99620205208584	25.9018296653892	9.29201019709979e-06	0.000201286505373364	"gene-253193"
"gene-179514"	-10.9946686914418	3.59638502069058	29.4935913004495	9.29716644257817e-06	0.000201286505373364	"gene-179514"
"gene-347435"	-5.89747268786913	6.01805161772945	25.7598875917156	9.7128402099253e-06	0.000209609185649213	"gene-347435"
"gene-76840"	-6.59452128625895	3.24879043834444	25.7571412254643	9.721177874163e-06	0.000209609185649213	"gene-76840"
"gene-419274"	-6.95993181024115	2.1819329764857	26.8233343882237	9.85494109117871e-06	0.000212061506772986	"gene-419274"
"gene-168981"	-5.13000713170633	3.83032038651683	25.7063388344915	9.8767752727288e-06	0.00021210024302714	"gene-168981"
"gene-430128"	-3.88380940647683	1.64966023066418	25.6456526600792	1.00660895680216e-05	0.000215728117928431	"gene-430128"
"gene-101990"	-10.0372816640314	2.98539026194291	27.2400237187247	1.02665827453118e-05	0.000219580427322457	"gene-101990"
"gene-225876"	-1.01287736486745	4.80653364282834	25.5141504769212	1.0489553914278e-05	0.000223896990504963	"gene-225876"
"gene-135910"	-8.45824245557379	-0.233510854447157	26.3211100577469	1.14061777204106e-05	0.000242972240494943	"gene-135910"
"gene-341956"	-8.44137888882762	0.854086345020534	26.7734349118372	1.17057204546027e-05	0.000248852334242728	"gene-341956"
"gene-95842"	-6.94737093782849	2.98952896701327	26.1343745003555	1.20472851849115e-05	0.000255600417339995	"gene-95842"
"gene-73653"	-8.31733475183081	1.27043593325057	28.3905929422268	1.22488129635647e-05	0.00025935636569052	"gene-73653"
"gene-65074"	-5.68625674404255	4.25108690880849	25.0067667634602	1.23077165401251e-05	0.000259787261933971	"gene-65074"
"gene-272210"	-10.5068478521329	3.53435273597365	27.5669517055602	1.23182398687875e-05	0.000259787261933971	"gene-272210"
"gene-360831"	-9.47609447433954	3.21497270963934	28.3504622847207	1.237364768341e-05	0.00026043699408402	"gene-360831"
"gene-16026"	-10.7398601224569	3.95332471881808	28.341371855071	1.24021149374886e-05	0.000260518235799985	"gene-16026"
"gene-206961"	-4.75613444100622	2.04035490853482	24.9171105259293	1.26621069344014e-05	0.000265452922999026	"gene-206961"
"gene-150996"	-7.0457240552619	2.76101030312742	24.8983565950364	1.27375869565559e-05	0.000266507575314343	"gene-150996"
"gene-375932"	-5.91940250897487	3.26803902295181	24.8718214310162	1.28451952314299e-05	0.000268228958412521	"gene-375932"
"gene-419019"	-9.64951955400701	2.3365341943941	25.9019122728783	1.28992363163832e-05	0.000268789259660071	"gene-419019"
"gene-199539"	-4.30209676785748	0.413678526352704	24.852828612959	1.29228046818717e-05	0.000268789259660071	"gene-199539"
"gene-418586"	-5.1097453003981	3.46699803849723	24.7890793164543	1.31869317098999e-05	0.000273745188260215	"gene-418586"
"gene-285765"	-5.84846716669016	2.89638040281103	26.3366674789901	1.32484826877406e-05	0.000274484708835832	"gene-285765"
"gene-411562"	-6.08495160977103	2.53928729089184	24.7428139363678	1.33821765443946e-05	0.000276713091944347	"gene-411562"
"gene-62605"	-5.12746685112033	2.46351389768214	24.682383554439	1.36417965675322e-05	0.000280987586749575	"gene-62605"
"gene-70225"	-4.53815700596363	3.83915521732299	24.6823417808031	1.36419778586267e-05	0.000280987586749575	"gene-70225"
"gene-270837"	-2.22554610587631	2.89282515832997	24.4253491295339	1.48068021766203e-05	0.000304387601250252	"gene-270837"
"gene-358511"	-6.28317538214552	3.39941077508203	24.3936979158574	1.4957347194134e-05	0.000306886501442436	"gene-358511"
"gene-338346"	-8.96854352645849	0.958321858691777	25.2919183005274	1.54533032786287e-05	0.000316448978357529	"gene-338346"
"gene-280993"	-5.14678033039526	1.2321354331452	24.1811966299433	1.60107667699966e-05	0.000327231636667864	"gene-280993"
"gene-104942"	-9.33943689012446	1.1823398171338	27.2061668207656	1.65768113825075e-05	0.000338147788259359	"gene-104942"
"gene-15807"	-5.56847808015972	0.559880485121494	23.945702921143	1.7270060342708e-05	0.000351611786246635	"gene-15807"
"gene-166071"	-3.88323223149867	4.24682801679607	23.9170720883329	1.74301304469757e-05	0.000354189618123094	"gene-166071"
"gene-419692"	-9.69446713976859	2.37293173715309	26.9340394313863	1.77876969241072e-05	0.000360763117501003	"gene-419692"
"gene-54550"	-6.69267275799834	3.29606055008372	24.1835856086741	1.79023640757888e-05	0.000361778662249324	"gene-54550"
"gene-433"	-2.8089514614423	4.77773913683156	23.8335445972974	1.79061130649519e-05	0.000361778662249324	"gene-433"
"gene-61250"	-1.09036910796773	4.82932936440839	23.8118759219517	1.80318160215881e-05	0.000363624449943912	"gene-61250"
"gene-418688"	-5.51819926424012	2.41926778165588	23.6966853855233	1.87158411244451e-05	0.000376700779438213	"gene-418688"
"gene-195592"	-4.70520285540636	4.77074942263023	23.5064691734919	1.99058959384549e-05	0.000399893207401181	"gene-195592"
"gene-183526"	-6.01130052928359	2.16378012671639	23.5000647062579	1.99473257297996e-05	0.000399966548298083	"gene-183526"
"gene-213699"	-10.5095564015547	3.27773017622079	26.4571236417624	2.0145395656531e-05	0.00040317448736426	"gene-213699"
"gene-148324"	-7.9614747379011	1.30450074769659	24.3317772528539	2.06197340789865e-05	0.000411888914517416	"gene-148324"
"gene-82952"	-4.43704194263969	4.30617226407095	23.3733751441768	2.07858140259299e-05	0.000414424506765574	"gene-82952"
"gene-292255"	-6.99127767595519	1.04436989449574	24.764232284731	2.08619020208738e-05	0.000415159693035696	"gene-292255"
"gene-38909"	-9.67890665878541	2.20478861120278	26.2789418629647	2.11107019300066e-05	0.000418687321057349	"gene-38909"
"gene-199548"	-4.37274844514952	1.4868636215338	23.3246288382445	2.11182610224449e-05	0.000418687321057349	"gene-199548"
"gene-266926"	-7.47149829616439	2.99938688740464	24.4794183109524	2.26826628143208e-05	0.000448862338720026	"gene-266926"
"gene-152584"	-9.37819799273538	2.33666819661875	25.9982819574337	2.27335057426939e-05	0.000449029151675188	"gene-152584"
"gene-118973"	-9.25896084666383	2.36484469284909	25.9363846970871	2.31091576565999e-05	0.000454949920649506	"gene-118973"
"gene-305392"	-9.6065412630135	2.66400160342852	25.9347435343202	2.3119208209071e-05	0.000454949920649506	"gene-305392"
"gene-374700"	-4.12913054767	2.17797820102393	22.9731675275316	2.36874051817787e-05	0.000465266342596458	"gene-374700"
"gene-268342"	-6.19449220081162	0.877214018530003	22.9666322642297	2.37381852956254e-05	0.000465400310601456	"gene-268342"
"gene-116468"	-9.79134937901916	2.8168459452394	23.8224421490179	2.40787606085726e-05	0.000471204877195856	"gene-116468"
"gene-187747"	-4.0570103462327	2.19094046599645	22.9088197943583	2.41924253348465e-05	0.000472555732509262	"gene-187747"
"gene-112984"	-8.90779718132363	1.30443212631968	24.2077462167858	2.45776724195511e-05	0.000478755666153194	"gene-112984"
"gene-421725"	-9.90841856388491	2.99316337189393	25.7009332742644	2.46002722572341e-05	0.000478755666153194	"gene-421725"
"gene-39091"	-5.03528569828196	3.03211779091191	23.4874003701293	2.66862254907632e-05	0.000518398292239836	"gene-39091"
"gene-238229"	-4.94917570478304	-0.00689967818432874	23.3285751764158	2.80254706930522e-05	0.000543416956460337	"gene-238229"
"gene-115297"	-1.11619541934029	6.08027960003495	22.4545095180947	2.80971271983376e-05	0.000543810394239123	"gene-115297"
"gene-119278"	-4.78216765785198	3.67441130312371	22.4418940447675	2.82145975320594e-05	0.000545087489182322	"gene-119278"
"gene-16220"	-5.76707812619436	1.27045453260298	23.7304343447007	2.83272354317783e-05	0.000546266742288228	"gene-16220"
"gene-213743"	-9.27325333758087	1.68558066490721	25.1186285815652	2.87511974389948e-05	0.000553434413248432	"gene-213743"
"gene-204245"	-5.95537869045045	3.0099881663244	22.2917227310216	2.96533695307777e-05	0.000569764470457973	"gene-204245"
"gene-222746"	-2.90017220091233	3.11206059408766	22.2576478233611	2.9990474849744e-05	0.000575197748612753	"gene-222746"
"gene-172049"	-8.5880940722871	1.346329700246	24.9193535071546	3.03398921480557e-05	0.000580847085301022	"gene-172049"
"gene-89251"	-9.62816265651873	2.45101932386184	24.2166747418128	3.08938033608581e-05	0.00059038392812528	"gene-89251"
"gene-49788"	-3.77540887166744	2.85088873508064	22.134717854706	3.12405865238067e-05	0.000595935296446021	"gene-49788"
"gene-253133"	-4.78572350089393	3.81305480671044	22.0692624472651	3.1928518175655e-05	0.000607962629362697	"gene-253133"
"gene-45037"	-10.7377601464354	3.72886568888093	24.691488217255	3.22730705861307e-05	0.000613420104659544	"gene-45037"
"gene-340712"	-4.34401068135635	2.82378595104687	22.0130304881872	3.2532261586846e-05	0.000617238446989137	"gene-340712"
"gene-249870"	-4.9359751827768	3.27698296984009	21.9548364836815	3.31697555766558e-05	0.000628207875295268	"gene-249870"
"gene-293139"	-9.62248362344484	2.441175013089	24.2623552327143	3.62831084039605e-05	0.000685945122629875	"gene-293139"
"gene-360840"	-6.49886242670786	3.01085414593904	21.6725294848302	3.6454688618373e-05	0.000687960407134964	"gene-360840"
"gene-2673"	-4.47031476807139	2.15729396538688	21.635895382371	3.69054608971309e-05	0.000695227961775667	"gene-2673"
"gene-400372"	-8.86772098542335	1.69154547286385	22.805241080921	3.74423287198148e-05	0.000704088692995878	"gene-400372"
"gene-331515"	-6.40717997506678	1.88134296419962	22.324286001958	3.8327801012711e-05	0.000719461754116262	"gene-331515"
"gene-355061"	-8.03232035757587	0.929139380897199	22.6380026135948	3.94002267876807e-05	0.000738283541595002	"gene-355061"
"gene-218211"	-9.02529169403128	2.36472495789813	23.9225397263156	3.98386493416062e-05	0.000745179824345556	"gene-218211"
"gene-197659"	-3.49497526419601	4.48904668892969	21.3928527906389	4.00488124401074e-05	0.000747789730693857	"gene-197659"
"gene-29269"	-8.13036439787478	3.75182899550583	22.5154168253202	4.09044764054907e-05	0.000762421992438257	"gene-29269"
"gene-171811"	-4.21203078133463	3.45916733246732	21.310427526828	4.11779242142894e-05	0.000766169918553043	"gene-171811"
"gene-207324"	-5.93577006051086	2.17344813209799	22.0096233657243	4.23305931910504e-05	0.000786235070374825	"gene-207324"
"gene-357595"	-9.37882535169366	1.70970686357902	23.104968145776	4.24933903105162e-05	0.000787876573060307	"gene-357595"
"gene-359591"	-4.81177257350889	3.09813417061043	21.1028662051764	4.41724651229233e-05	0.00081757672772096	"gene-359591"
"gene-145820"	-3.96300022052202	3.33954460917212	21.0751911698303	4.45887594596986e-05	0.000823841529493593	"gene-145820"
"gene-323574"	-7.9830048281927	0.638068541654288	21.7621960026388	4.57891147877483e-05	0.000844545920309916	"gene-323574"
"gene-408175"	-1.64245389983405	3.22952535321684	20.9148678969675	4.70831724032293e-05	0.000866903558666068	"gene-408175"
"gene-266992"	-0.961188306633003	5.572681248831	20.9056540513143	4.72309257315727e-05	0.0008681142547225	"gene-266992"
"gene-281451"	-1.42426759245108	2.96848024091848	20.8207460868895	4.86157424522198e-05	0.000891690891540459	"gene-281451"
"gene-285922"	-4.74423083180529	3.58122497669402	20.8167420474778	4.86820945792373e-05	0.000891690891540459	"gene-285922"
"gene-6993"	-8.69567203802534	2.84529297761757	21.548821181833	4.90126921936497e-05	0.00089619580700202	"gene-6993"
"gene-79960"	-9.381997016936	2.53679354398679	23.1334635203606	4.96256398523042e-05	0.000905839050200594	"gene-79960"
"gene-218232"	-8.77043031183788	1.65209793079738	23.063319275221	5.0613252852959e-05	0.000922276261539203	"gene-218232"
"gene-384842"	-7.50316922764774	3.44736195767976	21.7696410088125	5.14785646797064e-05	0.000936432241003525	"gene-384842"
"gene-171856"	-4.79023658758418	2.00399761791077	20.9139144581689	5.16182650922861e-05	0.000937362903142424	"gene-171856"
"gene-26108"	-3.70080082223005	2.96779965334315	20.6265680427874	5.19461092047594e-05	0.000941701126970527	"gene-26108"
"gene-234006"	-1.03875222140698	3.45754044373717	20.5788522172743	5.28007519941308e-05	0.000955558224550192	"gene-234006"
"gene-74305"	-2.85855165901901	4.5165947815174	20.5690661926501	5.29778551992537e-05	0.000957127223540101	"gene-74305"
"gene-421316"	-0.965040116545824	4.55934872768699	20.552152090853	5.32854375490608e-05	0.000961044169219602	"gene-421316"
"gene-165441"	-8.97181337814971	1.41861070938538	22.3130182146713	5.35667246038571e-05	0.000964474342484754	"gene-165441"
"gene-268966"	-1.60690239225331	1.37309419856903	20.5290103651637	5.37093225835748e-05	0.000965399996930911	"gene-268966"
"gene-194969"	-8.61784785882064	1.79687473690799	22.7837383124765	5.47650068417455e-05	0.000982706995650101	"gene-194969"
"gene-76335"	-5.00932154221323	3.93366598758719	20.395734198357	5.62207339903576e-05	0.00100712167640595	"gene-76335"
"gene-328642"	-8.59372871973389	2.21085314591458	21.0797311964432	5.69772621587687e-05	0.00101894978796433	"gene-328642"
"gene-273297"	-0.995909585047127	4.64965666513718	20.317420739027	5.77539378013502e-05	0.00103109770573844	"gene-273297"
"g8866"	-7.39108137003017	0.36667848453277	21.0119117453702	5.82379641640457e-05	0.00103798876532786	"g8866"
"gene-64072"	-6.67825922618935	2.33673039222541	21.2808511818275	5.99640703307616e-05	0.00106695733208701	"gene-64072"
"gene-252927"	-3.71495553763693	3.33505586055591	20.1822729009614	6.05044336708538e-05	0.00107476583770693	"gene-252927"
"gene-70534"	-6.33948123652387	-0.839659631351923	22.3833521231528	6.13616007623103e-05	0.00108816627683514	"gene-70534"
"gene-152610"	-6.18219562540943	1.96420779218298	20.6994720584055	6.44405856086131e-05	0.0011408569896963	"gene-152610"
"gene-114185"	-6.83129697560213	-1.08777883472835	21.9082609215766	7.03179807197443e-05	0.00124283215672777	"gene-114185"
"gene-141548"	-4.44299451188724	3.83607734106953	19.6668096605247	7.23312838774282e-05	0.00127628550401722	"gene-141548"
"gene-231997"	-6.78002778338566	-1.12655644107523	21.6813408290093	7.50837877590455e-05	0.00132264901997507	"gene-231997"
"gene-307746"	-2.46638168747117	2.62184635442124	19.5377636378559	7.56583339484169e-05	0.00133055611546826	"gene-307746"
"gene-428678"	-9.40144144065871	1.84910904860777	21.5846071550157	7.72200799479626e-05	0.00135576946336498	"gene-428678"
"gene-402218"	-5.20593417322986	2.74040945997838	19.3643156588766	8.03865233539493e-05	0.00140902669329182	"gene-402218"
"gene-115518"	-4.28111985727777	3.03150488096038	19.3096066661451	8.19417584211203e-05	0.0014339130519081	"gene-115518"
"gene-99384"	-2.9203954402276	2.30016736511762	19.2210242806217	8.45275875189836e-05	0.00147672206116086	"gene-99384"
"gene-100907"	2.28063883871087	6.87030887699943	19.2104227317059	8.48427778153402e-05	0.00147978663711863	"gene-100907"
"gene-177812"	-1.53737986300212	3.24697915846961	19.0358047282811	9.021654271929e-05	0.00157092522659395	"gene-177812"
"gene-153074"	-7.36792586911683	-0.37412758163607	21.007468718127	9.14052228027137e-05	0.00158901000625998	"gene-153074"
"gene-228255"	-3.13811714295705	2.28826902828997	18.9732933870009	9.22265727986434e-05	0.00160066020691678	"gene-228255"
"gene-73861"	-2.41054438566898	4.64817877267098	18.7357064858418	0.000100307692552596	0.00173806471530987	"gene-73861"
"gene-21537"	-6.26119048495609	-1.42214684941777	20.5130256468578	0.000105797972335866	0.00183020119790819	"gene-21537"
"gene-372216"	-6.74952057912349	-0.840302467996877	20.4970278521289	0.000106302633238175	0.00183593144876437	"gene-372216"
"gene-71595"	-5.07245022467422	0.254561966463016	18.5514523796755	0.000107087845081475	0.0018464804818853	"gene-71595"
"gene-401657"	-8.53412577475454	1.77994910366775	19.9285433267588	0.000110189692512754	0.00189687524330492	"gene-401657"
"gene-377320"	-1.35986371778947	4.44781388091459	18.4665928076374	0.000110371557822674	0.00189692156277379	"gene-377320"
"gene-360036"	-8.27384524683516	1.42331949103751	20.1923102882122	0.000116426968793955	0.00199775092159092	"gene-360036"
"gene-244427"	-1.26370453738702	2.44221813026779	18.3040040592034	0.000116963419030972	0.00200370828038981	"gene-244427"
"gene-54398"	-1.84541031255775	1.6340682950492	18.2848861280278	0.000117765381680918	0.00201374372222976	"gene-54398"
"gene-277158"	-9.71440929142474	2.59485594214552	20.1495270460542	0.000117929640859776	0.00201374372222976	"gene-277158"
"gene-244392"	-3.36867963190283	3.75062374457107	18.2246396191454	0.00012033078466026	0.00205143642060898	"gene-244392"
"gene-386052"	-2.57956188976178	3.02013771265077	18.2052241823165	0.000121170038298584	0.0020624231438378	"gene-386052"
"gene-84601"	-8.13259144593552	1.20808973304786	19.8985749906839	0.000127175047682046	0.00216115927738334	"gene-84601"
"gene-418912"	-8.68300472274323	1.64616504399897	18.6047842721072	0.000129169374676818	0.00219153232324274	"gene-418912"
"gene-114074"	-4.70645446352343	4.68147359442067	17.8640658907067	0.000136969689678548	0.00232015696740286	"gene-114074"
"gene-406603"	-1.46000904923523	2.47210911459568	17.8423278154415	0.00013804745219473	0.00233467791754888	"gene-406603"
"gene-22"	-2.77500214259781	1.53481249791428	17.807605193857	0.000139787586350531	0.00236033680493313	"gene-22"
"gene-78783"	-2.51745088935322	3.83184300898165	17.7655881961635	0.000141924284945287	0.0023910602694545	"gene-78783"
"gene-72366"	-3.88189991569298	3.72381953389135	17.7629646814728	0.000142058837204768	0.0023910602694545	"gene-72366"
"gene-223270"	-2.72422812594618	2.01739805156368	17.7435430795128	0.000143059110049197	0.00240085131187102	"gene-223270"
"gene-50383"	-8.95987484295035	1.55630159062186	19.509342157631	0.000143094094435686	0.00240085131187102	"gene-50383"
"gene-57796"	-5.87927237654938	-1.50045077267327	18.243500846291	0.000146080685644698	0.00244708262487409	"gene-57796"
"gene-215313"	-4.92270652343245	2.89223568649602	17.6251248759894	0.000149321060171077	0.00249660518120975	"gene-215313"
"gene-203530"	-5.49197425506817	2.4745365046912	17.6190453190878	0.000149650254581385	0.00249660518120975	"gene-203530"
"gene-297257"	-9.43275266258739	1.98819860387804	18.9512885566095	0.000149744430912269	0.00249660518120975	"gene-297257"
"gene-405096"	-8.73908284486848	1.56405673099839	19.2924357628129	0.000152885960704299	0.00254497431757297	"gene-405096"
"gene-281505"	-1.60883243926876	3.81294750925417	17.5519884577012	0.000153332474179128	0.00254840016347634	"gene-281505"
"gene-263447"	-0.75892161037876	5.29956436891729	17.5474820680529	0.000153583333345787	0.00254856857387436	"gene-263447"
"gene-402785"	-6.59229145734351	-1.25875901646764	19.2147999568127	0.000156564074565531	0.00259396534808338	"gene-402785"
"gene-189745"	-8.70364479668895	1.78653222353878	18.0070742719951	0.000158410346655433	0.00261803436698853	"gene-189745"
"gene-362918"	-1.92115756731191	3.47644987427427	17.4604973178485	0.000158511384645286	0.00261803436698853	"gene-362918"
"gene-307478"	-4.82783432713455	0.544455450768339	17.4442949457394	0.000159447612138219	0.00262939543568119	"gene-307478"
"gene-392368"	-6.08375081438316	3.30140078803601	17.3969750333705	0.000162215481211502	0.00267087915954304	"gene-392368"
"gene-430780"	-8.96537682063376	4.11564642076221	17.3709109561395	0.000163761657251767	0.0026921501014355	"gene-430780"
"gene-247117"	-8.64890487848465	1.96882299131599	18.9928484893852	0.000167615181741868	0.00275122779705606	"gene-247117"
"gene-108266"	-10.9022382793629	2.37521576919934	18.9746806868977	0.000168556265701632	0.00276239192721855	"gene-108266"
"gene-104722"	-1.65859756954424	2.22749338234471	17.2779949210078	0.000169401423201431	0.00277195188165927	"gene-104722"
"gene-302737"	-5.34286812308204	1.84743630989368	17.2169575538122	0.00017321753575605	0.00283002168371806	"gene-302737"
"gene-164657"	-9.77685624400235	2.69692580822343	18.4813711193658	0.000173967776206367	0.00283789960970233	"gene-164657"
"gene-233784"	-7.10113632200575	0.0334283902599569	17.9592359116664	0.000176442371035517	0.00287383904946618	"gene-233784"
"gene-111890"	-8.34768768355933	3.19622130092071	17.147407815478	0.000177676723845491	0.00288949842604027	"gene-111890"
"gene-286274"	-5.61620685416409	2.69427953539549	17.6503270497423	0.000179152768987758	0.00290903430256656	"gene-286274"
"gene-276899"	-1.10311904349461	3.38643176974308	16.9207566883389	0.000193068963193144	0.00313020078610385	"gene-276899"
"gene-249163"	-2.82267650482561	2.51322946006272	16.9092085594915	0.00019388997509256	0.003138477604468	"gene-249163"
"g6035"	-8.2985980581183	1.90860514473953	17.4184054237405	0.000194172365252342	0.003138477604468	"g6035"
"gene-331869"	-1.04915508892945	3.72595626136743	16.8769141341814	0.000196205566977821	0.00316650661218627	"gene-331869"
"gene-237494"	-1.75292048986192	3.75873460729204	16.8659260106115	0.000197000085159145	0.00317448995674257	"gene-237494"
"gene-22862"	-7.43627299625513	0.221939014395051	18.4589207030309	0.000197794934721588	0.00318245436762531	"gene-22862"
"gene-56617"	-2.84793794173072	3.42746531582746	16.8234212245251	0.00020010560608006	0.00321375043658947	"gene-56617"
"gene-58220"	-3.51650682023005	4.18336722039651	16.8201444736689	0.000200347151048366	0.00321375043658947	"gene-58220"
"gene-390723"	-6.88337345402238	-0.909392513946222	17.554136552228	0.000202354881802146	0.00324104558795661	"gene-390723"
"gene-371805"	-5.67795903262184	-1.76772186773158	18.3542553108009	0.000204370600663261	0.00326838602601501	"gene-371805"
"gene-216870"	-5.03687854582511	2.84052702758614	16.748429770806	0.000205711407153713	0.00328147320024474	"gene-216870"
"gene-385482"	-6.43281502657075	2.51433340636885	17.5043565591832	0.000205808841500189	0.00328147320024474	"gene-385482"
"gene-39698"	-3.62616722545727	2.00493133278213	16.7167758247294	0.000208127164747843	0.00331344705742168	"gene-39698"
"gene-326728"	-3.10347486351539	2.93825464097043	16.6421605266519	0.000213940934427278	0.00340088989907147	"gene-326728"
"gene-400501"	-8.00879161231793	0.274320082713072	16.9775482861041	0.000226538401508654	0.0035957452125519	"gene-400501"
"gene-241985"	-5.80409153030296	2.34134837732475	16.4370489083925	0.000230823644259973	0.00365827832601846	"gene-241985"
"gene-271501"	-7.2721889449271	-0.435397640527103	17.1046343679293	0.000235932203107006	0.00373365356396692	"gene-271501"
"gene-93014"	-4.68549679437	3.81987789381585	16.3677626843753	0.00023683984346633	0.0037424230190717	"gene-93014"
"gene-26733"	-2.36150649660978	3.69448190197327	16.2183923181552	0.000250380280405698	0.00395048588473192	"gene-26733"
"gene-47336"	-7.69930017263204	0.992625334408161	16.9221072291869	0.000251221408699372	0.00395785871116109	"gene-47336"
"gene-350762"	-3.6902940993519	3.90416569215928	16.1656604822086	0.000255353667917273	0.00401698258876697	"gene-350762"
"gene-6978"	-4.56210654637936	4.06383995386602	16.0925787417291	0.00026241952790887	0.00411824699193784	"gene-6978"
"gene-44413"	-3.54088094570862	-1.13027893568793	16.5594727229409	0.000262568878771894	0.00411824699193784	"gene-44413"
"gene-280481"	-8.20619887829511	1.50542463812426	17.5392552539225	0.00026440082568232	0.00414084547558983	"gene-280481"
"gene-181154"	-7.25818305874465	-0.370179279619125	17.5196565796124	0.000266060297733034	0.00416068001787243	"gene-181154"
"gene-291699"	-1.01213765760093	7.17275696873491	16.0244829554683	0.000269189328899729	0.00420340328180152	"gene-291699"
"gene-53026"	-3.98861936471676	1.22622690999174	16.0185136506665	0.000269791502691001	0.004206601824727	"gene-53026"
"gene-296201"	-3.18114200857531	0.717050311357806	15.9955578622696	0.000272120534680145	0.00423667661861573	"gene-296201"
"gene-2814"	-2.85018100127447	3.87085827831237	15.906212281475	0.000281389448628892	0.00437455226524828	"gene-2814"
"gene-355612"	-9.66943538338872	2.39241419035261	16.9949887742474	0.000282634804378144	0.0043874701964097	"gene-355612"
"gene-115189"	-3.47439843583885	2.87596315553921	15.873209189745	0.000284897102543808	0.00441611365246164	"gene-115189"
"gene-138051"	-4.22884527935258	2.92970184939553	15.7439109324017	0.000299090551262777	0.00462934454125587	"gene-138051"
"gene-77414"	-2.77467424058525	4.08707342231186	15.4965689352754	0.000328364434590062	0.00507502812993428	"gene-77414"
"gene-92757"	-6.74532591097397	-0.669686018059704	16.7899226126376	0.000336594595099992	0.00519464574099652	"gene-92757"
"gene-108242"	-10.7903519716159	2.21298501655738	15.9955567570018	0.000346956001823889	0.00534675864819434	"gene-108242"
"gene-219328"	-3.66827985396203	2.06614250696586	15.2234258059161	0.000364241895101394	0.00560432242438786	"gene-219328"
"gene-146310"	-7.67252541930831	1.54235616547721	16.5438651578361	0.000364728265835764	0.00560432242438786	"gene-146310"
"gene-105121"	-4.61960189387563	2.82721471644108	15.1685132399646	0.000371942228885759	0.00570688750320802	"gene-105121"
"gene-33009"	-0.583729823228804	5.30933438357568	15.1432406705691	0.000375543805927615	0.00575380936809791	"gene-33009"
"gene-191573"	-4.78914422284701	0.511374846886574	15.1755601942795	0.000392810176793969	0.00600965511808923	"gene-191573"
"gene-402818"	-2.77562606285894	2.87895010379291	15.0048977124522	0.000395922996075996	0.00604853789243372	"gene-402818"
"gene-361727"	-1.7165387086809	3.48485322030176	14.9530642799517	0.000403856713357291	0.00616085162004847	"gene-361727"
"gene-419068"	-9.99251972566261	2.27958562721802	16.1207347036001	0.000419214518639468	0.00638593396954827	"gene-419068"
"gene-291432"	-5.59493551942158	2.85273466269863	15.1942706229597	0.000429382143810395	0.00653142062718485	"gene-291432"
"gene-111809"	-6.7886517647282	1.06606905012044	15.3586339439152	0.000434965432338424	0.00660587157734837	"gene-111809"
"gene-183222"	-4.82958088769456	1.52784044856773	14.7563767356786	0.000435524545290371	0.00660587157734837	"gene-183222"
"gene-259431"	-0.777072444664601	4.03482223409282	14.6499141409934	0.000453751028487204	0.00687247802373967	"gene-259431"
"gene-429407"	-7.43885528686292	1.35504768487697	15.8148120968839	0.000464053694063042	0.00701848065577917	"gene-429407"
"gene-179634"	-4.60194838170612	2.6233418627345	14.5777174030254	0.00046656878797013	0.0070464532927814	"gene-179634"
"gene-23597"	10.0868008726682	6.44219182185553	14.5623565726568	0.000469344998255263	0.00707828418308899	"gene-23597"
"gene-363160"	-2.91244733970729	3.40205093741335	14.4987926849838	0.000481020104133816	0.00724403960521296	"gene-363160"
"gene-250656"	-2.5841888083122	0.250475560835229	14.4226751107961	0.000495406304042333	0.00745009451831843	"gene-250656"
"gene-9225"	3.99305162915406	0.14249098926415	14.4002170910295	0.000499737243611867	0.00750456482002671	"gene-9225"
"gene-13249"	-2.67384671721234	3.17742890546196	14.3707857089197	0.000505473665049354	0.00757995707064803	"gene-13249"
"gene-414380"	-2.96274278304286	2.63906707339588	14.3626226263302	0.000507077020955617	0.00759324529116989	"gene-414380"
"gene-237273"	-0.924403099600218	3.11214736854116	14.3446165393845	0.000510632738284071	0.00763569039578172	"gene-237273"
"gene-48523"	-2.78754153011455	3.42799210053091	14.2973417876737	0.000520094281493213	0.00776620332604887	"gene-48523"
"gene-303012"	-3.20499233792623	3.44549390016242	14.2756360803502	0.000524500379657515	0.00782096552032974	"gene-303012"
"gene-129711"	-5.22582081156064	3.63374979504254	14.2682232620735	0.000526014153969887	0.00783250611544191	"gene-129711"
"gene-146107"	-1.61558195399092	2.03591918662383	14.2335056017804	0.000533165597805317	0.00792784295500687	"gene-146107"
"gene-247144"	-0.934370672204656	3.5498607142679	14.1334566385131	0.000554355546604071	0.00823136349494713	"gene-247144"
"gene-38726"	-0.646142417907292	5.52416595448641	14.1231153560625	0.000556596022633606	0.00825305615073107	"gene-38726"
"gene-5746"	-0.84683138167427	7.73736201407193	14.100595290041	0.000561508274515844	0.00831424909412481	"gene-5746"
"gene-212426"	-0.850106937306048	5.09812227984581	14.0735747616297	0.000567462778231514	0.00839068216918581	"gene-212426"
"gene-49094"	-6.77059975967227	-0.88227757807997	14.5856885068816	0.000574980648088556	0.00848998622219461	"gene-49094"
"gene-257299"	-5.69732546275022	1.79535770993925	14.0241281433689	0.000578532896346675	0.00853054007468279	"gene-257299"
"gene-402599"	-6.20363273699802	-0.654662223423253	15.0988206544633	0.000590548195299202	0.00869559630546961	"gene-402599"
"gene-205337"	-3.72375190728381	3.12446822457694	13.9230593862822	0.000601876914494227	0.00885009846354219	"gene-205337"
"gene-110642"	-8.64481809173195	0.619539550369186	15.0353545587534	0.000603436543884631	0.00886072495160414	"gene-110642"
"gene-422998"	-7.98276153584425	0.374598629521343	14.9560097103479	0.00061997800728995	0.00909100715121704	"gene-422998"
"gene-19981"	-0.692298051116985	4.62700527672691	13.8344807612691	0.000623155647648408	0.00912496381971466	"gene-19981"
"gene-186151"	-6.26598200316997	3.64610584741617	13.7930548964745	0.000633378895584501	0.00926185409883026	"gene-186151"
"gene-144986"	-1.64626821689874	3.32416105842465	13.7538409485765	0.000643219832043593	0.00939278394737313	"gene-144986"
"gene-107455"	-11.0316054632262	2.60983265513393	14.8306820465389	0.00064711085708749	0.00943658766389153	"gene-107455"
"gene-249939"	9.64111213843216	9.43558115974217	13.7221773412038	0.000651283973054118	0.00948437884831354	"gene-249939"
"gene-188973"	-1.15728056471946	5.55411393680784	13.6943111929374	0.000658469463787766	0.00957584644659489	"gene-188973"
"gene-371922"	-5.68867557124791	-1.70555450829327	14.7212193172811	0.000671858803596194	0.00975715933288464	"gene-371922"
"gene-142614"	-2.48225706736626	3.51923619069051	13.6074647969856	0.000681406456176599	0.00988226048156391	"gene-142614"
"gene-398226"	-4.67715533931383	1.01499903221468	13.4398769141418	0.000728091260404932	0.0105448730149207	"gene-398226"
"gene-333791"	-1.4266293290261	3.34491381112766	13.3877453256185	0.000743294485703989	0.0107503534428253	"gene-333791"
"gene-33199"	-0.736629199083954	4.26196551285934	13.3061880462418	0.000767756796996393	0.011089005743248	"gene-33199"
"gene-152204"	-0.939016536151173	2.68750950265041	13.2874924756333	0.000773483488434323	0.0111564982180575	"gene-152204"
"gene-280460"	-1.77317120574612	4.40420021531576	13.2639331838978	0.000780764446388143	0.011246194821648	"gene-280460"
"gene-366177"	-6.95995919847716	0.0270173010660693	14.2750585358605	0.000783825086279689	0.0112719888336034	"gene-366177"
"gene-290633"	-4.4135100483469	3.60844952947382	13.2513447105788	0.00078468459151466	0.0112719888336034	"gene-290633"
"gene-345031"	-5.50219147229737	-1.15501597526371	13.6953359257275	0.000798321305959904	0.0114523410111077	"gene-345031"
"gene-290159"	-0.941628496554868	4.72971216169546	13.1889303431146	0.000804430934383485	0.0115165736724886	"gene-290159"
"gene-23840"	9.1655297678648	2.80102841098893	13.1868620381145	0.000805094229031541	0.0115165736724886	"gene-23840"
"gene-267939"	-1.0885986961133	3.31078349380475	13.18303143266	0.000806324213455003	0.0115165736724886	"gene-267939"
"gene-93851"	-2.1697047355806	3.18270019215998	13.1804629295598	0.000807150058088842	0.0115165736724886	"gene-93851"
"gene-111720"	-8.43093735119084	2.4067261906799	13.6203778809349	0.00082096451406606	0.0116979156264029	"gene-111720"
"gene-45582"	2.45253636239664	-0.584956007836618	13.1266572446318	0.000824657453876661	0.0117347425593981	"gene-45582"
"gene-32875"	-2.5336820432975	2.75514913579488	13.0495196216778	0.000850461119689529	0.0120856803679907	"gene-32875"
"gene-111421"	-6.18811461281751	3.60089813755011	13.0336616487117	0.000855870971002897	0.012139416479672	"gene-111421"
"gene-132631"	4.77468277572996	7.52745365362422	13.0317202615081	0.000856535761813072	0.012139416479672	"gene-132631"
"gene-152706"	-1.380569808285	3.7771695659137	13.0222153678805	0.000859798428290999	0.0121619752869064	"gene-152706"
"gene-275720"	-3.67422905898783	3.81283017683095	13.1356287665189	0.000860425001406712	0.0121619752869064	"gene-275720"
"gene-108560"	-6.539739854851	0.969887632625209	13.101982924807	0.000871901128955032	0.0123077563363292	"gene-108560"
"gene-269822"	-1.76356946588737	1.54187419544004	12.9836330774656	0.000873177949656318	0.0123093674474187	"gene-269822"
"gene-422359"	-6.38806113764384	-0.61834339085512	13.9224534832971	0.000886564108933326	0.0124814550814855	"gene-422359"
"gene-305278"	-0.966550768746962	4.54260184695794	12.9409983330271	0.000888219493424834	0.0124881537541683	"gene-305278"
"gene-7220"	-1.61977778542418	1.17527222691631	12.7477406429675	0.000959923217273832	0.0134783913810054	"gene-7220"
"gene-6435"	-4.52976157473712	1.39336127479631	12.6630976355265	0.000993235139093988	0.0139276561822358	"gene-6435"
"gene-540"	-4.66488801392592	-0.429001134190599	12.9551459965067	0.000996557849039003	0.013947947883604	"gene-540"
"gene-107443"	-10.3704182677177	2.03932232327933	13.5886818452223	0.000997317138744522	0.013947947883604	"gene-107443"
"gene-24426"	-5.64624504652137	-1.25959101857208	13.0644179398884	0.00101194004390202	0.0141337852833651	"gene-24426"
"gene-346416"	-3.80926352785656	-0.450336173270846	12.8865624481929	0.00102335391000725	0.014274371337611	"gene-346416"
"gene-405599"	-7.28220630617394	0.712410197760614	12.8661025170695	0.00103149569456147	0.0143690064714767	"gene-405599"
"gene-263663"	-1.53421732602392	2.92674320206197	12.5491778959739	0.00104001412783344	0.014468632813893	"gene-263663"
"gene-291814"	-1.06377255010361	4.26426798635026	12.5276133325095	0.0010491288843231	0.0145762828062056	"gene-291814"
"gene-429776"	-9.01424451857613	1.23521292941388	12.9295153413572	0.00106510966371945	0.0147789200652659	"gene-429776"
"gene-430140"	-8.77861496008794	0.545030503704108	13.3951252270324	0.00106832216021012	0.0148040925525452	"gene-430140"
"gene-40060"	-3.48234959796852	4.35286975299797	12.4683026964111	0.00107463692476066	0.0148721321861976	"gene-40060"
"gene-30423"	-0.600124006633832	5.74343553095278	12.4576671608402	0.00107928004467345	0.0149168901213549	"gene-30423"
"gene-167611"	-4.23463831225499	-0.639910147187947	12.8853676782096	0.00108315238981733	0.0149328955910358	"gene-167611"
"gene-293468"	-9.19188509354185	3.14788765468541	13.3561784490754	0.00108325907376173	0.0149328955910358	"gene-293468"
"gene-129453"	-6.61310283454123	0.205405387728757	13.3315799269787	0.0010928092767254	0.0150449568435524	"gene-129453"
"gene-47116"	-0.941456936612075	3.51811573950372	12.412405775878	0.00109927857762355	0.0151143666250656	"gene-47116"
"gene-349411"	-5.95500619720084	1.95509595184403	12.6684362123684	0.00111380712355776	0.0152942620195928	"gene-349411"
"gene-424958"	-2.96634003535737	4.38985358405427	12.2909549898944	0.00115490549218222	0.0158380627535403	"gene-424958"
"gene-359782"	-0.803064742992257	5.30423612618861	12.2781805201662	0.00116092740909851	0.0159000497802406	"gene-359782"
"gene-212345"	-0.999721786607464	3.04333187998667	12.2569833608054	0.00117099330769917	0.0160171914064743	"gene-212345"
"gene-110675"	-6.11721350358194	-1.36628859991456	12.6147883858694	0.00120112763137287	0.0164081783656059	"gene-110675"
"gene-24290"	8.17962123322408	1.73112041063216	12.1914994572002	0.00120267792274232	0.0164081844949393	"gene-24290"
"gene-112699"	-7.36950266365773	-0.222451429314727	13.0400926190002	0.00121317180449332	0.0165300513438492	"gene-112699"
"gene-175939"	-0.655834423392132	6.03268636842638	12.1463707951385	0.00122504142493755	0.0166703259200692	"gene-175939"
"gene-108623"	-5.81358271643221	2.87296445870918	12.1212048993014	0.00123770335128668	0.0168179411254932	"gene-108623"
"gene-181931"	-3.00623255731877	2.81715435844233	12.1185124359048	0.00123906622063707	0.0168179411254932	"gene-181931"
"gene-405804"	-2.44236179316747	3.99010052827682	12.107254308635	0.00124478209929838	0.0168738899939461	"gene-405804"
"gene-288876"	-1.2869147332127	3.43695502221656	12.0759387416134	0.00126082879206764	0.0170695580839132	"gene-288876"
"gene-217099"	4.49249118028531	1.80381413852724	12.0505842387457	0.00127398146578664	0.017225596140847	"gene-217099"
"gene-385168"	-3.61550664886891	4.81734014937989	12.035311407321	0.00128197435972344	0.017311559370398	"gene-385168"
"gene-75772"	-7.17913960019778	0.353868796166737	12.8759267651036	0.00128720699875014	0.0173600770646723	"gene-75772"
"gene-430807"	-7.71993455228958	0.0104747209423025	12.2249037301668	0.00132510094403974	0.0178484016470086	"gene-430807"
"gene-102859"	-1.38745905975468	3.32346797456303	11.940876940513	0.00133259068562177	0.0179264772410136	"gene-102859"
"gene-46811"	-6.79819505547497	-0.755560679976471	12.7727273010418	0.00133623793039779	0.0179527296562454	"gene-46811"
"gene-244235"	-3.78504097406779	-0.863267805344009	11.9107854885352	0.00134916109717002	0.0181033821745742	"gene-244235"
"gene-252526"	-1.20600698465866	4.22275135182626	11.8913926096362	0.00135995574742839	0.0182251284785119	"gene-252526"
"gene-202489"	-1.63882356456703	2.04667695993223	11.8774342736787	0.00136778199997455	0.01830683695794	"gene-202489"
"gene-401576"	-7.22988004926249	1.78584264561955	11.850989723231	0.00138274027892573	0.0184836759254883	"gene-401576"
"gene-47020"	2.35874329633159	3.49179497159513	11.8182187090872	0.00140151804654667	0.018711061234287	"gene-47020"
"gene-392482"	-1.1244507716397	3.63656694457079	11.7960620563498	0.001414366805502	0.0188588178461582	"gene-392482"
"gene-80050"	-2.88065213125121	2.41190519048101	11.7791510000435	0.00142425760551261	0.0189668116598264	"gene-80050"
"gene-327116"	-2.90118763908397	3.91847780607829	11.7705526066516	0.00142931465309871	0.0190102440104975	"gene-327116"
"gene-243127"	-0.762366196867908	5.76932904901622	11.7586824016171	0.00143632727494006	0.0190795443661109	"gene-243127"
"gene-243308"	-1.46251148040498	3.50501552008854	11.7180149879813	0.00146063038502336	0.0193780625140881	"gene-243308"
"gene-218556"	-0.82181990680592	4.33198945131471	11.7057357645853	0.00146805391592404	0.0194521737270185	"gene-218556"
"gene-24185"	10.1276600369292	3.57022614580466	11.6890070712723	0.00147823184172811	0.0195625506354694	"gene-24185"
"gene-423178"	-9.51552562471782	1.69462722757889	12.4665668991065	0.0014939645925444	0.0197460713374127	"gene-423178"
"gene-300570"	-2.50180167446511	4.4798204201312	11.63241315882	0.00151322245993646	0.0199756685577897	"gene-300570"
"gene-24132"	12.3192888375387	3.82115266058353	11.9414335753324	0.00151904036596706	0.020027497328136	"gene-24132"
"gene-11934"	-1.11669562611599	2.50360964141593	11.6122338069326	0.00152591031028412	0.0200930503171368	"gene-11934"
"gene-287828"	-1.8908671988697	1.6869308865746	11.5886630177103	0.00154087349509949	0.020264879121265	"gene-287828"
"gene-342049"	-2.21877441796003	2.79145958319733	11.5662771374965	0.00155522856251825	0.0204282937858321	"gene-342049"
"gene-24120"	8.86686865988104	3.41728003752015	11.5486575620087	0.00156662691084018	0.0205525143805018	"gene-24120"
"gene-430813"	-7.6405179381028	0.254072763267348	11.7483326235329	0.00160064049356754	0.0209727486452964	"gene-430813"
"gene-18874"	-2.09692855491229	0.463664352482511	11.4726952139031	0.00161679178934233	0.021158188719119	"gene-18874"
"gene-419122"	-1.61848247026087	3.49219738379596	11.4360316212068	0.00164161096954949	0.0214564633760746	"gene-419122"
"gene-277384"	-0.575536691659525	6.54709768343346	11.3755148314946	0.00168346532242154	0.0219763839315374	"gene-277384"
"gene-88038"	-1.31034265423854	2.92653586924967	11.3230190727533	0.00172068906749098	0.022434649208777	"gene-88038"
"gene-136221"	-0.679440230243066	4.19840778142695	11.3163608442813	0.00172547230486323	0.022469342302075	"gene-136221"
"gene-186540"	-1.25212489504899	4.92663861706265	11.3087358630208	0.00173096737995901	0.022513208417231	"gene-186540"
"gene-425574"	3.05772397150781	0.843387315774184	11.2894501518901	0.00174494896864191	0.0226672082589103	"gene-425574"
"gene-196757"	-2.65007973875306	2.36353062816946	11.2463810668097	0.00177660707828401	0.0230501705120011	"gene-196757"
"gene-76825"	-4.75259757745289	0.0122112821732823	11.2779824415412	0.0018183586572617	0.0235629903358991	"gene-76825"
"gene-11707"	-1.82740125760373	2.13987322919766	11.1674892985791	0.00183618749965724	0.0237649352797936	"gene-11707"
"gene-53133"	2.95245725052524	0.0809088945591264	11.1344756633419	0.00186174575260968	0.024066303153698	"gene-53133"
"gene-363284"	-2.84035685186539	2.58465862371022	11.1293778302916	0.00186572587322467	0.0240883412436946	"gene-363284"
"gene-350085"	-0.694236966286479	3.49935728940796	11.1216474154855	0.00187177860727115	0.0241370525154442	"gene-350085"
"gene-335834"	-1.48450942470659	2.48576133530697	11.1182719277678	0.00187442806584623	0.0241418125706983	"gene-335834"
"gene-343084"	-4.2314466300827	-0.0840486822201071	11.1080906786309	0.00188244356902818	0.0242155893867574	"gene-343084"
"gene-421620"	-1.77398170605156	1.56833013751655	11.0905018100241	0.00189637674429592	0.0243652191648797	"gene-421620"
"gene-107333"	-1.86108410657423	3.4625173500731	11.0756874614777	0.00190819694300699	0.0244873709522606	"gene-107333"
"gene-365624"	-1.95625155585523	2.02110979669528	11.0456783062037	0.00193238110739348	0.0247676982856837	"gene-365624"
"gene-428194"	-4.65355822430413	2.52999794429693	11.0424816902311	0.00193497633620651	0.0247709727586678	"gene-428194"
"gene-213755"	4.84672761035881	4.37577417125058	11.0395829039222	0.00193733296410148	0.0247711885156308	"gene-213755"
"gene-27466"	1.54916561893544	2.49450812651713	11.0328889697477	0.00194278657847879	0.0247953110492102	"gene-27466"
"gene-257883"	-1.18391569646041	3.88269706403418	11.0315202755219	0.00194390367156366	0.0247953110492102	"gene-257883"
"gene-173646"	-1.41349238606674	4.78312556235369	11.0165529281141	0.00195616420813329	0.0249216732509111	"gene-173646"
"gene-272347"	3.18364605641446	1.73667181036133	10.9721633350888	0.00199301098268142	0.0253605856654425	"gene-272347"
"gene-23365"	10.7058662293803	2.82516101616069	11.2214059088421	0.0020226862285318	0.0257072978408958	"gene-23365"
"gene-287217"	-2.61100438823995	3.73760438842435	10.8199550785664	0.00212505110983368	0.0269759185849031	"gene-287217"
"gene-402236"	-4.38834473986837	0.72686324742701	10.7477389457057	0.00219091731535922	0.0277787324762971	"gene-402236"
"gene-174720"	1.92160975486137	1.79482010158393	10.7372565661211	0.00220065665548645	0.0278688421191807	"gene-174720"
"gene-112415"	-4.62538706791026	1.20865810127805	10.7106390425437	0.00222559449854006	0.0281336033496963	"gene-112415"
"gene-11239"	-1.11708693587344	4.39966367961153	10.7092774469738	0.00222687820978988	0.0281336033496963	"gene-11239"
"gene-23538"	10.0735304862292	2.56375530486732	10.9780191109156	0.002231162239476	0.0281541294747705	"gene-23538"
"gene-389188"	-7.09713415735005	1.81244219533908	10.656739378016	0.00227701627225555	0.0286985372313922	"gene-389188"
"gene-425553"	-2.71699943047896	2.40032198036075	10.6191194113661	0.00231365325316959	0.029125620679318	"gene-425553"
"gene-147434"	-0.754210044931591	4.4348547885926	10.6068314264368	0.002325755341348	0.0292431969107497	"gene-147434"
"gene-422633"	-5.05090459650492	1.28602549290083	10.6040260954087	0.00232852764430681	0.0292433240454047	"gene-422633"
"g6938"	3.40576989903762	-0.722673503183339	10.5642596789708	0.00236820550187133	0.0297063882089002	"g6938"
"gene-354992"	-3.65244092838359	2.61939145259441	10.5580329652649	0.00237448307080139	0.029749884343875	"gene-354992"
"gene-421051"	-6.80959729193625	2.97005240301792	10.8591920421953	0.00239404782581258	0.0299595559478461	"gene-421051"
"gene-423187"	-9.57974925258198	1.8644167672309	11.1630231898495	0.00243075132200871	0.0303829566069731	"gene-423187"
"gene-92640"	-2.46313005931752	1.85188791495419	10.493363708865	0.00244073514437938	0.0304537714564084	"gene-92640"
"gene-89234"	-1.27678121112319	1.67696919157337	10.4919840006809	0.00244216982775958	0.0304537714564084	"gene-89234"
"gene-18027"	-1.23158096395705	4.45592619913124	10.4722403235833	0.00246279859189515	0.0306748808145811	"gene-18027"
"gene-162836"	-2.15631985243551	1.33955483795972	10.4654825358544	0.00246990176347578	0.0307272032548979	"gene-162836"
"gene-293157"	-2.10678921396867	3.25118734942329	10.4377790063203	0.00249924940501005	0.0310558139094382	"gene-293157"
"gene-113488"	-6.63305163992476	0.038250788101465	10.8706475068363	0.00256761729444815	0.0318679534540711	"gene-113488"
"gene-241801"	-1.22969248386805	1.48798538947472	10.3575712341819	0.00258632473140058	0.0320625526128079	"gene-241801"
"gene-341187"	-4.30090218266073	1.31793950334847	10.3499386608841	0.00259477712290451	0.032129713918351	"gene-341187"
"gene-15763"	7.06103892430397	3.60361641629835	10.2853470783115	0.00266749235490254	0.0329915205155996	"gene-15763"
"gene-428807"	-11.2643725560938	2.6227441193145	10.8820269764276	0.00270672011621073	0.033437626453119	"gene-428807"
"gene-222081"	-2.0771589071822	1.86648086318866	10.2288058170185	0.00273292230812693	0.0337138265629669	"gene-222081"
"gene-37544"	-3.67438898540677	2.90625660393824	10.2266530414831	0.00273544696491816	0.0337138265629669	"gene-37544"
"gene-107449"	-8.31824166660263	-0.431269816588033	10.8380494758819	0.00275290076808935	0.0338894888741419	"gene-107449"
"gene-262886"	-1.29280100765545	0.872625235327192	10.204577376079	0.00276147953756458	0.0339556142441303	"gene-262886"
"gene-285792"	-6.06124150390406	-0.886580185567094	10.7938234992771	0.00280020443851695	0.0343918380401148	"gene-285792"
"gene-285630"	3.96490034684691	1.82324831280124	10.1058892206016	0.00288111754301496	0.035344601886326	"gene-285630"
"gene-24088"	7.18104639608783	2.37335990937684	10.0998419644775	0.0028886254039563	0.0353946697439113	"gene-24088"
"gene-24203"	9.86609934039121	2.23260122309121	10.3424876971079	0.00289188526763798	0.0353946697439113	"gene-24203"
"gene-87785"	1.79436043035232	4.07275921614358	10.0907155302932	0.00289999555191562	0.0354529479308668	"gene-87785"
"gene-353485"	1.26464806401137	2.15584226271426	10.0113617834047	0.00300088628961053	0.0366440405399155	"gene-353485"
"gene-185248"	-1.93215869353559	2.42056399923841	9.99408640643582	0.00302334080751474	0.0368757017617034	"gene-185248"
"gene-152968"	-6.51201186266324	-1.17451860497732	10.5257584269494	0.00310645386125859	0.0378056509746018	"gene-152968"
"gene-263699"	-1.79387098744908	2.83528460751509	9.93110612683016	0.00310672677320332	0.0378056509746018	"gene-263699"
"gene-29544"	-1.36684749844576	2.78435751516721	9.90664708583042	0.00313976661044299	0.0381638451260159	"gene-29544"
"gene-364777"	-3.71724269484423	0.406982215825486	9.90377363888139	0.00314367257662984	0.0381675017990598	"gene-364777"
"gene-24167"	8.95934178694534	0.871674207016418	10.1182959994798	0.00317263125393102	0.0384174262219228	"gene-24167"
"gene-272278"	-1.36039697982803	2.01761154148558	9.88105214388198	0.00317474112619488	0.0384174262219228	"gene-272278"
"gene-143329"	-0.743211443552779	5.11492186984721	9.88075917195966	0.00317514385039977	0.0384174262219228	"gene-143329"
"gene-162475"	-1.24147346595744	3.33044753497973	9.87651431317038	0.00318098500356468	0.0384441646492458	"gene-162475"
"gene-419004"	-2.54390737948279	2.0720899730981	9.85252549694845	0.0032142103089263	0.0388014190884865	"gene-419004"
"gene-140486"	-1.77463126906349	2.70983405447336	9.84702925749541	0.00322187460851865	0.0388496429161583	"gene-140486"
"gene-185463"	-4.99446218901726	-1.65096372973211	10.0069094935955	0.00326117050015315	0.039248390146562	"gene-185463"
"gene-86472"	2.66681187504903	3.02743799874139	9.81822650345653	0.00326235792282748	0.039248390146562	"gene-86472"
"gene-273360"	-3.24899196507919	3.03129154312773	9.80696883492771	0.00327832767773581	0.0393957492896584	"gene-273360"
"gene-108449"	-9.03510917122421	1.19146986495016	10.3679923874662	0.00330352603017199	0.0396401167636053	"gene-108449"
"gene-88715"	-1.72881130103877	1.48746781807102	9.78749356956315	0.0033061512328576	0.0396401167636053	"gene-88715"
"gene-389505"	-7.6358135334998	1.93128628426415	9.78334370847452	0.00331211236436278	0.0396666669700325	"gene-389505"
"gene-172148"	-1.09672963766898	0.767463550645378	9.76716127036899	0.00333546727385087	0.0399012339302363	"gene-172148"
"gene-30188"	-0.943536568582392	3.95345109855289	9.74584460925326	0.00336649962469321	0.0402270107524007	"gene-30188"
"gene-259590"	-0.630397916254456	4.61048975966316	9.72759181792468	0.00339331566393514	0.0405017282233161	"gene-259590"
"gene-89397"	-3.23691543224843	2.27233292345334	9.70574872449722	0.00342570526625915	0.0408422766372585	"gene-89397"
"gene-291029"	-4.10881746004506	2.09073230484044	9.70212806589534	0.00343110577757002	0.0408606488944137	"gene-291029"
"gene-413822"	-4.13687416777683	1.06772633646446	9.85312262481167	0.0036118103742639	0.0429348948882675	"gene-413822"
"gene-23689"	6.18019824811782	1.13906333412595	9.58334832730264	0.00361339296736057	0.0429348948882675	"gene-23689"
"gene-166814"	-1.53930069160477	3.70676181819056	9.57160307326761	0.00363196965487982	0.0431072452199694	"gene-166814"
"gene-106824"	-2.95322193015704	3.68286012697571	9.56488799036945	0.0036426360760771	0.0431854290452724	"gene-106824"
"gene-423075"	-5.67296613355023	2.07522517204165	9.61739711252331	0.00366277218135872	0.0433755806309226	"gene-423075"
"gene-136295"	-0.698931461630959	3.41121888857129	9.52676363466796	0.00370382887119114	0.0438127779433526	"gene-136295"
"gene-217111"	6.62214773643633	8.24938806420617	9.48193879945556	0.00377717832852849	0.0446305658081821	"gene-217111"
"gene-288188"	-1.12106653128816	4.41190306781221	9.47155473312891	0.00379438986982476	0.0447479654515459	"gene-288188"
"gene-399756"	-0.928341956699017	3.57647123423778	9.46846900746099	0.00379952051304259	0.0447479654515459	"gene-399756"
"gene-199910"	-3.70067879504074	-0.321503401252635	9.46830454277225	0.00379979417596484	0.0447479654515459	"gene-199910"
"gene-355509"	-4.71766448584665	3.64275693063088	9.42591932461024	0.00387102559449312	0.0455171914362013	"gene-355509"
"gene-41289"	-1.78808720632667	4.19937912687099	9.42433706622902	0.00387371205100759	0.0455171914362013	"gene-41289"
"gene-419405"	0.619484609551157	7.04316972014578	9.36533783200641	0.00397531435986184	0.0466592606738994	"gene-419405"
"gene-133302"	-1.3802479709516	3.62086753079421	9.34655719436297	0.00400824847295524	0.0469937171463756	"gene-133302"
"gene-374263"	4.25827755171126	1.08116882393133	9.34165142726813	0.00401689907368676	0.0470430425808869	"gene-374263"
"gene-257982"	-3.07205852841336	2.10585812689758	9.3117443967521	0.00407006736839016	0.047613042242151	"gene-257982"
"gene-80881"	1.45905887830829	3.89310838045508	9.30283236345409	0.00408605552552386	0.0477473177138203	"gene-80881"
"gene-220249"	-5.79586859084474	0.0286322773400557	9.45791963396683	0.00411210905378199	0.0479987856145424	"gene-220249"
"gene-13811"	-3.121404111489	3.59485712687455	9.28356995198475	0.00412084105689194	0.0480477359794218	"gene-13811"
"gene-221564"	-0.96048165948398	3.89400896250204	9.2508868613219	0.00418058581341375	0.0486907172790004	"gene-221564"
"gene-406225"	-3.35572241668137	0.208398237823143	9.22056624263717	0.00423683687591296	0.0492916395662533	"gene-406225"
"gene-102344"	-1.61078118626877	1.99668421173457	9.20326291892331	0.00426929877780699	0.0496147817350632	"gene-102344"
