# Program:featureCounts v2.1.1; Command:"featureCounts" "-T" "16" "-a" "/proj/naiss2023-6-65/Milena/chapter4/annotation/Cmac_Lome_yes_yTor.gtf" "-o" "/proj/naiss2023-6-65/Milena/chapter4/mapping_STAR/gene_counts/gene_counts_standard.txt" "-p" "-B" "-C" "-g" "gene_id" "-t" "exon" "-s" "2" "/proj/naiss2023-6-65/Milena/chapter4/mapping_STAR/star_mapping_res/picard_marked_indexed/WJ-3841-1-14-10-M_S377_marked_duplicates.bam" "/proj/naiss2023-6-65/Milena/chapter4/mapping_STAR/star_mapping_res/picard_marked_indexed/WJ-3841-1-14-13-F_S429_marked_duplicates.bam" "/proj/naiss2023-6-65/Milena/chapter4/mapping_STAR/star_mapping_res/picard_marked_indexed/WJ-3841-1-14-14-M_S399_marked_duplicates.bam" "/proj/naiss2023-6-65/Milena/chapter4/mapping_STAR/star_mapping_res/picard_marked_indexed/WJ-3841-1-14-15-M_S400_marked_duplicates.bam" "/proj/naiss2023-6-65/Milena/chapter4/mapping_STAR/star_mapping_res/picard_marked_indexed/WJ-3841-1-14-16-F_S430_marked_duplicates.bam" "/proj/naiss2023-6-65/Milena/chapter4/mapping_STAR/star_mapping_res/picard_marked_indexed/WJ-3841-1-14-19-M_S425_marked_duplicates.bam" "/proj/naiss2023-6-65/Milena/chapter4/mapping_STAR/star_mapping_res/picard_marked_indexed/WJ-3841-1-14-20-M_S426_marked_duplicates.bam" "/proj/naiss2023-6-65/Milena/chapter4/mapping_STAR/star_mapping_res/picard_marked_indexed/WJ-3841-1-14-23-M_S427_marked_duplicates.bam" "/proj/naiss2023-6-65/Milena/chapter4/mapping_STAR/star_mapping_res/picard_marked_indexed/WJ-3841-1-14-24-M_S428_marked_duplicates.bam" "/proj/naiss2023-6-65/Milena/chapter4/mapping_STAR/star_mapping_res/picard_marked_indexed/WJ-3841-1-14-4-F_S378_marked_duplicates.bam" "/proj/naiss2023-6-65/Milena/chapter4/mapping_STAR/star_mapping_res/picard_marked_indexed/WJ-3841-1-14-7-M_S374_marked_duplicates.bam" "/proj/naiss2023-6-65/Milena/chapter4/mapping_STAR/star_mapping_res/picard_marked_indexed/WJ-3841-1-14-8-M_S375_marked_duplicates.bam" "/proj/naiss2023-6-65/Milena/chapter4/mapping_STAR/star_mapping_res/picard_marked_indexed/WJ-3841-1-14-9-M_S376_marked_duplicates.bam" "/proj/naiss2023-6-65/Milena/chapter4/mapping_STAR/star_mapping_res/picard_marked_indexed/WJ-3841-1-16-10-M_S401_marked_duplicates.bam" "/proj/naiss2023-6-65/Milena/chapter4/mapping_STAR/star_mapping_res/picard_marked_indexed/WJ-3841-1-16-12-M_S402_marked_duplicates.bam" "/proj/naiss2023-6-65/Milena/chapter4/mapping_STAR/star_mapping_res/picard_marked_indexed/WJ-3841-1-16-14-M_S403_marked_duplicates.bam" "/proj/naiss2023-6-65/Milena/chapter4/mapping_STAR/star_mapping_res/picard_marked_indexed/WJ-3841-1-16-17-F_S405_marked_duplicates.bam" "/proj/naiss2023-6-65/Milena/chapter4/mapping_STAR/star_mapping_res/picard_marked_indexed/WJ-3841-1-16-18-M_S404_marked_duplicates.bam" "/proj/naiss2023-6-65/Milena/chapter4/mapping_STAR/star_mapping_res/picard_marked_indexed/WJ-3841-1-16-19-F_S435_marked_duplicates.bam" "/proj/naiss2023-6-65/Milena/chapter4/mapping_STAR/star_mapping_res/picard_marked_indexed/WJ-3841-1-16-20-M_S431_marked_duplicates.bam" "/proj/naiss2023-6-65/Milena/chapter4/mapping_STAR/star_mapping_res/picard_marked_indexed/WJ-3841-1-16-22-F_S436_marked_duplicates.bam" "/proj/naiss2023-6-65/Milena/chapter4/mapping_STAR/star_mapping_res/picard_marked_indexed/WJ-3841-1-16-24-M_S433_marked_duplicates.bam" "/proj/naiss2023-6-65/Milena/chapter4/mapping_STAR/star_mapping_res/picard_marked_indexed/WJ-3841-1-16-25-M_S434_marked_duplicates.bam" "/proj/naiss2023-6-65/Milena/chapter4/mapping_STAR/star_mapping_res/picard_marked_indexed/WJ-3841-1-16-6-M_S379_marked_duplicates.bam" "/proj/naiss2023-6-65/Milena/chapter4/mapping_STAR/star_mapping_res/picard_marked_indexed/WJ-3841-1-16-7-M_S380_marked_duplicates.bam" "/proj/naiss2023-6-65/Milena/chapter4/mapping_STAR/star_mapping_res/picard_marked_indexed/WJ-3841-1-16-8-M_S381_marked_duplicates.bam" "/proj/naiss2023-6-65/Milena/chapter4/mapping_STAR/star_mapping_res/picard_marked_indexed/WJ-3841-1-16-9-M_S382_marked_duplicates.bam" "/proj/naiss2023-6-65/Milena/chapter4/mapping_STAR/star_mapping_res/picard_marked_indexed/WJ-3841-1-18-10-M_S383_marked_duplicates.bam" "/proj/naiss2023-6-65/Milena/chapter4/mapping_STAR/star_mapping_res/picard_marked_indexed/WJ-3841-1-18-11-M_S406_marked_duplicates.bam" "/proj/naiss2023-6-65/Milena/chapter4/mapping_STAR/star_mapping_res/picard_marked_indexed/WJ-3841-1-18-12-F_S440_marked_duplicates.bam" "/proj/naiss2023-6-65/Milena/chapter4/mapping_STAR/star_mapping_res/picard_marked_indexed/WJ-3841-1-18-13-F_S420_marked_duplicates.bam" "/proj/naiss2023-6-65/Milena/chapter4/mapping_STAR/star_mapping_res/picard_marked_indexed/WJ-3841-1-18-14-M_S407_marked_duplicates.bam" "/proj/naiss2023-6-65/Milena/chapter4/mapping_STAR/star_mapping_res/picard_marked_indexed/WJ-3841-1-18-17-M_S408_marked_duplicates.bam" "/proj/naiss2023-6-65/Milena/chapter4/mapping_STAR/star_mapping_res/picard_marked_indexed/WJ-3841-1-18-19-M_S437_marked_duplicates.bam" "/proj/naiss2023-6-65/Milena/chapter4/mapping_STAR/star_mapping_res/picard_marked_indexed/WJ-3841-1-18-21-M_S438_marked_duplicates.bam" "/proj/naiss2023-6-65/Milena/chapter4/mapping_STAR/star_mapping_res/picard_marked_indexed/WJ-3841-1-18-23-M_S439_marked_duplicates.bam" "/proj/naiss2023-6-65/Milena/chapter4/mapping_STAR/star_mapping_res/picard_marked_indexed/WJ-3841-1-18-5-F_S384_marked_duplicates.bam" "/proj/naiss2023-6-65/Milena/chapter4/mapping_STAR/star_mapping_res/picard_marked_indexed/WJ-3841-1-18-8-F_S409_marked_duplicates.bam" "/proj/naiss2023-6-65/Milena/chapter4/mapping_STAR/star_mapping_res/picard_marked_indexed/WJ-3841-1-18-9-F_S410_marked_duplicates.bam" "/proj/naiss2023-6-65/Milena/chapter4/mapping_STAR/star_mapping_res/picard_marked_indexed/WJ-3841-3-14-10-M_S361_marked_duplicates.bam" "/proj/naiss2023-6-65/Milena/chapter4/mapping_STAR/star_mapping_res/picard_marked_indexed/WJ-3841-3-14-11-M_S385_marked_duplicates.bam" "/proj/naiss2023-6-65/Milena/chapter4/mapping_STAR/star_mapping_res/picard_marked_indexed/WJ-3841-3-14-12-F_S389_marked_duplicates.bam" "/proj/naiss2023-6-65/Milena/chapter4/mapping_STAR/star_mapping_res/picard_marked_indexed/WJ-3841-3-14-13-M_S386_marked_duplicates.bam" "/proj/naiss2023-6-65/Milena/chapter4/mapping_STAR/star_mapping_res/picard_marked_indexed/WJ-3841-3-14-14-M_S387_marked_duplicates.bam" "/proj/naiss2023-6-65/Milena/chapter4/mapping_STAR/star_mapping_res/picard_marked_indexed/WJ-3841-3-14-16-F_S414_marked_duplicates.bam" "/proj/naiss2023-6-65/Milena/chapter4/mapping_STAR/star_mapping_res/picard_marked_indexed/WJ-3841-3-14-17-M_S411_marked_duplicates.bam" "/proj/naiss2023-6-65/Milena/chapter4/mapping_STAR/star_mapping_res/picard_marked_indexed/WJ-3841-3-14-18-F_S415_marked_duplicates.bam" "/proj/naiss2023-6-65/Milena/chapter4/mapping_STAR/star_mapping_res/picard_marked_indexed/WJ-3841-3-14-22-M_S412_marked_duplicates.bam" "/proj/naiss2023-6-65/Milena/chapter4/mapping_STAR/star_mapping_res/picard_marked_indexed/WJ-3841-3-14-23-M_S413_marked_duplicates.bam" "/proj/naiss2023-6-65/Milena/chapter4/mapping_STAR/star_mapping_res/picard_marked_indexed/WJ-3841-3-14-4-F_S362_marked_duplicates.bam" "/proj/naiss2023-6-65/Milena/chapter4/mapping_STAR/star_mapping_res/picard_marked_indexed/WJ-3841-3-14-5-M_S359_marked_duplicates.bam" "/proj/naiss2023-6-65/Milena/chapter4/mapping_STAR/star_mapping_res/picard_marked_indexed/WJ-3841-3-14-6-F_S363_marked_duplicates.bam" "/proj/naiss2023-6-65/Milena/chapter4/mapping_STAR/star_mapping_res/picard_marked_indexed/WJ-3841-3-14-7-F_S388_marked_duplicates.bam" "/proj/naiss2023-6-65/Milena/chapter4/mapping_STAR/star_mapping_res/picard_marked_indexed/WJ-3841-3-14-9-M_S360_marked_duplicates.bam" "/proj/naiss2023-6-65/Milena/chapter4/mapping_STAR/star_mapping_res/picard_marked_indexed/WJ-3841-3-16-10-F_S393_marked_duplicates.bam" "/proj/naiss2023-6-65/Milena/chapter4/mapping_STAR/star_mapping_res/picard_marked_indexed/WJ-3841-3-16-11-M_S365_marked_duplicates.bam" "/proj/naiss2023-6-65/Milena/chapter4/mapping_STAR/star_mapping_res/picard_marked_indexed/WJ-3841-3-16-12-F_S394_marked_duplicates.bam" "/proj/naiss2023-6-65/Milena/chapter4/mapping_STAR/star_mapping_res/picard_marked_indexed/WJ-3841-3-16-13-M_S390_marked_duplicates.bam" "/proj/naiss2023-6-65/Milena/chapter4/mapping_STAR/star_mapping_res/picard_marked_indexed/WJ-3841-3-16-14-M_S391_marked_duplicates.bam" "/proj/naiss2023-6-65/Milena/chapter4/mapping_STAR/star_mapping_res/picard_marked_indexed/WJ-3841-3-16-15-F_S418_marked_duplicates.bam" "/proj/naiss2023-6-65/Milena/chapter4/mapping_STAR/star_mapping_res/picard_marked_indexed/WJ-3841-3-16-16-M_S392_marked_duplicates.bam" "/proj/naiss2023-6-65/Milena/chapter4/mapping_STAR/star_mapping_res/picard_marked_indexed/WJ-3841-3-16-17-F_S419_marked_duplicates.bam" "/proj/naiss2023-6-65/Milena/chapter4/mapping_STAR/star_mapping_res/picard_marked_indexed/WJ-3841-3-16-18-F_S432_marked_duplicates.bam" "/proj/naiss2023-6-65/Milena/chapter4/mapping_STAR/star_mapping_res/picard_marked_indexed/WJ-3841-3-16-21-M_S416_marked_duplicates.bam" "/proj/naiss2023-6-65/Milena/chapter4/mapping_STAR/star_mapping_res/picard_marked_indexed/WJ-3841-3-16-26-M_S417_marked_duplicates.bam" "/proj/naiss2023-6-65/Milena/chapter4/mapping_STAR/star_mapping_res/picard_marked_indexed/WJ-3841-3-16-7-M_S364_marked_duplicates.bam" "/proj/naiss2023-6-65/Milena/chapter4/mapping_STAR/star_mapping_res/picard_marked_indexed/WJ-3841-3-16-9-F_S366_marked_duplicates.bam" "/proj/naiss2023-6-65/Milena/chapter4/mapping_STAR/star_mapping_res/picard_marked_indexed/WJ-3841-3-18-10-F_S373_marked_duplicates.bam" "/proj/naiss2023-6-65/Milena/chapter4/mapping_STAR/star_mapping_res/picard_marked_indexed/WJ-3841-3-18-11-M_S395_marked_duplicates.bam" "/proj/naiss2023-6-65/Milena/chapter4/mapping_STAR/star_mapping_res/picard_marked_indexed/WJ-3841-3-18-15-M_S396_marked_duplicates.bam" "/proj/naiss2023-6-65/Milena/chapter4/mapping_STAR/star_mapping_res/picard_marked_indexed/WJ-3841-3-18-16-M_S397_marked_duplicates.bam" "/proj/naiss2023-6-65/Milena/chapter4/mapping_STAR/star_mapping_res/picard_marked_indexed/WJ-3841-3-18-17-M_S398_marked_duplicates.bam" "/proj/naiss2023-6-65/Milena/chapter4/mapping_STAR/star_mapping_res/picard_marked_indexed/WJ-3841-3-18-20-M_S421_marked_duplicates.bam" "/proj/naiss2023-6-65/Milena/chapter4/mapping_STAR/star_mapping_res/picard_marked_indexed/WJ-3841-3-18-21-M_S422_marked_duplicates.bam" "/proj/naiss2023-6-65/Milena/chapter4/mapping_STAR/star_mapping_res/picard_marked_indexed/WJ-3841-3-18-22-M_S423_marked_duplicates.bam" "/proj/naiss2023-6-65/Milena/chapter4/mapping_STAR/star_mapping_res/picard_marked_indexed/WJ-3841-3-18-24-F_S424_marked_duplicates.bam" "/proj/naiss2023-6-65/Milena/chapter4/mapping_STAR/star_mapping_res/picard_marked_indexed/WJ-3841-3-18-4-M_S367_marked_duplicates.bam" "/proj/naiss2023-6-65/Milena/chapter4/mapping_STAR/star_mapping_res/picard_marked_indexed/WJ-3841-3-18-5-F_S372_marked_duplicates.bam" "/proj/naiss2023-6-65/Milena/chapter4/mapping_STAR/star_mapping_res/picard_marked_indexed/WJ-3841-3-18-6-M_S368_marked_duplicates.bam" "/proj/naiss2023-6-65/Milena/chapter4/mapping_STAR/star_mapping_res/picard_marked_indexed/WJ-3841-3-18-7-M_S369_marked_duplicates.bam" "/proj/naiss2023-6-65/Milena/chapter4/mapping_STAR/star_mapping_res/picard_marked_indexed/WJ-3841-3-18-8-M_S370_marked_duplicates.bam" "/proj/naiss2023-6-65/Milena/chapter4/mapping_STAR/star_mapping_res/picard_marked_indexed/WJ-3841-3-18-9-M_S371_marked_duplicates.bam" 
Geneid	Chr	Start	End	Strand	Length	WJ-3841-1-14-10-M_S377	WJ-3841-1-14-13-F_S429	WJ-3841-1-14-14-M_S399	WJ-3841-1-14-15-M_S400	WJ-3841-1-14-16-F_S430	WJ-3841-1-14-19-M_S425	WJ-3841-1-14-20-M_S426	WJ-3841-1-14-23-M_S427	WJ-3841-1-14-24-M_S428	WJ-3841-1-14-4-F_S378_	WJ-3841-1-14-7-M_S374_	WJ-3841-1-14-8-M_S375_	WJ-3841-1-14-9-M_S376_	WJ-3841-1-16-10-M_S401	WJ-3841-1-16-12-M_S402	WJ-3841-1-16-14-M_S403	WJ-3841-1-16-17-F_S405	WJ-3841-1-16-18-M_S404	WJ-3841-1-16-19-F_S435	WJ-3841-1-16-20-M_S431	WJ-3841-1-16-22-F_S436	WJ-3841-1-16-24-M_S433	WJ-3841-1-16-25-M_S434	WJ-3841-1-16-6-M_S379_	WJ-3841-1-16-7-M_S380_	WJ-3841-1-16-8-M_S381_	WJ-3841-1-16-9-M_S382_	WJ-3841-1-18-10-M_S383	WJ-3841-1-18-11-M_S406	WJ-3841-1-18-12-F_S440	WJ-3841-1-18-13-F_S420	WJ-3841-1-18-14-M_S407	WJ-3841-1-18-17-M_S408	WJ-3841-1-18-19-M_S437	WJ-3841-1-18-21-M_S438	WJ-3841-1-18-23-M_S439	WJ-3841-1-18-5-F_S384_	WJ-3841-1-18-8-F_S409_	WJ-3841-1-18-9-F_S410_	WJ-3841-3-14-10-M_S361	WJ-3841-3-14-11-M_S385	WJ-3841-3-14-12-F_S389	WJ-3841-3-14-13-M_S386	WJ-3841-3-14-14-M_S387	WJ-3841-3-14-16-F_S414	WJ-3841-3-14-17-M_S411	WJ-3841-3-14-18-F_S415	WJ-3841-3-14-22-M_S412	WJ-3841-3-14-23-M_S413	WJ-3841-3-14-4-F_S362_	WJ-3841-3-14-5-M_S359_	WJ-3841-3-14-6-F_S363_	WJ-3841-3-14-7-F_S388_	WJ-3841-3-14-9-M_S360_	WJ-3841-3-16-10-F_S393	WJ-3841-3-16-11-M_S365	WJ-3841-3-16-12-F_S394	WJ-3841-3-16-13-M_S390	WJ-3841-3-16-14-M_S391	WJ-3841-3-16-15-F_S418	WJ-3841-3-16-16-M_S392	WJ-3841-3-16-17-F_S419	WJ-3841-3-16-18-F_S432	WJ-3841-3-16-21-M_S416	WJ-3841-3-16-26-M_S417	WJ-3841-3-16-7-M_S364_	WJ-3841-3-16-9-F_S366_	WJ-3841-3-18-10-F_S373	WJ-3841-3-18-11-M_S395	WJ-3841-3-18-15-M_S396	WJ-3841-3-18-16-M_S397	WJ-3841-3-18-17-M_S398	WJ-3841-3-18-20-M_S421	WJ-3841-3-18-21-M_S422	WJ-3841-3-18-22-M_S423	WJ-3841-3-18-24-F_S424	WJ-3841-3-18-4-M_S367_	WJ-3841-3-18-5-F_S372_	WJ-3841-3-18-6-M_S368_	WJ-3841-3-18-7-M_S369_	WJ-3841-3-18-8-M_S370_	WJ-3841-3-18-9-M_S371_
gene-306335	scaffold_10;scaffold_10;scaffold_10;scaffold_10;scaffold_10	35117;65291;68076;85087;89275	35153;65551;68323;85449;89343	-;-;-;-;-	978	40	66	73	72	57	68	48	120	62	18	82	114	24	226	28	259	496	70	54	184	0	126	88	20	123	284	1680	42	78286	80862	91629	52449	24401	106794	25883	78	30	177	164	53	20	30	128	80	26	49	30	64	44	53	55	41	65	83	34	100	10	17	15	8	53	126	82	38	46	31	14	91524	20	19495	54787	24	127	107	22	28	103230	1692	53712	2456	2077	18653
gene-306353	scaffold_10	111225	111599	-	375	0	0	0	0	0	0	0	0	0	0	0	0	2	0	0	0	0	0	0	0	0	0	0	0	0	0	2	0	0	2	0	0	0	0	0	0	0	0	0	0	0	0	0	0	0	0	0	0	0	0	0	0	0	0	0	0	0	0	0	0	0	0	2	0	0	0	0	0	0	0	0	0	0	0	0	0	0	0	0	0	0	0
gene-306359	scaffold_10;scaffold_10;scaffold_10;scaffold_10;scaffold_10;scaffold_10;scaffold_10;scaffold_10;scaffold_10;scaffold_10;scaffold_10;scaffold_10;scaffold_10;scaffold_10;scaffold_10;scaffold_10;scaffold_10;scaffold_10;scaffold_10;scaffold_10;scaffold_10;scaffold_10;scaffold_10;scaffold_10;scaffold_10;scaffold_10;scaffold_10;scaffold_10;scaffold_10;scaffold_10;scaffold_10;scaffold_10;scaffold_10;scaffold_10;scaffold_10;scaffold_10;scaffold_10;scaffold_10;scaffold_10;scaffold_10	181881;181881;192081;192081;205741;205741;228402;228402;248837;248843;268545;268545;270898;270898;275043;275043;282708;282708;284991;284991;291508;291508;306201;306201;310771;310771;330402;330402;331418;331418;338310;338310;352105;352105;354410;354410;393330;393330;393790;393790	182006;182006;192292;192292;205968;205968;228610;228610;249018;249018;268938;268938;271242;271242;275313;275313;282817;282817;285154;285154;291582;291582;306798;306798;311090;311090;330723;330723;331791;331791;339608;339608;352428;352428;354617;354617;393475;393475;393963;393963	+;+;+;+;+;+;+;+;+;+;+;+;+;+;+;+;+;+;+;+;+;+;+;+;+;+;+;+;+;+;+;+;+;+;+;+;+;+;+;+	6081	491	124	248	153	159	341	401	230	178	146	159	237	282	169	162	459	230	112	169	54	94	36	178	120	835	675	1132	125	1492	610	865	506	689	254	594	74	98	86	364	91	262	210	193	345	116	57	462	155	463	557	158	68	359	394	106	48	83	83	109	133	102	73	227	271	155	206	90	820	40	179	375	195	311	439	194	124	1385	432	732	2052	654	827
gene-306484	scaffold_10;scaffold_10;scaffold_10	421121;421411;421769	421198;421586;421886	-;-;-	372	0	2	0	0	0	0	2	2	0	0	0	0	0	0	0	0	0	2	2	0	0	0	3	0	4	0	4	0	0	2	2	16	0	0	8	0	0	0	2	0	6	0	6	9	7	0	12	2	2	9	6	3	4	8	2	0	0	2	1	2	2	2	4	8	4	0	3	36	0	0	1	6	8	6	2	3	25	4	14	20	11	14
gene-306496	scaffold_10;scaffold_10;scaffold_10;scaffold_10;scaffold_10;scaffold_10;scaffold_10;scaffold_10	468196;485166;485456;487754;493321;507200;521550;523740	468354;485378;485541;487931;493451;507487;522070;523753	-;-;-;-;-;-;-;-	1590	692	282	398	193	169	683	527	363	142	83	130	284	186	220	142	667	212	74	267	80	24	33	147	228	1079	773	524	107	953	260	583	266	629	203	569	115	111	98	253	84	268	327	302	709	117	48	470	96	414	565	196	96	440	274	188	16	50	135	151	76	150	100	108	235	270	152	100	713	88	65	289	268	310	291	184	98	1074	204	438	1365	410	1127
gene-306523	scaffold_10;scaffold_10;scaffold_10;scaffold_10;scaffold_10;scaffold_10;scaffold_10;scaffold_10	562876;564997;604859;605269;659215;716902;735646;757284	562975;565211;604984;605494;659412;717160;735863;757309	-;-;-;-;-;-;-;-	1368	161	105	175	31	106	178	102	94	52	36	74	70	86	53	49	52	112	12	44	27	21	13	52	72	144	62	259	25	540	213	241	432	72	425	303	18	6	36	100	106	105	60	108	305	72	59	105	27	189	211	134	149	119	40	87	27	18	145	64	77	27	54	36	44	72	26	46	388	33	25	222	40	51	117	115	32	629	57	253	225	92	342
gene-306550	scaffold_10;scaffold_10;scaffold_10;scaffold_10;scaffold_10;scaffold_10;scaffold_10;scaffold_10	849449;897959;917201;954341;960001;969015;1003062;1021309	849542;898236;917269;954807;960136;969153;1003207;1021461	+;+;+;+;+;+;+;+	1482	438	672	327	440	396	564	388	526	290	265	348	498	496	2620	938	1519	13384	438	1004	1466	114	1044	1200	346	2952	1426	18150	580	14641	6314	5364	6447	4036	7866	5716	530	492	1936	7346	366	290	402	326	520	201	646	642	224	11942	576	700	372	335	678	908	890	194	252	444	322	340	2235	2096	1080	452	614	256	7429	275	2946	8827	982	1188	6462	358	206	12000	9010	5430	17332	1286	2203
gene-306577	scaffold_10;scaffold_10;scaffold_10	1059374;1063215;1063501	1059570;1063367;1063561	-;-;-	411	2	2	2	2	0	2	4	0	2	0	2	0	6	2	2	0	2	0	2	0	0	2	2	4	2	6	2	7	37	2	2	2	0	2	2	0	0	0	6	0	2	0	4	2	2	0	3	4	4	2	2	2	0	0	4	2	0	0	0	0	2	0	0	2	4	0	0	2	2	2	0	0	10	0	0	0	6	12	6	34	0	0
gene-306589	scaffold_10;scaffold_10;scaffold_10;scaffold_10;scaffold_10;scaffold_10;scaffold_10;scaffold_10;scaffold_10;scaffold_10;scaffold_10;scaffold_10;scaffold_10;scaffold_10;scaffold_10;scaffold_10;scaffold_10;scaffold_10	1190248;1190248;1195955;1195955;1196445;1196445;1210396;1210396;1219931;1219931;1229465;1229465;1229563;1229563;1230154;1230154;1230486;1231905	1190428;1190428;1196104;1196104;1196573;1196573;1210721;1210721;1222441;1222441;1229501;1229501;1229605;1229605;1230175;1230175;1230524;1231919	-;-;-;-;-;-;-;-;-;-;-;-;-;-;-;-;-;-	3453	1040	427	460	203	238	1010	756	382	247	138	220	373	661	187	329	507	280	117	297	74	48	16	250	256	1605	1254	1134	118	1212	441	766	409	752	280	727	117	172	124	378	101	345	286	269	718	185	26	406	144	652	1005	220	138	628	457	168	34	88	193	351	154	205	68	242	261	270	226	124	853	49	120	294	254	1471	444	230	138	1497	353	705	2580	1003	2034
gene-306648	scaffold_10;scaffold_10;scaffold_10;scaffold_10;scaffold_10;scaffold_10;scaffold_10;scaffold_10	1290338;1290443;1299444;1299873;1300275;1300962;1307500;1309975	1290384;1290590;1299635;1299990;1300480;1301070;1307692;1310077	+;+;+;+;+;+;+;+	1116	478	190	253	183	98	353	383	197	109	38	68	225	75	127	115	251	171	75	159	51	4	30	72	129	281	420	349	105	604	203	317	227	240	205	275	102	40	67	119	67	335	350	161	304	103	66	494	97	253	259	142	79	220	223	73	56	21	64	102	23	129	72	64	119	275	110	81	451	87	63	227	130	303	256	166	82	611	92	190	489	160	325
gene-306675	scaffold_10;scaffold_10;scaffold_10;scaffold_10;scaffold_10;scaffold_10;scaffold_10;scaffold_10;scaffold_10;scaffold_10;scaffold_10	1314174;1315913;1315978;1316885;1316885;1317970;1317970;1318727;1318727;1330841;1330841	1314219;1316184;1316184;1317135;1317135;1318329;1318329;1318875;1318875;1330932;1330932	+;+;+;+;+;+;+;+;+;+;+	1170	945	210	429	251	116	506	674	359	165	176	88	284	372	80	171	659	104	112	382	41	46	14	153	202	883	634	473	175	791	225	329	196	425	220	317	64	79	49	198	81	367	468	293	917	127	28	624	159	517	603	130	55	446	382	119	22	82	109	166	152	229	41	188	197	394	163	144	358	79	107	110	205	552	213	290	146	664	239	397	1325	326	790
gene-306713	scaffold_10;scaffold_10;scaffold_10;scaffold_10;scaffold_10;scaffold_10	1363871;1363904;1364100;1364100;1378919;1378919	1364011;1364011;1364398;1364398;1379030;1379030	+;+;+;+;+;+	552	1426	465	965	494	466	1607	1285	669	396	243	280	683	439	473	392	1107	621	211	654	128	24	66	318	429	1637	1270	1155	247	2050	507	789	582	842	465	641	212	149	135	471	188	608	907	748	1800	262	134	1026	284	784	1027	454	240	1009	565	579	90	77	289	304	122	261	143	253	456	616	317	291	1436	150	158	617	390	639	555	462	249	1940	348	760	2988	712	1755
gene-306736	scaffold_10;scaffold_10;scaffold_10;scaffold_10;scaffold_10;scaffold_10;scaffold_10;scaffold_10;scaffold_10;scaffold_10;scaffold_10;scaffold_10;scaffold_10;scaffold_10;scaffold_10;scaffold_10;scaffold_10;scaffold_10;scaffold_10;scaffold_10;scaffold_10;scaffold_10;scaffold_10;scaffold_10;scaffold_10;scaffold_10;scaffold_10;scaffold_10;scaffold_10;scaffold_10;scaffold_10;scaffold_10;scaffold_10;scaffold_10;scaffold_10;scaffold_10;scaffold_10;scaffold_10;scaffold_10;scaffold_10;scaffold_10;scaffold_10;scaffold_10;scaffold_10;scaffold_10;scaffold_10;scaffold_10;scaffold_10;scaffold_10;scaffold_10;scaffold_10;scaffold_10;scaffold_10;scaffold_10;scaffold_10;scaffold_10;scaffold_10;scaffold_10;scaffold_10;scaffold_10;scaffold_10;scaffold_10;scaffold_10;scaffold_10;scaffold_10;scaffold_10;scaffold_10;scaffold_10;scaffold_10;scaffold_10;scaffold_10;scaffold_10;scaffold_10;scaffold_10;scaffold_10;scaffold_10;scaffold_10;scaffold_10	1394680;1394680;1394680;1406477;1406477;1406477;1406979;1406979;1406979;1412443;1412443;1412443;1413899;1413899;1413899;1416968;1416968;1416968;1417456;1417456;1417456;1419004;1419004;1419004;1419652;1419652;1419652;1421547;1421547;1421547;1423069;1423069;1423069;1424601;1424601;1424601;1424977;1424977;1424977;1425475;1425475;1425475;1425638;1425638;1425638;1426989;1426989;1426989;1427584;1427584;1427584;1428143;1428143;1428143;1428763;1428763;1428763;1431884;1431884;1431884;1432234;1432234;1432234;1433061;1433061;1433061;1434671;1434671;1434671;1434961;1434961;1434961;1435265;1435265;1435265;1435755;1435755;1435755	1394873;1394873;1394873;1406688;1406688;1406688;1407157;1407097;1407175;1412703;1412703;1412703;1414173;1414173;1414173;1417121;1417121;1417121;1417665;1417665;1417665;1419132;1419132;1419132;1419742;1419742;1419742;1421830;1421830;1421830;1423190;1423190;1423190;1424907;1424907;1424907;1425406;1425406;1425406;1425584;1425584;1425584;1425742;1425742;1425742;1427147;1427147;1427147;1427844;1427844;1427844;1428299;1428299;1428299;1429208;1429208;1429208;1432180;1432180;1432180;1432832;1432832;1432832;1433494;1433494;1433494;1434900;1434900;1434900;1435070;1435070;1435070;1435341;1435341;1435341;1435765;1435765;1435765	+;+;+;+;+;+;+;+;+;+;+;+;+;+;+;+;+;+;+;+;+;+;+;+;+;+;+;+;+;+;+;+;+;+;+;+;+;+;+;+;+;+;+;+;+;+;+;+;+;+;+;+;+;+;+;+;+;+;+;+;+;+;+;+;+;+;+;+;+;+;+;+;+;+;+;+;+;+	5862	1164	201	519	114	272	1566	941	224	416	102	189	294	944	207	140	156	333	42	257	106	76	66	210	273	817	674	405	146	862	308	315	266	106	273	213	173	115	250	288	143	284	126	312	831	221	258	188	120	569	923	513	411	843	175	388	50	96	263	174	158	86	149	139	202	169	192	64	255	77	138	235	90	563	169	505	232	516	181	261	539	425	1174
gene-306977	scaffold_10;scaffold_10;scaffold_10;scaffold_10;scaffold_10	1436693;1442414;1442690;1443738;1443837	1436916;1442561;1442798;1443772;1443887	-;-;-;-;-	567	12	4	48	8	5	52	28	29	38	0	16	17	33	4	4	18	4	2	6	0	0	2	7	9	24	16	15	8	92	29	38	163	32	95	51	6	0	2	12	30	55	10	122	153	8	39	12	8	42	35	64	20	27	44	18	6	9	50	30	7	18	4	7	6	96	14	2	53	16	11	57	4	9	4	45	4	173	2	80	14	33	34
gene-306995	scaffold_10	1446080	1446607	+	528	1158	337	834	543	340	1313	779	554	403	192	311	568	211	490	280	768	873	246	478	200	58	139	216	313	724	906	1339	223	1815	789	916	897	752	993	1017	268	79	189	517	293	709	681	527	861	268	303	1031	317	771	696	504	315	741	583	394	213	70	234	274	128	370	278	216	355	568	265	195	1215	253	266	932	278	686	474	369	198	1851	704	769	2325	762	1124
gene-307001	scaffold_10;scaffold_10;scaffold_10	1452377;1453058;1453403	1452646;1453231;1453657	-;-;-	699	10266	5039	13280	6940	5790	12521	5911	9516	5587	2976	6038	8934	2774	6696	3789	9231	5930	6806	5645	5063	1089	4708	4140	8149	6033	13308	6457	6233	11526	5849	6415	8167	4478	9214	4641	8229	1815	4177	4111	5355	8986	8419	6713	13112	5375	6467	12879	5475	5668	5989	9973	8778	5115	6930	6733	11342	2382	6125	4616	2359	6885	7394	2608	3158	10346	5475	3183	8822	6174	3423	9015	5266	8069	3719	5875	4003	11235	4299	5220	6332	4357	10391
gene-307013	scaffold_10;scaffold_10;scaffold_10;scaffold_10;scaffold_10;scaffold_10;scaffold_10;scaffold_10;scaffold_10;scaffold_10;scaffold_10;scaffold_10;scaffold_10;scaffold_10;scaffold_10;scaffold_10;scaffold_10;scaffold_10;scaffold_10;scaffold_10;scaffold_10;scaffold_10;scaffold_10;scaffold_10;scaffold_10;scaffold_10	1472887;1472896;1476119;1476119;1479462;1482063;1482063;1482063;1483898;1483898;1483898;1485445;1485445;1485445;1486827;1486827;1486827;1492462;1492462;1492462;1494743;1494743;1494743;1498191;1498191;1498191	1472925;1472925;1476268;1476268;1479479;1482271;1482271;1482271;1484270;1484270;1484270;1485563;1485563;1485563;1487187;1487187;1487187;1492548;1492548;1492548;1494835;1494835;1494835;1498277;1498277;1498277	+;+;+;+;+;+;+;+;+;+;+;+;+;+;+;+;+;+;+;+;+;+;+;+;+;+	1536	1804	634	1059	476	635	1820	1281	738	554	225	453	938	385	1109	427	950	2456	242	800	454	160	304	539	654	1275	1635	3916	391	6075	2344	2660	3095	1900	2710	2734	384	128	460	1614	438	767	686	777	1332	385	461	1155	399	1516	1004	829	444	1042	715	681	407	194	654	461	341	470	795	467	570	702	435	255	3337	352	973	3142	591	729	1321	590	343	4863	1654	1985	4706	1697	2399
gene-307098	scaffold_10;scaffold_10;scaffold_10;scaffold_10;scaffold_10;scaffold_10;scaffold_10;scaffold_10;scaffold_10;scaffold_10;scaffold_10;scaffold_10;scaffold_10;scaffold_10;scaffold_10;scaffold_10;scaffold_10;scaffold_10;scaffold_10;scaffold_10;scaffold_10;scaffold_10;scaffold_10;scaffold_10;scaffold_10	1521747;1521747;1526673;1526673;1532136;1532136;1535031;1535031;1538878;1538878;1542088;1542088;1543922;1543922;1546510;1546510;1561059;1575959;1575959;1577815;1577815;1584884;1584884;1588514;1588514	1522099;1522099;1526867;1526867;1532490;1532490;1535482;1535482;1539526;1539526;1542236;1542236;1544322;1544322;1546914;1546914;1561145;1576094;1576094;1577959;1577959;1585035;1585035;1588616;1588616	-;-;-;-;-;-;-;-;-;-;-;-;-;-;-;-;-;-;-;-;-;-;-;-;-	3582	267	100	152	112	79	199	402	114	186	128	83	112	295	46	187	367	38	72	150	62	80	24	167	68	936	514	555	116	1056	552	458	348	535	214	365	52	94	40	334	54	79	128	166	254	113	14	195	98	330	427	54	22	235	265	72	6	109	64	99	155	107	29	245	166	88	157	62	238	36	286	82	203	263	178	102	103	595	315	675	688	376	461
gene-307178	scaffold_10;scaffold_10;scaffold_10	1682744;1683942;1685060	1682998;1684322;1685812	-;-;-	1389	144870	66130	113062	57797	70714	197299	123209	81240	74876	34925	75890	77736	49012	69487	46058	113838	109072	26226	61196	40092	19901	32407	38475	64990	110332	141379	126299	47616	217802	101715	103226	102435	77441	134291	80672	50799	23931	43387	78121	58182	81721	93078	73659	130971	50266	53181	112241	49187	102901	102326	90249	77000	112393	86563	74539	70981	21037	71109	45805	38482	43893	54273	35014	54311	71720	57546	35237	146107	39123	50915	148162	65499	89827	77875	68166	43176	193518	83906	108552	203684	98084	119653
gene-307190	scaffold_10;scaffold_10;scaffold_10;scaffold_10;scaffold_10;scaffold_10;scaffold_10;scaffold_10;scaffold_10;scaffold_10;scaffold_10;scaffold_10;scaffold_10;scaffold_10;scaffold_10;scaffold_10;scaffold_10;scaffold_10;scaffold_10;scaffold_10;scaffold_10;scaffold_10;scaffold_10	1694130;1699000;1699026;1702607;1702607;1704702;1704702;1706897;1706897;1708365;1708365;1710791;1710791;1711541;1711541;1711861;1711861;1723963;1723963;1724501;1724501;1724736;1724736	1694143;1699180;1699180;1702884;1702884;1704891;1704891;1707066;1707066;1708503;1708503;1711384;1711384;1711802;1711802;1711999;1711999;1724190;1724190;1724652;1724652;1724739;1724739	-;-;-;-;-;-;-;-;-;-;-;-;-;-;-;-;-;-;-;-;-;-;-	2351	57	7	20	24	12	18	36	8	40	24	8	35	54	6	36	25	8	8	13	6	10	6	9	10	60	64	54	26	113	42	64	29	35	39	48	9	30	8	40	5	4	8	29	26	18	2	22	12	46	55	8	8	59	15	2	2	12	8	21	28	28	2	36	34	16	34	9	38	6	17	19	22	65	22	14	9	69	50	45	74	44	31
gene-307264	scaffold_10;scaffold_10;scaffold_10;scaffold_10;scaffold_10;scaffold_10;scaffold_10;scaffold_10;scaffold_10;scaffold_10;scaffold_10;scaffold_10;scaffold_10;scaffold_10;scaffold_10;scaffold_10;scaffold_10;scaffold_10;scaffold_10;scaffold_10;scaffold_10;scaffold_10;scaffold_10;scaffold_10;scaffold_10;scaffold_10;scaffold_10;scaffold_10;scaffold_10;scaffold_10;scaffold_10;scaffold_10;scaffold_10;scaffold_10;scaffold_10;scaffold_10;scaffold_10;scaffold_10;scaffold_10;scaffold_10;scaffold_10;scaffold_10;scaffold_10;scaffold_10;scaffold_10;scaffold_10;scaffold_10;scaffold_10;scaffold_10;scaffold_10	1733802;1733802;1733802;1739199;1739199;1739199;1756083;1756083;1756083;1762626;1762626;1762626;1765122;1765122;1765122;1768281;1768281;1768281;1769898;1769898;1769898;1772049;1772049;1772049;1775577;1775586;1775586;1776027;1776027;1776027;1780366;1780366;1787598;1787598;1787598;1795284;1795284;1795284;1836857;1836857;1836857;1839070;1839070;1839070;1841145;1841145;1841145;1843473;1843473;1843473	1733992;1733992;1733992;1739324;1739324;1739324;1756377;1756377;1756377;1762958;1762958;1762958;1765415;1765415;1765415;1768503;1768503;1768503;1770212;1770212;1770212;1772232;1772232;1772232;1775653;1775653;1775653;1776106;1776106;1776106;1780575;1780575;1787634;1787634;1787634;1795423;1795423;1795423;1837291;1837291;1837291;1839402;1839402;1839402;1841285;1841285;1841285;1843544;1843544;1843544	+;+;+;+;+;+;+;+;+;+;+;+;+;+;+;+;+;+;+;+;+;+;+;+;+;+;+;+;+;+;+;+;+;+;+;+;+;+;+;+;+;+;+;+;+;+;+;+;+;+	3486	34	8	22	16	14	34	22	6	42	16	22	12	69	6	35	10	22	16	10	8	60	0	47	2	78	42	158	4	130	85	74	92	92	62	53	10	27	12	74	10	14	3	32	26	10	14	18	18	38	49	8	10	34	24	2	4	26	12	6	53	7	8	46	26	6	28	10	44	8	41	24	10	30	34	8	11	105	84	124	75	42	48
gene-307421	scaffold_10	1859319	1859633	-	315	0	0	0	0	0	0	0	0	0	0	0	0	0	0	0	0	0	0	0	0	0	0	0	0	0	0	0	0	0	0	0	0	0	0	0	0	0	0	0	0	0	0	0	0	0	0	0	0	0	0	0	0	0	0	0	0	0	0	0	0	0	0	0	0	0	0	0	2	0	0	0	0	0	0	0	0	4	0	0	4	2	0
gene-307427	scaffold_10	1887039	1887494	-	456	484	118	270	143	112	332	319	113	186	67	125	145	160	165	82	124	288	72	103	74	12	32	86	82	201	197	519	33	448	288	345	267	293	273	394	65	24	59	209	60	155	146	202	243	79	42	248	95	135	301	105	62	268	189	97	52	37	66	42	46	105	92	143	86	133	94	57	352	33	59	302	43	100	162	89	62	549	250	319	627	235	480
gene-307433	scaffold_10;scaffold_10	2077929;2080178	2078596;2080319	-;-	810	0	2	0	2	0	2	0	0	8	0	1	0	6	0	2	2	0	0	4	0	0	0	2	2	3	2	6	0	4	0	9	0	0	4	2	0	0	0	6	0	0	0	0	0	0	0	2	0	0	0	0	0	0	0	0	0	0	0	0	0	0	0	0	4	0	0	0	0	0	0	2	0	0	0	0	0	2	2	0	0	2	0
gene-307442	scaffold_10	2104002	2104706	+	705	0	0	0	0	0	0	0	0	0	0	0	0	0	0	0	0	0	0	0	0	0	0	0	0	0	0	0	0	0	0	0	0	0	0	0	0	0	0	0	0	0	0	0	0	0	0	0	0	0	0	0	0	0	0	0	0	0	0	0	0	0	0	0	0	0	0	0	0	0	0	0	0	0	0	0	2	0	0	0	0	0	0
gene-307448	scaffold_10;scaffold_10;scaffold_10	2169110;2173572;2201331	2169487;2173891;2201469	+;+;+	837	0	0	0	0	0	0	0	0	0	0	0	0	0	0	0	0	0	0	0	0	0	0	0	0	0	0	0	0	0	0	0	0	0	0	0	0	0	0	0	0	0	0	0	0	0	0	0	0	0	0	0	0	2	0	0	0	0	0	0	0	0	0	0	0	0	0	0	0	0	0	0	0	0	0	0	0	0	0	0	0	2	0
gene-307460	scaffold_10;scaffold_10	2266750;2266923	2266867;2267026	-;-	222	0	0	0	0	0	0	0	0	0	0	0	0	0	0	0	0	0	0	0	0	0	0	0	2	0	0	0	0	0	0	0	0	0	0	0	0	0	0	0	0	2	0	0	0	0	0	0	0	0	0	0	0	0	2	0	0	0	0	0	0	0	0	0	0	0	0	0	0	0	0	0	0	2	0	0	0	0	0	2	0	0	0
gene-307469	scaffold_10;scaffold_10	2331227;2331492	2331369;2331696	-;-	348	0	0	0	0	0	0	0	0	0	0	0	0	0	0	0	0	0	0	0	0	0	0	0	0	0	0	0	0	10	2	0	0	0	2	0	0	0	0	0	0	2	0	0	0	0	0	0	0	0	0	0	0	0	0	0	0	0	0	0	0	0	0	0	0	0	0	0	0	0	4	0	2	0	0	0	0	2	0	0	0	0	0
gene-307478	scaffold_10	2462721	2463188	-	468	6	0	6	11	0	4	0	10	10	0	4	20	4	46	4	16	0	20	0	18	0	36	22	2	34	50	76	14	780	2	0	242	52	336	136	18	0	0	2	12	0	2	8	20	0	12	0	6	0	0	6	4	0	14	2	24	0	2	8	0	20	0	0	4	30	8	0	0	30	84	290	12	49	76	6	0	342	2	134	122	72	206
gene-307484	scaffold_10;scaffold_10;scaffold_10	2493169;2494929;2499298	2493357;2495163;2499404	+;+;+	531	0	0	0	0	0	0	0	0	0	0	0	0	0	0	0	0	0	0	0	0	0	0	0	0	0	0	0	0	4	0	0	1	0	2	0	0	0	0	0	0	0	0	0	0	0	0	0	0	0	0	0	0	0	0	0	0	0	0	0	0	0	0	0	0	0	0	0	0	0	0	0	0	0	0	0	0	0	0	0	1	2	0
gene-307496	scaffold_10;scaffold_10;scaffold_10	2568014;2568468;2568724	2568414;2568664;2568860	-;-;-	735	4	0	2	2	0	4	0	0	10	2	4	0	6	0	8	0	0	2	2	0	4	0	6	0	6	2	6	2	10	8	6	4	12	0	5	0	0	0	6	0	0	0	2	0	0	0	0	8	2	0	2	0	2	6	0	0	8	2	0	2	2	0	4	8	0	0	0	4	0	4	4	2	4	0	0	4	8	14	13	12	11	0
gene-307508	scaffold_10;scaffold_10;scaffold_10;scaffold_10;scaffold_10;scaffold_10;scaffold_10;scaffold_10	2590363;2591226;2591364;2591661;2592040;2592040;2592945;2592945	2590514;2591375;2591375;2591775;2592209;2592209;2593347;2593347	-;-;-;-;-;-;-;-	990	0	0	4	4	6	4	6	2	10	2	0	0	16	0	6	0	0	4	2	4	4	0	6	0	8	5	16	0	10	18	8	12	27	10	12	4	2	4	7	2	0	0	0	0	0	2	2	4	6	5	2	0	6	4	0	0	4	2	4	6	2	0	10	4	0	2	0	2	0	6	0	0	20	0	4	2	4	12	15	4	14	4
gene-307537	scaffold_10;scaffold_10;scaffold_10;scaffold_10;scaffold_10	2596717;2596858;2597801;2598646;2599130	2596799;2597074;2597938;2598837;2599519	+;+;+;+;+	1020	3213	1090	2820	1287	1211	4135	2003	1780	1598	747	1448	1936	804	1591	870	1992	1538	1067	1261	1019	209	825	589	1315	1339	2974	1719	1038	2312	1156	1366	1889	925	1989	1197	1256	338	898	988	1893	3031	2276	1535	2900	1407	1505	2779	1137	1268	1550	2217	1421	1399	1612	1439	1581	389	1539	1263	573	1179	1227	657	930	2155	1296	655	1600	1429	541	1533	1066	1835	971	1820	1037	2406	1100	1039	1619	848	1604
gene-307555	scaffold_10;scaffold_10;scaffold_10;scaffold_10;scaffold_10;scaffold_10;scaffold_10;scaffold_10;scaffold_10;scaffold_10;scaffold_10;scaffold_10;scaffold_10;scaffold_10;scaffold_10;scaffold_10;scaffold_10;scaffold_10;scaffold_10;scaffold_10;scaffold_10;scaffold_10;scaffold_10;scaffold_10;scaffold_10;scaffold_10;scaffold_10;scaffold_10;scaffold_10;scaffold_10;scaffold_10;scaffold_10;scaffold_10;scaffold_10;scaffold_10;scaffold_10;scaffold_10;scaffold_10;scaffold_10	2616714;2616714;2616714;2629315;2629315;2629315;2633863;2633863;2633863;2638616;2638616;2638616;2647997;2647997;2647997;2655433;2655433;2655433;2661058;2661058;2661058;2682376;2682376;2682376;2700061;2700061;2700061;2705975;2705975;2705975;2711401;2711401;2711401;2748037;2748037;2748037;2785486;2785486;2785486	2617363;2617363;2617363;2629470;2629470;2629470;2634106;2634106;2634106;2638923;2638923;2638923;2648194;2648194;2648194;2655910;2655910;2655910;2662146;2662146;2662146;2682591;2682591;2682591;2700561;2700561;2700561;2706217;2706217;2706211;2711539;2711539;2711539;2748077;2748077;2748077;2785566;2785563;2785563	-;-;-;-;-;-;-;-;-;-;-;-;-;-;-;-;-;-;-;-;-;-;-;-;-;-;-;-;-;-;-;-;-;-;-;-;-;-;-	4344	74	12	53	46	40	86	115	22	115	38	24	32	134	14	88	57	39	44	44	34	62	7	65	16	227	142	302	30	470	275	180	169	155	148	186	26	40	26	179	14	34	22	48	35	48	17	42	54	121	95	32	34	74	79	10	16	54	20	23	109	26	6	91	84	32	83	17	113	12	94	68	52	113	127	54	57	295	158	377	223	141	115
gene-307679	scaffold_10;scaffold_10;scaffold_10	2794402;2794558;2794890	2794458;2794671;2795078	+;+;+	360	527	192	340	130	95	358	415	219	80	74	90	213	37	129	88	278	205	129	217	29	10	20	84	170	292	417	357	90	574	178	275	153	229	236	255	65	37	44	117	63	227	303	150	441	52	24	400	79	245	292	111	37	203	170	94	69	6	101	92	32	124	62	61	118	235	71	79	428	71	44	212	133	115	121	118	82	499	104	190	694	357	965
gene-307691	scaffold_10;scaffold_10	2797391;2798938	2798152;2799147	+;+	972	517	92	252	96	44	246	222	222	63	42	72	179	69	121	125	327	37	58	164	22	6	6	66	149	593	620	253	98	596	105	146	106	242	138	188	85	53	34	95	49	165	153	129	418	43	38	190	62	150	313	102	12	122	226	61	16	4	71	155	28	106	19	34	99	239	109	42	232	88	46	158	136	244	129	135	69	477	88	178	779	439	1136
gene-307700	scaffold_10;scaffold_10;scaffold_10;scaffold_10;scaffold_10;scaffold_10;scaffold_10;scaffold_10;scaffold_10;scaffold_10;scaffold_10	2805658;2820438;2832898;2843831;2846650;2851622;2854232;2859305;2866994;2876144;2876534	2805709;2820643;2832943;2843949;2846804;2851888;2854586;2859509;2867304;2876318;2876691	+;+;+;+;+;+;+;+;+;+;+	2049	287	106	144	72	90	193	258	111	80	51	85	110	233	131	133	242	174	40	96	89	54	43	116	99	652	377	704	91	1157	306	364	297	559	256	519	82	37	48	211	135	84	120	111	174	80	50	164	50	520	337	170	157	212	121	70	114	50	93	108	66	84	61	157	140	84	108	93	582	34	149	234	154	254	184	80	60	863	274	569	1325	433	1472
gene-307736	scaffold_10;scaffold_10	3142594;3149488	3142681;3149798	+;+	399	0	0	0	0	0	0	0	0	0	0	0	0	0	0	0	0	0	0	0	0	0	0	0	0	0	0	0	0	0	0	0	0	0	0	0	0	0	0	0	0	0	0	0	0	0	0	0	0	0	0	0	0	0	0	0	0	0	0	0	0	0	0	0	0	0	0	0	0	0	0	0	0	0	0	0	0	0	0	0	0	0	0
gene-307746	scaffold_10;scaffold_10;scaffold_10;scaffold_10;scaffold_10;scaffold_10;scaffold_10;scaffold_10;scaffold_10;scaffold_10;scaffold_10;scaffold_10;scaffold_10;scaffold_10;scaffold_10;scaffold_10;scaffold_10;scaffold_10;scaffold_10;scaffold_10;scaffold_10;scaffold_10;scaffold_10;scaffold_10;scaffold_10;scaffold_10;scaffold_10;scaffold_10;scaffold_10;scaffold_10;scaffold_10;scaffold_10;scaffold_10;scaffold_10;scaffold_10;scaffold_10;scaffold_10;scaffold_10;scaffold_10;scaffold_10;scaffold_10;scaffold_10;scaffold_10;scaffold_10;scaffold_10;scaffold_10;scaffold_10;scaffold_10;scaffold_10;scaffold_10;scaffold_10;scaffold_10;scaffold_10;scaffold_10;scaffold_10;scaffold_10;scaffold_10;scaffold_10;scaffold_10;scaffold_10;scaffold_10;scaffold_10;scaffold_10;scaffold_10;scaffold_10;scaffold_10;scaffold_10;scaffold_10;scaffold_10;scaffold_10;scaffold_10;scaffold_10;scaffold_10;scaffold_10;scaffold_10;scaffold_10;scaffold_10;scaffold_10;scaffold_10;scaffold_10;scaffold_10;scaffold_10;scaffold_10;scaffold_10;scaffold_10;scaffold_10;scaffold_10;scaffold_10;scaffold_10;scaffold_10;scaffold_10;scaffold_10;scaffold_10;scaffold_10;scaffold_10;scaffold_10;scaffold_10;scaffold_10;scaffold_10;scaffold_10;scaffold_10;scaffold_10;scaffold_10;scaffold_10;scaffold_10;scaffold_10;scaffold_10;scaffold_10;scaffold_10;scaffold_10;scaffold_10;scaffold_10;scaffold_10;scaffold_10;scaffold_10;scaffold_10;scaffold_10;scaffold_10;scaffold_10;scaffold_10;scaffold_10;scaffold_10	3233319;3233319;3238293;3238293;3249192;3249192;3250087;3250087;3252693;3252693;3254055;3254055;3257092;3257092;3258617;3258617;3261042;3261042;3261322;3261322;3266757;3266757;3271456;3271456;3274159;3274165;3279113;3279113;3279384;3279384;3281353;3281353;3284887;3284887;3288335;3288335;3290880;3290880;3292762;3292762;3296916;3296916;3299476;3299476;3299831;3299831;3300378;3300378;3304824;3304824;3305381;3305381;3308954;3308954;3312758;3312758;3316888;3316888;3318114;3318114;3321492;3321492;3326054;3326054;3326575;3326575;3331046;3331046;3332140;3332140;3340432;3340432;3343497;3343497;3352282;3352282;3355319;3355319;3359559;3359559;3379583;3379583;3389214;3389214;3409346;3409346;3414577;3414577;3417068;3417068;3418183;3418183;3420091;3420091;3432151;3432151;3434321;3434321;3437958;3437958;3439976;3439976;3440945;3440945;3441626;3441626;3442779;3442779;3444960;3444960;3449972;3449972;3452600;3452600;3454649;3454649;3457686;3457686;3461962;3461962;3479930;3479930	3233335;3233335;3238401;3238401;3249286;3249286;3250396;3250396;3252856;3252856;3254208;3254208;3257420;3257420;3258776;3258776;3261238;3261238;3261548;3261548;3266898;3266898;3271638;3271638;3274336;3274336;3279253;3279253;3279571;3279571;3281752;3281752;3285185;3285185;3288670;3288670;3291008;3291008;3293150;3293150;3297124;3297124;3299604;3299604;3299935;3299935;3300448;3300448;3305207;3305207;3305561;3305561;3309141;3309141;3312997;3312997;3316995;3316995;3318353;3318353;3321597;3321597;3326212;3326212;3326756;3326756;3331211;3331211;3332321;3332321;3340612;3340612;3343720;3343720;3352432;3352432;3355500;3355500;3359906;3359906;3379945;3379945;3389249;3389249;3409472;3409472;3414725;3414725;3417215;3417215;3418361;3418361;3420256;3420256;3432259;3432259;3434399;3434399;3438126;3438126;3440160;3440160;3441091;3441091;3441811;3441811;3442908;3442908;3445060;3445060;3450110;3450110;3452744;3452744;3454752;3454752;3457997;3457997;3462085;3462085;3479997;3479997	-;-;-;-;-;-;-;-;-;-;-;-;-;-;-;-;-;-;-;-;-;-;-;-;-;-;-;-;-;-;-;-;-;-;-;-;-;-;-;-;-;-;-;-;-;-;-;-;-;-;-;-;-;-;-;-;-;-;-;-;-;-;-;-;-;-;-;-;-;-;-;-;-;-;-;-;-;-;-;-;-;-;-;-;-;-;-;-;-;-;-;-;-;-;-;-;-;-;-;-;-;-;-;-;-;-;-;-;-;-;-;-;-;-;-;-;-;-;-;-;-;-	11049	484	24	254	84	34	284	220	92	474	12	100	42	82	94	50	88	24	24	64	104	8	50	62	42	48	252	239	36	351	148	124	230	206	270	274	58	2	6	132	74	134	90	248	164	24	72	28	58	214	73	314	72	58	172	12	46	4	110	228	24	36	10	28	116	64	68	2	242	40	48	168	48	78	84	60	6	764	357	188	222	211	456
gene-308117	scaffold_10;scaffold_10	3390259;3399105	3390301;3399427	+;+	366	20	4	98	108	10	86	42	122	60	14	56	102	40	304	126	104	20	162	14	146	4	248	122	50	140	219	446	70	1796	4	14	824	314	1095	302	196	0	16	0	76	106	0	53	286	4	212	4	78	234	4	124	0	2	160	16	335	0	166	92	6	140	20	8	94	294	220	2	0	174	342	919	82	308	508	74	4	1022	4	436	598	236	764
gene-308126	scaffold_10	3470506	3471081	+	576	107	44	26	42	4	4	57	32	8	26	6	66	8	31	37	66	6	32	81	2	4	2	8	18	47	251	10	16	10	2	5	6	2	0	2	2	12	7	12	10	31	38	14	66	20	0	94	19	61	51	10	0	12	41	6	2	2	0	31	2	28	4	9	33	39	26	26	2	19	0	8	22	103	14	55	10	5	2	0	3	10	20
gene-308132	scaffold_10;scaffold_10;scaffold_10;scaffold_10;scaffold_10	3576593;3586269;3588658;3593139;3594854	3576758;3586508;3588828;3593303;3596064	-;-;-;-;-	1953	149	66	52	58	53	132	106	65	96	36	44	70	115	38	56	80	154	30	62	38	30	34	50	34	98	119	259	39	254	241	232	208	177	141	195	26	20	31	129	29	58	61	50	77	31	28	108	56	135	102	61	64	116	93	31	34	42	22	32	42	45	46	73	54	62	64	20	198	42	68	102	60	129	99	57	56	298	153	227	242	80	196
gene-308150	scaffold_10;scaffold_10;scaffold_10;scaffold_10;scaffold_10;scaffold_10;scaffold_10;scaffold_10	3600666;3600957;3601459;3602367;3603533;3603917;3604308;3605199	3600872;3601112;3601524;3602582;3603765;3604138;3604637;3605280	+;+;+;+;+;+;+;+	1512	84	25	22	19	10	28	71	21	36	20	6	11	23	14	16	48	34	10	12	4	12	6	16	8	92	94	145	2	137	64	62	49	64	55	38	8	6	7	71	20	18	24	24	39	16	6	52	8	50	79	29	16	46	42	6	0	12	10	4	22	26	4	62	30	19	32	10	39	14	30	12	20	48	42	10	20	71	84	80	157	63	81
gene-308177	scaffold_10;scaffold_10;scaffold_10;scaffold_10;scaffold_10;scaffold_10	3725011;3740384;3743353;3753423;3757958;3763366	3725210;3740707;3743895;3753685;3758117;3763549	+;+;+;+;+;+	1674	22130	8026	22867	7048	7211	12549	12636	12875	7345	8120	4194	16465	2143	3522	6644	21035	2273	6716	15534	1518	341	595	951	9297	12017	20087	3461	9600	7566	2913	2878	2588	1392	3879	1678	6030	2041	1288	1170	6732	17154	19086	9581	25043	8407	3160	31455	10416	18982	16847	7635	2781	4291	10825	5748	6796	783	3089	10981	948	4654	2221	2795	9772	11967	8651	7669	4344	10299	786	2837	7887	13338	1707	15441	12961	6967	1211	2386	3989	1920	4840
gene-308198	scaffold_10;scaffold_10;scaffold_10;scaffold_10;scaffold_10	3768022;3768109;3769923;3771149;3776919	3768056;3768231;3770256;3771241;3777122	+;+;+;+;+	789	2135	751	1545	677	808	2758	1337	1028	823	365	729	993	567	1369	539	1013	2076	335	1015	715	154	550	719	866	1344	1726	2736	577	4020	2276	2601	3473	1958	3843	2634	650	209	704	1729	660	1029	712	784	1429	509	785	1188	413	1248	1072	1040	920	1169	730	973	697	227	726	416	497	624	956	583	751	924	648	384	3382	414	815	2911	625	1048	1579	712	407	5319	1363	2602	2875	1531	2766
gene-308216	scaffold_10;scaffold_10;scaffold_10;scaffold_10	3778061;3778202;3779359;3779780	3778144;3778252;3779546;3779966	-;-;-;-	510	1462	1072	1421	888	862	2166	1198	1211	625	497	717	1155	710	2068	739	1749	2849	708	2283	1512	269	1245	1380	1798	2510	2243	4397	938	9790	4276	4309	5968	3349	6303	3581	845	340	1433	2572	937	860	896	768	1733	620	1032	1555	438	2403	1386	1219	885	912	831	1251	917	301	1065	812	711	1150	2293	1015	914	1462	730	614	6255	827	2199	5830	1530	1344	2685	1044	606	8304	2549	3896	4780	2312	5011
gene-308231	scaffold_10;scaffold_10;scaffold_10;scaffold_10;scaffold_10;scaffold_10;scaffold_10;scaffold_10;scaffold_10;scaffold_10;scaffold_10;scaffold_10;scaffold_10;scaffold_10;scaffold_10;scaffold_10	3799288;3799505;3803877;3809956;3821468;3821771;3821954;3822174;3830058;3830248;3835398;3837028;3838179;3838431;3842076;3847216	3799370;3799676;3804357;3810285;3821709;3821884;3822118;3822316;3830195;3831214;3835841;3838127;3838290;3838606;3842351;3847411	+;+;+;+;+;+;+;+;+;+;+;+;+;+;+;+	5139	501	299	386	154	204	582	611	184	213	138	158	292	720	111	272	384	89	104	244	61	112	20	180	164	1035	1091	778	139	1109	372	423	289	565	256	455	74	122	86	261	68	162	167	248	343	95	16	307	151	422	613	140	70	458	415	103	20	92	87	196	126	149	51	128	283	165	176	108	455	36	116	202	228	1302	223	205	136	920	361	563	1747	562	688
gene-308282	scaffold_10;scaffold_10;scaffold_10;scaffold_10;scaffold_10	3878101;3880562;3882565;3887592;3887880	3878219;3880690;3882732;3887668;3887932	-;-;-;-;-	546	71	7	33	32	12	60	61	30	36	12	22	20	42	16	22	39	40	24	30	12	22	2	27	21	124	116	90	14	137	46	62	16	54	13	38	10	14	17	71	10	23	24	40	74	28	2	31	16	52	56	20	4	41	38	17	8	16	14	16	30	30	10	53	18	29	28	14	17	8	26	16	33	46	40	15	25	51	40	40	145	76	145
gene-308300	scaffold_10;scaffold_10;scaffold_10;scaffold_10;scaffold_10;scaffold_10	3892332;3894585;3897326;3903738;3905520;3906602	3892344;3894829;3897403;3904133;3905969;3906970	-;-;-;-;-;-	1551	1406	545	819	487	434	1706	785	658	678	182	505	622	487	661	478	670	1284	362	636	412	122	280	369	512	894	1074	1671	230	3115	1835	2021	2226	1275	2337	1644	319	103	656	874	511	640	427	574	1255	328	547	722	331	2458	815	527	495	873	663	513	323	126	589	342	252	278	671	334	527	661	414	204	2348	325	450	2116	345	747	810	453	282	3659	967	1783	2139	809	1583
gene-308321	scaffold_10;scaffold_10;scaffold_10;scaffold_10;scaffold_10;scaffold_10;scaffold_10;scaffold_10;scaffold_10;scaffold_10;scaffold_10;scaffold_10;scaffold_10;scaffold_10;scaffold_10;scaffold_10;scaffold_10;scaffold_10;scaffold_10;scaffold_10;scaffold_10;scaffold_10;scaffold_10;scaffold_10;scaffold_10;scaffold_10;scaffold_10;scaffold_10;scaffold_10;scaffold_10;scaffold_10;scaffold_10	3912911;3912911;3912911;3914371;3914371;3914371;3918953;3918953;3918953;3921438;3921438;3922723;3922723;3922723;3925612;3925612;3925612;3927876;3927876;3927876;3928099;3928099;3928099;3929400;3929400;3929400;3931284;3931284;3931284;3931403;3931403;3931403	3913028;3913028;3913028;3914680;3914680;3914680;3919390;3919393;3919393;3921500;3921500;3922785;3922785;3922785;3925674;3925674;3925674;3927938;3927938;3927938;3928161;3928161;3928161;3929450;3929450;3929450;3931332;3931332;3931332;3931444;3931444;3931444	-;-;-;-;-;-;-;-;-;-;-;-;-;-;-;-;-;-;-;-;-;-;-;-;-;-;-;-;-;-;-;-	1326	474	240	593	216	237	899	458	407	426	120	352	362	357	255	156	441	276	82	327	140	48	94	163	219	811	530	373	136	464	220	599	613	580	397	989	139	65	216	154	302	438	318	385	668	214	333	526	189	1122	772	487	313	593	417	264	79	60	210	181	126	206	210	111	232	507	200	72	638	162	40	283	197	362	291	271	117	1165	135	521	592	246	704
gene-308424	scaffold_10;scaffold_10;scaffold_10;scaffold_10;scaffold_10;scaffold_10;scaffold_10;scaffold_10;scaffold_10	3933856;3934060;3934355;3936850;3937068;3940066;3940575;3941659;3944156	3934000;3934235;3934582;3936984;3937225;3940252;3940715;3941810;3944360	+;+;+;+;+;+;+;+;+	1527	566	85	264	95	124	369	579	106	207	83	114	105	272	20	53	151	14	22	100	21	32	0	57	82	271	242	122	52	264	106	137	90	122	56	89	44	22	6	50	76	130	120	164	320	104	14	285	142	160	440	74	49	490	151	44	0	66	62	62	126	102	12	42	81	79	86	56	168	31	36	44	74	150	66	79	89	222	104	126	439	129	187
gene-308454	scaffold_10;scaffold_10;scaffold_10;scaffold_10;scaffold_10;scaffold_10;scaffold_10;scaffold_10;scaffold_10;scaffold_10	3962889;3963075;3965908;3968686;3969303;3970231;3984259;3988329;3994141;4047417	3963018;3963214;3966150;3969220;3969568;3970337;3984741;3988662;3994319;4047462	-;-;-;-;-;-;-;-;-;-	2463	501	226	242	106	116	336	463	122	228	134	60	166	794	32	246	292	64	89	145	50	90	20	124	36	565	479	407	102	417	194	157	130	155	51	122	62	74	88	160	78	155	94	193	248	97	30	235	129	190	349	113	74	366	197	75	30	76	82	196	147	130	16	120	182	122	175	82	109	46	73	54	163	2258	122	140	126	220	212	227	893	211	238
gene-308487	scaffold_10;scaffold_10;scaffold_10;scaffold_10;scaffold_10;scaffold_10	4051806;4054698;4058101;4058764;4065011;4066955	4052001;4054858;4058236;4059011;4065160;4067071	-;-;-;-;-;-	1008	6	4	0	0	0	6	0	0	6	0	0	0	0	4	2	2	0	4	2	0	0	0	2	0	2	8	0	0	6	4	0	2	0	4	0	2	0	0	2	2	4	2	0	0	2	0	2	0	0	0	2	0	2	0	0	8	0	2	0	2	0	0	4	0	0	0	0	0	10	0	6	2	0	0	2	0	6	0	4	2	2	2
gene-308508	scaffold_10;scaffold_10;scaffold_10;scaffold_10;scaffold_10;scaffold_10;scaffold_10;scaffold_10;scaffold_10;scaffold_10;scaffold_10;scaffold_10	4076750;4101780;4109371;4133754;4228620;4228620;4229473;4229473;4235472;4235472;4239455;4239455	4076907;4101990;4109682;4133816;4228800;4228800;4229714;4229714;4235645;4235645;4239751;4239751	+;+;+;+;+;+;+;+;+;+;+;+	1638	38	13	26	6	14	18	17	8	25	0	14	6	62	0	10	16	2	2	12	0	0	2	2	2	22	36	23	12	18	6	0	4	10	0	4	4	0	4	2	4	6	16	8	22	6	2	10	6	28	46	6	8	18	16	12	0	8	6	3	16	14	2	2	10	4	7	14	0	8	8	0	10	40	2	8	22	12	14	8	30	50	6
gene-308549	scaffold_10;scaffold_10;scaffold_10;scaffold_10	4250951;4253142;4260186;4264182	4251131;4253398;4260431;4264379	-;-;-;-	882	3345	1266	2367	1252	1506	4177	2109	1612	1568	598	1416	1724	929	2157	1081	2076	3428	824	1543	1332	376	1261	1179	1547	2208	3380	3755	1028	5003	2744	3682	4738	2991	4454	3682	1272	382	1230	2319	1372	1669	1724	1406	2836	1109	1502	2366	849	2234	1874	2184	1685	1777	1417	1746	1647	514	1685	941	850	1077	1878	1083	1038	1938	1208	637	3958	969	1086	4104	1313	1997	2215	1386	816	6693	1863	2852	3593	1992	3602
gene-308564	scaffold_10;scaffold_10;scaffold_10;scaffold_10;scaffold_10;scaffold_10;scaffold_10;scaffold_10;scaffold_10;scaffold_10	4280789;4285694;4287431;4287582;4293011;4293328;4299364;4311588;4317110;4322449	4281066;4285910;4287500;4287711;4293184;4293619;4299698;4311806;4317302;4322490	-;-;-;-;-;-;-;-;-;-	1950	0	2	0	0	0	0	0	0	4	0	0	2	0	0	2	0	0	0	2	0	0	0	0	0	0	0	0	0	0	0	0	0	0	2	0	0	0	0	0	0	0	0	4	0	0	0	0	0	0	0	4	0	0	2	0	0	0	2	0	0	0	0	0	0	2	0	0	0	0	0	0	0	2	0	0	0	0	0	0	0	0	0
gene-308597	scaffold_10	4324908	4325585	-	678	0	0	0	0	0	0	0	0	0	0	0	0	0	0	0	0	0	0	0	0	0	0	0	0	0	0	0	0	0	0	0	0	0	0	0	0	0	0	0	0	0	0	0	0	0	0	0	0	0	0	0	0	0	0	0	0	0	0	0	0	0	0	0	0	0	0	0	0	0	0	0	0	0	0	0	0	0	0	0	0	0	0
gene-308603	scaffold_10;scaffold_10;scaffold_10;scaffold_10;scaffold_10;scaffold_10;scaffold_10;scaffold_10;scaffold_10;scaffold_10;scaffold_10;scaffold_10;scaffold_10;scaffold_10;scaffold_10;scaffold_10;scaffold_10;scaffold_10;scaffold_10;scaffold_10;scaffold_10;scaffold_10;scaffold_10;scaffold_10;scaffold_10;scaffold_10;scaffold_10;scaffold_10;scaffold_10	4326709;4326709;4326709;4331916;4331916;4331916;4337291;4337291;4337291;4339176;4339176;4339176;4343592;4343592;4343592;4345622;4345622;4345622;4347913;4347913;4347913;4349578;4349578;4349578;4351107;4351107;4351107;4355218;4365303	4326986;4326986;4326986;4332132;4332132;4332132;4337490;4337490;4337490;4339349;4339349;4339349;4343883;4343883;4343883;4345746;4345746;4345746;4348122;4348122;4348122;4349796;4349796;4349796;4351305;4351305;4351191;4355250;4365371	-;-;-;-;-;-;-;-;-;-;-;-;-;-;-;-;-;-;-;-;-;-;-;-;-;-;-;-;-	2016	0	0	4	2	2	4	0	0	2	0	2	2	0	2	2	2	4	2	4	2	0	0	0	0	2	12	2	0	2	2	4	0	2	12	2	2	0	2	6	0	0	4	2	6	0	6	0	0	4	0	2	0	0	4	0	0	0	0	0	0	2	2	4	2	4	0	0	0	0	2	10	0	2	2	0	0	8	0	0	2	0	6
gene-308697	scaffold_10;scaffold_10	4362697;4362697	4363872;4363263	-;-	1176	0	0	0	0	0	0	0	0	0	0	0	0	0	0	0	0	0	0	0	0	0	0	0	0	0	0	0	0	0	0	0	0	0	0	0	0	0	0	0	0	0	0	0	0	0	0	0	0	0	0	0	0	0	0	0	0	0	0	0	0	0	0	0	0	0	0	0	0	0	0	0	0	0	0	0	0	0	0	0	0	0	0
gene-308708	scaffold_10;scaffold_10;scaffold_10;scaffold_10;scaffold_10;scaffold_10;scaffold_10;scaffold_10;scaffold_10	4365557;4374760;4381174;4392143;4417049;4420250;4422709;4452146;4455962	4365598;4374955;4381392;4392477;4417340;4420423;4422908;4452362;4456245	+;+;+;+;+;+;+;+;+	1959	4	2	4	2	0	4	0	0	4	0	2	4	0	0	0	4	8	0	2	0	0	0	0	0	4	8	2	2	24	3	2	2	2	14	2	0	2	2	4	0	0	0	2	2	0	8	4	0	13	0	2	0	0	0	0	2	2	4	4	0	0	2	0	0	4	2	2	4	2	0	22	4	10	16	0	0	12	4	6	4	6	12
gene-308738	scaffold_10;scaffold_10;scaffold_10;scaffold_10;scaffold_10;scaffold_10;scaffold_10;scaffold_10;scaffold_10;scaffold_10;scaffold_10;scaffold_10;scaffold_10;scaffold_10;scaffold_10;scaffold_10;scaffold_10;scaffold_10	4465399;4468674;4471613;4471851;4472146;4473911;4475639;4483550;4486781;4491681;4496548;4512979;4519523;4524477;4526289;4530163;4532733;4534990	4465485;4468866;4471789;4472089;4472454;4474183;4480291;4483792;4487063;4491907;4497602;4513150;4520624;4525064;4526837;4530293;4533443;4535232	+;+;+;+;+;+;+;+;+;+;+;+;+;+;+;+;+;+	11235	368	174	192	129	216	257	478	136	393	244	162	220	772	129	381	428	128	112	198	88	214	30	309	92	1528	898	1200	147	1735	823	1002	815	933	403	825	122	121	136	536	57	110	138	217	186	140	42	243	204	347	603	161	57	549	434	112	38	224	98	201	344	222	34	400	456	84	450	82	807	28	275	325	337	1218	334	140	151	1936	625	1470	1831	581	627
gene-308795	scaffold_10;scaffold_10;scaffold_10;scaffold_10	4556926;4559796;4561534;4566626	4557015;4559948;4561662;4566808	-;-;-;-	555	690	288	485	257	206	726	415	344	256	93	193	363	213	268	178	449	412	151	308	206	63	72	221	225	451	701	647	186	821	379	558	605	485	552	530	158	65	129	309	199	380	258	282	564	167	136	419	128	457	324	256	222	343	300	232	134	74	214	146	117	230	208	140	230	403	185	102	620	161	161	367	200	325	320	190	127	891	327	488	1033	502	917
gene-308810	scaffold_10;scaffold_10;scaffold_10	4572781;4575284;4575690	4572981;4575556;4575770	-;-;-	555	41548	22842	43987	20541	24089	63384	37050	28296	29156	13549	24494	25727	15229	24763	12516	27500	36338	10242	20759	16952	9558	20053	18230	22591	25279	36474	36807	15708	52713	29795	28760	32552	21039	37443	23294	20704	8113	15878	24730	21650	30728	28906	24822	48601	22294	25683	41240	17668	41829	31780	30168	31172	33962	20502	26517	27902	12655	24623	14335	17197	19085	26416	14286	15532	30329	16137	13754	38646	19969	13369	35512	17520	22868	22815	23794	19201	47757	25090	25141	39583	23631	40974
gene-308822	scaffold_10;scaffold_10;scaffold_10;scaffold_10;scaffold_10	4578033;4579347;4580889;4582117;4584297	4578352;4579736;4580942;4582149;4584444	+;+;+;+;+	945	816	197	320	152	138	433	630	274	143	107	115	297	200	87	163	511	78	98	252	28	34	4	124	112	740	829	311	144	512	196	183	85	243	63	157	94	68	30	116	87	273	346	220	532	129	24	402	151	385	484	99	48	377	288	130	14	28	56	150	98	151	23	100	170	213	111	94	261	51	48	79	155	309	117	202	135	336	168	218	1010	275	666
gene-308840	scaffold_10;scaffold_10	4830034;4835541	4830319;4835764	-;-	510	0	0	0	0	0	0	0	0	0	0	0	0	0	0	0	0	0	0	0	0	0	0	0	0	0	0	0	0	0	0	0	0	0	0	0	0	0	0	0	0	0	0	0	0	0	0	0	0	0	0	0	0	0	0	0	0	0	0	0	0	0	0	0	0	0	0	0	0	0	0	0	0	0	0	0	0	0	0	0	0	0	0
gene-308850	scaffold_10;scaffold_10;scaffold_10	5194270;5208584;5222264	5194889;5208801;5222424	-;-;-	999	0	0	0	2	0	0	0	0	0	0	0	2	0	0	0	0	0	0	0	0	0	0	2	0	2	0	0	0	2	2	2	2	6	0	17	0	0	0	1	0	4	0	0	0	0	1	0	0	0	0	0	0	0	4	0	0	0	0	0	2	0	2	0	0	0	0	0	10	0	2	0	0	2	2	0	0	9	2	6	6	4	6
gene-308862	scaffold_10;scaffold_10;scaffold_10	5243757;5254256;5257460	5243831;5254356;5257613	+;+;+	330	324	101	258	32	110	547	304	91	80	51	85	104	56	75	29	57	140	8	52	18	20	4	21	60	156	102	218	12	482	186	267	172	65	323	154	11	7	18	56	122	123	93	109	375	63	44	149	34	125	274	174	112	236	84	77	18	22	176	84	70	31	29	33	42	92	53	48	262	20	76	147	27	36	98	66	22	504	84	197	279	110	358
gene-308874	scaffold_10	5280733	5281446	-	714	0	0	0	0	0	0	2	2	0	2	0	0	0	0	4	0	0	0	0	0	0	0	0	2	0	9	0	2	0	0	0	0	0	0	0	0	0	0	0	0	0	6	0	0	0	0	0	0	0	4	0	0	0	10	0	0	0	0	2	0	0	0	0	0	12	0	0	0	0	0	0	0	0	0	0	0	0	0	0	0	0	0
gene-308880	scaffold_10	5845922	5846263	+	342	0	0	0	0	0	0	0	0	0	0	0	0	0	0	0	0	0	0	0	0	0	0	0	0	0	0	0	0	0	0	0	0	0	0	0	0	0	0	0	0	0	0	0	0	0	0	0	0	0	0	0	0	0	0	0	0	0	0	0	0	0	0	0	0	0	0	0	0	0	0	0	0	0	0	0	0	0	0	0	0	0	0
gene-308887	scaffold_10;scaffold_10	6094492;6096083	6094589;6096296	+;+	312	0	0	0	0	0	0	0	0	0	0	0	0	0	0	0	0	0	0	0	0	0	0	0	0	0	0	0	0	0	0	0	0	0	0	0	0	0	0	0	0	0	0	0	0	0	0	0	0	0	0	0	0	0	0	0	0	0	0	0	0	0	0	0	0	0	0	0	0	0	0	0	0	0	0	0	0	0	0	0	0	0	0
gene-308897	scaffold_10;scaffold_10;scaffold_10;scaffold_10;scaffold_10;scaffold_10;scaffold_10	6120400;6124054;6125325;6127697;6129733;6130707;6132254	6120511;6124350;6125753;6127980;6130008;6130834;6132362	-;-;-;-;-;-;-	1635	416	136	218	106	104	295	282	189	58	52	46	171	73	142	112	401	86	54	145	38	0	4	73	167	512	538	372	88	853	298	502	327	507	252	521	46	33	49	170	62	157	229	130	302	40	8	320	66	301	276	104	45	156	147	77	23	12	60	75	43	92	40	37	98	159	47	52	772	30	46	368	186	200	230	88	58	1066	93	388	730	251	440
gene-308921	scaffold_10;scaffold_10	6134253;6135618	6134555;6136202	-;-	888	1423	341	810	326	424	1246	1115	689	233	219	258	556	185	617	360	1054	1066	240	596	178	56	60	243	438	1053	1568	1523	363	1967	665	871	768	686	757	916	224	199	247	670	302	670	668	425	921	242	160	869	224	992	856	382	179	769	503	413	199	63	342	260	128	281	290	319	361	558	257	242	1100	184	190	829	430	678	630	436	255	1810	499	766	2287	636	1458
gene-308930	scaffold_10;scaffold_10;scaffold_10;scaffold_10	6324003;6326686;6329336;6332881	6324314;6327033;6329817;6333424	+;+;+;+	1686	14	0	4	2	4	10	26	6	20	2	4	0	11	2	2	2	0	0	0	7	10	0	6	0	10	6	16	2	2	2	28	38	22	8	6	0	6	0	0	12	4	4	4	4	8	0	4	10	4	16	2	0	20	2	2	0	4	3	2	15	2	0	10	2	0	8	0	12	0	4	0	2	6	4	4	6	22	6	35	14	55	6
gene-308945	scaffold_10;scaffold_10;scaffold_10;scaffold_10;scaffold_10;scaffold_10;scaffold_10;scaffold_10;scaffold_10;scaffold_10;scaffold_10	6397006;6399393;6401356;6403384;6407382;6408741;6409277;6412333;6412551;6415273;6415541	6397150;6399563;6401867;6403557;6407609;6409220;6409436;6412492;6412789;6415485;6415647	-;-;-;-;-;-;-;-;-;-;-	2589	362	87	136	92	42	143	164	139	68	54	35	119	51	64	74	331	33	24	153	16	8	0	24	72	302	318	158	78	454	118	130	62	190	43	122	47	83	21	105	45	89	200	60	211	21	10	216	52	174	212	56	18	94	150	65	8	24	12	42	22	67	16	57	71	112	57	37	181	29	36	67	135	134	80	101	46	253	68	143	365	131	278
gene-308981	scaffold_10;scaffold_10	6431356;6434891	6431581;6435297	-;-	633	0	2	6	0	0	2	2	0	5	0	0	2	0	0	3	3	0	2	0	0	0	0	2	6	0	11	2	0	2	1	0	0	0	0	2	6	0	0	0	4	5	8	2	5	0	2	2	2	21	2	2	0	4	2	2	0	2	0	6	0	0	2	0	2	2	0	0	0	2	0	0	0	7	2	2	2	0	1	0	0	0	2
gene-308990	scaffold_10;scaffold_10;scaffold_10;scaffold_10;scaffold_10;scaffold_10;scaffold_10;scaffold_10;scaffold_10;scaffold_10;scaffold_10;scaffold_10;scaffold_10;scaffold_10;scaffold_10;scaffold_10;scaffold_10;scaffold_10	6456228;6456228;6456377;6456377;6456589;6456589;6457839;6457839;6458336;6458348;6462628;6462628;6468229;6468229;6471708;6471708;6473766;6473766	6456323;6456323;6456481;6456481;6456808;6456808;6458050;6458050;6458500;6458500;6462716;6462716;6468440;6468440;6471893;6471893;6474208;6474208	+;+;+;+;+;+;+;+;+;+;+;+;+;+;+;+;+;+	1728	4	6	6	4	8	10	14	8	8	8	6	4	32	4	4	6	6	4	6	2	4	6	14	2	18	10	53	10	51	44	20	20	30	21	24	2	6	2	14	0	2	12	4	3	8	4	8	8	14	16	5	8	20	10	0	0	0	4	2	16	2	4	29	6	2	14	4	20	6	10	2	20	14	6	6	4	17	26	50	23	20	16
gene-309049	scaffold_10;scaffold_10;scaffold_10;scaffold_10;scaffold_10;scaffold_10	6489542;6492269;6497380;6497545;6499656;6508763	6489671;6492570;6497493;6497714;6499849;6509820	-;-;-;-;-;-	1968	1298	739	895	579	637	1569	1110	1099	652	382	666	1109	659	915	822	1732	1366	548	1113	574	122	292	467	850	2224	2570	2496	633	5072	1671	1625	1698	1137	2188	1058	591	208	681	1064	692	659	937	774	1777	499	542	1405	463	2486	1454	928	540	871	1320	802	619	151	695	682	380	526	754	521	894	892	721	364	2356	418	443	2594	1028	1460	1211	842	450	3739	1121	1608	3313	1188	2011
gene-309070	scaffold_10	6518804	6519004	+	201	0	0	0	0	0	0	0	0	0	0	0	0	0	0	0	0	0	0	0	0	0	0	0	0	0	0	0	0	0	0	0	0	0	0	0	0	0	0	0	0	0	0	0	0	0	0	0	0	0	0	0	0	0	0	0	0	0	0	0	0	0	0	0	0	0	0	0	0	0	0	0	0	0	0	0	0	0	0	0	0	0	0
gene-309076	scaffold_10;scaffold_10;scaffold_10;scaffold_10;scaffold_10;scaffold_10;scaffold_10;scaffold_10;scaffold_10;scaffold_10;scaffold_10;scaffold_10;scaffold_10;scaffold_10;scaffold_10;scaffold_10;scaffold_10;scaffold_10;scaffold_10;scaffold_10;scaffold_10;scaffold_10;scaffold_10;scaffold_10;scaffold_10;scaffold_10;scaffold_10;scaffold_10;scaffold_10;scaffold_10;scaffold_10;scaffold_10;scaffold_10;scaffold_10;scaffold_10;scaffold_10;scaffold_10;scaffold_10;scaffold_10;scaffold_10;scaffold_10;scaffold_10;scaffold_10;scaffold_10;scaffold_10;scaffold_10;scaffold_10;scaffold_10;scaffold_10;scaffold_10;scaffold_10;scaffold_10;scaffold_10;scaffold_10;scaffold_10;scaffold_10;scaffold_10	6528440;6528440;6533999;6533999;6535446;6535446;6538633;6538633;6540731;6540731;6546757;6546757;6546944;6546944;6552468;6552468;6558612;6558612;6558782;6558782;6558985;6558985;6560147;6560147;6560344;6560344;6565102;6586510;6586510;6596659;6596659;6597225;6597225;6599806;6599806;6603452;6603452;6609061;6609061;6610172;6610172;6610380;6610380;6612919;6612919;6620111;6620111;6620799;6620799;6626563;6626563;6629460;6629460;6633866;6633866;6635076;6635076	6528846;6528846;6534164;6534164;6535648;6535648;6538810;6538810;6541068;6541068;6546879;6546879;6548195;6548195;6552700;6552700;6558729;6558729;6558893;6558893;6559172;6559172;6560289;6560289;6560464;6560464;6565206;6587019;6587019;6596859;6596859;6597458;6597458;6600144;6600144;6603772;6603772;6609230;6609230;6610319;6610319;6610530;6610530;6613826;6613826;6620276;6620276;6621333;6621333;6627037;6627037;6629546;6629546;6634052;6634052;6635170;6635170	-;-;-;-;-;-;-;-;-;-;-;-;-;-;-;-;-;-;-;-;-;-;-;-;-;-;-;-;-;-;-;-;-;-;-;-;-;-;-;-;-;-;-;-;-;-;-;-;-;-;-;-;-;-;-;-;-	8214	66	64	88	48	112	114	168	30	244	76	72	41	400	29	118	76	96	74	38	46	94	16	124	10	335	132	541	30	659	413	362	236	309	148	196	16	52	16	310	62	30	44	126	56	86	32	68	130	90	190	60	52	185	142	32	4	102	58	38	178	104	19	260	108	36	166	24	87	8	214	52	84	232	160	56	92	321	390	405	207	286	59
gene-309252	scaffold_10;scaffold_10;scaffold_10;scaffold_10;scaffold_10;scaffold_10	6645347;6646510;6646920;6647673;6648789;6649041	6645490;6646794;6647289;6648024;6648981;6649100	-;-;-;-;-;-	1404	1536	721	1088	530	569	1797	967	886	458	298	450	873	350	1229	460	1093	2009	336	909	539	89	309	510	770	1288	1590	3385	468	4483	1873	2485	2522	1827	2919	2552	350	153	475	1551	433	774	759	687	1264	455	476	1211	333	1334	1106	782	480	970	745	669	544	162	695	398	325	482	958	559	431	870	467	345	3269	367	688	2635	670	764	1270	587	337	4830	1520	2025	4102	1885	2876
gene-309273	scaffold_10;scaffold_10;scaffold_10;scaffold_10	6650289;6650420;6650585;6650698	6650357;6650526;6650640;6650816	+;+;+;+	351	1334	533	1187	545	541	1647	1072	814	463	271	558	709	278	1082	369	1139	1674	304	810	408	73	350	512	710	1277	1561	1930	436	3352	1941	2349	2709	1726	2687	1875	359	206	489	1050	496	861	819	680	1285	388	543	1197	279	994	1113	648	399	977	580	685	408	156	556	384	407	471	721	575	482	868	345	279	3074	402	433	2361	596	578	1130	558	350	4145	971	1879	2861	1254	2207
gene-309288	scaffold_10;scaffold_10;scaffold_10;scaffold_10;scaffold_10;scaffold_10;scaffold_10;scaffold_10	6653030;6657937;6658146;6671496;6674390;6677044;6679565;6679775	6653209;6658088;6658370;6671721;6674772;6677207;6679709;6679805	-;-;-;-;-;-;-;-	1506	934	340	374	202	232	644	588	348	102	133	144	315	160	269	184	526	369	114	379	76	24	36	165	270	758	764	1235	159	3589	639	871	471	692	550	725	94	92	126	365	118	332	320	242	560	136	42	529	91	639	566	239	86	340	288	208	64	29	173	162	54	152	128	105	234	323	108	132	1198	99	338	819	329	550	382	281	113	1653	338	608	2775	1022	1508
gene-309315	scaffold_10;scaffold_10;scaffold_10	6687562;6696675;6704678	6687683;6696885;6704845	+;+;+	501	766	243	541	225	232	935	501	363	275	110	279	323	177	629	223	440	1611	181	315	321	44	221	261	262	460	665	1335	173	2093	1067	1380	2031	975	1752	1320	206	81	281	723	244	355	317	248	550	207	274	430	160	743	360	318	251	404	271	290	301	84	316	187	138	229	467	330	220	342	244	141	1721	293	354	1536	263	390	747	264	185	2472	618	1060	1120	626	1825
gene-309327	scaffold_10;scaffold_10	7177113;7177113	7177808;7177844	-;-	732	0	0	0	0	0	0	0	0	0	0	0	0	0	0	0	0	0	0	0	0	0	0	0	0	0	0	0	0	0	0	0	0	0	0	0	0	0	0	0	0	0	0	0	0	0	0	0	0	0	0	0	0	0	0	0	0	0	0	0	0	0	0	0	0	0	0	0	0	0	0	0	0	0	0	0	0	0	0	0	0	0	0
gene-309339	scaffold_10;scaffold_10;scaffold_10;scaffold_10;scaffold_10;scaffold_10;scaffold_10;scaffold_10;scaffold_10;scaffold_10;scaffold_10;scaffold_10;scaffold_10;scaffold_10;scaffold_10	7233864;7240210;7246875;7251742;7256932;7265877;7270146;7272419;7275135;7281663;7288287;7293250;7297359;7302927;7309242	7233903;7240458;7247060;7252027;7257112;7266105;7270300;7272667;7275293;7281930;7288470;7293471;7297631;7303149;7309388	+;+;+;+;+;+;+;+;+;+;+;+;+;+;+	3051	110	64	56	12	34	80	67	58	22	28	24	42	42	70	24	56	108	8	32	14	2	32	46	56	114	31	411	30	714	247	125	590	84	394	181	6	0	12	122	34	26	42	22	210	6	34	45	40	222	120	46	52	50	40	15	18	6	56	14	71	28	11	26	22	34	14	12	320	10	32	300	32	36	160	49	10	518	49	204	223	159	136
gene-309387	scaffold_10;scaffold_10;scaffold_10	7330281;7332338;7338545	7330556;7332632;7339368	-;-;-	1395	0	0	0	2	0	0	2	0	0	4	4	0	2	0	4	0	0	0	0	0	0	0	0	0	8	0	2	0	3	2	0	4	0	2	0	0	0	2	2	0	0	0	2	0	0	0	0	0	0	0	0	0	2	0	0	0	0	0	0	2	0	0	0	0	0	0	0	0	0	0	0	0	0	4	0	0	2	0	2	6	2	2
gene-309399	scaffold_10;scaffold_10	7350125;7362908	7350152;7363587	-;-	708	160	127	165	69	68	172	147	140	37	67	58	95	86	181	85	148	160	19	157	163	31	101	153	99	247	335	393	86	872	448	326	937	190	682	320	73	30	76	146	66	68	87	64	205	44	74	137	58	143	127	142	85	107	67	68	228	38	103	95	99	33	265	192	50	91	62	30	480	63	123	643	104	174	146	108	20	835	95	361	278	195	236
gene-309408	scaffold_10	7376854	7378212	-	1359	53	11	30	4	10	50	58	8	6	0	10	20	10	20	4	18	36	0	18	0	0	2	24	30	39	6	133	7	346	168	84	180	18	104	64	2	0	4	43	4	24	28	10	83	2	6	25	6	22	48	20	2	58	18	12	0	2	10	6	14	8	0	4	2	10	2	4	169	4	4	125	16	6	45	10	4	270	6	74	75	28	66
gene-309414	scaffold_10	7449375	7450322	+	948	2	2	0	0	0	0	0	0	2	0	0	0	0	0	2	0	0	0	0	2	0	0	2	0	0	0	4	0	6	6	0	4	0	2	2	0	0	0	2	0	0	0	0	0	2	0	0	0	2	0	0	0	0	0	0	0	0	0	0	0	0	0	1	0	0	0	0	0	0	2	4	0	0	2	0	0	2	0	4	2	0	0
gene-309420	scaffold_10;scaffold_10;scaffold_10;scaffold_10;scaffold_10;scaffold_10;scaffold_10;scaffold_10;scaffold_10;scaffold_10;scaffold_10;scaffold_10;scaffold_10;scaffold_10;scaffold_10;scaffold_10	7564543;7584817;7593118;7649400;7686551;7687694;7691032;7715022;7717176;7718756;7723132;7725275;7728398;7733792;7736807;7751204	7564625;7585263;7594360;7649477;7686628;7687798;7691148;7715404;7717517;7718859;7723390;7725583;7728465;7734115;7737011;7751411	+;+;+;+;+;+;+;+;+;+;+;+;+;+;+;+	4353	18	8	10	18	12	28	42	8	46	10	12	6	64	6	42	12	20	15	4	7	36	4	30	2	79	28	274	4	242	176	128	96	100	57	94	18	10	23	93	18	12	0	26	16	26	0	4	10	54	34	12	12	30	16	22	2	32	16	10	44	20	4	114	42	14	42	12	58	2	69	22	30	26	36	22	20	128	214	208	115	116	28
gene-309471	scaffold_10;scaffold_10;scaffold_10;scaffold_10;scaffold_10;scaffold_10;scaffold_10;scaffold_10;scaffold_10;scaffold_10;scaffold_10;scaffold_10;scaffold_10;scaffold_10	7910510;7920959;7923529;7927904;7928378;7939935;7943984;7948565;7952900;7956289;7957874;7965273;7965743;7969435	7910561;7921109;7923638;7928083;7928518;7940141;7944281;7949040;7953037;7956437;7958079;7965412;7965869;7969837	+;+;+;+;+;+;+;+;+;+;+;+;+;+	2778	726	382	602	374	580	1146	464	386	476	186	550	338	501	646	302	498	766	138	290	508	110	220	360	254	583	1378	1300	196	728	555	953	1129	703	1246	702	418	172	336	558	312	435	350	308	749	407	229	435	237	508	586	734	445	594	346	482	252	129	445	171	220	202	576	287	217	298	217	112	837	184	155	986	272	114	476	352	176	1440	604	700	1072	867	1985
gene-309516	scaffold_10	7975949	7976263	+	315	848	360	802	328	642	1137	351	330	429	179	434	304	353	347	240	481	517	119	296	334	105	143	262	230	301	951	761	115	679	473	740	1026	646	1217	533	305	96	209	288	325	345	290	280	512	517	179	404	171	321	547	728	774	372	240	501	221	70	458	196	235	210	467	179	140	320	179	135	850	266	164	754	214	182	305	370	202	1308	576	570	1023	620	1105
gene-309522	scaffold_10;scaffold_10;scaffold_10;scaffold_10;scaffold_10;scaffold_10;scaffold_10;scaffold_10;scaffold_10	7995427;8031514;8034212;8044750;8044750;8044750;8061332;8061332;8061332	7995476;8031548;8034243;8045096;8045096;8045096;8061594;8061594;8061594	+;+;+;+;+;+;+;+;+	727	479	112	279	135	144	607	347	187	332	167	149	157	272	76	134	362	114	49	239	62	56	44	94	102	340	419	254	107	347	104	102	168	118	120	70	100	40	50	134	111	205	253	227	386	149	154	398	106	251	431	219	114	378	240	153	28	58	129	89	110	114	70	96	147	187	85	53	177	84	38	62	127	219	92	211	117	250	206	156	1080	93	212
gene-309556	scaffold_10;scaffold_10;scaffold_10;scaffold_10;scaffold_10;scaffold_10;scaffold_10;scaffold_10	8073843;8079364;8079965;8086582;8089989;8091974;8092120;8096083	8074018;8079534;8080187;8087417;8090456;8092060;8092331;8096288	-;-;-;-;-;-;-;-	2379	54	23	31	33	10	43	90	41	35	22	18	27	34	20	50	82	26	30	26	10	24	4	45	28	217	131	333	20	404	137	176	103	178	35	155	12	10	10	113	8	4	24	20	46	16	2	34	16	115	80	16	8	64	32	8	6	8	13	16	30	26	3	61	32	12	22	12	94	8	96	34	37	88	82	22	16	287	164	237	610	158	172
gene-309583	scaffold_10;scaffold_10;scaffold_10;scaffold_10;scaffold_10;scaffold_10;scaffold_10;scaffold_10;scaffold_10;scaffold_10;scaffold_10;scaffold_10;scaffold_10;scaffold_10;scaffold_10;scaffold_10;scaffold_10;scaffold_10	8099608;8099608;8112245;8112245;8116701;8116701;8122173;8122173;8124088;8124088;8126664;8126664;8127023;8127026;8128390;8128390;8133679;8133679	8100189;8100189;8112550;8112550;8117027;8117027;8122343;8122343;8124249;8124249;8126784;8126784;8127254;8127254;8128571;8128571;8135135;8135135	+;+;+;+;+;+;+;+;+;+;+;+;+;+;+;+;+;+	3540	919	448	525	307	394	1061	1040	462	408	194	324	407	376	773	374	858	1354	146	399	274	58	156	259	320	1401	1090	2309	211	4697	2256	2733	2633	2220	2196	2627	196	145	349	1014	243	360	431	411	849	202	321	617	245	998	820	482	263	762	612	381	171	107	311	279	195	193	468	337	397	397	342	156	3269	192	462	2641	447	838	1266	412	204	6200	762	2468	2795	1098	1850
gene-309642	scaffold_10	8138158	8139144	-	987	1642	911	1147	701	701	2245	1199	826	768	302	649	1040	724	1572	577	1007	2247	413	1082	975	170	774	990	928	1601	1559	3026	540	3861	2191	3270	4206	2470	3729	3351	671	206	907	1833	652	822	596	657	1327	496	868	1096	435	1371	1060	1151	859	909	740	831	773	285	817	574	502	667	1383	725	774	917	561	412	3644	431	746	2909	745	1252	1929	817	498	5967	1366	2878	2950	1273	2504
gene-309648	scaffold_10;scaffold_10;scaffold_10	8140582;8140686;8141170	8140627;8140863;8141431	+;+;+	486	1058	626	1032	690	566	1508	758	1055	576	251	491	1044	280	1062	413	845	837	281	684	600	75	573	574	809	534	1286	777	539	1316	819	879	1234	524	1423	589	945	105	289	637	458	641	696	584	1016	397	806	1346	481	335	700	858	755	491	683	746	556	266	553	549	408	1020	681	392	444	1189	695	342	1242	587	230	1122	512	702	515	633	433	1690	430	805	653	602	1000
gene-309660	scaffold_10;scaffold_10;scaffold_10;scaffold_10;scaffold_10;scaffold_10;scaffold_10;scaffold_10;scaffold_10;scaffold_10;scaffold_10;scaffold_10;scaffold_10;scaffold_10;scaffold_10	8192987;8197173;8205291;8211134;8286188;8294605;8299749;8303450;8306143;8306550;8311936;8313896;8316569;8316999;8319483	8193554;8197624;8205745;8211237;8286592;8294885;8300035;8303679;8306409;8306850;8312155;8314024;8316686;8317142;8319634	+;+;+;+;+;+;+;+;+;+;+;+;+;+;+	4113	2436	1385	2714	933	932	2524	2080	1324	1311	572	781	1584	1078	2017	1285	2318	5853	538	1551	808	176	528	846	1276	3227	5048	10863	1020	15759	4103	5816	6084	3961	4183	4917	1152	410	1293	3238	688	1351	1489	1138	2213	549	724	2359	960	3053	1696	1162	654	1063	1997	820	879	279	722	1084	402	904	1428	1385	1473	1615	959	561	5817	727	2501	5282	1369	2770	2803	1514	838	10364	4173	4596	13679	3908	7737
gene-309708	scaffold_10	8324357	8324890	-	534	81	42	78	26	53	157	97	34	70	21	29	50	96	72	35	58	118	8	33	34	2	4	35	19	143	154	362	35	469	262	497	415	169	324	365	21	9	55	125	11	32	13	50	41	11	31	34	15	95	76	70	55	106	40	18	8	4	19	36	19	14	33	39	62	19	45	5	348	11	55	290	81	312	149	38	13	895	118	378	471	128	105
gene-309714	scaffold_10;scaffold_10;scaffold_10;scaffold_10;scaffold_10;scaffold_10;scaffold_10;scaffold_10;scaffold_10	8336908;8340491;8340706;8341257;8341489;8341789;8342183;8342830;8343213	8337286;8340619;8340981;8341395;8341713;8342083;8342448;8342918;8343223	-;-;-;-;-;-;-;-;-	1809	287	118	242	157	78	208	172	117	141	60	70	173	77	72	83	106	248	85	125	36	12	12	77	74	116	471	424	91	289	149	111	148	118	68	151	51	56	40	162	79	197	185	76	223	81	34	360	115	279	220	97	59	91	199	96	32	28	72	52	66	87	27	85	107	207	122	48	59	75	81	46	64	129	106	112	110	174	187	197	178	117	158
gene-309744	scaffold_10;scaffold_10;scaffold_10;scaffold_10;scaffold_10;scaffold_10;scaffold_10	8343798;8343933;8344515;8353210;8353388;8366291;8370637	8343846;8344014;8344696;8353321;8353607;8366395;8370774	+;+;+;+;+;+;+	888	86	74	75	38	53	128	82	42	68	24	58	50	85	86	59	60	142	40	42	42	10	56	44	30	106	160	236	34	275	120	154	122	116	122	153	52	12	38	86	36	50	62	66	110	44	74	85	50	128	94	64	55	81	86	66	58	26	42	36	44	32	38	50	74	54	72	22	90	30	59	114	45	98	64	36	27	217	153	141	189	100	110
gene-309768	scaffold_10;scaffold_10;scaffold_10;scaffold_10;scaffold_10;scaffold_10;scaffold_10;scaffold_10;scaffold_10;scaffold_10;scaffold_10;scaffold_10;scaffold_10;scaffold_10;scaffold_10;scaffold_10;scaffold_10;scaffold_10;scaffold_10	8383891;8387039;8388674;8393287;8394256;8399431;8404598;8404893;8405134;8407514;8407946;8408113;8408415;8408844;8409295;8411191;8411598;8412210;8412376	8384056;8387163;8388933;8393398;8394664;8399574;8404801;8405071;8405374;8407784;8408059;8408254;8408633;8408983;8409460;8411454;8411773;8412321;8412399	-;-;-;-;-;-;-;-;-;-;-;-;-;-;-;-;-;-;-	3468	328	314	240	216	170	450	280	270	250	120	182	250	274	518	224	546	1138	122	412	248	40	236	334	282	898	562	1504	164	3142	1605	1594	1691	1682	1706	1514	172	62	288	916	202	202	218	218	538	142	206	286	106	910	482	342	178	208	324	360	180	62	274	210	120	168	482	252	336	334	194	170	2001	132	314	2316	390	330	916	246	130	3224	452	1286	1528	266	854
gene-309828	scaffold_10;scaffold_10;scaffold_10;scaffold_10	8417138;8418370;8421520;8424400	8417493;8418583;8421627;8424891	-;-;-;-	1170	5054	1274	3727	995	1388	5026	6650	1669	1745	833	605	1286	1974	543	617	1650	969	601	618	343	193	73	738	444	2050	2101	3473	392	3263	1320	2517	1084	1343	1203	1317	411	518	185	885	801	2813	2184	2019	4348	1067	266	3627	970	3207	4522	1307	554	5021	1471	675	152	478	1066	1236	912	1052	322	1200	851	1172	818	482	2141	248	599	993	528	1011	758	586	614	4487	2522	1766	5506	2984	8899
gene-309843	scaffold_10;scaffold_10;scaffold_10;scaffold_10;scaffold_10;scaffold_10;scaffold_10;scaffold_10	8435952;8461359;8466572;8468026;8470901;8472059;8476125;8480732	8436021;8461738;8467484;8468496;8471073;8472250;8476388;8481124	+;+;+;+;+;+;+;+	2856	11909	2488	7833	2259	4595	21457	11157	4238	6083	1501	4241	3600	8493	1459	1887	3138	1220	514	3418	1137	744	526	1521	3533	8178	8510	1370	1923	4140	1385	1800	1405	1179	1651	2223	2580	1179	1290	981	2256	4596	2727	5937	13662	3142	3533	3268	1626	2388	9640	5979	5945	12679	3694	6335	700	1173	4351	2635	2106	1180	1066	774	2405	3545	2376	1283	1320	1621	506	1645	1687	3652	565	4770	2606	2644	736	1410	2266	2434	6969
gene-309870	scaffold_10	8487336	8488193	+	858	2295	778	1283	577	441	1561	1246	1058	391	397	462	1008	305	760	515	1573	934	394	980	253	64	119	355	789	1552	2035	1809	427	3610	1144	1363	1313	1236	1468	1279	395	228	273	695	390	1129	1199	586	1502	318	209	1774	416	1223	1138	568	287	944	1015	503	349	91	360	507	166	587	385	288	614	961	379	402	2174	254	357	1979	588	1133	955	704	366	3223	669	1411	4101	1291	2475
gene-309876	scaffold_10;scaffold_10	8490401;8490828	8490568;8490908	-;-	249	2145	357	1758	448	751	2611	1155	791	917	211	828	666	397	660	230	546	1008	187	445	458	136	421	351	468	405	610	985	338	1757	846	927	1272	653	1717	821	511	115	381	703	820	1342	678	795	1397	635	934	1014	347	742	916	1070	1038	1179	451	626	367	265	749	311	407	456	484	288	243	749	460	279	1174	450	500	1360	333	353	682	745	376	1731	611	882	975	510	959
gene-309885	scaffold_10;scaffold_10;scaffold_10;scaffold_10;scaffold_10;scaffold_10;scaffold_10;scaffold_10;scaffold_10	8492239;8492395;8526664;8531461;8532891;8533094;8533432;8535477;8537850	8492339;8492529;8526738;8531599;8533014;8533234;8533558;8535564;8537996	+;+;+;+;+;+;+;+;+	1077	167	26	72	43	47	96	227	31	98	36	26	28	157	20	30	81	26	18	53	18	49	4	40	19	184	126	138	26	323	116	100	51	118	46	96	12	13	9	68	22	50	50	60	95	44	16	100	40	104	167	30	16	150	64	26	12	38	39	43	88	34	6	33	29	41	61	29	111	16	65	39	36	74	44	26	42	121	139	143	453	130	94
gene-309915	scaffold_10;scaffold_10;scaffold_10;scaffold_10;scaffold_10;scaffold_10;scaffold_10;scaffold_10;scaffold_10;scaffold_10;scaffold_10;scaffold_10;scaffold_10;scaffold_10;scaffold_10;scaffold_10	8545903;8547776;8551176;8554259;8554755;8556142;8558724;8558922;8559066;8559812;8560018;8561034;8561687;8562370;8562607;8562887	8546103;8547923;8551509;8554654;8555067;8556568;8558866;8559004;8559236;8559942;8560232;8561429;8562017;8562551;8562786;8563099	-;-;-;-;-;-;-;-;-;-;-;-;-;-;-;-	3864	2727	1236	1755	888	1176	2820	1855	1190	1104	615	1026	1395	924	1691	934	2048	2796	590	1718	1144	306	907	968	1211	2548	2699	3908	955	7523	3078	3574	4373	3046	4514	3880	925	386	1069	2078	1042	1388	1454	1189	2291	830	1023	1979	810	3159	2054	1276	1156	1660	1401	1255	876	369	1086	775	749	832	1625	844	952	1480	820	516	4694	748	1268	3957	1153	1538	1911	1209	760	6874	2212	3176	5157	2535	4422
gene-309966	scaffold_10;scaffold_10;scaffold_10;scaffold_10;scaffold_10;scaffold_10;scaffold_10;scaffold_10	8565373;8570349;8579845;8580235;8581107;8581887;8583465;8583780	8565443;8570579;8580082;8580984;8581298;8582535;8583605;8583913	-;-;-;-;-;-;-;-	2406	2788	860	1175	581	765	2688	1677	881	932	302	647	910	780	896	600	986	1515	335	957	542	104	248	485	740	1233	1630	2061	321	2201	1781	2648	3032	1598	2583	2461	427	208	623	992	609	905	614	1011	1749	534	608	1115	364	1070	1390	1102	725	1341	690	685	481	232	645	537	364	484	760	489	690	721	495	245	2937	334	333	1721	456	1187	1195	666	295	5174	988	2029	2494	2073	3638
gene-309993	scaffold_10	8631100	8631852	+	753	0	0	0	0	0	0	0	0	2	0	0	0	0	0	0	0	0	0	0	0	0	0	0	0	0	0	0	0	0	0	0	0	2	0	0	0	0	0	0	0	0	0	0	0	0	0	0	0	0	0	0	0	0	0	2	0	0	0	0	6	2	0	0	2	0	0	0	0	0	0	0	0	2	0	0	0	0	2	0	0	0	0
gene-309999	scaffold_10;scaffold_10;scaffold_10	9038449;9056623;9066843	9038517;9057004;9067219	+;+;+	828	0	0	0	0	0	0	0	0	0	0	0	0	0	0	0	0	0	0	0	0	0	0	0	0	0	0	0	0	0	0	0	0	0	0	0	0	0	0	0	0	0	0	0	0	0	0	0	0	0	0	0	0	0	0	0	0	0	0	0	0	0	0	0	0	0	0	0	0	0	0	0	0	0	0	0	0	0	0	0	0	0	0
gene-310012	scaffold_10;scaffold_10;scaffold_10;scaffold_10;scaffold_10;scaffold_10;scaffold_10;scaffold_10;scaffold_10;scaffold_10;scaffold_10;scaffold_10;scaffold_10;scaffold_10;scaffold_10;scaffold_10	9087797;9088310;9088391;9088391;9088976;9088976;9095753;9095753;9102226;9102226;9103456;9103456;9116932;9116932;9118562;9118562	9087833;9088334;9088512;9088512;9089340;9089340;9096131;9096131;9102442;9102442;9103661;9103661;9117092;9117092;9118655;9118655	+;+;+;+;+;+;+;+;+;+;+;+;+;+;+;+	1606	12203	4092	17116	4241	7687	23678	12636	6046	10385	1860	7727	6064	4843	2067	1346	4153	3143	947	2692	1741	955	930	1453	3400	2737	5829	4128	1321	3471	1622	2302	2035	1636	2150	2037	2229	786	930	1749	6462	12169	7871	9979	15495	5715	5623	10662	4140	2407	12792	10585	7822	16367	6057	5873	1551	1986	4429	2751	2190	3186	2874	1237	1961	7316	3034	1756	2449	2805	422	2134	1342	1857	1541	4318	3496	4190	2072	1657	4000	1816	4216
gene-310065	scaffold_10;scaffold_10;scaffold_10;scaffold_10;scaffold_10;scaffold_10;scaffold_10;scaffold_10;scaffold_10;scaffold_10;scaffold_10;scaffold_10;scaffold_10;scaffold_10;scaffold_10	9118818;9119043;9119047;9120222;9120222;9121212;9121212;9125756;9125756;9127079;9127079;9127543;9127543;9127660;9127660	9118818;9119125;9119125;9120408;9120408;9121443;9121443;9125889;9125889;9127489;9127489;9127602;9127602;9127716;9127716	-;-;-;-;-;-;-;-;-;-;-;-;-;-;-	1165	11878	4398	13160	4288	7102	26007	12427	6086	9361	2550	7688	5938	5622	2835	2192	5229	3888	1660	5148	3473	1576	2511	2981	4748	5372	5575	4086	2266	6704	3355	4030	5084	2826	4908	3718	3908	1211	2127	2634	5683	8802	5330	7677	12244	5093	7163	8312	3460	4236	9094	10021	8931	12714	4968	6849	2403	2310	7585	3124	3815	3221	3723	1691	3192	6293	4110	2290	4584	3040	1263	4057	2098	3663	2329	4392	2659	7299	2774	3404	4374	2604	4730
gene-310115	scaffold_10	9145289	9145816	+	528	0	0	0	0	0	0	0	0	0	0	0	0	0	0	0	0	0	0	0	0	0	0	0	0	0	0	0	0	0	0	0	0	0	0	0	0	0	0	0	0	0	0	0	0	0	0	0	0	0	0	0	0	0	0	0	0	0	0	0	0	0	0	0	0	0	0	0	2	0	0	0	0	0	0	0	0	0	0	0	0	0	0
gene-310121	scaffold_10;scaffold_10;scaffold_10;scaffold_10;scaffold_10;scaffold_10;scaffold_10;scaffold_10;scaffold_10	9378010;9380345;9380718;9388372;9405317;9423766;9424121;9426547;9428615	9378105;9380465;9380916;9388448;9405473;9423895;9424287;9426634;9428788	+;+;+;+;+;+;+;+;+	1209	0	0	0	0	0	0	0	0	0	0	0	0	0	0	0	0	0	0	0	0	0	0	0	0	0	0	0	0	0	0	0	0	0	0	0	0	0	0	0	0	0	0	0	0	0	0	0	0	0	0	0	0	0	0	0	0	0	0	0	0	0	0	0	0	0	0	0	0	0	0	0	0	0	0	0	0	0	0	0	0	0	0
gene-310152	scaffold_10	9555543	9555848	-	306	0	0	0	0	0	0	2	0	0	0	0	0	0	0	0	0	0	0	0	0	0	0	0	0	0	0	0	0	0	0	0	0	0	0	0	0	0	0	0	0	0	0	0	0	0	0	0	0	0	0	4	0	0	0	0	0	0	0	0	0	0	0	0	0	0	0	0	0	0	0	2	0	0	0	0	0	0	0	0	0	0	0
gene-310158	scaffold_10;scaffold_10;scaffold_10;scaffold_10;scaffold_10	9570982;9571090;9575009;9575556;9576222	9571030;9571161;9575216;9575685;9576311	+;+;+;+;+	549	675	307	949	332	366	1124	503	496	487	159	384	474	259	439	233	417	525	290	363	245	51	207	228	361	317	910	495	173	576	223	276	394	309	428	393	338	70	205	332	457	646	451	504	969	378	469	807	296	559	596	581	485	550	375	477	275	140	529	267	211	341	324	191	216	546	338	161	385	269	117	355	184	458	351	433	252	644	267	282	511	214	586
gene-310176	scaffold_10;scaffold_10;scaffold_10;scaffold_10;scaffold_10	9599560;9621423;9621769;9623229;9624072	9600054;9621644;9622211;9624013;9624091	-;-;-;-;-	1965	1354	363	849	339	461	1732	789	550	585	165	464	627	223	490	372	843	750	130	327	339	110	330	326	505	750	1304	802	372	1168	349	488	696	536	668	617	414	145	293	436	399	576	490	588	1344	348	422	675	315	950	777	889	624	557	587	505	316	137	723	450	243	308	399	340	335	534	352	180	551	318	234	657	409	501	562	662	248	1460	388	527	1161	489	907
gene-310194	scaffold_10;scaffold_10;scaffold_10;scaffold_10;scaffold_10;scaffold_10;scaffold_10;scaffold_10;scaffold_10;scaffold_10;scaffold_10	9637209;9640763;9641165;9643464;9645010;9649956;9650908;9651784;9654153;9656234;9657809	9637382;9640909;9641321;9644383;9647773;9650747;9651698;9651945;9654563;9657562;9657949	-;-;-;-;-;-;-;-;-;-;-	7788	92	46	44	32	22	70	58	40	76	50	24	32	164	38	85	112	18	18	40	26	18	10	40	26	312	188	215	40	325	152	256	142	236	74	201	8	38	34	126	12	20	31	38	58	30	10	36	30	96	162	28	28	101	78	24	16	26	20	50	51	36	10	94	60	16	38	16	231	12	58	63	84	339	138	24	24	370	126	300	408	122	115
gene-310230	scaffold_10;scaffold_10;scaffold_10;scaffold_10;scaffold_10;scaffold_10	9692178;9722211;9722690;9735671;9752507;9777759	9692438;9722632;9722849;9735801;9752641;9777798	-;-;-;-;-;-	1149	16	0	6	2	2	4	6	0	6	0	0	0	10	2	0	2	2	0	2	0	4	0	6	0	0	0	167	0	182	24	18	10	26	8	21	0	0	2	4	0	0	2	6	6	2	0	0	2	42	10	2	0	6	2	0	0	0	0	0	2	0	2	0	2	0	0	2	4	0	88	4	0	2	0	0	2	7	105	12	65	20	21
gene-310251	scaffold_10;scaffold_10;scaffold_10;scaffold_10;scaffold_10;scaffold_10;scaffold_10;scaffold_10;scaffold_10;scaffold_10;scaffold_10	9810166;9811255;9814804;9817935;9819912;9824756;9830750;9839325;9844623;9847510;9850014	9810320;9811409;9814986;9818007;9820201;9824920;9830993;9839686;9844835;9847732;9850035	-;-;-;-;-;-;-;-;-;-;-	2085	10	6	0	2	2	0	2	2	2	10	2	2	13	6	4	16	6	0	0	0	6	0	2	4	50	15	36	2	147	55	47	36	40	27	6	0	4	10	22	0	2	4	2	7	0	0	2	0	19	20	4	4	14	2	2	0	4	0	0	4	0	4	16	6	4	2	0	46	4	28	6	13	2	21	2	0	110	21	69	108	42	30
gene-310287	scaffold_10;scaffold_10;scaffold_10;scaffold_10;scaffold_10;scaffold_10;scaffold_10;scaffold_10;scaffold_10;scaffold_10;scaffold_10;scaffold_10;scaffold_10;scaffold_10;scaffold_10;scaffold_10	9890311;9900916;9907367;9917441;9941065;9950055;9958279;9974759;10009423;10013599;10016096;10027327;10030867;10057310;10067649;10110275	9890327;9901203;9907475;9917571;9941211;9950318;9958431;9975064;10009662;10013716;10016196;10027578;10031043;10057525;10067885;10110401	-;-;-;-;-;-;-;-;-;-;-;-;-;-;-;-	2883	58	26	14	17	42	78	62	24	40	12	34	26	47	24	22	46	58	6	34	26	18	14	16	20	118	86	162	28	797	174	180	192	95	210	82	20	4	37	92	22	32	38	54	88	28	38	26	10	141	122	42	54	60	30	42	22	6	38	10	49	20	28	42	22	20	22	20	168	10	86	214	45	30	54	20	12	272	62	138	150	55	78
gene-310338	scaffold_10;scaffold_10;scaffold_10;scaffold_10;scaffold_10;scaffold_10;scaffold_10;scaffold_10;scaffold_10;scaffold_10;scaffold_10;scaffold_10;scaffold_10;scaffold_10	11332481;11332578;11332805;11333916;11335954;11336887;11340443;11344536;11346868;11352150;11353562;11353895;11356161;11356967	11332522;11332747;11333018;11334208;11336116;11337145;11341540;11344842;11347066;11352407;11353750;11354138;11356307;11357097	+;+;+;+;+;+;+;+;+;+;+;+;+;+	3714	2706	640	1500	752	622	2088	1858	1048	704	397	716	1092	725	1019	593	1936	1382	314	743	352	74	168	549	624	2813	2551	2394	489	3876	1453	2683	1922	2633	1833	2242	351	290	412	1063	560	1229	1473	1140	1922	472	384	1736	488	1800	2048	870	488	1880	1531	828	274	159	548	533	252	542	556	560	743	1120	765	351	3696	324	277	2263	811	1118	1381	813	378	5543	995	2702	5386	1467	2483
gene-310383	scaffold_10;scaffold_10;scaffold_10;scaffold_10;scaffold_10;scaffold_10;scaffold_10;scaffold_10;scaffold_10;scaffold_10;scaffold_10	11370935;11370935;11371857;11371857;11373092;11373092;11378554;11378554;11387410;11387410;11396224	11371647;11371647;11372148;11372148;11373271;11373271;11378704;11378704;11387592;11387606;11396234	-;-;-;-;-;-;-;-;-;-;-	1544	0	0	0	0	0	0	0	0	0	0	0	0	0	0	0	0	0	0	0	0	0	0	0	0	0	0	0	0	0	0	0	0	0	0	0	0	0	0	0	0	0	0	0	0	0	0	0	0	0	0	0	0	0	0	0	0	0	0	0	0	0	0	0	0	0	0	0	0	0	0	0	0	0	0	0	0	0	0	0	0	0	0
gene-310422	scaffold_10;scaffold_10;scaffold_10;scaffold_10;scaffold_10;scaffold_10;scaffold_10;scaffold_10;scaffold_10;scaffold_10;scaffold_10;scaffold_10;scaffold_10;scaffold_10;scaffold_10;scaffold_10;scaffold_10;scaffold_10;scaffold_10	11429711;11434270;11437094;11438931;11439418;11440652;11442736;11446656;11449550;11453463;11456151;11456471;11459725;11462661;11466287;11469385;11471389;11474326;11475590	11429818;11434452;11437969;11439279;11439551;11440794;11443006;11446985;11450052;11453745;11456408;11456707;11459919;11462964;11466387;11469878;11471780;11474602;11475893	-;-;-;-;-;-;-;-;-;-;-;-;-;-;-;-;-;-;-	5742	534	162	253	140	120	337	412	154	224	108	161	146	342	153	187	210	520	109	93	109	117	26	212	39	595	323	1359	87	1360	985	1405	1068	1111	393	1284	62	78	56	735	68	156	159	250	207	126	43	338	139	288	401	147	102	427	320	62	18	116	55	82	161	132	93	482	220	98	194	70	1169	51	294	332	179	285	517	146	100	1469	813	1323	1293	599	808
gene-310482	scaffold_10;scaffold_10;scaffold_10;scaffold_10;scaffold_10;scaffold_10;scaffold_10;scaffold_10;scaffold_10;scaffold_10;scaffold_10;scaffold_10;scaffold_10;scaffold_10;scaffold_10;scaffold_10;scaffold_10;scaffold_10;scaffold_10;scaffold_10;scaffold_10;scaffold_10;scaffold_10;scaffold_10;scaffold_10;scaffold_10;scaffold_10;scaffold_10;scaffold_10;scaffold_10;scaffold_10;scaffold_10;scaffold_10;scaffold_10;scaffold_10;scaffold_10;scaffold_10	11495422;11495422;11495422;11496526;11496861;11496861;11497084;11499338;11499338;11499338;11499338;11499338;11500193;11500193;11500193;11500193;11500193;11509582;11509582;11509582;11509582;11509594;11512258;11512258;11512258;11512258;11512258;11514561;11514561;11514561;11514561;11514561;11517823;11517823;11517823;11517823;11517823	11495456;11495456;11495456;11496533;11497121;11497121;11497121;11499454;11499454;11499454;11499454;11499454;11500371;11500371;11500371;11500371;11500371;11509751;11509751;11509751;11509751;11509751;11512469;11512469;11512469;11512469;11512469;11514834;11514834;11514834;11514834;11514834;11517957;11517957;11517957;11517957;11517957	+;+;+;+;+;+;+;+;+;+;+;+;+;+;+;+;+;+;+;+;+;+;+;+;+;+;+;+;+;+;+;+;+;+;+;+;+	1391	716	249	367	229	165	542	513	322	180	105	117	327	168	253	247	644	348	250	320	106	38	46	146	187	974	944	852	185	1023	316	388	347	484	275	458	113	81	71	273	107	350	313	249	671	154	82	456	119	495	613	224	106	351	338	193	112	52	131	168	77	182	152	148	243	354	185	100	658	90	125	259	265	439	316	244	133	998	270	469	1320	494	1193
gene-310604	scaffold_10;scaffold_10;scaffold_10;scaffold_10;scaffold_10;scaffold_10;scaffold_10;scaffold_10;scaffold_10;scaffold_10	11538459;11538459;11542538;11542538;11543433;11543433;11547719;11547719;11548058;11548058	11538869;11538869;11542832;11542832;11543683;11543683;11547967;11547967;11548345;11548300	-;-;-;-;-;-;-;-;-;-	1494	24	2	20	6	2	6	18	6	18	16	16	4	34	2	32	8	4	12	4	0	10	0	8	4	40	24	63	8	68	38	38	34	36	8	30	0	6	2	20	0	4	4	16	8	2	0	2	6	16	10	2	3	14	10	4	0	14	2	4	12	8	4	24	4	4	22	6	4	6	24	2	20	22	22	12	8	24	40	76	24	34	18
gene-310639	scaffold_10;scaffold_10	11551065;11551199	11551145;11552554	+;+	1437	279	97	158	69	40	110	182	170	60	66	30	157	40	123	107	332	22	94	140	12	2	4	46	90	298	765	114	126	207	83	90	52	103	20	62	34	58	22	63	43	113	177	72	224	40	4	227	88	160	205	43	10	60	207	25	24	16	18	73	24	79	22	71	90	132	58	61	117	62	20	41	123	275	93	149	68	170	55	72	288	76	130
gene-310648	scaffold_10;scaffold_10;scaffold_10	11571162;11573100;11575640	11571245;11573232;11576283	-;-;-	861	38	12	28	6	2	16	38	22	12	10	14	6	24	4	10	24	2	12	14	10	2	0	12	3	82	41	50	10	82	31	18	18	36	10	50	4	8	0	31	4	14	16	11	9	10	2	16	10	23	38	5	0	26	14	6	4	4	16	6	2	10	2	22	22	12	8	8	12	2	20	2	22	10	16	10	8	24	32	54	90	32	30
gene-310660	scaffold_10;scaffold_10;scaffold_10;scaffold_10;scaffold_10;scaffold_10;scaffold_10;scaffold_10;scaffold_10;scaffold_10;scaffold_10;scaffold_10;scaffold_10;scaffold_10;scaffold_10;scaffold_10;scaffold_10	11578044;11582542;11585468;11587672;11589989;11594362;11597499;11598632;11600486;11604170;11604653;11608000;11610485;11611913;11614162;11618018;11620980	11578339;11583264;11585857;11588073;11590306;11595012;11597698;11598910;11600733;11604458;11604946;11608358;11610711;11612242;11614439;11618222;11621010	-;-;-;-;-;-;-;-;-;-;-;-;-;-;-;-;-	5520	0	0	2	2	0	6	2	0	2	0	2	10	0	2	2	2	38	2	0	0	0	2	0	0	7	2	22	2	20	44	2	12	6	0	10	0	0	2	4	0	0	2	2	2	0	2	0	0	4	0	2	0	0	0	2	0	0	0	0	0	0	12	0	0	0	0	0	102	2	2	2	0	0	0	0	2	14	58	6	70	2	14
gene-310714	scaffold_10;scaffold_10;scaffold_10;scaffold_10	11648185;11656273;11660217;11664509	11649271;11656624;11660348;11665736	+;+;+;+	2799	42	2	12	2	2	2	15	10	2	2	0	6	1	0	4	2	2	0	2	0	0	0	2	10	36	4	61	0	32	14	2	26	8	10	6	0	0	0	10	2	0	6	3	12	0	0	10	2	4	18	4	0	12	2	0	0	0	0	0	6	2	0	2	4	0	0	0	30	0	0	0	0	0	8	0	0	47	4	10	84	24	4
gene-310729	scaffold_10;scaffold_10;scaffold_10;scaffold_10;scaffold_10;scaffold_10;scaffold_10;scaffold_10;scaffold_10;scaffold_10;scaffold_10;scaffold_10;scaffold_10;scaffold_10;scaffold_10;scaffold_10;scaffold_10;scaffold_10;scaffold_10;scaffold_10;scaffold_10;scaffold_10;scaffold_10;scaffold_10;scaffold_10;scaffold_10;scaffold_10;scaffold_10;scaffold_10;scaffold_10;scaffold_10;scaffold_10;scaffold_10;scaffold_10;scaffold_10;scaffold_10;scaffold_10	11712018;11713040;11713040;11757176;11757176;11757176;11784435;11784435;11784435;11815887;11815887;11815887;11815908;11823623;11823623;11823623;11823623;11825639;11825639;11825639;11825639;11827831;11827831;11827831;11827831;11832229;11832229;11832229;11832229;11833786;11833786;11833786;11833786;11835739;11835739;11835739;11835739	11712028;11713050;11713050;11757357;11757357;11757357;11784496;11784496;11784496;11815991;11815976;11815976;11815991;11823817;11823817;11823817;11823817;11825823;11825823;11825823;11825823;11827937;11827937;11827937;11827937;11832406;11832406;11832406;11832406;11834141;11834141;11834141;11834141;11836136;11836136;11836136;11836136	+;+;+;+;+;+;+;+;+;+;+;+;+;+;+;+;+;+;+;+;+;+;+;+;+;+;+;+;+;+;+;+;+;+;+;+;+	1790	2	0	0	0	0	0	0	0	0	0	0	0	0	0	0	0	0	0	0	0	2	0	0	0	6	2	0	2	4	2	0	2	1	0	0	0	2	0	2	0	0	2	0	0	0	0	0	0	0	0	0	0	0	0	0	0	0	0	0	0	0	0	0	0	0	0	0	2	0	0	0	0	0	0	0	0	0	2	4	4	0	0
gene-310850	scaffold_10;scaffold_10;scaffold_10;scaffold_10;scaffold_10	11847916;11848284;11848747;11852064;11854052	11848104;11848512;11848826;11852456;11854282	+;+;+;+;+	1122	47	14	40	16	2	50	46	30	24	10	10	26	29	14	25	33	18	16	22	6	12	4	27	22	162	66	71	16	95	72	74	40	83	40	60	4	6	0	38	2	23	12	14	36	17	10	39	12	36	75	10	6	32	34	0	0	6	10	12	22	12	6	16	10	36	24	12	46	0	36	4	22	40	20	14	12	85	37	65	112	39	52
gene-310868	scaffold_10;scaffold_10;scaffold_10;scaffold_10;scaffold_10;scaffold_10	11866802;11870024;11873085;11873851;11875079;11875499	11866849;11870317;11873358;11874047;11875437;11875571	-;-;-;-;-;-	1245	1638	624	1208	693	607	1824	1058	798	600	313	599	919	411	1009	402	1152	1510	295	757	456	100	440	552	870	1183	1625	1804	449	2336	1423	1817	2126	1459	1889	1885	474	131	508	1084	619	886	799	688	1339	438	568	1416	445	963	1014	829	727	928	812	725	541	253	767	328	357	546	1044	499	437	898	488	320	2555	338	394	1913	600	934	1033	571	336	3440	1012	1358	2435	894	1957
gene-310889	scaffold_10;scaffold_10;scaffold_10;scaffold_10;scaffold_10;scaffold_10;scaffold_10;scaffold_10;scaffold_10;scaffold_10;scaffold_10;scaffold_10;scaffold_10;scaffold_10;scaffold_10;scaffold_10;scaffold_10;scaffold_10;scaffold_10	11890022;11890022;11890327;11890327;11892284;11892284;11895015;11895015;11895889;11895889;11897738;11897738;11903168;11903168;11903471;11903471;11905204;11905204;11943412	11890137;11890137;11890428;11890428;11892685;11892685;11895166;11895166;11896208;11896208;11897859;11897859;11903359;11903359;11903655;11903655;11905387;11905331;11943463	-;-;-;-;-;-;-;-;-;-;-;-;-;-;-;-;-;-;-	1827	90	84	60	30	65	80	78	126	27	33	24	98	57	48	38	178	12	32	94	16	26	2	73	87	716	181	113	18	598	154	127	59	177	120	108	7	10	6	47	26	50	79	56	99	15	9	125	13	14	144	50	12	114	85	22	22	16	10	70	32	60	15	54	109	59	27	41	168	16	57	115	213	94	55	26	16	364	54	171	510	102	370
gene-310951	scaffold_10;scaffold_10;scaffold_10;scaffold_10;scaffold_10;scaffold_10;scaffold_10	11952775;11955294;11959775;11961664;11961974;11964464;11971914	11952928;11955673;11959918;11961872;11962250;11964619;11972102	-;-;-;-;-;-;-	1509	4998	3250	7167	4070	2210	7802	3868	5305	2588	1640	2936	4775	1453	1026	2692	6626	570	2071	2955	1044	140	1330	1214	3656	3196	5704	764	3236	760	336	336	358	201	718	252	4062	676	1012	246	2666	5074	5206	3202	7628	1770	2020	6585	3263	1049	3068	2966	2102	2788	5052	2246	2898	762	1834	2088	754	2923	850	232	3114	6402	2613	1342	276	2420	148	412	2706	6257	338	4398	2194	819	356	360	664	302	776
gene-310975	scaffold_10;scaffold_10;scaffold_10;scaffold_10;scaffold_10;scaffold_10;scaffold_10;scaffold_10;scaffold_10;scaffold_10;scaffold_10;scaffold_10;scaffold_10;scaffold_10;scaffold_10;scaffold_10;scaffold_10;scaffold_10;scaffold_10;scaffold_10;scaffold_10;scaffold_10;scaffold_10;scaffold_10;scaffold_10;scaffold_10;scaffold_10;scaffold_10;scaffold_10;scaffold_10;scaffold_10;scaffold_10;scaffold_10;scaffold_10;scaffold_10;scaffold_10;scaffold_10;scaffold_10;scaffold_10;scaffold_10;scaffold_10;scaffold_10;scaffold_10;scaffold_10	11994188;11994188;11994188;11994188;12003234;12003234;12003234;12003234;12011121;12011121;12011121;12011121;12039545;12039545;12066639;12066639;12066717;12066717;12069023;12069023;12069023;12069023;12069870;12069870;12069870;12069870;12071169;12071169;12071169;12071169;12071777;12071777;12071777;12071777;12073659;12073659;12076587;12076587;12076587;12076587;12077098;12077098;12077098;12077098	11994244;11994244;11994244;11994244;12003384;12003384;12003384;12003384;12011242;12011242;12011242;12011242;12039745;12039745;12066846;12066846;12066846;12066846;12069264;12069264;12069264;12069264;12070140;12070140;12070140;12070140;12071327;12071327;12071327;12071327;12071917;12071917;12071917;12071917;12073829;12073829;12076802;12076802;12076802;12076802;12077225;12077225;12077225;12077225	+;+;+;+;+;+;+;+;+;+;+;+;+;+;+;+;+;+;+;+;+;+;+;+;+;+;+;+;+;+;+;+;+;+;+;+;+;+;+;+;+;+;+;+	2067	255	36	110	53	33	98	223	82	56	30	44	105	46	10	36	100	8	18	82	8	6	7	26	30	158	109	42	66	493	35	18	24	14	12	16	32	8	18	12	16	72	72	61	164	6	12	114	44	145	166	34	12	98	89	38	0	12	24	62	20	22	4	14	44	62	37	19	46	14	38	39	52	203	20	84	28	86	11	40	142	58	92
gene-311116	scaffold_10;scaffold_10;scaffold_10;scaffold_10	12085778;12086459;12086746;12087502	12086106;12086662;12087394;12088023	-;-;-;-	1704	842	243	455	201	301	965	551	380	225	126	242	353	189	420	159	490	751	131	360	196	50	129	237	290	620	735	1108	107	1315	620	996	1100	635	1013	792	132	55	258	623	248	339	361	378	574	196	253	443	179	576	453	302	310	534	288	301	168	87	277	172	134	197	441	222	301	374	232	123	1234	155	157	736	230	337	537	219	122	1831	461	815	1413	578	1062
gene-311131	scaffold_10;scaffold_10;scaffold_10;scaffold_10;scaffold_10;scaffold_10	12091049;12092549;12094548;12095181;12095324;12095435	12091084;12092800;12094695;12095264;12095372;12095501	-;-;-;-;-;-	636	1795	692	1445	689	1013	2792	1620	942	847	304	794	848	530	1065	347	1274	1689	183	760	549	101	328	580	644	1639	1461	2854	357	5160	2367	2750	2778	1655	3328	1999	319	147	517	1299	490	980	909	1070	1744	498	615	1281	342	1051	1505	1169	726	1507	661	925	358	207	828	431	507	502	793	561	514	660	592	304	3546	431	806	3083	743	527	1392	504	312	4865	1320	2332	3313	1028	1886
gene-311152	scaffold_10;scaffold_10;scaffold_10;scaffold_10;scaffold_10;scaffold_10;scaffold_10;scaffold_10;scaffold_10;scaffold_10;scaffold_10;scaffold_10	12096269;12096269;12096488;12096488;12099025;12099025;12102574;12102574;12105903;12105903;12106032;12106032	12096292;12096292;12096739;12096739;12099172;12099172;12102657;12102657;12105951;12105951;12106101;12106098	-;-;-;-;-;-;-;-;-;-;-;-	627	8518	3023	6919	3508	2493	6538	6191	4016	3768	2153	3077	4884	1361	1525	2269	4357	902	2215	4348	1725	510	1327	808	3837	3117	5973	1965	3041	2144	352	933	1058	1154	569	2882	3763	815	1548	631	3790	5695	5007	3028	7533	2602	3216	6421	3582	4553	4248	3787	2180	2323	3262	3666	2139	1117	3230	3012	1338	2552	1546	688	2180	6160	2683	1997	691	3588	452	504	2353	4257	636	5785	3624	1347	1176	435	3472	7494	13950
gene-311193	scaffold_10;scaffold_10;scaffold_10;scaffold_10;scaffold_10	12116567;12121459;12121990;12122697;12124360	12116759;12121851;12122380;12122882;12124654	-;-;-;-;-	1458	145	21	58	45	24	66	75	42	38	31	20	51	25	38	39	94	37	10	45	8	8	19	22	42	192	178	145	27	379	117	152	75	176	56	101	12	6	14	94	12	37	70	32	97	16	2	84	18	140	93	17	18	63	72	26	32	16	8	15	14	24	12	51	19	38	20	6	205	11	26	85	61	46	87	34	19	308	46	163	397	115	458
gene-311211	scaffold_10;scaffold_10;scaffold_10;scaffold_10;scaffold_10;scaffold_10;scaffold_10;scaffold_10;scaffold_10;scaffold_10;scaffold_10;scaffold_10;scaffold_10;scaffold_10;scaffold_10;scaffold_10;scaffold_10;scaffold_10;scaffold_10	12128421;12128794;12159816;12214773;12214773;12262742;12262746;12282570;12282570;12285141;12285141;12289426;12289426;12291857;12291857;12294706;12294706;12300097;12300097	12128448;12128842;12159982;12214853;12214852;12262903;12262903;12282890;12282890;12285335;12285335;12289725;12289725;12292290;12292290;12294884;12294884;12300349;12300349	+;+;+;+;+;+;+;+;+;+;+;+;+;+;+;+;+;+;+	2169	731	192	345	159	187	591	600	277	172	76	130	242	171	220	139	600	306	38	206	51	12	26	137	162	1025	816	1090	136	2126	546	918	422	857	506	931	78	57	91	275	115	244	384	314	537	102	37	440	93	602	731	243	83	530	304	149	14	40	103	139	56	106	80	134	192	186	114	88	1118	52	164	720	274	259	503	242	81	2141	313	781	2449	658	1080
gene-311273	scaffold_10;scaffold_10;scaffold_10;scaffold_10;scaffold_10;scaffold_10;scaffold_10;scaffold_10;scaffold_10	12319679;12322753;12323014;12324128;12324518;12324777;12325105;12326849;12327180	12319789;12322887;12323245;12324291;12324650;12324893;12325333;12327060;12327325	-;-;-;-;-;-;-;-;-	1479	14568	9612	14247	10091	6176	15175	9468	10561	5334	4813	6553	14368	4781	10253	8196	19405	19314	7118	9933	6209	1471	4725	4827	8506	15292	19916	32368	6047	45165	22443	18092	21631	12793	27489	15648	6819	2790	7965	11407	6698	10455	15197	7717	12758	4745	6594	22282	8229	18385	10584	7263	5158	8493	14359	7748	12755	2629	4764	5206	3313	7403	7724	4481	11084	13952	7011	4086	26169	5813	8499	31528	9095	17831	13348	7672	4689	35869	17779	19111	40745	11907	16829
gene-311303	scaffold_10;scaffold_10;scaffold_10;scaffold_10;scaffold_10;scaffold_10;scaffold_10;scaffold_10;scaffold_10;scaffold_10;scaffold_10	12342046;12342187;12343911;12343911;12343913;12345564;12345564;12345564;12347049;12347049;12347049	12342154;12342280;12344233;12344233;12344233;12346131;12346131;12346131;12347323;12347323;12347323	+;+;+;+;+;+;+;+;+;+;+	1369	6213	520	1423	549	686	3263	2060	797	948	241	651	634	538	1099	433	903	2143	286	789	670	168	467	537	723	1281	1298	3463	489	5619	3099	2919	4008	2034	3811	3015	478	173	602	1605	624	1046	585	943	1555	515	832	842	298	1256	1140	955	857	990	572	744	439	196	865	358	541	339	663	467	489	708	537	267	3639	441	933	4878	503	814	1748	703	364	6092	1356	2870	2965	1551	2231
gene-311343	scaffold_10;scaffold_10;scaffold_10;scaffold_10;scaffold_10;scaffold_10;scaffold_10	12351130;12361045;12362522;12362933;12363496;12363821;12364866	12351191;12361297;12362601;12363167;12363639;12363998;12364969	-;-;-;-;-;-;-	1056	811	172	434	210	222	764	550	275	200	68	179	240	179	136	152	338	268	52	251	64	6	42	119	157	575	477	551	104	1046	346	443	389	389	430	359	91	62	67	256	136	341	292	273	748	131	105	382	138	443	545	220	138	432	208	269	61	44	163	110	74	157	117	99	195	308	161	126	561	94	125	455	122	192	281	250	124	879	267	355	1360	787	1153
gene-311367	scaffold_10;scaffold_10;scaffold_10;scaffold_10;scaffold_10;scaffold_10;scaffold_10;scaffold_10	12367072;12367072;12369337;12369337;12369750;12369750;12371699;12371699	12367243;12367243;12369474;12369474;12370102;12370102;12372427;12372391	-;-;-;-;-;-;-;-	1392	681	258	364	293	171	530	393	373	143	108	97	322	97	348	151	313	380	275	313	105	10	56	113	242	500	757	629	129	781	398	576	525	387	424	524	91	61	96	268	138	333	346	202	394	98	67	496	141	249	281	202	108	213	294	161	128	40	116	104	51	173	204	142	187	329	148	116	768	122	70	431	183	366	354	171	128	1014	190	352	965	337	788
gene-311396	scaffold_10;scaffold_10;scaffold_10;scaffold_10;scaffold_10;scaffold_10;scaffold_10;scaffold_10;scaffold_10	12373122;12373334;12374934;12375853;12376075;12376509;12378905;12379662;12381050	12373251;12373493;12375102;12375976;12376319;12376669;12379067;12380255;12381310	+;+;+;+;+;+;+;+;+	2007	1543	443	1011	329	493	1151	1023	584	370	257	330	653	246	158	308	905	257	125	369	117	74	30	184	353	760	1514	827	197	2872	540	359	237	309	407	331	163	77	88	249	333	546	805	544	828	270	108	987	373	601	844	418	225	749	695	290	88	108	272	387	132	319	93	107	296	415	319	157	548	153	342	681	322	555	196	490	217	924	430	351	2164	513	639
gene-311426	scaffold_10;scaffold_10;scaffold_10;scaffold_10;scaffold_10	12383631;12389214;12404636;12412008;12413653	12383673;12389346;12405189;12412977;12413842	-;-;-;-;-	1890	1026	254	460	262	388	1277	901	353	439	101	428	345	317	342	170	323	2466	120	153	230	110	146	147	176	343	761	2953	106	6786	1756	2062	1910	1269	2440	1636	152	107	170	748	310	387	212	420	761	182	285	314	182	1630	649	498	279	660	513	398	200	128	502	233	242	157	201	270	178	278	423	118	2049	148	1031	2965	178	221	587	250	130	4329	1518	1825	2973	1724	1775
gene-311444	scaffold_10	12476150	12476797	+	648	943	497	932	409	457	1346	649	636	453	188	382	496	259	1095	332	576	1826	323	741	534	145	534	507	549	647	845	1892	260	2471	1408	1710	2172	1503	2303	1836	337	86	509	1395	420	642	482	450	842	406	492	796	243	728	683	661	560	583	445	619	444	144	498	244	252	425	920	554	309	660	309	258	2118	338	593	1805	354	560	1018	466	286	2826	1018	1418	1762	1042	2058
gene-311450	scaffold_10;scaffold_10;scaffold_10	12477670;12478137;12478635	12477861;12478352;12479549	-;-;-	1323	1791	508	1320	567	687	2197	1132	780	684	252	583	797	376	881	446	844	1620	350	560	472	86	409	454	646	760	1391	2228	396	3283	1586	1517	1983	982	2151	1246	542	153	491	1012	610	961	691	656	1209	418	607	1132	371	1299	788	826	615	945	637	604	496	187	567	332	279	436	666	371	471	772	537	212	1852	350	686	2464	430	1020	848	580	328	3170	1054	1346	2274	901	1507
gene-311462	scaffold_10;scaffold_10;scaffold_10;scaffold_10	12481671;12482260;12482606;12483583	12482111;12482466;12482773;12484149	+;+;+;+	1383	403	215	273	124	139	479	307	211	188	74	115	221	136	171	150	213	318	101	247	113	12	76	153	196	330	518	590	65	866	293	471	411	262	402	345	120	26	125	193	95	175	184	130	337	98	90	270	100	257	254	221	90	201	229	156	67	24	148	153	60	144	175	93	183	209	163	86	599	95	114	457	138	298	245	134	83	1017	268	396	859	526	1066
gene-311477	scaffold_10;scaffold_10;scaffold_10;scaffold_10;scaffold_10;scaffold_10;scaffold_10;scaffold_10;scaffold_10;scaffold_10;scaffold_10;scaffold_10;scaffold_10	12490161;12490161;12496683;12496683;12504563;12504563;12569538;12569538;12579488;12605093;12605545;12606107;12606387	12491586;12491586;12497542;12497542;12504697;12504697;12569812;12569638;12579725;12605140;12605616;12606196;12606573	-;-;-;-;-;-;-;-;-;-;-;-;-	3331	583	211	267	170	199	409	733	222	267	215	200	262	426	78	223	388	159	79	192	73	104	26	195	121	811	544	552	132	773	380	422	242	418	161	302	78	85	57	361	130	206	249	291	599	195	46	494	214	337	630	219	139	553	361	148	10	153	102	108	238	219	50	338	282	194	252	146	327	57	171	118	170	298	207	178	163	619	479	464	1091	430	483
gene-311521	scaffold_10;scaffold_10;scaffold_10;scaffold_10;scaffold_10;scaffold_10;scaffold_10;scaffold_10;scaffold_10	12607728;12607901;12608413;12608651;12609315;12609473;12609845;12628265;12630016	12607819;12607985;12608592;12608899;12609404;12609608;12610096;12628466;12630091	+;+;+;+;+;+;+;+;+	1362	958	457	758	242	483	1168	702	454	400	186	367	520	247	562	335	654	950	125	694	347	178	262	323	528	639	1294	1143	334	2893	1497	1424	1709	853	2032	983	347	177	382	886	295	390	413	409	759	399	456	642	172	578	597	592	619	481	325	517	343	166	582	261	374	214	488	232	291	432	332	237	1801	216	523	2063	433	436	459	498	248	2516	512	1065	882	791	1007
gene-311551	scaffold_10;scaffold_10;scaffold_10	12632636;12633380;12636918	12632884;12633657;12636957	-;-;-	567	3710	1219	1603	1083	1114	3082	2509	1497	973	548	981	1541	568	3709	1067	2953	8400	960	1690	998	168	644	1109	1546	3197	5248	10822	889	11634	5503	7218	7030	5275	7447	6659	785	402	1285	5280	1020	1161	1673	1265	2635	774	1013	2110	730	2973	1826	1643	798	1542	1425	1523	935	336	1352	769	768	859	1966	2004	1163	1459	914	659	8971	776	1953	7502	1594	1733	4923	1126	674	13368	5077	5739	10174	3930	7116
gene-311563	scaffold_10;scaffold_10;scaffold_10;scaffold_10;scaffold_10	12641372;12644174;12645396;12646324;12650091	12641704;12644794;12645678;12646558;12650289	+;+;+;+;+	1671	8	2	0	6	2	4	24	8	28	12	12	2	43	4	16	14	4	14	2	18	20	2	25	2	56	27	98	0	93	116	118	68	114	23	101	6	4	2	74	6	0	0	10	5	8	2	10	10	18	24	6	2	31	10	2	0	12	4	0	15	14	4	59	18	2	18	6	18	0	22	12	20	26	36	8	16	81	75	153	26	34	10
gene-311581	scaffold_10;scaffold_10;scaffold_10	12669931;12670574;12673458	12670112;12671199;12674014	+;+;+	1365	6	2	16	28	44	101	32	48	52	18	24	16	22	30	34	52	26	8	18	112	14	52	10	12	88	106	55	42	130	8	2	6	2	8	4	26	28	62	40	50	28	30	8	60	20	94	28	12	3362	100	70	6	24	40	78	8	20	38	10	72	10	74	26	18	20	52	4	4	16	48	2	34	80	26	100	26	8	6	2	56	10	8
gene-311593	scaffold_10;scaffold_10;scaffold_10;scaffold_10;scaffold_10;scaffold_10;scaffold_10;scaffold_10	12674893;12675774;12676275;12676678;12676823;12677096;12677289;12677692	12674996;12675888;12676545;12676763;12676965;12677182;12677472;12677907	+;+;+;+;+;+;+;+	1206	2259	778	1629	922	266	765	1493	1037	428	578	372	1146	391	81	606	1400	99	502	1487	82	130	24	224	517	1555	2240	366	959	754	154	201	120	224	76	180	553	309	141	146	337	1011	1027	487	2096	316	135	1552	608	768	2283	367	145	793	981	317	40	119	262	503	199	640	65	114	511	1152	417	480	180	512	91	68	583	1229	144	1411	653	321	214	256	794	434	1166
gene-311620	scaffold_10;scaffold_10;scaffold_10;scaffold_10;scaffold_10;scaffold_10;scaffold_10;scaffold_10	12700659;12730173;12730693;12733568;12739409;12740370;12740914;12743034	12700696;12730364;12730954;12735503;12739740;12740533;12741108;12743046	+;+;+;+;+;+;+;+	3132	807	385	288	193	127	367	535	284	191	150	55	220	310	38	226	298	193	96	339	32	36	8	82	144	470	1029	543	104	530	185	233	180	182	134	213	72	58	71	128	93	292	234	157	382	111	35	643	135	222	593	142	69	253	400	72	56	44	64	153	76	121	33	58	260	220	122	103	293	52	59	191	149	1706	118	262	120	634	186	274	1101	188	683
gene-311647	scaffold_10;scaffold_10;scaffold_10;scaffold_10;scaffold_10;scaffold_10;scaffold_10;scaffold_10	12749639;12751173;12751589;12767575;12768075;12768308;12768535;12770157	12749824;12751309;12751857;12767758;12768190;12768438;12768644;12770232	-;-;-;-;-;-;-;-	1209	90	64	184	44	94	258	30	78	94	22	86	77	86	72	24	106	112	24	124	169	62	58	130	70	346	80	206	35	6	8	10	8	4	10	6	158	32	46	22	16	24	24	38	198	24	62	70	20	28	124	48	38	54	34	52	20	12	44	64	46	24	114	80	26	24	72	6	10	22	2	4	72	26	48	44	22	22	84	14	74	40	32
gene-311674	scaffold_10;scaffold_10;scaffold_10;scaffold_10;scaffold_10;scaffold_10;scaffold_10;scaffold_10;scaffold_10;scaffold_10;scaffold_10;scaffold_10;scaffold_10;scaffold_10;scaffold_10;scaffold_10	12771569;12776765;12778823;12782926;12784225;12789486;12789976;12790358;12794393;12795179;12797531;12797943;12798556;12800239;12801360;12805243	12771802;12776955;12778997;12783262;12784411;12789638;12790216;12790606;12794583;12795385;12797826;12798057;12798758;12800413;12801546;12805497	-;-;-;-;-;-;-;-;-;-;-;-;-;-;-;-	3396	606	203	229	115	29	86	158	171	35	57	14	147	8	122	225	411	159	105	222	22	0	36	18	183	288	1121	199	266	212	98	42	85	18	75	36	116	55	91	68	55	144	245	38	240	28	10	324	139	121	116	26	2	27	313	8	79	14	45	85	18	66	28	48	149	271	71	84	34	76	38	44	273	649	74	183	110	167	38	28	59	50	120
gene-311725	scaffold_10;scaffold_10	12827541;12830168	12827759;12830545	+;+	597	167	37	123	102	26	146	56	135	155	30	57	98	22	78	70	199	76	24	26	20	0	20	20	56	157	167	89	29	92	90	177	84	102	93	118	36	2	74	46	40	90	81	58	241	10	50	98	67	406	52	23	6	44	154	24	28	2	83	42	12	62	20	22	42	159	92	20	90	92	2	86	92	109	76	33	4	248	72	78	181	28	115
gene-311734	scaffold_10;scaffold_10;scaffold_10;scaffold_10	12836762;12847471;12847742;12848223	12837127;12847676;12848041;12848277	-;-;-;-	927	286	52	94	83	27	189	266	108	44	34	34	108	40	24	44	127	14	25	88	6	8	4	32	46	225	201	52	40	197	42	50	33	48	32	28	8	24	4	20	14	98	103	62	207	26	6	157	21	126	173	30	18	132	86	42	4	8	25	53	10	32	9	8	38	55	34	42	80	24	18	55	38	84	33	74	33	91	28	74	455	103	186
gene-311749	scaffold_10;scaffold_10	12873945;12875392	12874062;12875597	-;-	324	4	2	0	16	8	10	4	4	17	0	6	2	27	2	0	0	10	0	2	0	0	0	4	0	12	19	41	4	26	18	44	46	22	18	8	2	4	0	8	6	0	0	6	0	4	0	2	2	6	6	4	12	10	0	0	2	0	0	4	2	0	4	0	16	4	6	0	34	0	8	8	4	29	9	0	2	0	14	28	66	14	6
gene-311758	scaffold_10;scaffold_10	12914172;12915789	12914315;12915878	+;+	234	3277	1446	3241	1505	1796	4533	2532	1884	1711	647	1739	1985	1142	1938	885	2054	5161	704	1659	1327	558	1314	1254	1580	1660	2183	5425	895	11278	5009	3736	4963	2771	5588	2936	1128	312	1268	3444	1327	2257	2097	1823	2932	1252	1951	2958	980	4335	2419	1881	2170	2351	1704	1722	1506	738	1290	931	1155	1235	1964	1120	1253	2235	1543	752	5108	1083	3229	6892	1326	1876	2583	1526	1082	6506	3599	3185	5830	1856	2986
gene-311767	scaffold_10;scaffold_10;scaffold_10;scaffold_10;scaffold_10;scaffold_10;scaffold_10;scaffold_10	12916889;12916889;12917298;12917298;12920586;12920586;12920905;12920905	12917211;12917214;12917524;12917524;12920804;12920804;12921041;12921041	+;+;+;+;+;+;+;+	909	962	345	736	302	300	994	614	359	408	128	294	382	272	360	160	330	686	124	467	274	76	254	210	258	386	628	880	186	1588	620	742	870	493	1011	553	248	66	200	411	286	472	338	246	534	184	304	484	140	720	536	370	402	540	256	304	196	74	368	216	158	287	334	178	202	384	188	104	928	246	330	874	203	420	376	276	214	1422	524	614	902	398	932
gene-311796	scaffold_10;scaffold_10;scaffold_10	12921284;12921490;12921971	12921433;12921838;12922089	-;-;-	618	1020	448	1003	331	509	1249	606	589	409	192	356	564	211	614	248	466	963	209	549	502	148	441	508	458	579	753	841	288	1465	995	1200	1432	817	1512	1135	366	106	421	754	384	523	407	361	774	311	561	829	223	749	613	559	662	549	344	587	497	226	525	316	348	434	827	325	210	632	334	264	1437	269	223	1104	399	399	559	427	301	2074	607	1017	799	443	1286
gene-311808	scaffold_10;scaffold_10	12932385;12937700	12932635;12937709	-;-	261	124	38	108	20	12	120	88	64	16	12	46	54	67	54	21	44	119	7	48	30	24	36	73	74	121	22	322	19	703	267	163	608	136	720	188	10	0	22	114	42	49	60	44	180	46	53	66	22	188	105	49	66	61	36	34	34	8	93	26	78	30	50	44	28	38	18	20	238	16	108	323	44	24	78	80	14	471	60	230	152	150	192
gene-311817	scaffold_10;scaffold_10;scaffold_10;scaffold_10;scaffold_10;scaffold_10;scaffold_10;scaffold_10;scaffold_10;scaffold_10;scaffold_10;scaffold_10;scaffold_10;scaffold_10;scaffold_10;scaffold_10;scaffold_10;scaffold_10;scaffold_10;scaffold_10;scaffold_10;scaffold_10;scaffold_10;scaffold_10;scaffold_10;scaffold_10;scaffold_10;scaffold_10	12953315;12962753;12965424;12966342;12966705;12968782;12971434;12972112;12973145;12973960;12974629;12975519;12977041;12987003;12988198;12990967;12994095;12995148;12996220;12996560;12998143;12998378;13000360;13001964;13005464;13005857;13007236;13007616	12953336;12962872;12965585;12966512;12966974;12969011;12971648;12972392;12973286;12974260;12974806;12975835;12977193;12987135;12988522;12991306;12994296;12995336;12996294;12997059;12998284;12998600;13000577;13002305;13005799;13006172;13007485;13007990	+;+;+;+;+;+;+;+;+;+;+;+;+;+;+;+;+;+;+;+;+;+;+;+;+;+;+;+	6528	21	4	6	0	4	12	12	4	4	2	2	6	6	7	2	2	28	4	4	0	0	0	0	8	34	2	146	2	329	74	39	106	10	93	48	2	0	0	20	2	2	12	10	22	2	0	4	2	12	29	2	2	12	12	0	0	8	4	2	4	6	0	10	6	0	0	0	117	2	0	60	8	4	62	2	0	184	9	57	133	58	32
gene-311904	scaffold_10	13008648	13008899	-	252	635	649	636	416	481	981	496	503	528	306	532	556	343	778	463	654	1388	300	767	629	174	605	410	527	834	1208	989	401	1300	981	1682	1761	1025	1404	1196	613	173	709	764	517	372	494	423	813	345	760	797	339	1262	661	700	704	581	574	678	587	207	454	360	396	401	857	408	539	643	488	238	1893	439	278	1000	550	640	692	494	293	2558	790	1178	962	609	1264
gene-311910	scaffold_10;scaffold_10;scaffold_10;scaffold_10;scaffold_10;scaffold_10;scaffold_10	13009387;13009706;13009927;13010134;13010528;13010909;13011301	13009536;13009870;13010057;13010419;13010668;13011031;13011498	+;+;+;+;+;+;+	1194	16	12	22	4	4	16	22	22	4	4	18	14	12	0	24	14	48	0	12	4	2	2	18	10	28	0	150	2	324	100	64	300	34	197	81	0	0	10	50	16	4	10	8	58	4	16	0	4	68	16	10	24	21	10	12	8	2	8	0	19	6	8	20	6	8	0	0	137	0	6	144	12	18	40	4	4	235	21	80	77	38	62
gene-311934	scaffold_10;scaffold_10;scaffold_10;scaffold_10;scaffold_10	13013469;13013638;13014437;13014673;13015931	13013583;13013816;13014592;13014969;13016251	+;+;+;+;+	1068	2357	626	2189	725	710	2435	2073	1016	761	305	731	1044	354	383	350	1229	593	379	714	163	119	106	268	545	1040	1578	987	308	2037	661	853	650	684	771	736	323	117	220	327	687	1454	1415	1108	1919	599	442	1946	505	1188	1718	904	387	1641	959	540	247	122	554	548	249	672	420	248	385	1069	434	321	1189	383	181	791	435	579	432	572	333	1781	429	672	1886	563	1206
gene-311952	scaffold_10;scaffold_10;scaffold_10;scaffold_10;scaffold_10	13021821;13022056;13023347;13024812;13025730	13021950;13022155;13023551;13025652;13025854	-;-;-;-;-	1401	4327	1100	3141	568	1796	5169	2916	1281	2126	484	1628	839	773	1186	354	1330	1758	178	1020	742	360	600	722	866	722	1943	1462	590	2102	2211	2144	2540	1521	2022	2001	598	270	698	1838	666	1599	1626	1472	2379	1262	852	2238	638	1085	2400	1732	1978	3058	663	1326	458	598	1141	642	754	410	1247	664	814	1346	829	442	3115	360	478	2616	1014	949	1464	1078	734	4722	1256	2492	2492	1085	1763
gene-311970	scaffold_10;scaffold_10;scaffold_10;scaffold_10;scaffold_10;scaffold_10;scaffold_10;scaffold_10;scaffold_10;scaffold_10;scaffold_10;scaffold_10;scaffold_10;scaffold_10;scaffold_10;scaffold_10;scaffold_10;scaffold_10;scaffold_10;scaffold_10;scaffold_10;scaffold_10;scaffold_10;scaffold_10;scaffold_10;scaffold_10;scaffold_10;scaffold_10;scaffold_10;scaffold_10;scaffold_10;scaffold_10;scaffold_10;scaffold_10;scaffold_10;scaffold_10;scaffold_10;scaffold_10;scaffold_10;scaffold_10;scaffold_10;scaffold_10;scaffold_10;scaffold_10;scaffold_10	13057371;13057371;13057477;13057477;13059381;13059916;13059916;13060959;13060959;13061239;13061239;13062346;13062346;13064826;13064826;13065862;13065862;13066311;13066311;13067951;13067951;13068475;13068475;13070337;13070337;13073896;13073896;13074347;13074347;13074691;13074691;13075465;13075465;13076350;13076350;13077653;13077653;13079179;13079179;13081171;13081171;13081733;13081733;13082787;13082787	13057425;13057425;13057539;13057539;13059509;13060171;13060171;13061127;13061127;13061520;13061520;13062577;13062577;13065014;13065014;13066080;13066080;13066796;13066796;13068340;13068340;13068727;13068727;13070788;13070788;13074158;13074158;13074443;13074443;13074882;13074882;13075898;13075898;13076500;13076500;13077852;13077852;13079361;13079361;13081334;13081334;13081874;13081874;13083257;13083257	+;+;+;+;+;+;+;+;+;+;+;+;+;+;+;+;+;+;+;+;+;+;+;+;+;+;+;+;+;+;+;+;+;+;+;+;+;+;+;+;+;+;+;+;+	5472	3164	1769	2994	1301	1645	5200	3962	1657	1458	651	1233	1540	1409	2584	1182	2093	4042	621	1788	1226	290	745	1560	1366	5207	3302	9712	748	17244	7528	7542	8452	5013	9143	5997	729	442	1614	3785	844	1529	1106	1324	2661	769	1134	2148	649	6569	3062	1484	1312	3213	1576	1093	754	444	1118	1035	912	1046	2160	1453	1446	1370	1132	524	8757	511	2467	8136	1453	2401	4602	1143	619	14857	3333	7615	11516	3619	5444
gene-312110	scaffold_10;scaffold_10;scaffold_10;scaffold_10;scaffold_10;scaffold_10;scaffold_10;scaffold_10;scaffold_10	13086982;13089936;13091456;13096150;13102052;13104367;13109742;13110030;13111015	13087179;13090136;13091903;13096359;13103250;13104554;13109901;13110238;13111066	-;-;-;-;-;-;-;-;-	2865	1837	645	947	425	750	2112	1411	939	512	326	302	1045	474	784	456	1587	755	164	786	240	110	112	295	692	1687	1895	2061	507	4116	1983	2356	2648	2111	2350	2677	345	182	363	794	279	785	779	538	1242	339	392	1146	373	1191	1133	815	373	798	745	540	233	112	693	623	319	356	339	390	688	658	705	325	3166	337	440	2218	706	1451	923	623	333	5085	806	2433	2940	2643	3990
gene-312140	scaffold_10;scaffold_10;scaffold_10;scaffold_10;scaffold_10;scaffold_10;scaffold_10;scaffold_10;scaffold_10;scaffold_10;scaffold_10;scaffold_10;scaffold_10;scaffold_10;scaffold_10;scaffold_10;scaffold_10;scaffold_10;scaffold_10;scaffold_10;scaffold_10;scaffold_10;scaffold_10;scaffold_10;scaffold_10;scaffold_10;scaffold_10;scaffold_10	13202882;13205588;13384761;13384969;13409467;13409467;13418805;13418805;13423275;13423275;13426251;13426251;13431740;13431740;13434540;13434540;13435766;13435766;13437078;13437078;13440391;13440391;13440872;13440872;13442933;13442933;13443565;13443565	13203121;13206018;13385189;13385189;13409785;13409785;13419521;13419521;13423453;13423453;13426413;13426413;13431851;13431851;13434634;13434634;13435921;13435921;13437257;13437257;13440640;13440640;13441002;13441002;13442997;13442997;13443691;13443691	+;+;+;+;+;+;+;+;+;+;+;+;+;+;+;+;+;+;+;+;+;+;+;+;+;+;+;+	3594	257	66	78	109	72	201	368	114	94	60	77	114	189	86	115	451	62	34	98	38	82	14	50	58	888	320	460	70	483	414	530	367	867	223	586	38	62	58	233	52	66	96	125	196	43	14	189	65	83	394	95	24	270	118	70	28	52	34	73	84	57	44	144	149	91	76	37	792	16	44	331	219	130	294	67	42	1298	155	890	1460	740	492
gene-312229	scaffold_10;scaffold_10;scaffold_10;scaffold_10;scaffold_10;scaffold_10;scaffold_10;scaffold_10;scaffold_10;scaffold_10	13450398;13450398;13455093;13455093;13457512;13459199;13463226;13463226;13465588;13465588	13450436;13450436;13455209;13455209;13457675;13459362;13463349;13463349;13465890;13465890	-;-;-;-;-;-;-;-;-;-	911	34184	15484	25511	14694	14766	41791	24616	16820	15506	7862	14818	17581	10727	17527	9132	23096	24763	6932	17426	11290	4056	7375	10355	14917	24059	26029	30507	9472	54837	28806	35291	37878	28357	43998	32777	10392	4694	10680	17487	14764	23106	19061	18717	33211	12584	15169	25759	9697	23451	23266	21110	15031	24999	15971	19551	11933	5434	16181	10141	8662	10847	15596	8281	13139	20070	12068	8017	45612	9541	10646	40455	13757	15889	18656	14352	8979	68609	21031	36273	46149	24691	41047
gene-312264	scaffold_10	13479717	13479917	+	201	0	0	0	0	0	0	0	0	0	0	0	0	0	0	0	0	0	0	0	0	0	0	0	0	0	0	0	0	0	0	0	0	0	0	0	0	2	0	0	0	0	0	0	0	0	0	0	0	0	0	0	0	0	0	0	0	0	0	0	0	0	0	0	0	0	0	0	0	0	0	0	0	0	0	0	0	0	0	0	0	0	0
gene-312270	scaffold_10;scaffold_10;scaffold_10;scaffold_10;scaffold_10	13496113;13498858;13500381;13502697;13507214	13496552;13499177;13500573;13503114;13507372	+;+;+;+;+	1530	0	0	0	0	0	0	0	0	0	0	0	0	0	0	0	2	0	0	0	0	0	0	0	0	0	0	66	0	53	6	6	14	9	13	8	0	0	0	2	0	0	0	0	0	0	4	0	0	38	2	0	0	0	0	0	0	0	0	0	0	0	0	0	0	0	0	0	9	0	26	0	0	0	3	0	0	8	132	0	1229	1117	704
gene-312288	scaffold_10	13614568	13615698	+	1131	0	0	0	0	0	0	0	0	0	0	0	0	0	0	0	0	0	0	0	0	0	0	0	0	0	0	0	0	2	0	6	0	0	0	0	0	0	0	0	0	0	0	0	0	0	0	2	0	0	0	0	0	0	0	0	0	0	0	0	0	0	0	0	0	0	0	0	2	0	0	2	0	0	2	0	0	2	2	2	12	0	0
gene-312294	scaffold_10;scaffold_10;scaffold_10;scaffold_10;scaffold_10	13670206;13670206;13670654;13688186;13688186	13670515;13671601;13671601;13688385;13688385	+;+;+;+;+	1596	1582	217	400	185	123	437	629	351	175	164	118	333	252	118	206	695	54	106	379	21	26	8	96	156	701	1089	492	222	807	268	201	96	204	77	147	109	68	36	144	94	400	578	281	762	73	14	616	175	380	597	119	20	409	450	116	22	50	78	185	68	214	20	94	224	327	198	175	274	93	75	115	251	424	156	297	181	372	202	176	1591	326	755
gene-312314	scaffold_10;scaffold_10;scaffold_10	13706461;13712197;13717131	13706542;13712409;13717276	+;+;+	441	2485	46	428	62	150	936	558	99	221	43	105	52	83	54	14	35	31	6	62	44	70	36	38	106	60	82	80	44	23	4	288	201	800	16	4804	23	2	59	39	250	231	74	136	476	60	188	80	80	240	345	225	180	236	48	170	33	72	370	40	185	54	32	34	18	116	62	52	48	107	14	21	54	90	36	234	124	90	105	25	363	271	29123
gene-312326	scaffold_10;scaffold_10;scaffold_10;scaffold_10;scaffold_10;scaffold_10;scaffold_10;scaffold_10;scaffold_10;scaffold_10;scaffold_10	13728939;13754589;13758668;13764199;13775484;13782046;13785691;13787369;13793306;13797403;13866664	13729399;13754670;13758822;13764491;13775733;13782331;13785870;13787527;13793434;13797597;13866816	-;-;-;-;-;-;-;-;-;-;-	2343	1194	585	1056	387	508	1092	895	762	387	251	359	777	241	498	385	863	1060	158	545	191	84	128	219	476	911	1551	1872	307	2642	946	1004	840	455	1004	705	273	105	211	643	310	642	887	526	944	298	293	1169	362	1035	821	597	361	851	757	434	229	191	333	412	236	315	318	262	482	625	520	204	1120	220	295	1024	531	898	586	495	315	1997	963	756	2125	818	1357
gene-312362	scaffold_10;scaffold_10;scaffold_10;scaffold_10;scaffold_10;scaffold_10;scaffold_10;scaffold_10;scaffold_10;scaffold_10;scaffold_10;scaffold_10;scaffold_10;scaffold_10	14074595;14074595;14076692;14076692;14079555;14079555;14080372;14080372;14089757;14089757;14097894;14097894;14109485;14109485	14074799;14074799;14077041;14077041;14079757;14079757;14080531;14080531;14089903;14089915;14098097;14098097;14109538;14109538	-;-;-;-;-;-;-;-;-;-;-;-;-;-	1335	52	9	47	40	34	42	104	11	71	52	26	22	155	6	56	20	18	24	20	22	33	2	39	4	102	34	186	26	192	169	138	115	141	44	104	12	14	10	112	24	16	10	26	28	32	4	28	40	12	100	34	10	104	26	16	2	36	15	16	85	26	2	79	54	12	38	12	49	2	60	20	27	18	53	32	31	83	119	187	56	90	34
gene-312409	scaffold_10	14290936	14291676	+	741	0	0	0	0	0	0	0	0	0	0	0	0	0	0	0	0	0	0	0	0	0	0	0	0	0	0	0	0	0	0	0	0	0	0	0	0	0	0	0	0	0	0	0	0	0	0	0	0	0	0	0	0	0	0	0	0	0	0	0	0	0	0	0	0	0	0	0	0	0	0	0	0	0	0	0	0	0	0	0	0	0	0
gene-312416	scaffold_10;scaffold_10;scaffold_10;scaffold_10;scaffold_10;scaffold_10;scaffold_10	14331222;14331315;14332310;14334121;14336335;14337198;14338132	14331237;14331508;14332540;14334348;14336633;14337356;14338291	+;+;+;+;+;+;+	1287	5717	3129	4817	3079	2157	5536	3684	3149	2280	1710	2399	4098	1744	2722	1964	5556	4883	1573	3054	1637	336	1062	1556	2251	5016	5649	7451	1470	13287	5903	5344	5952	3648	6334	4108	1770	625	1481	2958	2421	3851	5135	3023	5770	1754	1613	6853	2568	6006	4710	2616	1891	3482	4537	2846	2279	567	1435	1845	720	2416	2187	1424	2969	4459	1979	1396	7799	2239	1803	8751	2076	3269	3903	2816	1581	11401	2856	5355	9448	3084	6056
gene-312440	scaffold_10;scaffold_10;scaffold_10	14352365;14353344;14361953	14352638;14354354;14362002	-;-;-	1335	109	64	58	48	58	134	71	92	20	36	34	76	40	169	49	214	131	31	84	26	4	3	47	45	396	153	375	16	529	320	681	376	736	324	769	8	18	26	189	20	49	81	72	111	24	7	134	22	730	133	44	16	88	43	42	4	6	19	18	11	15	48	146	58	57	40	33	690	14	26	266	73	47	389	30	14	1079	130	512	506	552	386
gene-312452	scaffold_10;scaffold_10;scaffold_10;scaffold_10;scaffold_10;scaffold_10;scaffold_10;scaffold_10	14644041;14658014;14664517;14667000;14668326;14670225;14670967;14671657	14645421;14658273;14664989;14667303;14668611;14670379;14671111;14671670	-;-;-;-;-;-;-;-	3018	72	51	31	14	18	28	40	41	38	18	17	38	45	16	20	48	32	24	58	2	18	2	30	22	137	69	88	14	200	60	59	56	117	79	101	4	4	14	32	18	19	20	20	45	8	8	48	16	102	66	20	4	47	50	22	6	8	6	11	19	12	10	10	30	23	26	8	88	4	12	53	29	34	40	24	10	256	29	65	134	34	139
gene-312479	scaffold_10;scaffold_10;scaffold_10;scaffold_10;scaffold_10;scaffold_10;scaffold_10;scaffold_10;scaffold_10;scaffold_10;scaffold_10;scaffold_10;scaffold_10;scaffold_10;scaffold_10;scaffold_10;scaffold_10;scaffold_10;scaffold_10;scaffold_10	14736873;14736873;14739697;14739697;14743561;14743561;14744203;14744203;14745420;14745420;14749056;14749056;14749563;14749563;14750922;14750922;14757292;14757292;14757822;14757822	14737179;14737179;14739812;14739812;14744049;14744049;14744390;14744390;14745783;14745783;14749252;14749252;14749728;14749728;14751071;14751071;14757573;14757573;14758118;14758109	-;-;-;-;-;-;-;-;-;-;-;-;-;-;-;-;-;-;-;-	2556	120	48	58	29	22	72	83	50	26	40	14	58	55	18	66	152	37	26	54	16	26	2	63	24	341	273	244	47	435	210	182	125	230	88	137	10	20	6	100	13	38	48	56	86	26	6	92	26	128	121	33	8	66	119	22	6	12	16	26	26	22	7	52	64	58	28	18	135	8	76	48	91	48	73	68	32	238	126	273	409	127	152
gene-312544	scaffold_10;scaffold_10;scaffold_10;scaffold_10;scaffold_10;scaffold_10;scaffold_10;scaffold_10;scaffold_10;scaffold_10;scaffold_10;scaffold_10	14763711;14763839;14764230;14764905;14765303;14765869;14772018;14773717;14777076;14780943;14781706;14782719	14763754;14764067;14764819;14765133;14765569;14766558;14772536;14773992;14778188;14781227;14781848;14783469	+;+;+;+;+;+;+;+;+;+;+;+	5136	665	409	464	238	278	789	456	439	236	133	214	365	303	368	242	833	278	114	393	113	26	41	257	306	1189	1018	780	175	1018	567	1111	946	1241	681	1260	144	71	182	402	129	466	479	369	653	140	114	671	193	796	825	315	185	558	582	238	64	70	155	261	132	194	198	168	278	441	219	124	1684	142	115	645	380	521	579	225	155	2185	261	938	1649	519	938
gene-312583	scaffold_10;scaffold_10;scaffold_10;scaffold_10;scaffold_10;scaffold_10	14841993;14850567;14851048;14853187;14853606;14855597	14842402;14850903;14851273;14853424;14853778;14855613	-;-;-;-;-;-	1401	123	73	99	40	28	153	96	112	44	30	26	60	50	79	56	206	67	34	109	36	10	10	72	107	396	230	319	61	621	163	212	242	378	296	274	28	24	47	101	38	101	88	92	178	30	11	125	33	134	167	73	14	76	86	52	10	8	41	60	24	61	42	75	97	83	30	23	461	29	40	188	156	82	161	70	17	805	75	333	531	144	366
gene-312604	scaffold_10;scaffold_10;scaffold_10;scaffold_10;scaffold_10;scaffold_10;scaffold_10;scaffold_10;scaffold_10;scaffold_10;scaffold_10;scaffold_10;scaffold_10;scaffold_10;scaffold_10;scaffold_10;scaffold_10;scaffold_10;scaffold_10;scaffold_10;scaffold_10;scaffold_10;scaffold_10;scaffold_10;scaffold_10;scaffold_10;scaffold_10;scaffold_10;scaffold_10;scaffold_10;scaffold_10;scaffold_10;scaffold_10;scaffold_10;scaffold_10;scaffold_10	14863111;14867988;14869408;14870291;14871415;14872121;14874866;14876335;14877814;14878825;14880631;14884646;14885157;14886333;14886693;14887255;14888691;14890137;14892390;14894429;14897184;14900162;14904167;14904627;14904976;14907704;14908724;14909055;14909251;14911748;14911946;14919575;14922230;14922811;14925499;14925943	14863245;14868313;14869760;14870585;14871634;14872304;14875422;14876499;14878694;14879179;14880900;14884811;14885421;14886556;14886825;14887811;14888904;14890813;14892768;14894760;14897386;14900468;14904388;14904745;14905194;14907869;14908976;14909190;14909374;14911863;14912166;14919731;14922460;14923053;14925671;14925997	-;-;-;-;-;-;-;-;-;-;-;-;-;-;-;-;-;-;-;-;-;-;-;-;-;-;-;-;-;-;-;-;-;-;-;-	9633	302	136	244	90	106	394	372	114	187	84	95	161	174	187	132	168	70	82	111	56	65	22	102	75	322	462	341	86	534	222	254	198	208	109	176	32	56	53	190	69	118	159	224	262	107	29	185	102	171	374	135	113	227	170	99	44	70	129	122	120	116	60	151	164	91	143	62	239	44	87	132	101	359	96	144	93	473	281	248	377	320	273
gene-312715	scaffold_10;scaffold_10;scaffold_10;scaffold_10;scaffold_10;scaffold_10;scaffold_10;scaffold_10;scaffold_10;scaffold_10	14927298;14927507;14933208;14937752;14938125;14940201;14942122;14947398;14949420;14956783	14927454;14927957;14933481;14938026;14938373;14940657;14942841;14947762;14950214;14957050	+;+;+;+;+;+;+;+;+;+	4011	1782	561	1015	463	590	1604	1074	858	598	302	545	858	384	877	583	1165	1465	326	808	540	130	456	434	652	1183	2008	2099	442	3175	1364	1840	2060	1296	2154	1769	528	209	466	1084	460	789	786	552	1192	512	482	1136	436	1392	1207	810	558	820	768	684	568	210	590	424	312	450	822	527	533	730	500	244	2120	394	512	2004	552	1098	976	656	372	3509	984	1610	2511	1101	1920
gene-312748	scaffold_10;scaffold_10;scaffold_10;scaffold_10;scaffold_10;scaffold_10;scaffold_10;scaffold_10;scaffold_10;scaffold_10;scaffold_10;scaffold_10;scaffold_10;scaffold_10;scaffold_10;scaffold_10;scaffold_10;scaffold_10;scaffold_10;scaffold_10;scaffold_10;scaffold_10;scaffold_10;scaffold_10;scaffold_10;scaffold_10;scaffold_10;scaffold_10;scaffold_10;scaffold_10;scaffold_10;scaffold_10;scaffold_10;scaffold_10;scaffold_10;scaffold_10;scaffold_10;scaffold_10;scaffold_10;scaffold_10;scaffold_10;scaffold_10;scaffold_10;scaffold_10;scaffold_10	14961082;14961082;14961082;14963411;14963411;14963411;14968577;14968577;14974399;14974399;14974399;14975739;14975739;14975739;14981521;14983736;14983736;14983736;14985715;14985715;14985715;14986046;14986046;14986046;14987318;14987318;14987318;14988836;14988836;14988836;14998827;14998827;14998827;15005971;15005971;15005971;15022300;15022789;15022789;15055124;15055124;15055124;15095957;15095957;15095957	14961367;14961367;14961367;14963847;14963847;14963847;14968828;14968828;14974614;14974614;14974614;14975907;14975907;14975907;14981565;14983839;14983839;14983839;14985929;14985929;14985929;14986211;14986211;14986211;14987934;14987934;14987934;14989163;14989163;14989163;14999158;14999158;14999158;15006297;15006297;15006297;15022406;15022895;15022895;15055313;15055313;15055313;15096044;15096044;15096044	-;-;-;-;-;-;-;-;-;-;-;-;-;-;-;-;-;-;-;-;-;-;-;-;-;-;-;-;-;-;-;-;-;-;-;-;-;-;-;-;-;-;-;-;-	3986	694	154	291	119	130	392	576	209	135	120	126	234	234	107	216	581	137	87	188	56	53	14	127	171	1118	729	850	126	1840	426	628	376	694	197	657	44	114	86	329	61	192	271	205	427	78	30	421	103	364	623	101	60	429	279	110	12	82	78	113	100	130	31	148	223	167	188	52	656	40	188	263	254	280	385	220	134	1211	238	540	2324	438	721
gene-312890	scaffold_10;scaffold_10;scaffold_10;scaffold_10;scaffold_10	15344072;15352338;15355987;15364497;15414225	15344185;15352481;15356168;15364713;15414227	-;-;-;-;-	660	933	475	1032	421	750	1543	890	399	1466	181	644	380	593	102	72	176	338	89	187	94	44	60	130	107	119	428	178	53	237	116	206	103	70	149	62	141	29	50	87	427	770	682	1109	1041	550	763	1442	334	356	1155	1005	883	1547	376	463	94	174	296	167	214	371	123	66	194	638	213	136	196	164	42	118	65	188	50	195	134	215	144	168	140	131	235
gene-312908	scaffold_10;scaffold_10;scaffold_10;scaffold_10	15427949;15437387;15443890;15444334	15428164;15437893;15444119;15444370	-;-;-;-	990	27734	8256	35825	7740	15888	65546	34094	10263	25401	4458	18224	12084	10040	7838	4124	10472	11409	3096	7175	5818	2861	4539	4578	7319	9773	12381	14548	4376	21528	10593	12073	13285	8305	14894	10512	5864	2081	4365	6732	14177	25400	12011	24461	32723	15349	15667	18505	8771	14172	18511	28397	15534	32207	9550	13100	5585	4385	16509	6108	8614	6469	6832	3589	6645	14002	7431	4056	14212	6581	4493	13636	5632	7406	6923	9383	5693	22329	8188	10061	13983	8514	16110
gene-312923	scaffold_10;scaffold_10;scaffold_10;scaffold_10	15448200;15449336;15452529;15455726	15448467;15449640;15452814;15455961	+;+;+;+	1095	1188	752	819	433	325	736	894	792	318	355	320	967	290	334	541	1289	239	427	805	107	50	28	229	714	1490	2126	711	388	1786	478	637	263	771	622	672	279	159	123	183	286	480	902	371	968	175	92	1340	404	1190	901	368	146	479	1240	277	205	36	232	396	73	339	174	138	678	838	339	313	986	205	125	734	459	1024	371	569	317	1683	250	818	1732	554	1100
gene-312938	scaffold_10;scaffold_10;scaffold_10;scaffold_10;scaffold_10;scaffold_10;scaffold_10;scaffold_10;scaffold_10	15465972;15466408;15468449;15468887;15473991;15474214;15474485;15480741;15482410	15466146;15466460;15468591;15469032;15474039;15474340;15474648;15480798;15482526	-;-;-;-;-;-;-;-;-	1032	497	104	222	126	55	309	320	254	100	83	49	244	114	71	126	560	24	125	191	37	6	2	82	192	482	882	235	192	817	76	88	56	71	91	35	105	88	35	63	65	185	230	137	511	52	32	235	98	212	402	97	34	188	293	111	22	34	89	96	44	144	25	49	120	280	125	81	120	55	59	120	180	235	105	224	104	213	38	99	464	247	212
gene-312968	scaffold_10;scaffold_10;scaffold_10;scaffold_10	15485202;15490776;15499986;15500886	15485657;15491057;15500695;15501915	+;+;+;+	2478	348	152	148	81	102	175	272	166	86	94	66	211	124	44	148	415	79	70	171	26	18	6	121	144	637	677	500	120	993	173	227	145	380	125	312	66	44	30	156	40	130	168	124	272	52	18	351	119	404	384	83	20	218	322	57	4	34	60	92	58	124	36	118	181	163	141	88	253	34	107	116	207	220	126	189	72	567	250	305	1610	332	570
gene-312983	scaffold_10;scaffold_10;scaffold_10;scaffold_10;scaffold_10;scaffold_10;scaffold_10;scaffold_10;scaffold_10;scaffold_10;scaffold_10;scaffold_10;scaffold_10;scaffold_10;scaffold_10;scaffold_10;scaffold_10;scaffold_10	15543742;15545489;15546273;15548065;15551700;15552314;15554666;15557530;15558875;15560828;15562595;15564837;15567079;15569289;15569604;15584951;15611539;16046340	15543918;15545634;15546624;15548423;15551880;15552558;15555464;15557778;15559393;15561174;15562928;15565045;15567241;15569418;15569704;15585079;15611721;16047464	-;-;-;-;-;-;-;-;-;-;-;-;-;-;-;-;-;-	5748	186	46	94	80	74	66	199	44	118	124	69	36	233	20	154	128	40	76	50	36	53	6	124	32	453	348	716	60	909	535	417	317	362	147	313	30	60	18	266	36	50	88	82	115	68	16	88	118	172	262	64	32	138	205	30	10	86	51	36	136	80	6	187	155	40	150	56	133	8	216	48	180	126	134	102	81	329	739	667	364	347	165
gene-313040	scaffold_10;scaffold_10;scaffold_10;scaffold_10;scaffold_10;scaffold_10;scaffold_10	16255915;16289177;16292259;16294353;16297691;16299472;16304646	16256021;16289512;16292493;16294631;16297945;16299738;16305050	+;+;+;+;+;+;+	1884	48449	25311	47429	19662	31694	78599	44980	27747	35792	13294	34420	33661	20725	12680	10862	28280	18752	6026	15220	10206	7743	6809	9288	17818	22662	33502	19450	11642	24515	15504	17192	17522	12634	21171	13560	13048	4504	8728	12892	24769	31921	32790	37556	55448	20972	25046	40924	25290	26644	32140	51251	34616	42960	35164	28265	14390	9998	27917	21784	17256	18972	11806	6518	17544	26868	26088	10140	23978	14176	5882	19084	17620	18796	13834	22904	13059	34757	9720	16798	23169	9744	17802
gene-313064	scaffold_10;scaffold_10;scaffold_10;scaffold_10;scaffold_10;scaffold_10;scaffold_10;scaffold_10;scaffold_10;scaffold_10;scaffold_10;scaffold_10;scaffold_10;scaffold_10;scaffold_10;scaffold_10;scaffold_10;scaffold_10;scaffold_10;scaffold_10;scaffold_10;scaffold_10	16330167;16330167;16352753;16352757;16352757;16359521;16381816;16381816;16381816;16381816;16390755;16390755;16390755;16390755;16399893;16399893;16399893;16399908;16403988;16403988;16403988;16403988	16330221;16330221;16352876;16352876;16352876;16359596;16382072;16382072;16382072;16382072;16391305;16391305;16391305;16391305;16400824;16400824;16400824;16400824;16404076;16404076;16404076;16404076	-;-;-;-;-;-;-;-;-;-;-;-;-;-;-;-;-;-;-;-;-;-	2084	421	93	213	85	76	180	367	149	224	149	142	156	237	22	118	232	22	60	132	46	42	14	94	62	276	357	148	131	158	84	54	70	69	30	58	78	64	20	104	53	92	166	178	260	107	46	195	169	140	403	86	65	235	235	70	34	96	58	81	210	66	6	79	124	97	201	76	36	52	38	28	126	197	52	166	110	94	66	82	118	103	282
gene-313139	scaffold_10;scaffold_10;scaffold_10;scaffold_10	16458143;16459107;16460037;16460312	16458466;16459270;16460143;16460316	-;-;-;-	600	19168	12101	22514	9490	15596	33726	15271	15538	16504	6877	16122	16088	8573	10685	6487	13255	23805	5496	10768	11079	5623	10070	8400	10050	10576	12628	23581	6242	26626	17037	15197	18277	9609	26505	13815	11774	2753	9364	14024	11116	13709	12610	11928	21457	11504	21499	19248	9540	23077	15864	21083	28289	17516	14078	15862	17075	8324	9626	6056	8144	8589	11166	5354	10514	15379	11518	5016	18124	8708	6906	21094	7212	14210	11448	11590	9049	26118	17038	15815	25155	13221	20209
gene-313154	scaffold_10;scaffold_10;scaffold_10;scaffold_10;scaffold_10;scaffold_10;scaffold_10;scaffold_10;scaffold_10;scaffold_10;scaffold_10;scaffold_10;scaffold_10	16475378;16490693;16495667;16498597;16503400;16506785;16508313;16509017;16510344;16510712;16512090;16515960;16529347	16475391;16490858;16495819;16498778;16503648;16507296;16508612;16509144;16510629;16510944;16512326;16516055;16529493	+;+;+;+;+;+;+;+;+;+;+;+;+	2703	255	108	165	101	39	175	328	126	146	117	70	160	193	64	132	296	78	49	117	52	46	14	94	58	673	494	610	127	1160	309	313	245	388	111	243	40	61	33	190	38	75	137	136	167	70	14	243	96	336	284	62	22	205	208	42	2	74	50	68	104	93	14	129	207	91	102	80	363	32	115	135	174	186	222	102	77	577	248	429	1043	324	376
gene-313196	scaffold_10;scaffold_10;scaffold_10;scaffold_10;scaffold_10;scaffold_10;scaffold_10;scaffold_10;scaffold_10;scaffold_10;scaffold_10;scaffold_10;scaffold_10;scaffold_10;scaffold_10;scaffold_10;scaffold_10;scaffold_10;scaffold_10;scaffold_10;scaffold_10;scaffold_10;scaffold_10;scaffold_10;scaffold_10;scaffold_10;scaffold_10;scaffold_10;scaffold_10;scaffold_10;scaffold_10;scaffold_10;scaffold_10	16556942;16556942;16556942;16561496;16561496;16561496;16564866;16564866;16564866;16569193;16569193;16569193;16573597;16573597;16573597;16576179;16576179;16576179;16582050;16582050;16582050;16593209;16593209;16593209;16599322;16599322;16599322;16601405;16601405;16601405;16631002;16633305;16634238	16557109;16557109;16557109;16561650;16561650;16561650;16565143;16565143;16565143;16569427;16569427;16569427;16573779;16573779;16573779;16576312;16576312;16576312;16582258;16582258;16582258;16593603;16593603;16593603;16599367;16599367;16599367;16601670;16601670;16601670;16631089;16633392;16634325	-;-;-;-;-;-;-;-;-;-;-;-;-;-;-;-;-;-;-;-;-;-;-;-;-;-;-;-;-;-;-;-;-	2333	0	0	0	0	0	0	0	0	0	0	0	0	0	1	2	0	9	0	0	0	0	0	0	2	22	4	41	0	148	9	7	4	25	9	13	0	0	1	8	0	0	0	2	2	0	0	0	0	33	2	0	0	3	0	0	0	0	2	0	0	0	0	6	0	4	0	0	8	0	8	15	1	0	3	0	0	34	12	13	60	0	6
gene-313303	scaffold_10;scaffold_10;scaffold_10;scaffold_10;scaffold_10;scaffold_10	16801168;16838014;16872600;16904286;16995439;17052683	16801310;16838182;16872727;16904496;16995656;17052749	-;-;-;-;-;-	936	0	2	0	2	1	0	4	0	2	0	0	0	6	0	2	0	0	4	2	0	0	0	0	2	4	1	30	0	12	22	8	0	2	6	0	0	0	0	9	0	0	2	5	0	2	0	6	6	0	0	4	2	0	2	0	0	4	0	0	2	2	0	2	6	0	0	0	0	0	10	0	2	0	2	0	0	10	6	0	12	2	0
gene-313324	scaffold_10	17768841	17770106	-	1266	0	0	0	0	0	0	2	0	0	0	0	0	0	0	0	0	0	0	0	0	0	0	0	0	0	0	0	0	0	0	0	0	2	0	0	0	6	0	4	2	0	0	0	4	0	0	0	0	2	0	0	0	0	0	0	0	0	0	0	0	0	0	0	0	0	0	0	0	0	0	0	0	0	0	0	0	0	0	0	0	0	0
gene-313330	scaffold_10;scaffold_10;scaffold_10;scaffold_10;scaffold_10;scaffold_10;scaffold_10;scaffold_10;scaffold_10;scaffold_10;scaffold_10;scaffold_10;scaffold_10;scaffold_10;scaffold_10;scaffold_10;scaffold_10;scaffold_10;scaffold_10;scaffold_10;scaffold_10;scaffold_10;scaffold_10;scaffold_10;scaffold_10;scaffold_10;scaffold_10;scaffold_10;scaffold_10;scaffold_10;scaffold_10;scaffold_10;scaffold_10;scaffold_10;scaffold_10;scaffold_10;scaffold_10;scaffold_10;scaffold_10;scaffold_10	18185182;18185182;18187857;18187857;18188633;18188633;18190614;18190614;18191885;18191885;18193465;18193465;18193971;18193971;18196064;18196064;18197102;18197102;18198708;18198708;18199168;18199168;18199340;18199340;18200465;18200465;18204469;18204469;18206472;18206472;18240735;18240735;18270897;18270897;18295417;18295417;18339015;18339015;18391504;18391504	18185376;18185376;18188054;18188054;18188915;18188915;18190711;18190711;18192254;18192254;18193610;18193610;18194341;18194341;18196255;18196255;18197428;18197428;18198975;18198975;18199277;18199295;18199443;18199443;18200694;18200694;18204594;18204594;18206665;18206665;18241218;18241218;18271044;18271044;18295523;18295523;18339149;18339149;18391662;18391662	-;-;-;-;-;-;-;-;-;-;-;-;-;-;-;-;-;-;-;-;-;-;-;-;-;-;-;-;-;-;-;-;-;-;-;-;-;-;-;-	4263	0	0	0	2	0	0	0	0	0	0	0	0	0	0	0	0	0	0	0	0	2	0	0	0	0	0	2	0	0	0	0	0	0	2	0	2	0	0	6	0	0	0	0	0	0	0	0	0	2	0	0	0	0	0	0	0	4	0	0	0	0	0	0	2	0	0	0	0	0	0	0	2	2	0	0	4	0	4	2	0	0	0
gene-313455	scaffold_10;scaffold_10;scaffold_10;scaffold_10;scaffold_10;scaffold_10	18496120;18497344;18503496;18503496;18528973;18528973	18496174;18497398;18503644;18503644;18529179;18529179	+;+;+;+;+;+	466	38	10	52	2	25	32	26	14	36	10	10	16	18	4	12	18	42	2	18	12	0	20	28	14	22	10	12	20	398	42	28	62	10	66	14	14	0	4	12	6	6	20	10	52	12	20	36	14	21	28	12	10	40	14	14	2	10	9	14	48	12	14	8	0	10	4	10	32	10	42	46	10	14	12	12	8	44	4	16	8	10	28
gene-313478	scaffold_10;scaffold_10;scaffold_10;scaffold_10	18551842;18559329;18563671;18566866	18552140;18559643;18563923;18567054	-;-;-;-	1056	732	339	387	211	102	524	443	285	123	105	68	254	94	144	164	404	88	234	430	30	24	6	68	328	567	1076	277	298	665	149	131	125	111	308	136	98	125	56	56	63	199	356	148	526	62	8	471	141	524	506	130	39	157	408	56	73	14	106	166	38	120	32	63	181	279	121	79	182	113	62	137	258	363	106	366	176	520	97	208	360	183	653
gene-313493	scaffold_10;scaffold_10;scaffold_10;scaffold_10;scaffold_10;scaffold_10;scaffold_10;scaffold_10;scaffold_10;scaffold_10;scaffold_10;scaffold_10;scaffold_10;scaffold_10;scaffold_10;scaffold_10;scaffold_10;scaffold_10;scaffold_10;scaffold_10;scaffold_10;scaffold_10;scaffold_10;scaffold_10;scaffold_10;scaffold_10;scaffold_10;scaffold_10;scaffold_10;scaffold_10;scaffold_10	18616856;18620915;18669032;18671429;18677355;18678075;18683441;18685648;18687542;18688184;18689069;18691078;18697475;18698668;18700919;18703288;18706625;18706810;18741334;18786967;18787749;18788082;18794554;18795739;18797409;18805648;18817803;18820358;18823457;18824212;18826433	18617133;18621135;18669176;18671558;18677560;18678457;18683658;18685876;18687764;18688409;18689325;18691319;18697629;18699016;18701112;18703719;18706755;18706945;18741478;18787224;18787967;18788338;18794805;18795847;18797573;18805887;18817996;18820583;18823672;18824421;18826617	+;+;+;+;+;+;+;+;+;+;+;+;+;+;+;+;+;+;+;+;+;+;+;+;+;+;+;+;+;+;+	6831	8459	6154	7324	3960	5211	16465	10123	5970	5679	2926	4791	6266	6148	9820	5016	8940	17876	2281	7036	4674	1417	2823	4347	4887	19432	16488	24070	3629	41376	12939	16494	16207	11710	16091	16282	3391	3372	7918	13633	3014	5374	4559	6057	11678	3366	5242	7414	3112	11989	14113	6716	4642	9684	6698	5951	3478	1948	4083	4875	3375	2619	6869	6320	7631	5128	4554	2211	18379	2147	5516	14877	6173	9801	13231	5776	3306	35157	12599	17635	32192	22349	45247
gene-313589	scaffold_10;scaffold_10;scaffold_10;scaffold_10;scaffold_10;scaffold_10;scaffold_10;scaffold_10	18833954;18833954;18835500;18835500;18836865;18836865;18838891;18838891	18834046;18834046;18835829;18835829;18837507;18837501;18838988;18838988	-;-;-;-;-;-;-;-	1164	975	616	717	370	435	1220	763	593	439	185	397	524	317	753	461	693	1126	556	695	485	79	362	413	514	962	1405	2066	307	3131	1506	1668	2000	1112	2285	1463	252	127	509	1063	306	391	439	393	642	276	295	745	181	546	749	439	362	628	429	411	613	108	320	254	267	237	660	314	419	427	289	177	2008	185	513	1825	427	834	971	423	187	3161	899	1386	2217	849	1385
gene-313618	scaffold_10;scaffold_10;scaffold_10;scaffold_10;scaffold_10;scaffold_10;scaffold_10;scaffold_10;scaffold_10;scaffold_10;scaffold_10;scaffold_10;scaffold_10;scaffold_10;scaffold_10;scaffold_10;scaffold_10;scaffold_10;scaffold_10;scaffold_10;scaffold_10;scaffold_10;scaffold_10;scaffold_10;scaffold_10;scaffold_10;scaffold_10;scaffold_10;scaffold_10;scaffold_10;scaffold_10;scaffold_10;scaffold_10;scaffold_10;scaffold_10;scaffold_10;scaffold_10;scaffold_10;scaffold_10;scaffold_10;scaffold_10;scaffold_10;scaffold_10;scaffold_10;scaffold_10;scaffold_10;scaffold_10;scaffold_10;scaffold_10;scaffold_10;scaffold_10;scaffold_10;scaffold_10;scaffold_10;scaffold_10;scaffold_10;scaffold_10;scaffold_10;scaffold_10;scaffold_10;scaffold_10;scaffold_10;scaffold_10;scaffold_10;scaffold_10;scaffold_10;scaffold_10;scaffold_10;scaffold_10;scaffold_10;scaffold_10;scaffold_10;scaffold_10;scaffold_10;scaffold_10;scaffold_10;scaffold_10;scaffold_10;scaffold_10;scaffold_10;scaffold_10;scaffold_10;scaffold_10;scaffold_10;scaffold_10;scaffold_10;scaffold_10;scaffold_10;scaffold_10;scaffold_10;scaffold_10;scaffold_10;scaffold_10;scaffold_10;scaffold_10;scaffold_10;scaffold_10;scaffold_10;scaffold_10;scaffold_10;scaffold_10;scaffold_10;scaffold_10;scaffold_10;scaffold_10;scaffold_10;scaffold_10;scaffold_10;scaffold_10;scaffold_10;scaffold_10;scaffold_10;scaffold_10;scaffold_10;scaffold_10;scaffold_10;scaffold_10;scaffold_10;scaffold_10;scaffold_10;scaffold_10;scaffold_10;scaffold_10;scaffold_10;scaffold_10;scaffold_10;scaffold_10;scaffold_10;scaffold_10;scaffold_10;scaffold_10;scaffold_10;scaffold_10;scaffold_10;scaffold_10;scaffold_10;scaffold_10;scaffold_10;scaffold_10;scaffold_10;scaffold_10;scaffold_10;scaffold_10;scaffold_10;scaffold_10;scaffold_10;scaffold_10;scaffold_10;scaffold_10;scaffold_10;scaffold_10;scaffold_10;scaffold_10;scaffold_10;scaffold_10;scaffold_10;scaffold_10;scaffold_10;scaffold_10;scaffold_10;scaffold_10;scaffold_10;scaffold_10;scaffold_10;scaffold_10;scaffold_10;scaffold_10;scaffold_10;scaffold_10;scaffold_10;scaffold_10;scaffold_10;scaffold_10;scaffold_10;scaffold_10;scaffold_10;scaffold_10;scaffold_10;scaffold_10;scaffold_10;scaffold_10;scaffold_10;scaffold_10;scaffold_10;scaffold_10;scaffold_10;scaffold_10;scaffold_10;scaffold_10;scaffold_10;scaffold_10;scaffold_10;scaffold_10;scaffold_10;scaffold_10;scaffold_10;scaffold_10;scaffold_10;scaffold_10;scaffold_10;scaffold_10;scaffold_10;scaffold_10;scaffold_10;scaffold_10;scaffold_10;scaffold_10;scaffold_10;scaffold_10;scaffold_10;scaffold_10;scaffold_10;scaffold_10;scaffold_10;scaffold_10;scaffold_10;scaffold_10;scaffold_10;scaffold_10;scaffold_10;scaffold_10;scaffold_10;scaffold_10;scaffold_10;scaffold_10;scaffold_10;scaffold_10;scaffold_10;scaffold_10;scaffold_10;scaffold_10;scaffold_10;scaffold_10;scaffold_10;scaffold_10;scaffold_10;scaffold_10;scaffold_10;scaffold_10;scaffold_10;scaffold_10;scaffold_10;scaffold_10;scaffold_10;scaffold_10;scaffold_10	18839814;18839814;18839814;18839814;18839814;18839814;18839814;18839814;18839814;18839814;18845210;18845210;18845210;18845210;18845210;18845210;18845210;18845210;18845210;18845210;18849317;18849317;18849317;18849317;18849317;18849317;18849317;18849317;18849317;18849317;18851507;18851507;18851507;18851507;18851507;18851507;18851507;18851507;18851507;18851507;18854799;18854799;18854799;18854799;18854799;18854799;18854799;18854799;18854799;18854799;18855001;18855001;18855001;18855001;18855001;18855001;18855001;18855001;18855001;18855001;18855842;18855842;18855842;18855842;18855842;18855842;18855842;18855842;18855842;18855842;18856224;18856224;18856224;18856224;18857112;18857112;18857112;18857112;18857112;18857112;18857112;18857990;18857990;18857990;18857990;18857990;18859581;18859581;18859581;18859581;18859581;18859581;18859581;18859581;18859581;18859581;18860673;18860673;18860673;18860673;18860673;18860673;18860673;18860673;18860673;18860673;18861601;18861601;18861601;18861601;18861601;18861601;18861601;18861601;18861601;18861601;18864286;18864286;18864286;18864286;18864286;18864286;18864286;18864286;18864286;18864286;18865782;18865782;18865782;18865782;18865782;18865782;18865782;18865782;18865782;18865782;18868768;18868768;18868768;18868768;18868768;18868768;18868768;18868768;18868768;18868768;18870935;18870935;18870935;18870935;18870935;18870935;18870935;18870935;18870935;18870935;18871281;18871281;18871281;18871281;18871281;18871281;18871281;18871281;18871281;18871281;18881766;18881766;18881766;18881766;18881766;18881766;18881766;18881766;18881766;18881766;18884499;18884499;18884499;18884499;18884499;18884499;18884499;18884499;18884499;18884499;18889156;18889156;18889156;18889156;18889156;18889156;18889156;18889156;18889156;18889156;18891871;18891871;18891871;18891871;18891871;18891871;18891871;18891871;18891871;18891871;18895886;18895886;18895886;18895886;18895886;18895886;18895904;18895904;18895904;18895904;18897685;18897685;18897685;18897685;18897685;18897685;18897685;18897685;18897685;18897685;18898842;18898842;18898842;18898842;18898842;18898842;18898842;18898842;18898842;18898842;18903137;18903137;18903137;18903137;18903137;18903137;18903137;18903137;18903137;18903137	18839822;18839822;18839822;18839822;18839822;18839822;18839822;18839822;18839822;18839822;18845397;18845397;18845397;18845397;18845397;18845397;18845397;18845397;18845397;18845397;18849446;18849446;18849446;18849446;18849446;18849446;18849446;18849446;18849446;18849446;18851738;18851738;18851738;18851738;18851738;18851738;18851738;18851738;18851738;18851738;18854939;18854939;18854939;18854939;18854939;18854939;18854939;18854939;18854939;18854939;18855407;18855407;18855407;18855407;18855407;18855407;18855407;18855407;18855407;18855407;18855904;18855904;18855904;18855904;18855904;18855904;18855904;18855904;18855904;18855904;18856295;18856295;18856295;18856295;18857183;18857183;18857183;18857183;18857183;18857183;18857183;18858061;18858061;18858061;18858061;18858061;18859637;18859637;18859637;18859637;18859637;18859637;18859637;18859637;18859637;18859637;18860747;18860747;18860747;18860747;18860747;18860747;18860747;18860747;18860747;18860747;18861834;18861834;18861834;18861834;18861834;18861834;18861834;18861834;18861834;18861834;18864359;18864359;18864359;18864359;18864359;18864359;18864359;18864359;18864359;18864359;18865985;18865985;18865985;18865985;18865985;18865985;18865985;18865985;18865985;18865985;18869016;18869016;18869016;18869016;18869016;18869016;18869016;18869016;18869016;18869016;18871106;18871106;18871106;18871106;18871106;18871106;18871106;18871106;18871106;18871106;18871452;18871452;18871452;18871452;18871452;18871452;18871452;18871452;18871452;18871452;18882166;18882166;18882166;18882166;18882166;18882166;18882166;18882166;18882166;18882166;18884670;18884670;18884670;18884670;18884670;18884670;18884670;18884670;18884670;18884670;18889464;18889464;18889464;18889464;18889464;18889464;18889464;18889464;18889464;18889464;18892015;18892015;18892015;18892015;18892015;18892015;18892015;18892015;18892015;18892015;18896167;18896167;18896167;18896167;18896167;18896167;18896167;18896167;18896167;18896167;18898013;18898013;18898013;18898013;18898013;18898013;18898013;18898013;18898013;18898013;18899009;18899009;18899009;18899009;18899009;18899009;18899009;18899009;18899009;18899009;18903309;18903309;18903309;18903309;18903309;18903309;18903309;18903309;18903309;18903309	+;+;+;+;+;+;+;+;+;+;+;+;+;+;+;+;+;+;+;+;+;+;+;+;+;+;+;+;+;+;+;+;+;+;+;+;+;+;+;+;+;+;+;+;+;+;+;+;+;+;+;+;+;+;+;+;+;+;+;+;+;+;+;+;+;+;+;+;+;+;+;+;+;+;+;+;+;+;+;+;+;+;+;+;+;+;+;+;+;+;+;+;+;+;+;+;+;+;+;+;+;+;+;+;+;+;+;+;+;+;+;+;+;+;+;+;+;+;+;+;+;+;+;+;+;+;+;+;+;+;+;+;+;+;+;+;+;+;+;+;+;+;+;+;+;+;+;+;+;+;+;+;+;+;+;+;+;+;+;+;+;+;+;+;+;+;+;+;+;+;+;+;+;+;+;+;+;+;+;+;+;+;+;+;+;+;+;+;+;+;+;+;+;+;+;+;+;+;+;+;+;+;+;+;+;+;+;+;+;+;+;+;+;+;+;+;+;+;+;+;+;+;+;+;+;+;+;+;+;+;+;+;+;+;+;+;+;+;+;+;+;+;+;+;+;+	4602	121	38	82	72	32	152	164	45	180	40	65	84	412	30	58	54	18	24	34	14	38	6	78	32	341	162	160	24	165	104	173	120	150	44	200	22	16	18	54	56	60	58	145	66	34	6	97	99	92	128	83	34	174	168	15	10	52	30	59	80	92	10	76	139	36	121	22	139	28	34	38	68	138	113	58	33	317	84	202	431	60	181
gene-314377	scaffold_10;scaffold_10	18903770;18905542	18905471;18905633	-;-	1794	0	9	0	0	7	20	0	0	0	0	0	1	0	2	6	0	0	0	0	0	0	0	0	0	0	0	0	4	0	0	0	0	0	0	8	0	2	0	21	0	0	2	0	0	0	0	0	0	0	0	0	0	0	6	0	0	0	0	0	0	0	0	0	0	0	0	0	0	0	0	2	0	0	0	0	0	4	0	0	0	0	0
gene-314386	scaffold_10;scaffold_10;scaffold_10;scaffold_10;scaffold_10;scaffold_10;scaffold_10;scaffold_10;scaffold_10;scaffold_10;scaffold_10;scaffold_10;scaffold_10;scaffold_10;scaffold_10;scaffold_10;scaffold_10;scaffold_10;scaffold_10;scaffold_10;scaffold_10;scaffold_10;scaffold_10;scaffold_10;scaffold_10;scaffold_10;scaffold_10;scaffold_10;scaffold_10	18910335;18910335;18911683;18911683;18917349;18917349;18920235;18920235;18922432;18922432;18922668;18928253;18928253;18931556;18931556;18933094;18933094;18943819;18943819;18946814;18946814;18948183;18948183;18948374;18948374;18960399;18960399;18975258;18975258	18910478;18910478;18912092;18912092;18917587;18917587;18920520;18920520;18922812;18922607;18922812;18928489;18928489;18931670;18931670;18933213;18933213;18943892;18943892;18946883;18946883;18948306;18948306;18948455;18948455;18960629;18960629;18975426;18975426	-;-;-;-;-;-;-;-;-;-;-;-;-;-;-;-;-;-;-;-;-;-;-;-;-;-;-;-;-	2682	795	385	309	142	206	669	613	296	238	97	133	278	354	261	267	368	413	81	425	98	36	52	204	218	1020	788	1313	131	2242	795	1001	708	744	787	854	97	94	178	412	160	144	258	186	451	94	85	382	139	510	632	215	147	421	388	174	72	55	123	227	100	141	226	223	401	187	199	88	1166	72	174	673	195	527	495	236	117	2219	408	815	2005	597	1706
gene-314478	scaffold_10;scaffold_10;scaffold_10	18994773;19014678;19076557	18995560;19014798;19076706	-;-;-	1059	36	0	12	9	6	16	36	14	16	0	2	21	0	2	4	24	1	0	13	2	4	0	0	6	17	30	24	4	64	6	11	5	6	6	19	0	0	6	6	4	4	16	12	32	4	0	7	2	23	24	7	4	10	8	4	0	0	7	12	2	2	0	2	2	12	6	0	27	3	4	8	10	2	2	8	2	44	6	20	98	31	15
gene-314490	scaffold_10;scaffold_10;scaffold_10;scaffold_10;scaffold_10;scaffold_10	19255188;19330069;19332284;19335042;19392882;19408595	19255453;19330150;19332448;19335340;19393031;19408892	-;-;-;-;-;-	1260	18	16	8	8	6	18	47	0	26	20	16	12	37	2	20	10	2	4	4	12	8	0	16	0	31	12	40	4	73	47	44	12	50	10	12	4	2	2	10	11	11	2	28	2	10	0	12	30	12	34	14	0	26	20	2	0	16	4	6	30	18	4	14	16	4	22	12	12	0	24	2	6	0	12	4	6	20	27	49	36	10	10
gene-314511	scaffold_10;scaffold_10;scaffold_10;scaffold_10;scaffold_10;scaffold_10;scaffold_10;scaffold_10;scaffold_10;scaffold_10;scaffold_10;scaffold_10;scaffold_10;scaffold_10;scaffold_10;scaffold_10;scaffold_10;scaffold_10;scaffold_10;scaffold_10	19672638;19672638;19677447;19677447;19679720;19679720;19680911;19680911;19681282;19681282;19687997;19687997;19692428;19692428;19710986;19710986;19725305;19725305;19726015;19726015	19672849;19672849;19677585;19677585;19679877;19679877;19681040;19681040;19681415;19681415;19688209;19688209;19692595;19692625;19711108;19711108;19725649;19725649;19726276;19726276	-;-;-;-;-;-;-;-;-;-;-;-;-;-;-;-;-;-;-;-	1914	37	20	34	26	16	34	57	8	72	26	17	10	67	16	37	19	53	30	9	9	24	0	52	0	81	27	151	12	99	92	68	74	132	39	68	8	12	10	112	10	16	15	34	30	46	2	42	34	18	64	37	14	78	54	10	8	24	18	14	61	24	8	118	68	17	50	22	38	2	52	18	41	32	64	13	16	93	77	133	30	52	20
gene-314576	scaffold_10;scaffold_10;scaffold_10	19764670;19774597;19775529	19765259;19774793;19775617	-;-;-	876	368	112	204	121	41	229	247	112	105	79	52	119	102	78	96	265	163	43	115	32	36	14	44	97	327	440	418	87	521	147	134	119	153	124	101	72	38	38	106	67	132	160	142	258	53	37	213	71	223	267	94	62	205	152	28	28	30	79	75	42	63	28	75	104	102	86	60	190	38	83	117	92	166	128	88	64	268	171	182	749	169	253
gene-314588	scaffold_10;scaffold_10	19776406;19776421	19776822;19776822	+;+	417	2545	1125	2447	1314	869	2559	1966	1418	1211	629	1142	1664	758	1493	932	1631	2009	881	1234	999	137	767	716	1226	1552	2507	2806	774	4583	1918	1667	1895	1153	2246	1291	1115	266	592	1260	1173	1515	1468	1094	2294	748	949	2049	836	2510	1654	1263	1038	1495	1215	1198	1544	298	880	826	367	930	1191	676	1118	1765	799	638	2240	888	922	2503	998	1689	1211	1230	839	3218	1269	1444	3163	1030	2411
gene-314599	scaffold_10;scaffold_10;scaffold_10	19796895;19799039;19799232	19797172;19799176;19799292	-;-;-	477	12	0	4	1	0	12	7	0	0	2	0	2	3	0	2	0	4	0	2	0	0	0	0	0	6	5	2	0	18	6	4	2	2	4	10	0	2	0	0	0	2	4	2	6	0	0	4	0	2	2	2	0	4	0	0	2	0	2	3	0	2	0	2	6	6	0	0	16	0	4	2	6	3	4	0	2	6	2	14	23	4	8
gene-314611	scaffold_10;scaffold_10;scaffold_10;scaffold_10;scaffold_10;scaffold_10;scaffold_10;scaffold_10;scaffold_10;scaffold_10;scaffold_10;scaffold_10;scaffold_10;scaffold_10;scaffold_10;scaffold_10;scaffold_10;scaffold_10;scaffold_10;scaffold_10;scaffold_10;scaffold_10;scaffold_10;scaffold_10;scaffold_10;scaffold_10;scaffold_10;scaffold_10;scaffold_10;scaffold_10;scaffold_10;scaffold_10;scaffold_10	19813848;19813848;19834471;19834471;19836394;19836394;19836587;19838689;19838689;19842928;19842928;19843291;19843291;19845456;19845456;19847393;19847393;19852926;19852926;19853239;19853239;19854710;19854710;19858452;19858452;19861093;19861093;19861964;19861964;19862245;19862245;19866129;19866129	19814159;19814159;19835094;19835094;19836682;19836529;19836682;19838899;19838899;19843094;19843094;19843394;19843394;19845708;19845708;19847755;19847755;19853068;19853068;19853462;19853462;19855293;19855293;19858940;19858940;19861290;19861290;19862120;19862120;19862516;19862516;19866469;19866469	+;+;+;+;+;+;+;+;+;+;+;+;+;+;+;+;+;+;+;+;+;+;+;+;+;+;+;+;+;+;+;+;+	4731	20	12	28	32	22	38	80	10	94	39	28	10	126	38	42	16	28	26	30	26	30	0	46	12	98	56	236	12	267	152	154	132	170	61	120	12	38	24	87	8	16	8	23	12	16	6	28	54	46	46	20	18	58	30	22	4	36	26	6	67	30	6	110	58	8	76	14	46	16	80	18	46	128	45	26	34	139	158	286	113	100	50
gene-314715	scaffold_10;scaffold_10;scaffold_10;scaffold_10;scaffold_10;scaffold_10;scaffold_10;scaffold_10;scaffold_10;scaffold_10;scaffold_10;scaffold_10;scaffold_10;scaffold_10;scaffold_10;scaffold_10;scaffold_10;scaffold_10;scaffold_10;scaffold_10;scaffold_10;scaffold_10;scaffold_10;scaffold_10;scaffold_10;scaffold_10;scaffold_10;scaffold_10;scaffold_10	19930008;19930008;19933319;19933319;19937912;19937912;19938495;19938495;19941799;19941799;19944427;19944427;19962583;19962583;19965080;19965080;19965697;19965697;19969327;19969327;19972340;19972340;19974725;19974725;19992851;19992851;20005539;20005539;20165871	19930099;19930099;19933458;19933458;19938060;19938060;19938638;19938638;19941906;19941906;19944832;19944832;19962751;19962751;19965273;19965273;19966209;19966209;19969645;19969645;19972524;19972524;19974957;19974957;19993096;19993096;20005810;20005772;20165994	-;-;-;-;-;-;-;-;-;-;-;-;-;-;-;-;-;-;-;-;-;-;-;-;-;-;-;-;-	3294	140	6	24	22	18	43	65	26	56	16	26	12	35	22	38	19	16	31	22	13	22	17	28	8	70	120	63	28	120	32	34	36	28	36	46	14	6	25	36	10	40	34	39	28	18	18	33	26	25	91	25	5	43	40	22	26	10	12	4	34	8	2	54	28	24	22	2	18	4	41	17	26	70	76	28	12	36	36	40	40	103	101
gene-314807	scaffold_10;scaffold_10;scaffold_10;scaffold_10;scaffold_10	20196904;20210323;20222876;20227600;20229078	20196997;20210583;20223162;20227963;20229514	+;+;+;+;+	1443	14	0	2	4	0	2	2	0	0	0	2	0	0	16	2	2	62	0	2	2	0	2	2	0	6	8	5278	4	17304	54	65	52	140	42	353	0	0	2	16	4	0	2	0	4	0	2	0	0	6621	2	2	6	4	2	2	0	0	3	0	0	0	0	0	2	0	0	0	72	2	5488	30	2	2	20	0	2	87	9028	66	24297	221	298
gene-314825	scaffold_10;scaffold_10	20231159;20231267	20231213;20231625	+;+	414	967	240	519	248	257	1007	530	413	278	115	205	367	169	337	185	441	747	135	277	151	20	83	172	289	476	659	1006	138	1649	852	1200	1198	687	1278	1013	167	86	168	533	181	405	383	300	569	166	205	523	143	419	531	334	202	475	311	282	154	48	240	178	120	209	269	182	173	328	205	87	1385	118	207	1162	192	337	440	251	109	2191	487	913	1220	624	1172
gene-314834	scaffold_10;scaffold_10;scaffold_10;scaffold_10;scaffold_10;scaffold_10;scaffold_10;scaffold_10;scaffold_10	20236329;20239427;20241428;20243241;20249091;20250739;20253618;20257985;20258143	20236708;20239720;20241655;20243438;20249366;20251909;20253825;20258084;20258248	-;-;-;-;-;-;-;-;-	2961	877	248	366	154	127	463	574	242	186	132	80	216	208	245	220	589	156	102	226	59	22	8	180	141	1048	1085	1340	152	4126	1058	1115	563	1183	388	1012	67	113	68	340	66	169	271	265	552	90	18	455	140	435	388	157	26	332	362	97	14	63	71	153	48	149	36	142	249	218	122	96	1848	68	352	785	255	381	566	271	100	3000	298	1116	2825	997	802
gene-314864	scaffold_10;scaffold_10	20270776;20275134	20271045;20275376	-;-	513	11105	9881	19999	10141	10425	17612	8953	11803	9085	5066	11256	12034	5621	9559	5923	12930	12444	10363	10302	7782	2448	8164	6173	10834	7703	16543	14573	7154	32706	12241	7388	10737	5509	17098	5617	10466	2002	5948	6766	10096	11555	13223	11657	22842	9349	13249	21878	8167	13935	11528	14035	16991	9839	8158	12395	16428	5974	7480	5952	4127	9085	10825	3734	5455	15655	6565	5333	12476	10698	9632	19575	7003	11396	5711	9493	8042	14592	12470	8229	16699	7305	13378
gene-314873	scaffold_10;scaffold_10;scaffold_10;scaffold_10;scaffold_10;scaffold_10;scaffold_10;scaffold_10	20278933;20312398;20315991;20318940;20321291;20338219;20343120;20347871	20279004;20312647;20316171;20319342;20321570;20338461;20343412;20348041	+;+;+;+;+;+;+;+	1893	3533	1482	2017	673	477	1032	1716	993	318	862	301	1350	352	649	945	2173	457	271	1604	149	62	33	352	1052	3290	3183	1616	993	3471	840	1375	742	1684	752	1390	380	243	226	558	503	1605	1844	634	2028	320	92	1985	694	1151	3078	498	166	894	1818	449	79	136	339	888	171	863	200	281	1158	1488	588	752	2041	626	195	923	1340	1193	907	2262	981	3005	508	1325	4513	1529	4718
gene-314900	scaffold_10;scaffold_10;scaffold_10;scaffold_10;scaffold_10	20354491;20362399;20402799;20436436;20436468	20355564;20362606;20402925;20436795;20436795	-;-;-;-;-	1769	43	32	46	18	25	89	43	56	20	8	16	37	14	64	36	91	87	6	63	11	0	2	56	36	241	69	854	13	305	38	150	109	158	59	205	3	7	39	67	13	28	38	41	79	22	10	60	16	39	84	44	16	50	34	41	4	0	34	19	6	10	43	38	36	30	4	23	188	4	19	89	61	37	89	13	12	273	408	138	4456	335	282
gene-314921	scaffold_10;scaffold_10;scaffold_10;scaffold_10;scaffold_10;scaffold_10;scaffold_10	20486841;20487494;20488243;20489064;20489705;20490574;20491533	20486950;20487588;20488440;20489366;20490051;20490991;20491672	-;-;-;-;-;-;-	1611	802	271	609	294	286	970	483	393	351	163	242	409	239	579	274	516	1134	214	358	243	30	166	211	264	619	958	1760	166	2158	1004	1094	1216	618	1357	907	203	93	358	885	205	252	322	317	634	161	269	447	182	935	448	362	231	417	328	352	226	62	229	162	106	168	351	263	298	343	246	116	1280	181	296	1162	279	683	651	284	142	2006	1055	823	2415	701	953
gene-314945	scaffold_10	20500520	20501206	-	687	0	0	0	0	0	0	0	0	0	0	0	0	0	0	0	0	0	0	0	0	0	0	0	0	0	0	0	0	0	0	0	0	0	0	0	0	0	0	0	0	0	0	0	0	0	0	0	0	0	0	0	0	0	0	0	0	0	0	0	0	0	0	0	0	0	0	0	0	0	0	0	0	0	0	0	0	0	0	0	0	0	0
gene-314951	scaffold_10;scaffold_10;scaffold_10;scaffold_10;scaffold_10;scaffold_10;scaffold_10;scaffold_10	20501619;20501901;20506214;20506233;20506859;20506859;20510748;20510748	20501786;20502052;20506611;20506611;20507037;20507037;20511329;20511329	+;+;+;+;+;+;+;+	1479	142	150	90	46	44	159	133	80	113	30	56	117	129	182	118	85	185	61	88	119	6	54	97	86	193	281	385	64	527	189	248	608	177	477	266	105	16	95	135	60	83	37	54	153	34	90	78	49	147	80	95	99	68	82	48	122	20	84	88	39	36	169	58	183	68	74	18	225	45	92	441	114	313	212	93	36	850	112	353	324	127	268
gene-314980	scaffold_10;scaffold_10;scaffold_10;scaffold_10;scaffold_10;scaffold_10;scaffold_10	20513890;20514974;20515886;20516070;20516557;20521657;20522189	20514042;20515113;20515947;20516276;20516632;20521867;20522407	+;+;+;+;+;+;+	1068	366	106	142	105	40	108	247	155	79	108	36	250	98	14	71	250	10	27	123	8	25	2	47	61	288	380	129	123	202	75	63	38	96	21	84	39	22	26	47	33	163	127	72	251	45	9	259	90	152	258	50	10	97	176	28	10	24	35	47	61	67	8	34	72	146	73	81	55	42	25	17	56	117	54	151	93	150	77	92	421	82	123
gene-315004	scaffold_10;scaffold_10;scaffold_10;scaffold_10;scaffold_10;scaffold_10;scaffold_10;scaffold_10;scaffold_10	20542260;20542462;20542645;20543075;20543368;20543641;20545208;20549007;20558350	20542407;20542587;20542858;20543259;20543567;20543818;20545370;20549304;20558472	+;+;+;+;+;+;+;+;+	1635	6102	2668	4849	1967	3938	10463	6227	2889	4805	1095	5100	3283	3455	1157	1329	3160	2355	570	2442	1455	582	971	1007	2029	2578	4462	4085	791	5344	2150	2634	2844	1548	3143	2144	1979	612	1214	1191	3127	4502	3201	3961	7371	2761	3592	5213	1662	2474	6244	5100	4070	7621	2901	3732	890	1119	2172	1420	1508	1295	1792	510	1381	3504	1746	999	2976	1317	948	2283	1140	1421	801	2855	2076	4054	3841	1898	6870	3264	3188
gene-315034	scaffold_10;scaffold_10;scaffold_10;scaffold_10;scaffold_10;scaffold_10;scaffold_10;scaffold_10;scaffold_10;scaffold_10;scaffold_10;scaffold_10;scaffold_10;scaffold_10;scaffold_10;scaffold_10;scaffold_10;scaffold_10;scaffold_10;scaffold_10;scaffold_10;scaffold_10;scaffold_10;scaffold_10;scaffold_10	20571176;20571176;20571508;20571508;20571665;20571665;20571781;20571781;20579046;20579046;20582251;20582251;20583707;20583707;20590389;20590389;20595187;20602309;20602309;20603908;20603908;20605693;20605693;20609705;20609705	20571231;20571231;20571580;20571580;20571726;20571726;20571865;20571865;20579087;20579087;20582337;20582337;20583883;20583883;20590437;20590437;20595216;20602499;20602499;20604175;20604175;20605796;20605796;20609809;20609809	+;+;+;+;+;+;+;+;+;+;+;+;+;+;+;+;+;+;+;+;+;+;+;+;+	1329	151	48	101	62	25	87	164	100	58	53	49	64	125	16	104	217	17	65	73	32	16	6	67	35	424	225	210	65	547	155	149	153	225	76	163	24	45	10	98	20	40	95	59	167	22	4	120	48	175	168	25	8	88	78	23	10	25	14	50	45	34	10	84	101	46	52	32	111	19	90	45	80	113	55	69	38	258	177	201	699	152	204
gene-315114	scaffold_10;scaffold_10;scaffold_10;scaffold_10;scaffold_10;scaffold_10;scaffold_10	20622953;20626303;20627433;20629507;20630417;20632235;20634503	20623004;20626464;20627489;20629763;20630601;20632575;20634771	+;+;+;+;+;+;+	1323	94	26	35	10	34	99	43	26	20	8	20	25	20	67	16	38	352	6	42	48	6	18	57	20	86	44	751	12	2133	797	523	665	320	1214	443	20	6	34	194	10	12	24	16	57	12	25	35	6	128	73	25	29	18	28	16	12	4	50	14	30	8	38	42	30	14	15	14	615	8	342	1115	30	32	112	40	11	1109	342	589	761	267	492
gene-315138	scaffold_10;scaffold_10;scaffold_10;scaffold_10;scaffold_10;scaffold_10;scaffold_10;scaffold_10;scaffold_10	20668969;20694488;20694504;20697106;20697106;20699944;20699944;20700561;20700561	20669009;20694798;20694798;20697514;20697514;20700091;20700091;20700830;20700830	+;+;+;+;+;+;+;+;+	1179	3521	1143	2406	861	1169	3089	2351	1435	1331	710	1068	1516	909	4641	1322	2536	34496	953	2310	1973	464	1241	833	1928	3331	8116	28223	1640	11213	6991	14662	12059	7385	8954	10673	1398	776	2317	14698	1460	1628	1554	1325	3419	910	1611	1899	915	7927	2628	1601	1171	1561	1426	1622	1449	508	3281	928	1194	692	2936	4117	1191	1447	1065	605	12485	1050	2524	6606	1783	2440	10090	2128	1217	18564	11824	7395	15437	3893	10164
gene-315170	scaffold_10;scaffold_10;scaffold_10;scaffold_10;scaffold_10;scaffold_10;scaffold_10;scaffold_10;scaffold_10;scaffold_10;scaffold_10;scaffold_10;scaffold_10;scaffold_10	20704308;20704383;20705502;20705730;20706743;20716012;20718817;20723262;20726711;20728402;20729838;20732331;20736008;20739067	20704317;20704689;20705631;20705911;20707784;20716275;20719107;20724518;20726953;20729077;20729993;20732737;20737529;20739440	+;+;+;+;+;+;+;+;+;+;+;+;+;+	6861	16	12	16	22	28	14	20	2	46	42	13	8	64	4	35	4	18	30	6	26	28	2	36	8	84	40	197	24	304	181	137	126	172	62	99	16	18	4	102	6	8	4	24	8	16	0	4	36	36	47	2	10	38	20	10	0	36	16	10	48	24	4	79	20	8	27	18	50	6	143	14	28	64	59	16	18	94	120	227	62	100	26
gene-315215	scaffold_10;scaffold_10;scaffold_10;scaffold_10;scaffold_10;scaffold_10;scaffold_10;scaffold_10;scaffold_10;scaffold_10;scaffold_10;scaffold_10	20754583;20757034;20758845;20761190;20763364;20764266;20765177;20765548;20766892;20768741;20769049;20769232	20754729;20757227;20758983;20761688;20763504;20764683;20765369;20765857;20767063;20768891;20769169;20769332	-;-;-;-;-;-;-;-;-;-;-;-	2586	1832	653	902	436	494	1441	1055	835	426	354	343	949	338	698	550	1681	805	351	724	209	39	111	392	728	1719	2237	1844	403	3877	1136	1371	1194	1152	1039	1320	302	190	261	618	315	741	886	620	1462	331	159	1242	393	1202	1270	546	260	1038	1213	380	317	106	296	524	193	478	365	285	676	834	401	228	2189	266	351	1619	851	1066	980	560	327	3633	469	1278	2968	942	1962
gene-315254	scaffold_10;scaffold_10;scaffold_10;scaffold_10;scaffold_10;scaffold_10;scaffold_10;scaffold_10;scaffold_10;scaffold_10	20770653;20775958;20780441;20784602;20785732;20789240;20790748;20795959;20799953;20802646	20770782;20776111;20780835;20784699;20786146;20789514;20790936;20796078;20800281;20802787	+;+;+;+;+;+;+;+;+;+	2247	29	12	23	18	14	16	36	8	32	14	12	22	53	10	18	42	19	12	9	8	8	3	22	14	70	51	84	24	88	47	40	41	49	30	46	0	10	4	41	6	10	10	16	34	28	8	26	28	20	37	11	6	33	26	6	0	14	12	20	14	23	4	20	24	12	26	2	10	6	31	20	14	70	26	22	10	54	42	65	78	46	39
gene-315287	scaffold_10;scaffold_10;scaffold_10;scaffold_10;scaffold_10;scaffold_10;scaffold_10;scaffold_10;scaffold_10;scaffold_10;scaffold_10;scaffold_10;scaffold_10;scaffold_10;scaffold_10;scaffold_10;scaffold_10;scaffold_10;scaffold_10;scaffold_10;scaffold_10;scaffold_10;scaffold_10;scaffold_10;scaffold_10;scaffold_10;scaffold_10;scaffold_10;scaffold_10	20812230;20812478;20812482;20814684;20814684;20817005;20817005;20817282;20817282;20817494;20817494;20817834;20817834;20822315;20822315;20822838;20822838;20824319;20824319;20825302;20825302;20826549;20826549;20826773;20826773;20827396;20827396;20827784;20827784	20812320;20812588;20812588;20814821;20814821;20817201;20817201;20817435;20817435;20817779;20817779;20818011;20818011;20822717;20822717;20822979;20822979;20824452;20824452;20825481;20825481;20826713;20826713;20827081;20827081;20827667;20827667;20828363;20828363	-;-;-;-;-;-;-;-;-;-;-;-;-;-;-;-;-;-;-;-;-;-;-;-;-;-;-;-;-	3340	642	439	530	268	290	800	434	448	299	169	281	436	279	599	331	584	853	224	582	346	76	273	285	405	1027	960	999	259	2215	1096	1349	1767	1241	1570	1253	270	77	330	630	386	387	473	329	750	240	294	708	170	768	663	419	369	359	475	415	261	113	372	264	232	216	581	319	341	467	229	138	2116	196	234	1346	381	485	585	362	189	2847	463	1240	1353	767	1672
gene-315379	scaffold_10;scaffold_10;scaffold_10;scaffold_10;scaffold_10;scaffold_10;scaffold_10;scaffold_10;scaffold_10;scaffold_10;scaffold_10;scaffold_10;scaffold_10;scaffold_10;scaffold_10;scaffold_10;scaffold_10;scaffold_10;scaffold_10;scaffold_10;scaffold_10;scaffold_10;scaffold_10	20830040;20830040;20830040;20830406;20830406;20830406;20832589;20832589;20832589;20833454;20833454;20834655;20834655;20834655;20835121;20835121;20835121;20835831;20835846;20835846;20845528;20845528;20845528	20830280;20830280;20830280;20830547;20830547;20830547;20832771;20832771;20832771;20833525;20833525;20834732;20834732;20834732;20835304;20835304;20835304;20836151;20836151;20836151;20845599;20845599;20845599	+;+;+;+;+;+;+;+;+;+;+;+;+;+;+;+;+;+;+;+;+;+;+	1293	7736	1157	3871	1430	907	4969	6697	1819	1228	622	1128	1993	1677	962	748	2939	1193	235	1287	225	207	72	444	976	4517	4423	3059	710	3852	1693	2763	1345	3109	1352	4097	441	349	395	1006	860	2981	2905	1960	4529	690	284	4093	867	3228	3693	1116	548	5499	2141	1058	154	249	609	874	445	838	350	510	1172	2105	817	654	3596	407	335	1166	1102	1757	1752	1620	861	5061	897	2410	8669	1767	4577
gene-315455	scaffold_10;scaffold_10;scaffold_10	20875041;20893594;21037745	20875443;20893895;21038089	+;+;+	1050	0	0	0	0	0	0	0	0	2	0	0	0	0	0	0	0	14	0	0	0	0	0	0	0	0	0	4	0	2	0	6	2	2	0	2	0	0	0	2	0	0	0	0	0	0	0	0	0	6	0	0	0	0	0	0	0	0	0	0	0	0	0	0	0	0	0	0	0	0	4	0	0	0	2	0	0	0	2	2	4	0	0
gene-315467	scaffold_10;scaffold_10;scaffold_10;scaffold_10	21135217;21146023;21215460;21296589	21135524;21146345;21215647;21296753	+;+;+;+	984	0	0	0	0	0	0	0	0	0	0	0	0	0	0	0	0	0	0	0	0	0	0	2	0	0	0	0	0	0	0	0	2	0	0	0	0	0	0	0	2	0	0	0	0	0	0	0	0	0	0	0	0	0	2	0	0	0	0	0	2	0	0	0	0	0	0	0	0	0	0	0	0	0	0	0	0	0	2	0	2	0	0
gene-315482	scaffold_10;scaffold_10;scaffold_10;scaffold_10;scaffold_10;scaffold_10;scaffold_10;scaffold_10;scaffold_10;scaffold_10	21387954;21390183;21391115;21391846;21394010;21396421;21398298;21399468;21399890;21400606	21388135;21390432;21391361;21392007;21394188;21396854;21398699;21399648;21400386;21400726	-;-;-;-;-;-;-;-;-;-	2655	9	8	16	10	10	8	30	8	24	12	12	10	24	4	26	24	4	12	20	4	6	6	26	4	69	41	30	10	43	53	30	32	38	21	36	10	14	0	22	6	4	2	16	10	8	4	14	14	20	18	6	2	20	24	7	2	10	12	2	24	22	2	38	28	6	30	2	16	6	12	4	27	46	16	19	4	43	52	71	38	40	20
gene-315515	scaffold_10;scaffold_10;scaffold_10;scaffold_10;scaffold_10;scaffold_10;scaffold_10	21404074;21407915;21411438;21413420;21413662;21416676;21420990	21404254;21409086;21411905;21413556;21413944;21416826;21421771	+;+;+;+;+;+;+	3174	26	4	20	16	23	24	51	8	62	18	23	4	137	6	47	30	15	6	2	22	38	4	36	2	95	48	110	10	114	85	108	62	79	40	80	20	3	16	74	16	10	9	25	15	20	4	26	22	28	68	18	16	64	27	14	8	38	34	14	61	26	6	54	42	14	73	8	24	0	59	8	35	166	44	8	18	83	66	128	28	36	16
gene-315539	scaffold_10;scaffold_10;scaffold_10	21532783;21537747;21540291	21533131;21538056;21540408	+;+;+	777	0	0	0	2	0	0	2	0	2	2	0	2	4	2	0	0	0	0	0	4	12	0	0	0	2	0	6	0	6	8	12	2	8	0	8	0	2	0	0	2	0	0	2	0	4	0	0	0	4	0	0	6	4	2	2	0	2	0	0	4	0	0	0	0	4	6	0	0	0	0	4	0	0	0	6	0	2	4	4	5	2	2
gene-315551	scaffold_10;scaffold_10;scaffold_10;scaffold_10;scaffold_10	21651863;21652250;21652883;21653161;21653297	21651993;21652409;21653103;21653235;21653495	-;-;-;-;-	786	0	18	6	12	10	0	0	3	10	10	2	68	26	16	28	2	52	14	8	2	0	4	4	0	36	0	248	0	615	143	66	16	0	464	14	0	0	30	14	16	2	4	16	12	2	6	18	6	20	2	4	4	12	20	2	12	2	2	4	26	18	22	46	118	2	20	6	83	10	40	72	18	27	66	0	4	228	100	42	80	10	12
gene-315569	scaffold_10;scaffold_10	21659307;21659587	21659530;21659791	-;-	429	0	0	0	0	0	0	0	0	0	0	0	0	0	0	0	0	0	0	0	0	0	0	0	0	0	0	0	0	0	0	2	0	0	0	0	0	0	0	0	0	0	0	0	0	0	0	0	0	0	0	0	0	0	0	0	0	0	0	0	0	0	0	0	0	0	0	0	0	0	0	0	0	0	0	0	0	0	0	0	0	0	0
gene-315578	scaffold_10;scaffold_10;scaffold_10;scaffold_10	21760568;21775436;21783509;21784727	21760780;21775471;21783689;21785064	+;+;+;+	768	94	20	56	19	20	89	157	49	44	26	20	35	31	49	62	57	39	38	52	10	12	4	31	27	201	181	208	34	386	74	90	32	65	45	57	19	25	14	173	12	38	54	55	108	29	2	74	14	106	82	20	8	52	55	24	18	12	18	15	26	33	7	216	23	36	21	20	117	18	42	60	18	64	142	37	26	178	56	99	532	148	162
gene-315593	scaffold_10;scaffold_10	22098929;22101283	22098949;22101339	+;+	78	0	0	0	0	0	0	0	0	0	0	0	0	0	0	0	0	0	0	0	0	0	0	0	0	0	0	0	0	0	0	0	0	0	0	0	0	0	0	0	0	0	0	0	0	0	0	0	0	0	0	0	0	0	0	0	0	0	0	0	0	0	0	0	0	0	0	0	0	0	0	0	0	0	0	0	0	0	0	0	0	0	0
gene-315603	scaffold_10;scaffold_10;scaffold_10;scaffold_10;scaffold_10;scaffold_10;scaffold_10;scaffold_10	22453477;22550681;22620033;22762098;22767400;22771748;22835040;22867077	22453709;22550903;22620233;22762306;22767535;22771843;22835461;22867263	+;+;+;+;+;+;+;+	1707	0	4	4	4	0	3	0	0	0	0	0	2	2	0	4	2	0	2	0	2	0	0	12	0	10	2	6	0	8	12	13	10	8	2	15	0	0	0	8	2	4	0	2	0	0	0	0	0	0	3	0	0	2	0	2	0	2	0	4	2	0	0	12	8	0	0	0	4	0	4	0	0	5	6	0	0	18	8	14	0	4	2
gene-315630	scaffold_10;scaffold_10	22507286;22523985	22507610;22524343	+;+	684	0	0	0	0	0	0	0	0	0	0	0	0	0	0	0	0	0	0	0	0	0	0	0	0	0	0	0	0	0	0	0	0	0	0	0	0	0	0	0	0	0	0	0	0	0	0	0	0	0	0	0	0	0	0	0	0	0	0	0	0	0	0	0	0	0	0	0	0	0	0	0	0	0	0	0	0	0	0	0	0	0	0
gene-315640	scaffold_10;scaffold_10;scaffold_10;scaffold_10;scaffold_10;scaffold_10;scaffold_10;scaffold_10;scaffold_10;scaffold_10;scaffold_10;scaffold_10;scaffold_10;scaffold_10;scaffold_10;scaffold_10;scaffold_10;scaffold_10;scaffold_10;scaffold_10;scaffold_10;scaffold_10;scaffold_10;scaffold_10;scaffold_10;scaffold_10;scaffold_10;scaffold_10;scaffold_10;scaffold_10;scaffold_10;scaffold_10;scaffold_10;scaffold_10;scaffold_10;scaffold_10;scaffold_10;scaffold_10;scaffold_10;scaffold_10;scaffold_10;scaffold_10;scaffold_10;scaffold_10;scaffold_10;scaffold_10;scaffold_10;scaffold_10;scaffold_10;scaffold_10;scaffold_10;scaffold_10;scaffold_10;scaffold_10;scaffold_10	22989459;23018291;23039784;23041131;23047721;23056518;23058986;23060838;23064891;23070335;23080423;23085790;23110503;23113813;23118447;23135513;23142513;23153420;23159957;23160710;23164411;23167398;23168142;23191424;23215147;23235387;23271315;23280299;23291109;23291730;23306082;23311204;23315359;23318500;23329998;23334304;23352860;23356282;23359727;23365952;23370247;23383557;23386726;23389235;23395220;23397094;23408449;23410781;23420658;23425107;23434904;23443804;23463788;23482938;23486074	22989513;23018335;23040340;23041525;23048075;23056815;23059159;23060947;23065082;23070463;23080587;23086001;23110856;23114045;23118739;23135914;23142698;23153592;23160171;23160869;23164636;23167871;23168339;23191699;23215299;23235590;23271470;23280537;23291478;23291863;23306339;23311402;23315561;23318649;23330172;23334519;23353120;23356506;23360056;23366120;23370428;23384232;23387137;23389346;23395349;23397299;23408605;23411174;23420858;23425228;23435022;23443915;23463919;23483143;23486133	+;+;+;+;+;+;+;+;+;+;+;+;+;+;+;+;+;+;+;+;+;+;+;+;+;+;+;+;+;+;+;+;+;+;+;+;+;+;+;+;+;+;+;+;+;+;+;+;+;+;+;+;+;+;+	12540	3690	832	2414	722	983	4982	3482	786	1716	552	1151	1136	1332	1070	583	778	1102	437	438	823	276	492	892	506	1562	1469	2404	284	5824	3007	3070	3283	1829	4609	2478	403	234	422	754	818	1132	781	1350	2303	792	811	1197	654	1058	2380	1144	1160	3085	1213	752	520	482	1247	642	950	586	951	935	662	658	774	311	3386	269	1118	2608	452	528	902	575	499	6967	1575	3383	2192	1523	3194
gene-315808	scaffold_10	23614067	23614858	-	792	0	2	0	0	0	0	0	0	2	0	0	0	4	0	0	0	0	0	0	0	0	0	0	0	0	0	0	0	0	0	0	0	0	0	0	0	0	0	0	0	0	0	0	0	0	0	0	0	0	0	0	0	0	0	0	0	0	0	2	0	0	0	0	0	0	0	0	0	0	0	0	0	0	0	0	0	0	0	0	0	0	0
gene-315814	scaffold_10;scaffold_10;scaffold_10	24540199;24540467;24541107	24540396;24540809;24541288	+;+;+	723	0	0	0	0	0	0	0	0	0	0	4	0	4	0	4	0	2	0	2	2	0	0	0	2	0	0	0	0	4	0	4	4	4	0	2	2	0	0	0	2	0	0	0	0	0	0	0	0	0	2	0	0	0	0	0	0	0	0	4	0	0	0	1	4	0	0	0	0	0	0	0	0	4	0	0	0	4	2	2	0	0	0
gene-315826	scaffold_10;scaffold_10;scaffold_10;scaffold_10;scaffold_10;scaffold_10;scaffold_10;scaffold_10;scaffold_10;scaffold_10;scaffold_10;scaffold_10;scaffold_10;scaffold_10;scaffold_10;scaffold_10;scaffold_10;scaffold_10;scaffold_10;scaffold_10;scaffold_10;scaffold_10;scaffold_10;scaffold_10;scaffold_10;scaffold_10;scaffold_10;scaffold_10;scaffold_10;scaffold_10;scaffold_10;scaffold_10;scaffold_10;scaffold_10;scaffold_10;scaffold_10;scaffold_10;scaffold_10;scaffold_10;scaffold_10;scaffold_10;scaffold_10;scaffold_10;scaffold_10	24559856;24559856;24559856;24559856;24565579;24565579;24565579;24565579;24566266;24566266;24566266;24566266;24578458;24578458;24578458;24578458;24579963;24579963;24579963;24579963;24580253;24580253;24580253;24580253;24581498;24581498;24581498;24581498;24581889;24581889;24581889;24581889;24585411;24585411;24585411;24585411;24587380;24587380;24587380;24587380;24590851;24590851;24591505;24591505	24560198;24560198;24560198;24560198;24565856;24565856;24565856;24565856;24566519;24566519;24566519;24566519;24578747;24578747;24578747;24578747;24580174;24580174;24580174;24580174;24580378;24580384;24580384;24580378;24581661;24581661;24581661;24581661;24582183;24582183;24582183;24582183;24585982;24585982;24585982;24585982;24587663;24587663;24587663;24587663;24590876;24590876;24591539;24591539	+;+;+;+;+;+;+;+;+;+;+;+;+;+;+;+;+;+;+;+;+;+;+;+;+;+;+;+;+;+;+;+;+;+;+;+;+;+;+;+;+;+;+;+	2885	324	61	152	50	48	196	175	100	102	50	64	81	58	78	75	196	151	43	101	39	26	34	60	63	233	323	340	81	453	142	226	216	154	145	199	53	44	35	160	98	113	80	94	166	58	41	136	81	294	171	93	80	126	97	44	34	35	72	43	60	49	50	99	94	66	62	50	216	40	85	115	86	151	154	107	46	375	146	199	403	156	256
gene-315967	scaffold_10;scaffold_10;scaffold_10;scaffold_10;scaffold_10;scaffold_10;scaffold_10	24597834;24599419;24601937;24602343;24604368;24604921;24605140	24598013;24599608;24602202;24602455;24604572;24605062;24605228	-;-;-;-;-;-;-	1185	2110	1063	1470	939	911	2400	1414	1191	960	411	733	1286	659	2221	737	1665	3040	628	1414	1276	264	1042	1000	1229	2069	3420	3152	771	4597	2688	4357	5310	3556	4396	4102	749	254	906	1942	875	1099	1114	878	1859	631	939	1472	570	1694	1325	1233	790	964	1028	997	1013	364	1162	657	626	861	1809	1202	1010	1391	720	450	5667	761	752	3998	1232	1194	2347	1064	557	9272	1388	3617	3224	1776	4421
gene-315991	scaffold_10;scaffold_10;scaffold_10;scaffold_10;scaffold_10;scaffold_10	24607134;24607134;24608256;24608262;24609072;24609072	24607244;24607244;24608821;24608821;24609123;24609123	-;-;-;-;-;-	729	409	189	355	116	102	321	303	251	114	77	70	238	65	354	152	323	482	164	279	100	0	49	142	283	303	592	599	92	1037	541	612	711	403	730	574	143	67	146	410	111	165	193	182	393	79	92	322	133	202	230	183	113	146	203	115	144	36	151	183	68	175	292	212	178	270	130	98	799	92	144	622	181	357	405	202	110	1341	276	545	731	441	950
gene-316014	scaffold_10;scaffold_10;scaffold_10;scaffold_10;scaffold_10;scaffold_10;scaffold_10;scaffold_10;scaffold_10;scaffold_10;scaffold_10;scaffold_10;scaffold_10;scaffold_10;scaffold_10;scaffold_10;scaffold_10;scaffold_10;scaffold_10;scaffold_10;scaffold_10;scaffold_10;scaffold_10;scaffold_10;scaffold_10;scaffold_10;scaffold_10;scaffold_10;scaffold_10;scaffold_10;scaffold_10;scaffold_10;scaffold_10;scaffold_10;scaffold_10	24612179;24612179;24612179;24613328;24613328;24616777;24616777;24616777;24617121;24617121;24617133;24617321;24617321;24617321;24620400;24620400;24620400;24621676;24621676;24621676;24621885;24621885;24621885;24623205;24623205;24623205;24623532;24623532;24623532;24624997;24624997;24624997;24629598;24629598;24629598	24612274;24612274;24612274;24613372;24613372;24616861;24616861;24616861;24617267;24617267;24617267;24617493;24617493;24617493;24620598;24620598;24620598;24621826;24621826;24621826;24622037;24622037;24622037;24623370;24623370;24623370;24623778;24623778;24623778;24625117;24625117;24625117;24629604;24629604;24629604	+;+;+;+;+;+;+;+;+;+;+;+;+;+;+;+;+;+;+;+;+;+;+;+;+;+;+;+;+;+;+;+;+;+;+	1590	26	18	18	8	8	20	46	13	16	20	10	10	19	6	24	20	6	10	13	2	8	4	20	0	83	58	44	6	76	50	50	34	66	14	43	8	4	2	10	6	2	6	10	18	6	0	20	10	38	48	0	6	22	20	4	4	14	8	8	18	4	0	36	14	8	12	6	12	6	21	10	18	28	16	10	12	44	47	52	60	24	32
gene-316126	scaffold_10;scaffold_10;scaffold_10;scaffold_10;scaffold_10;scaffold_10;scaffold_10;scaffold_10;scaffold_10;scaffold_10;scaffold_10;scaffold_10;scaffold_10;scaffold_10;scaffold_10;scaffold_10;scaffold_10;scaffold_10;scaffold_10;scaffold_10;scaffold_10;scaffold_10;scaffold_10;scaffold_10;scaffold_10;scaffold_10;scaffold_10;scaffold_10;scaffold_10;scaffold_10;scaffold_10;scaffold_10;scaffold_10;scaffold_10;scaffold_10;scaffold_10;scaffold_10;scaffold_10;scaffold_10;scaffold_10	24647324;24647324;24647324;24647324;24648971;24648971;24648971;24648971;24652026;24652026;24652026;24652026;24655993;24655993;24655993;24655993;24663244;24663244;24663244;24663244;24667028;24667028;24667028;24667028;24674875;24674875;24674875;24674875;24675137;24675137;24675137;24675137;24678175;24678175;24678175;24678175;24678408;24678408;24678408;24678408	24647532;24647532;24647535;24647535;24649052;24649052;24649052;24649052;24652155;24652128;24652155;24652128;24656300;24656300;24656300;24656300;24663390;24663390;24663390;24663390;24667261;24667261;24667261;24667261;24675084;24675084;24675084;24675084;24675261;24675261;24675261;24675261;24678283;24678283;24678283;24678283;24678518;24678518;24678518;24678518	-;-;-;-;-;-;-;-;-;-;-;-;-;-;-;-;-;-;-;-;-;-;-;-;-;-;-;-;-;-;-;-;-;-;-;-;-;-;-;-	1668	212	120	116	71	54	166	251	77	122	30	50	108	191	22	68	133	42	70	135	44	28	9	117	40	274	324	284	44	582	198	196	136	256	86	152	21	31	14	116	31	58	48	98	144	58	18	96	22	169	164	54	49	91	75	26	6	44	38	112	66	68	24	102	115	78	62	28	346	26	62	104	110	274	116	64	42	520	159	314	1091	295	538
gene-316255	scaffold_10;scaffold_10;scaffold_10;scaffold_10;scaffold_10;scaffold_10;scaffold_10;scaffold_10	24719092;24723726;24726269;24726490;24727023;24729851;24734519;24750319	24719926;24723866;24726397;24726654;24727148;24729914;24735054;24750467	+;+;+;+;+;+;+;+	2145	146	47	48	42	34	60	138	52	80	65	18	42	98	16	100	102	6	27	53	12	34	4	76	27	247	193	118	50	96	54	83	32	63	27	47	28	24	18	38	14	30	35	74	73	40	3	69	45	108	115	20	10	102	68	10	6	24	22	37	49	32	4	54	84	40	42	25	22	12	24	12	83	140	25	84	44	68	181	76	217	152	54
gene-316282	scaffold_10;scaffold_10;scaffold_10;scaffold_10;scaffold_10	24761648;24764462;24766640;24767288;24767474	24762339;24766274;24766753;24767407;24767590	-;-;-;-;-	2856	2518	1458	1503	750	627	2223	2379	1346	554	476	497	1342	1282	949	894	2000	1198	331	1152	261	106	70	774	809	4344	3049	3777	397	5338	2124	3320	2512	2907	1484	3112	338	299	501	1351	322	966	833	774	1729	312	151	1927	425	2038	2162	690	223	1719	1332	443	112	164	304	819	261	556	302	431	1251	950	673	400	3768	154	441	2213	1067	2814	2053	610	424	7450	811	2875	8063	1941	3651
gene-316300	scaffold_10;scaffold_10;scaffold_10;scaffold_10;scaffold_10;scaffold_10;scaffold_10;scaffold_10;scaffold_10;scaffold_10;scaffold_10;scaffold_10;scaffold_10;scaffold_10;scaffold_10;scaffold_10;scaffold_10;scaffold_10;scaffold_10;scaffold_10;scaffold_10;scaffold_10;scaffold_10;scaffold_10;scaffold_10;scaffold_10;scaffold_10;scaffold_10;scaffold_10;scaffold_10;scaffold_10;scaffold_10;scaffold_10;scaffold_10;scaffold_10;scaffold_10	24769696;24769696;24769955;24769955;24771769;24771769;24774071;24774071;24774307;24774307;24774490;24774490;24774723;24774723;24775120;24775120;24777638;24777638;24777769;24777769;24779736;24779787;24779959;24779959;24782817;24782817;24785705;24785705;24786667;24786667;24792238;24792238;24795916;24795916;24799584;24799584	24769902;24769902;24770229;24770229;24771881;24771881;24774255;24774255;24774404;24774404;24774603;24774603;24774985;24774985;24775504;24775504;24777706;24777706;24777869;24777869;24779872;24779872;24780141;24780141;24783029;24783029;24785837;24785837;24787239;24787239;24792603;24792603;24796242;24796242;24799759;24799759	+;+;+;+;+;+;+;+;+;+;+;+;+;+;+;+;+;+;+;+;+;+;+;+;+;+;+;+;+;+;+;+;+;+;+;+	3918	1159	643	841	354	476	1533	876	506	518	162	434	657	560	1019	519	746	1607	193	531	560	157	407	459	572	1525	1309	2606	396	3327	1828	2619	3232	1863	2846	2704	404	173	634	1389	354	532	409	378	830	275	538	719	288	1055	839	574	587	920	820	418	442	170	472	406	320	242	773	525	583	495	421	171	2733	258	527	2251	459	1173	1410	463	307	5577	1038	2471	2376	966	2150
gene-316413	scaffold_10;scaffold_10;scaffold_10;scaffold_10;scaffold_10;scaffold_10	24812343;24837899;24840008;24840221;24844402;24848082	24812418;24838264;24840146;24840381;24844503;24848401	+;+;+;+;+;+	1164	1758	379	509	185	339	1352	1449	542	250	184	253	470	393	59	173	1021	22	42	513	16	75	12	136	426	1331	769	101	309	353	57	81	65	110	55	252	152	54	58	58	217	622	910	507	1740	147	63	1018	145	194	1904	542	104	695	580	265	10	74	248	503	189	277	33	25	229	490	213	245	101	188	36	44	508	442	87	521	233	287	46	72	162	396	2442
gene-316434	scaffold_10;scaffold_10;scaffold_10;scaffold_10;scaffold_10;scaffold_10;scaffold_10	24868385;24876457;24876889;24899268;24903690;24909197;24912870	24868573;24876544;24876968;24899430;24903955;24909383;24913201	-;-;-;-;-;-;-	1305	0	0	0	0	0	0	0	0	0	0	0	0	0	0	0	0	0	0	0	0	0	0	0	0	0	0	0	0	0	0	0	0	0	0	0	0	0	0	0	0	0	0	0	0	0	0	0	0	0	0	0	0	0	0	0	0	0	0	0	0	0	0	0	0	0	0	0	0	0	0	0	0	0	0	0	0	0	0	0	0	0	0
gene-316459	scaffold_10;scaffold_10;scaffold_10;scaffold_10	24953401;24953796;24954157;24955153	24953717;24954014;24954695;24955430	+;+;+;+	1353	0	0	2	0	0	1	0	0	0	0	0	0	0	0	0	0	0	0	0	0	0	0	0	0	0	0	3	0	0	0	0	0	2	0	0	0	0	0	0	0	2	2	0	0	0	0	0	1	4	0	0	0	0	0	2	0	0	0	0	0	0	0	2	2	2	2	0	2	0	0	0	0	0	0	0	0	4	2	0	2	0	0
gene-316474	scaffold_10;scaffold_10;scaffold_10;scaffold_10;scaffold_10;scaffold_10;scaffold_10;scaffold_10;scaffold_10;scaffold_10;scaffold_10;scaffold_10;scaffold_10;scaffold_10;scaffold_10;scaffold_10;scaffold_10;scaffold_10;scaffold_10;scaffold_10;scaffold_10	24992481;24992481;24992696;24992696;24998681;24998681;25000594;25000594;25011824;25015464;25015464;25015464;25019024;25019024;25019024;25023570;25023570;25023570;25027052;25027052;25027057	24992636;24992636;24992797;24992797;24998929;24998929;25000901;25000901;25011852;25015771;25015771;25015771;25019106;25019106;25019106;25023906;25023906;25023906;25027134;25027134;25027064	+;+;+;+;+;+;+;+;+;+;+;+;+;+;+;+;+;+;+;+;+	1655	44	17	22	15	16	26	35	14	12	5	6	14	37	3	12	41	18	6	8	8	10	0	20	12	111	73	89	8	117	53	42	28	62	28	61	4	2	4	38	8	18	25	14	34	10	4	29	6	32	34	4	4	29	9	10	2	8	0	4	8	8	2	25	38	6	12	5	44	8	24	14	24	74	20	10	10	67	42	73	158	50	69
gene-316544	scaffold_10;scaffold_10;scaffold_10;scaffold_10;scaffold_10;scaffold_10;scaffold_10;scaffold_10;scaffold_10;scaffold_10;scaffold_10;scaffold_10;scaffold_10	25040231;25040231;25044612;25044612;25048543;25048543;25051625;25051625;25054769;25054769;25057845;25057845;25063616	25040289;25040289;25044795;25044795;25048769;25048769;25051707;25051707;25055080;25055080;25058080;25058092;25063774	+;+;+;+;+;+;+;+;+;+;+;+;+	1272	0	2	0	0	0	5	2	0	0	0	0	4	0	0	0	2	0	0	0	0	0	0	4	2	0	0	0	0	9	1	0	2	2	11	2	0	0	0	0	0	4	0	2	0	0	0	0	0	0	0	0	0	0	0	0	0	0	0	2	0	2	0	0	0	0	0	0	3	2	3	10	0	0	0	0	0	8	0	4	1	0	4
gene-316589	scaffold_10;scaffold_10;scaffold_10;scaffold_10;scaffold_10;scaffold_10;scaffold_10;scaffold_10;scaffold_10;scaffold_10;scaffold_10;scaffold_10;scaffold_10;scaffold_10;scaffold_10;scaffold_10;scaffold_10;scaffold_10;scaffold_10;scaffold_10;scaffold_10;scaffold_10;scaffold_10;scaffold_10;scaffold_10;scaffold_10;scaffold_10;scaffold_10;scaffold_10;scaffold_10	25082152;25082152;25082152;25130116;25130116;25130116;25137708;25137708;25137708;25147650;25147650;25147650;25153597;25153597;25153603;25153753;25153753;25153753;25163592;25163592;25163592;25171214;25171214;25171214;25188446;25188446;25188446;25192675;25192675;25192675	25082232;25082232;25082232;25130271;25130271;25130271;25138083;25138083;25138083;25147709;25147709;25147709;25153698;25153698;25153698;25153908;25153908;25153908;25163791;25163782;25163791;25171567;25171567;25171567;25188536;25188536;25188536;25193021;25193021;25193021	+;+;+;+;+;+;+;+;+;+;+;+;+;+;+;+;+;+;+;+;+;+;+;+;+;+;+;+;+;+	1923	2	2	2	0	0	6	10	0	16	2	2	0	16	0	0	0	2	0	0	8	6	0	2	0	8	0	16	2	56	33	9	14	2	22	10	0	4	0	10	2	0	0	6	6	8	0	2	2	0	10	8	2	15	4	4	0	14	4	0	10	6	0	8	6	1	4	0	8	0	34	2	3	0	2	8	10	18	8	30	4	12	8
gene-316686	scaffold_10;scaffold_10;scaffold_10;scaffold_10;scaffold_10;scaffold_10;scaffold_10;scaffold_10	25225078;25233416;25236465;25245506;25248485;25252778;25256664;25258911	25225099;25233563;25236785;25245748;25248804;25252931;25257005;25259151	+;+;+;+;+;+;+;+	1791	58	0	2	0	4	12	12	0	2	0	0	0	0	0	0	0	0	0	0	0	0	0	0	2	0	0	0	0	268	8	0	0	0	6	0	0	0	0	0	0	8	0	0	12	0	0	0	0	4	12	4	2	8	0	0	0	0	0	0	2	0	0	0	0	0	0	0	0	0	50	18	0	0	0	0	0	4	2	0	24	0	0
gene-316713	scaffold_10;scaffold_10;scaffold_10;scaffold_10;scaffold_10	25288987;25293600;25299621;25303404;25311388	25289319;25293880;25299706;25303610;25311707	+;+;+;+;+	1227	12	7	5	10	10	23	14	0	4	8	4	2	20	14	10	17	14	4	2	14	8	0	6	2	69	28	114	4	180	85	75	52	50	47	58	4	2	0	47	10	4	2	14	12	5	4	4	11	29	18	12	0	10	7	4	4	6	6	12	4	12	2	26	14	2	10	0	59	2	32	30	18	10	14	10	6	91	32	80	133	50	86
gene-316731	scaffold_10;scaffold_10;scaffold_10;scaffold_10;scaffold_10;scaffold_10;scaffold_10	25321478;25335365;25335672;25336353;25340461;25340718;25341300	25321575;25335584;25336166;25336553;25340658;25341245;25341509	-;-;-;-;-;-;-	1950	269	134	163	70	53	205	125	148	105	78	58	110	92	72	112	124	149	58	103	31	8	42	70	166	147	371	242	82	161	110	174	144	110	117	86	104	32	51	115	54	90	83	82	133	47	42	185	72	60	92	84	42	100	147	58	60	12	74	62	56	81	52	65	105	150	82	46	121	59	32	70	93	396	74	89	50	194	98	151	226	89	121
gene-316755	scaffold_10;scaffold_10;scaffold_10;scaffold_10;scaffold_10;scaffold_10;scaffold_10	25342831;25343014;25348378;25350990;25352487;25358177;25360533	25342948;25343235;25348716;25351220;25352705;25358414;25360614	+;+;+;+;+;+;+	1449	1676	503	652	316	410	1171	731	536	228	195	243	603	236	870	348	947	1307	237	551	382	68	261	438	585	1195	1228	2061	354	2403	1157	1821	2113	1614	1608	2271	289	150	283	878	361	518	438	495	947	244	298	770	276	771	656	550	266	508	556	422	305	71	506	362	252	410	527	375	429	749	411	224	2418	393	288	1722	624	806	1027	435	244	3994	584	1551	2320	1459	3280
gene-316779	scaffold_10;scaffold_10;scaffold_10;scaffold_10;scaffold_10;scaffold_10;scaffold_10;scaffold_10;scaffold_10;scaffold_10;scaffold_10;scaffold_10;scaffold_10;scaffold_10	25393501;25393501;25404333;25404333;25404546;25404546;25404939;25404939;25405595;25405595;25407494;25407494;25413531;25413531	25393662;25393662;25404358;25404358;25404847;25404847;25405333;25405333;25406022;25406022;25407725;25407710;25413695;25413695	-;-;-;-;-;-;-;-;-;-;-;-;-;-	1710	0	0	0	0	0	0	0	0	0	0	0	0	0	0	0	0	0	0	0	0	0	0	0	0	0	0	0	0	0	0	0	0	0	0	0	0	0	0	0	0	0	0	0	0	0	0	0	0	0	0	0	0	0	0	0	0	0	0	0	0	0	0	0	0	0	0	0	0	0	0	0	0	0	0	0	0	0	0	0	0	0	0
gene-316827	scaffold_10;scaffold_10	25416620;25416702	25416649;25417055	+;+	384	2463	508	2376	636	901	3025	1394	955	1156	309	884	793	441	755	268	620	1398	414	622	521	156	433	460	649	563	928	1205	293	1879	1036	1270	1726	906	1715	1246	467	81	314	717	813	1330	911	859	1755	718	859	1565	446	1048	1161	1211	1274	1439	505	708	362	334	838	430	430	688	899	350	302	1138	534	397	1530	418	460	1428	390	534	636	765	554	2012	872	922	1147	516	1488
gene-316836	scaffold_10;scaffold_10;scaffold_10;scaffold_10;scaffold_10;scaffold_10;scaffold_10;scaffold_10;scaffold_10;scaffold_10;scaffold_10;scaffold_10;scaffold_10	25440872;25440872;25444889;25444889;25456025;25456025;25458096;25458096;25474873;25474873;25530212;25565277;25628302	25440988;25440988;25445181;25445181;25456235;25456235;25458412;25458412;25474914;25474914;25530299;25565391;25629249	-;-;-;-;-;-;-;-;-;-;-;-;-	2131	130	32	156	46	68	248	210	32	127	59	72	24	162	6	58	42	16	38	44	10	8	10	65	12	98	109	195	34	161	56	70	57	52	49	34	24	36	4	63	42	62	34	88	105	63	34	54	67	60	99	86	28	152	88	28	2	32	48	44	80	42	16	56	56	24	47	24	24	16	72	28	39	62	34	41	34	66	71	86	27	91	20
gene-316880	scaffold_10	25650197	25650646	+	450	1577	609	2050	498	766	2609	1252	931	982	386	1038	904	520	436	273	686	987	246	604	450	108	440	412	651	479	997	946	379	1239	1113	1104	1131	566	1263	577	530	115	327	525	750	1099	1036	1015	1813	770	952	1730	596	786	1181	1455	1147	1055	677	910	518	396	692	329	518	506	630	278	338	1258	441	348	1311	507	252	1048	398	590	472	558	425	1679	630	689	988	527	897
gene-316886	scaffold_10;scaffold_10;scaffold_10;scaffold_10;scaffold_10;scaffold_10;scaffold_10;scaffold_10;scaffold_10;scaffold_10;scaffold_10;scaffold_10;scaffold_10;scaffold_10;scaffold_10;scaffold_10;scaffold_10;scaffold_10;scaffold_10;scaffold_10	25651853;25651853;25655308;25655308;25656065;25656065;25658041;25658041;25658287;25658287;25658526;25658526;25660421;25660421;25660688;25660688;25661002;25661002;25661176;25661176	25651982;25651982;25655520;25655520;25656219;25656219;25658199;25658199;25658448;25658448;25658994;25658994;25660611;25660611;25660946;25660946;25661113;25661119;25661275;25661275	-;-;-;-;-;-;-;-;-;-;-;-;-;-;-;-;-;-;-;-	1956	4844	4318	5198	2764	3128	8421	4250	3846	3430	1846	3096	4494	2545	4282	3238	4796	6280	2280	3192	2132	596	2048	1740	2708	4318	6563	7432	1770	8738	4218	4469	4638	2590	5686	3714	2940	878	3080	3256	2522	3632	3238	2822	5222	2015	3474	5695	2338	5366	4602	3652	3740	5268	4580	2958	4421	1104	1858	2012	1567	2294	2934	1734	3714	3544	2764	1172	5041	1502	1686	5393	2246	7496	3146	2566	1588	8047	5112	4080	11271	3400	4596
gene-316951	scaffold_10;scaffold_10;scaffold_10;scaffold_10;scaffold_10;scaffold_10;scaffold_10;scaffold_10;scaffold_10;scaffold_10;scaffold_10;scaffold_10;scaffold_10;scaffold_10;scaffold_10;scaffold_10	25703127;25713041;25713878;25714073;25717657;25725250;25729185;25732830;25734303;25741516;25741989;25742268;25775985;25784080;25784312;25784439	25703271;25713251;25714016;25714261;25717897;25725404;25729345;25733076;25734523;25741856;25742206;25742517;25776145;25784250;25784387;25784557	-;-;-;-;-;-;-;-;-;-;-;-;-;-;-;-	3045	2172	865	1373	710	1006	3053	1463	1084	1004	408	890	1068	883	1215	704	1596	2628	428	832	653	210	490	562	768	2025	2232	3056	448	4904	2356	3014	3513	2418	3088	3036	634	252	792	1622	881	1264	1218	1048	1994	686	740	1588	638	1945	1592	1416	988	1723	1516	1064	704	268	788	665	472	580	1074	698	840	1090	780	332	4165	498	710	3420	829	1356	1612	866	504	6294	1944	2841	4779	1726	3406
gene-317002	scaffold_10;scaffold_10;scaffold_10;scaffold_10;scaffold_10;scaffold_10;scaffold_10;scaffold_10;scaffold_10;scaffold_10;scaffold_10;scaffold_10;scaffold_10;scaffold_10;scaffold_10;scaffold_10;scaffold_10;scaffold_10;scaffold_10;scaffold_10;scaffold_10;scaffold_10;scaffold_10;scaffold_10;scaffold_10;scaffold_10;scaffold_10;scaffold_10;scaffold_10;scaffold_10;scaffold_10;scaffold_10	25787563;25787563;25805674;25805674;25805933;25805936;25808316;25808316;25812052;25812052;25812866;25812866;25814731;25814731;25814960;25814960;25815921;25815921;25816431;25816431;25817746;25817746;25819181;25819181;25820923;25820923;25824713;25824713;25826545;25826545;25828201;25828201	25788207;25788207;25805727;25805727;25806096;25806096;25808547;25808547;25812182;25812182;25813055;25813055;25814902;25814902;25815299;25815299;25816134;25816134;25816553;25816553;25817966;25817966;25819353;25819353;25821311;25821311;25824852;25824852;25826732;25826732;25828226;25828226	+;+;+;+;+;+;+;+;+;+;+;+;+;+;+;+;+;+;+;+;+;+;+;+;+;+;+;+;+;+;+;+	3402	2658	626	1318	596	547	1971	1997	667	995	452	590	865	1087	354	508	1045	371	205	559	204	153	76	378	310	1598	2234	962	410	1048	469	576	484	708	312	748	297	224	136	426	421	1050	813	933	1314	488	284	1340	614	981	1672	626	361	1750	1076	336	97	266	342	454	485	447	172	353	641	579	528	265	407	221	196	250	500	1258	456	797	453	1001	611	790	1497	597	901
gene-317103	scaffold_10;scaffold_10;scaffold_10;scaffold_10;scaffold_10;scaffold_10;scaffold_10	25838813;25839008;25842144;25842435;25843834;25846374;25847533	25838920;25839194;25842377;25842649;25844057;25846680;25847679	-;-;-;-;-;-;-	1422	89	32	54	21	27	70	81	42	22	16	19	50	29	26	21	62	41	20	40	12	0	10	25	44	219	149	209	24	319	139	161	142	228	101	194	13	12	18	69	31	27	41	58	69	30	10	75	16	91	75	16	21	91	30	23	0	8	20	18	20	25	16	37	53	26	25	12	185	10	30	103	54	61	84	16	12	403	71	159	346	98	233
gene-317127	scaffold_10;scaffold_10;scaffold_10;scaffold_10;scaffold_10;scaffold_10;scaffold_10;scaffold_10;scaffold_10;scaffold_10;scaffold_10;scaffold_10;scaffold_10;scaffold_10;scaffold_10;scaffold_10;scaffold_10;scaffold_10	25848738;25849142;25849389;25849715;25850620;25850960;25851518;25853524;25853841;25854327;25854596;25854960;25855389;25855783;25856221;25856467;25858111;25858290	25848809;25849262;25849566;25849923;25850756;25851439;25851744;25853737;25853999;25854468;25854859;25855330;25855703;25856076;25856379;25856606;25858225;25858304	-;-;-;-;-;-;-;-;-;-;-;-;-;-;-;-;-;-	3612	1216	844	786	485	676	1594	965	900	441	251	470	795	754	1030	557	1183	2329	217	848	434	96	303	615	596	2518	1879	3470	376	5787	2211	3273	3028	2417	2771	2839	394	280	539	1709	354	627	649	603	1063	302	347	1076	323	1466	1472	693	375	1151	936	524	358	125	386	562	239	322	714	636	687	646	416	242	4048	245	693	2884	754	1656	1795	506	239	6290	1502	2824	5503	1671	3014
gene-317184	scaffold_10;scaffold_10;scaffold_10;scaffold_10;scaffold_10;scaffold_10	25859709;25861044;25861443;25867917;25869362;25869641	25860023;25861151;25861794;25868294;25869544;25869741	-;-;-;-;-;-	1437	1922	3648	4186	2247	2982	7014	2867	3102	2378	1496	3206	3520	1968	3248	1360	2238	10082	1695	2184	3431	782	2402	2222	1804	3162	3270	7970	913	11000	8763	8670	7629	3547	12950	4801	1790	868	1754	3580	2246	2336	3472	3140	6504	2269	4622	5470	1984	4834	4468	5458	4332	3452	3366	3756	2624	1560	2720	1754	2080	1808	4626	1664	2112	3236	2206	1012	10962	1448	2320	6805	1092	2596	3110	2380	1316	14411	7090	6965	7747	3198	3908
gene-317205	scaffold_10;scaffold_10;scaffold_10	25926902;25931669;25943798	25927252;25931807;25944174	-;-;-	867	0	0	0	0	0	0	0	0	0	0	0	0	0	0	0	0	0	0	0	0	0	0	0	0	0	0	0	0	0	0	0	0	0	0	0	0	0	0	0	0	0	0	0	0	0	0	0	0	0	0	0	0	0	0	0	0	0	0	0	0	0	0	0	0	0	0	0	0	0	0	0	0	0	0	0	0	0	0	0	0	0	0
gene-317217	scaffold_10;scaffold_10;scaffold_10;scaffold_10;scaffold_10	26002250;26004980;26005485;26007688;26008443	26002636;26005221;26005791;26007902;26008653	+;+;+;+;+	1362	112	14	59	10	15	73	79	31	28	26	12	38	44	8	32	91	16	14	40	2	10	2	32	20	118	177	88	22	130	56	35	26	22	12	26	9	6	6	20	5	26	48	20	61	6	6	83	21	48	70	10	8	68	37	15	4	14	9	28	32	14	6	28	29	28	32	18	37	10	22	20	29	78	26	23	8	60	55	59	168	65	33
gene-317235	scaffold_10;scaffold_10;scaffold_10;scaffold_10;scaffold_10;scaffold_10	26014761;26016610;26017223;26020308;26021150;26022121	26014822;26016980;26017312;26020522;26022068;26022176	-;-;-;-;-;-	1713	3880	1391	2058	872	1380	3752	2138	1527	1178	558	1075	1510	662	2224	744	2408	3976	320	1564	1172	444	1158	1260	1446	2204	2354	5129	1256	8913	5646	5567	5906	2993	6810	3342	1118	410	1424	4344	922	1352	1382	986	2348	990	1246	1912	718	1940	1759	1768	1468	1268	1170	1596	1140	528	1424	822	1022	854	1794	1048	1086	1562	1052	704	7043	842	2080	6958	1876	1496	3376	1304	882	9012	2488	4253	5768	2436	3772
gene-317256	scaffold_10;scaffold_10;scaffold_10;scaffold_10;scaffold_10;scaffold_10;scaffold_10;scaffold_10	26049652;26052017;26052387;26053263;26054293;26054896;26056090;26074686	26050100;26052226;26052589;26053555;26054519;26055115;26056293;26074748	-;-;-;-;-;-;-;-	1869	8	0	0	2	0	8	2	4	8	0	0	0	4	0	4	0	0	0	0	0	0	0	0	0	4	2	591	0	2027	6	4	4	4	2	13	0	0	0	2	2	0	2	0	4	0	0	2	0	365	6	8	1	0	2	0	0	2	2	0	0	2	0	0	2	0	0	2	0	0	1038	2	2	0	2	0	0	2	924	10	3657	293	159
gene-317283	scaffold_10	26143134	26143640	+	507	0	0	0	0	0	0	0	0	0	0	0	0	0	0	0	0	0	0	2	0	0	0	0	0	0	0	0	2	0	2	0	0	0	0	0	0	0	0	0	0	0	0	0	0	0	0	2	0	2	2	0	0	0	0	0	0	0	0	0	0	4	0	0	0	0	0	0	0	0	0	0	0	0	0	0	0	0	0	0	0	0	0
gene-317289	scaffold_10;scaffold_10;scaffold_10;scaffold_10;scaffold_10;scaffold_10;scaffold_10;scaffold_10;scaffold_10;scaffold_10;scaffold_10;scaffold_10;scaffold_10;scaffold_10	26166229;26168425;26170577;26170577;26176263;26176263;26177559;26177559;26178077;26178077;26181842;26181842;26186511;26186511	26166453;26168607;26170789;26170789;26176425;26176425;26177844;26177844;26178231;26178231;26182234;26182234;26186788;26186788	-;-;-;-;-;-;-;-;-;-;-;-;-;-	1896	6	0	2	8	0	6	12	4	8	0	2	0	20	4	4	0	6	4	0	2	0	2	4	0	16	8	10	2	12	12	4	10	10	10	10	0	0	4	14	2	8	2	2	16	4	4	2	4	10	12	4	0	12	4	6	0	0	4	0	8	6	4	6	2	0	2	2	4	0	4	2	6	2	4	12	2	0	10	8	8	10	4
gene-317336	scaffold_10;scaffold_10;scaffold_10;scaffold_10;scaffold_10;scaffold_10;scaffold_10;scaffold_10;scaffold_10;scaffold_10;scaffold_10	26266900;26267033;26267431;26268778;26269138;26269649;26269943;26270537;26271564;26271791;26275027	26266978;26267170;26267783;26269024;26269343;26269789;26270180;26270821;26271702;26271950;26275224	+;+;+;+;+;+;+;+;+;+;+	2184	945	398	643	306	347	872	655	554	217	179	231	395	183	420	167	647	643	119	466	181	38	71	219	305	931	1015	908	191	1635	531	860	651	923	630	818	129	120	139	566	232	473	490	367	873	160	108	829	163	628	862	289	221	718	470	310	175	74	225	228	122	231	266	246	263	398	205	177	1230	106	135	726	286	459	538	363	136	1799	329	676	1859	635	1492
gene-317372	scaffold_10;scaffold_10;scaffold_10;scaffold_10;scaffold_10;scaffold_10;scaffold_10;scaffold_10;scaffold_10;scaffold_10	26297373;26309345;26309704;26311488;26312145;26314070;26316197;26318890;26320170;26320731	26297603;26309476;26309823;26312082;26312491;26314342;26316736;26319160;26320290;26320737	+;+;+;+;+;+;+;+;+;+	2637	180	14	57	10	30	183	118	16	32	4	12	16	20	84	30	36	954	0	22	28	32	10	20	28	40	81	4442	14	6335	1436	179	381	190	1113	408	10	6	20	581	14	36	14	26	68	14	22	16	20	3009	62	42	18	48	12	15	2	4	54	28	20	10	14	48	22	24	18	10	308	6	1594	2671	16	32	384	24	10	794	3469	363	12144	574	740
gene-317405	scaffold_10;scaffold_10;scaffold_10;scaffold_10;scaffold_10;scaffold_10;scaffold_10;scaffold_10;scaffold_10;scaffold_10;scaffold_10;scaffold_10;scaffold_10;scaffold_10;scaffold_10;scaffold_10;scaffold_10;scaffold_10;scaffold_10;scaffold_10;scaffold_10;scaffold_10;scaffold_10;scaffold_10;scaffold_10;scaffold_10;scaffold_10;scaffold_10;scaffold_10;scaffold_10;scaffold_10;scaffold_10;scaffold_10;scaffold_10;scaffold_10;scaffold_10;scaffold_10;scaffold_10;scaffold_10;scaffold_10;scaffold_10;scaffold_10;scaffold_10;scaffold_10;scaffold_10;scaffold_10;scaffold_10;scaffold_10;scaffold_10;scaffold_10;scaffold_10	26326158;26326158;26331279;26331279;26331645;26331645;26332361;26332361;26335929;26335929;26336825;26336825;26337298;26337298;26337465;26337465;26339879;26339879;26343340;26343340;26343532;26343532;26343953;26343953;26344383;26344383;26344695;26344695;26344827;26344827;26345235;26345235;26345336;26345336;26346502;26346502;26346722;26350128;26350128;26351414;26351414;26353906;26353906;26354509;26354509;26354920;26354920;26355585;26355585;26362235;26362235	26326261;26326261;26331360;26331360;26331755;26331755;26332583;26332583;26336060;26336060;26337117;26337117;26337408;26337408;26337657;26337657;26340015;26340015;26343420;26343420;26343612;26343612;26344027;26344027;26344502;26344502;26344766;26344766;26344968;26344968;26345280;26345280;26345523;26345523;26346595;26346595;26346754;26350226;26350226;26351666;26351666;26354157;26354157;26354623;26354623;26355205;26355205;26355783;26355783;26362336;26362336	+;+;+;+;+;+;+;+;+;+;+;+;+;+;+;+;+;+;+;+;+;+;+;+;+;+;+;+;+;+;+;+;+;+;+;+;+;+;+;+;+;+;+;+;+;+;+;+;+;+;+	3624	0	0	0	0	0	0	0	0	0	0	0	0	0	0	0	0	0	0	0	0	0	0	0	0	0	0	0	0	0	0	0	0	0	0	0	0	0	0	0	0	0	0	0	0	0	0	0	0	0	0	0	0	0	0	0	0	0	0	0	0	0	0	0	0	0	0	0	0	0	0	0	0	0	0	0	0	0	0	0	0	0	0
gene-317564	scaffold_10;scaffold_10	26367521;26370535	26367677;26370584	-;-	207	12	16	8	11	20	9	21	16	4	8	2	8	14	12	5	23	23	2	23	2	0	6	15	12	26	26	9	8	52	46	93	31	45	45	32	4	1	21	27	6	10	4	21	12	7	4	19	0	5	15	12	6	10	11	32	4	8	10	8	6	3	20	5	17	4	4	2	82	1	0	19	21	6	9	2	3	62	11	28	20	18	18
gene-317573	scaffold_10;scaffold_10;scaffold_10;scaffold_10;scaffold_10;scaffold_10;scaffold_10;scaffold_10;scaffold_10;scaffold_10;scaffold_10;scaffold_10;scaffold_10;scaffold_10;scaffold_10;scaffold_10;scaffold_10;scaffold_10;scaffold_10;scaffold_10;scaffold_10;scaffold_10;scaffold_10;scaffold_10;scaffold_10;scaffold_10;scaffold_10;scaffold_10;scaffold_10;scaffold_10;scaffold_10;scaffold_10;scaffold_10;scaffold_10;scaffold_10;scaffold_10;scaffold_10;scaffold_10;scaffold_10;scaffold_10;scaffold_10;scaffold_10;scaffold_10;scaffold_10;scaffold_10;scaffold_10;scaffold_10;scaffold_10;scaffold_10;scaffold_10;scaffold_10;scaffold_10;scaffold_10;scaffold_10;scaffold_10;scaffold_10;scaffold_10;scaffold_10;scaffold_10;scaffold_10;scaffold_10;scaffold_10;scaffold_10;scaffold_10;scaffold_10;scaffold_10;scaffold_10;scaffold_10;scaffold_10;scaffold_10;scaffold_10;scaffold_10;scaffold_10;scaffold_10;scaffold_10;scaffold_10;scaffold_10;scaffold_10;scaffold_10;scaffold_10;scaffold_10;scaffold_10;scaffold_10;scaffold_10;scaffold_10;scaffold_10;scaffold_10;scaffold_10;scaffold_10;scaffold_10;scaffold_10;scaffold_10;scaffold_10;scaffold_10;scaffold_10;scaffold_10;scaffold_10;scaffold_10;scaffold_10;scaffold_10;scaffold_10;scaffold_10;scaffold_10;scaffold_10;scaffold_10;scaffold_10;scaffold_10;scaffold_10;scaffold_10;scaffold_10;scaffold_10;scaffold_10;scaffold_10;scaffold_10;scaffold_10;scaffold_10;scaffold_10;scaffold_10;scaffold_10;scaffold_10;scaffold_10	26481702;26481702;26481702;26481702;26481702;26481702;26481702;26482635;26482635;26482635;26482635;26482635;26482635;26482635;26485338;26485338;26485338;26485338;26485338;26485338;26485338;26486395;26486395;26486395;26486395;26486395;26486395;26486395;26490996;26490996;26490996;26490996;26490996;26495414;26495414;26495414;26495414;26495414;26495414;26495414;26498693;26498693;26498693;26498693;26498693;26498693;26498693;26499048;26499048;26499048;26499048;26499048;26499048;26499048;26499397;26499397;26499397;26499397;26499397;26499397;26499397;26500337;26500337;26500337;26500337;26500337;26500337;26500337;26502602;26502602;26502602;26502602;26502602;26502602;26502602;26504265;26504265;26504265;26504265;26504265;26504265;26504265;26504553;26504553;26504553;26504553;26504553;26504553;26504553;26504911;26504911;26504911;26504911;26504911;26504911;26504911;26508607;26508607;26508607;26508607;26508607;26508607;26508607;26517964;26517964;26517964;26517964;26517964;26517964;26517964;26537058;26537058;26546012;26546012;26546012;26546012;26562463;26567327;26567327;26567327;26567327	26481858;26481858;26481858;26481858;26481858;26481858;26481858;26482826;26482826;26482826;26482826;26482826;26482826;26482826;26485621;26485621;26485621;26485621;26485621;26485621;26485621;26486605;26486605;26486605;26486605;26486605;26486605;26486605;26491031;26491031;26491031;26491031;26491031;26495817;26495817;26495817;26495817;26495817;26495817;26495817;26498935;26498935;26498935;26498935;26498935;26498935;26498935;26499289;26499289;26499289;26499289;26499289;26499289;26499289;26499559;26499559;26499559;26499559;26499559;26499559;26499559;26500621;26500621;26500621;26500621;26500621;26500621;26500621;26502796;26502796;26502796;26502796;26502796;26502796;26502796;26504471;26504471;26504471;26504471;26504471;26504471;26504471;26504751;26504751;26504751;26504751;26504751;26504751;26504751;26505122;26505122;26505122;26505122;26505122;26505122;26505122;26508758;26508758;26508758;26508758;26508758;26508758;26508758;26518099;26518099;26518099;26518099;26518099;26518099;26518099;26537417;26537417;26546080;26546080;26546080;26546392;26562483;26567548;26567548;26567548;26567548	+;+;+;+;+;+;+;+;+;+;+;+;+;+;+;+;+;+;+;+;+;+;+;+;+;+;+;+;+;+;+;+;+;+;+;+;+;+;+;+;+;+;+;+;+;+;+;+;+;+;+;+;+;+;+;+;+;+;+;+;+;+;+;+;+;+;+;+;+;+;+;+;+;+;+;+;+;+;+;+;+;+;+;+;+;+;+;+;+;+;+;+;+;+;+;+;+;+;+;+;+;+;+;+;+;+;+;+;+;+;+;+;+;+;+;+;+;+;+;+;+	4302	5607	698	2369	820	1297	4527	3309	1119	1848	501	1168	950	2179	343	586	1489	452	279	905	298	337	166	510	611	2074	1950	1553	513	2788	912	715	620	650	364	595	492	279	285	698	839	1745	1369	2012	3855	1251	1187	1738	706	2513	3331	1884	1463	3758	1289	1697	168	603	1508	581	964	651	349	393	749	1232	783	427	584	555	587	345	608	1073	517	1400	855	1120	998	939	2824	997	1616
gene-317951	scaffold_10;scaffold_10;scaffold_10;scaffold_10;scaffold_10	26579384;26580868;26581337;26593839;26603735	26579750;26581070;26581439;26594085;26603828	-;-;-;-;-	1014	28	19	32	12	14	36	58	18	14	8	5	18	14	6	25	20	6	6	14	6	0	2	11	12	52	50	114	8	299	46	113	45	58	73	74	6	4	0	28	6	20	14	16	40	8	0	27	12	86	34	10	2	24	6	0	0	2	2	10	2	6	0	22	12	16	2	14	124	4	14	38	18	27	16	15	4	223	67	136	216	98	120
gene-317969	scaffold_10;scaffold_10;scaffold_10;scaffold_10;scaffold_10;scaffold_10;scaffold_10;scaffold_10;scaffold_10;scaffold_10;scaffold_10;scaffold_10;scaffold_10;scaffold_10;scaffold_10;scaffold_10;scaffold_10;scaffold_10;scaffold_10;scaffold_10;scaffold_10;scaffold_10;scaffold_10;scaffold_10;scaffold_10;scaffold_10;scaffold_10;scaffold_10;scaffold_10;scaffold_10;scaffold_10;scaffold_10;scaffold_10;scaffold_10;scaffold_10;scaffold_10;scaffold_10;scaffold_10;scaffold_10;scaffold_10;scaffold_10;scaffold_10;scaffold_10;scaffold_10;scaffold_10;scaffold_10;scaffold_10;scaffold_10;scaffold_10;scaffold_10;scaffold_10;scaffold_10;scaffold_10;scaffold_10;scaffold_10;scaffold_10;scaffold_10;scaffold_10;scaffold_10;scaffold_10;scaffold_10;scaffold_10;scaffold_10;scaffold_10;scaffold_10;scaffold_10;scaffold_10;scaffold_10;scaffold_10;scaffold_10;scaffold_10;scaffold_10;scaffold_10;scaffold_10;scaffold_10;scaffold_10;scaffold_10;scaffold_10;scaffold_10;scaffold_10;scaffold_10;scaffold_10;scaffold_10;scaffold_10;scaffold_10;scaffold_10;scaffold_10;scaffold_10;scaffold_10;scaffold_10;scaffold_10;scaffold_10;scaffold_10;scaffold_10;scaffold_10;scaffold_10;scaffold_10;scaffold_10;scaffold_10;scaffold_10;scaffold_10;scaffold_10;scaffold_10;scaffold_10;scaffold_10;scaffold_10;scaffold_10;scaffold_10;scaffold_10;scaffold_10;scaffold_10;scaffold_10;scaffold_10;scaffold_10;scaffold_10;scaffold_10;scaffold_10;scaffold_10;scaffold_10;scaffold_10;scaffold_10;scaffold_10;scaffold_10;scaffold_10;scaffold_10;scaffold_10;scaffold_10;scaffold_10;scaffold_10;scaffold_10;scaffold_10;scaffold_10;scaffold_10;scaffold_10;scaffold_10;scaffold_10;scaffold_10;scaffold_10;scaffold_10;scaffold_10;scaffold_10;scaffold_10;scaffold_10;scaffold_10;scaffold_10;scaffold_10;scaffold_10;scaffold_10;scaffold_10;scaffold_10;scaffold_10;scaffold_10;scaffold_10;scaffold_10;scaffold_10;scaffold_10;scaffold_10;scaffold_10;scaffold_10;scaffold_10;scaffold_10;scaffold_10;scaffold_10;scaffold_10;scaffold_10	26612750;26612750;26612750;26612750;26612750;26614499;26614499;26614499;26614499;26614499;26615284;26615284;26615284;26615284;26615284;26615774;26615774;26615774;26615774;26615774;26616560;26616560;26616560;26616560;26616560;26616814;26616814;26616814;26616814;26616814;26617422;26617422;26617422;26617422;26617422;26617612;26617612;26617612;26617612;26617612;26620326;26620326;26620326;26620326;26620326;26621598;26621598;26621598;26621598;26621598;26624354;26624354;26624354;26624354;26624354;26627246;26627246;26627246;26627246;26627246;26628810;26628810;26628810;26628810;26628810;26631222;26631222;26631222;26631222;26631222;26637841;26637841;26637853;26637853;26637856;26639808;26639808;26639808;26639808;26639808;26641406;26641406;26641406;26641406;26641406;26652940;26652940;26652940;26652940;26652940;26658604;26658604;26658604;26658604;26658604;26661702;26661702;26661702;26661702;26661702;26663924;26663924;26663927;26663927;26663927;26664630;26664630;26664630;26664630;26664630;26669569;26669569;26669569;26669569;26669569;26672211;26672211;26672211;26672211;26672211;26677594;26677594;26677594;26677594;26677594;26678683;26678683;26678683;26678683;26678683;26680497;26680497;26680497;26680497;26680497;26681504;26681504;26681504;26681504;26681504;26682163;26682163;26682163;26682163;26682163;26684201;26684201;26684201;26684201;26684201;26684581;26684581;26684581;26684581;26684581;26685616;26685616;26685616;26685616;26685616;26687408;26687408;26687408;26687408;26687408	26613010;26613010;26613010;26613010;26613010;26614738;26614738;26614738;26614738;26614738;26615589;26615589;26615589;26615589;26615589;26616045;26616045;26616045;26616045;26616045;26616735;26616735;26616735;26616735;26616735;26617073;26617073;26617073;26617073;26617073;26617523;26617523;26617523;26617523;26617523;26619198;26619198;26619198;26619198;26619198;26620575;26620575;26620575;26620575;26620575;26621927;26621927;26621927;26621927;26621927;26626561;26626561;26626561;26626561;26626561;26627983;26627983;26627983;26627983;26627983;26629072;26629072;26629072;26629072;26629072;26631552;26631552;26631552;26631552;26631552;26637997;26637997;26637997;26637997;26637997;26640295;26640295;26640295;26640295;26640295;26641471;26641471;26641471;26641471;26641471;26653252;26653252;26653252;26653252;26653252;26658895;26658895;26658895;26658895;26658895;26662032;26662032;26662032;26662032;26662032;26664136;26664136;26664136;26664136;26664136;26664850;26664850;26664850;26664850;26664850;26669998;26669998;26669998;26669998;26669998;26673025;26673025;26673025;26673025;26673025;26677927;26677927;26677927;26677927;26677927;26678816;26678816;26678816;26678816;26678816;26680853;26680853;26680853;26680853;26680853;26681834;26681834;26681834;26681834;26681834;26682351;26682351;26682351;26682351;26682351;26684522;26684522;26684522;26684522;26684522;26684746;26684746;26684746;26684746;26684746;26685806;26685806;26685806;26685806;26685806;26687510;26687510;26687510;26687510;26687510	+;+;+;+;+;+;+;+;+;+;+;+;+;+;+;+;+;+;+;+;+;+;+;+;+;+;+;+;+;+;+;+;+;+;+;+;+;+;+;+;+;+;+;+;+;+;+;+;+;+;+;+;+;+;+;+;+;+;+;+;+;+;+;+;+;+;+;+;+;+;+;+;+;+;+;+;+;+;+;+;+;+;+;+;+;+;+;+;+;+;+;+;+;+;+;+;+;+;+;+;+;+;+;+;+;+;+;+;+;+;+;+;+;+;+;+;+;+;+;+;+;+;+;+;+;+;+;+;+;+;+;+;+;+;+;+;+;+;+;+;+;+;+;+;+;+;+;+;+;+;+;+;+;+;+;+;+;+;+;+;+;+;+;+;+	12777	3741	1606	2459	1321	1560	4651	3322	1804	2142	1088	1516	1948	2275	2529	1759	3041	4976	797	1624	1254	470	570	1566	1523	5823	6916	9225	1168	10545	5228	6463	6959	4820	4846	6273	1266	824	1598	4169	1234	1778	1786	2145	2956	1203	1141	2397	1256	3754	3495	1921	1476	3589	3090	1479	838	650	1109	1158	1042	1068	1560	2079	2055	1580	1461	612	6897	782	1403	5266	1833	3679	3942	1652	1038	12087	3921	5756	10089	3809	6224
gene-318475	scaffold_10;scaffold_10;scaffold_10;scaffold_10;scaffold_10;scaffold_10;scaffold_10;scaffold_10;scaffold_10;scaffold_10;scaffold_10;scaffold_10;scaffold_10;scaffold_10;scaffold_10;scaffold_10;scaffold_10;scaffold_10;scaffold_10;scaffold_10;scaffold_10;scaffold_10;scaffold_10;scaffold_10;scaffold_10;scaffold_10;scaffold_10;scaffold_10;scaffold_10;scaffold_10;scaffold_10;scaffold_10;scaffold_10;scaffold_10;scaffold_10;scaffold_10;scaffold_10;scaffold_10;scaffold_10;scaffold_10;scaffold_10;scaffold_10;scaffold_10;scaffold_10;scaffold_10;scaffold_10;scaffold_10;scaffold_10;scaffold_10;scaffold_10;scaffold_10;scaffold_10;scaffold_10;scaffold_10;scaffold_10;scaffold_10;scaffold_10;scaffold_10;scaffold_10;scaffold_10;scaffold_10;scaffold_10;scaffold_10;scaffold_10;scaffold_10;scaffold_10;scaffold_10;scaffold_10;scaffold_10;scaffold_10;scaffold_10;scaffold_10;scaffold_10;scaffold_10;scaffold_10;scaffold_10;scaffold_10;scaffold_10;scaffold_10;scaffold_10;scaffold_10;scaffold_10;scaffold_10;scaffold_10;scaffold_10;scaffold_10;scaffold_10;scaffold_10;scaffold_10;scaffold_10;scaffold_10;scaffold_10;scaffold_10;scaffold_10;scaffold_10;scaffold_10;scaffold_10;scaffold_10;scaffold_10;scaffold_10;scaffold_10;scaffold_10;scaffold_10;scaffold_10;scaffold_10;scaffold_10;scaffold_10;scaffold_10;scaffold_10;scaffold_10;scaffold_10;scaffold_10;scaffold_10;scaffold_10;scaffold_10;scaffold_10;scaffold_10;scaffold_10;scaffold_10;scaffold_10;scaffold_10;scaffold_10;scaffold_10;scaffold_10;scaffold_10;scaffold_10;scaffold_10;scaffold_10;scaffold_10;scaffold_10;scaffold_10;scaffold_10;scaffold_10;scaffold_10;scaffold_10;scaffold_10;scaffold_10;scaffold_10;scaffold_10;scaffold_10;scaffold_10;scaffold_10;scaffold_10;scaffold_10;scaffold_10;scaffold_10;scaffold_10;scaffold_10;scaffold_10;scaffold_10;scaffold_10;scaffold_10;scaffold_10;scaffold_10;scaffold_10;scaffold_10;scaffold_10;scaffold_10;scaffold_10;scaffold_10;scaffold_10;scaffold_10;scaffold_10;scaffold_10;scaffold_10;scaffold_10;scaffold_10;scaffold_10;scaffold_10;scaffold_10;scaffold_10;scaffold_10;scaffold_10;scaffold_10;scaffold_10;scaffold_10;scaffold_10;scaffold_10;scaffold_10;scaffold_10;scaffold_10;scaffold_10;scaffold_10;scaffold_10;scaffold_10;scaffold_10;scaffold_10;scaffold_10;scaffold_10;scaffold_10;scaffold_10;scaffold_10;scaffold_10;scaffold_10;scaffold_10;scaffold_10;scaffold_10;scaffold_10;scaffold_10;scaffold_10;scaffold_10;scaffold_10;scaffold_10;scaffold_10;scaffold_10;scaffold_10;scaffold_10;scaffold_10;scaffold_10;scaffold_10;scaffold_10;scaffold_10;scaffold_10;scaffold_10;scaffold_10;scaffold_10;scaffold_10;scaffold_10;scaffold_10;scaffold_10;scaffold_10;scaffold_10;scaffold_10;scaffold_10;scaffold_10;scaffold_10;scaffold_10;scaffold_10;scaffold_10;scaffold_10;scaffold_10;scaffold_10;scaffold_10;scaffold_10;scaffold_10;scaffold_10;scaffold_10;scaffold_10;scaffold_10;scaffold_10;scaffold_10;scaffold_10;scaffold_10;scaffold_10;scaffold_10;scaffold_10;scaffold_10;scaffold_10;scaffold_10;scaffold_10;scaffold_10;scaffold_10;scaffold_10;scaffold_10;scaffold_10;scaffold_10;scaffold_10;scaffold_10;scaffold_10;scaffold_10;scaffold_10;scaffold_10;scaffold_10;scaffold_10;scaffold_10;scaffold_10;scaffold_10;scaffold_10;scaffold_10;scaffold_10;scaffold_10;scaffold_10;scaffold_10;scaffold_10;scaffold_10;scaffold_10;scaffold_10;scaffold_10;scaffold_10;scaffold_10;scaffold_10;scaffold_10;scaffold_10;scaffold_10;scaffold_10;scaffold_10;scaffold_10;scaffold_10;scaffold_10;scaffold_10;scaffold_10;scaffold_10;scaffold_10;scaffold_10;scaffold_10;scaffold_10;scaffold_10;scaffold_10;scaffold_10;scaffold_10;scaffold_10;scaffold_10;scaffold_10;scaffold_10;scaffold_10;scaffold_10;scaffold_10;scaffold_10;scaffold_10;scaffold_10;scaffold_10;scaffold_10;scaffold_10;scaffold_10;scaffold_10;scaffold_10;scaffold_10;scaffold_10;scaffold_10;scaffold_10;scaffold_10;scaffold_10;scaffold_10;scaffold_10;scaffold_10;scaffold_10;scaffold_10;scaffold_10;scaffold_10;scaffold_10;scaffold_10;scaffold_10;scaffold_10;scaffold_10;scaffold_10;scaffold_10;scaffold_10;scaffold_10;scaffold_10;scaffold_10;scaffold_10;scaffold_10;scaffold_10;scaffold_10;scaffold_10;scaffold_10;scaffold_10;scaffold_10;scaffold_10;scaffold_10;scaffold_10;scaffold_10;scaffold_10;scaffold_10;scaffold_10;scaffold_10;scaffold_10;scaffold_10;scaffold_10;scaffold_10;scaffold_10;scaffold_10;scaffold_10;scaffold_10;scaffold_10;scaffold_10;scaffold_10;scaffold_10;scaffold_10;scaffold_10;scaffold_10;scaffold_10;scaffold_10;scaffold_10;scaffold_10;scaffold_10;scaffold_10;scaffold_10;scaffold_10;scaffold_10;scaffold_10;scaffold_10;scaffold_10;scaffold_10;scaffold_10;scaffold_10;scaffold_10;scaffold_10;scaffold_10;scaffold_10;scaffold_10;scaffold_10;scaffold_10;scaffold_10;scaffold_10;scaffold_10;scaffold_10;scaffold_10;scaffold_10;scaffold_10;scaffold_10;scaffold_10;scaffold_10;scaffold_10;scaffold_10;scaffold_10;scaffold_10;scaffold_10;scaffold_10;scaffold_10;scaffold_10;scaffold_10;scaffold_10;scaffold_10;scaffold_10;scaffold_10;scaffold_10;scaffold_10;scaffold_10;scaffold_10;scaffold_10;scaffold_10;scaffold_10;scaffold_10;scaffold_10;scaffold_10;scaffold_10;scaffold_10;scaffold_10;scaffold_10;scaffold_10;scaffold_10;scaffold_10;scaffold_10;scaffold_10;scaffold_10;scaffold_10;scaffold_10;scaffold_10;scaffold_10;scaffold_10;scaffold_10;scaffold_10;scaffold_10;scaffold_10;scaffold_10;scaffold_10;scaffold_10;scaffold_10;scaffold_10;scaffold_10;scaffold_10;scaffold_10;scaffold_10;scaffold_10;scaffold_10;scaffold_10;scaffold_10;scaffold_10;scaffold_10;scaffold_10;scaffold_10;scaffold_10;scaffold_10;scaffold_10;scaffold_10;scaffold_10;scaffold_10;scaffold_10;scaffold_10;scaffold_10;scaffold_10;scaffold_10;scaffold_10;scaffold_10;scaffold_10;scaffold_10;scaffold_10;scaffold_10;scaffold_10;scaffold_10;scaffold_10;scaffold_10;scaffold_10;scaffold_10;scaffold_10;scaffold_10;scaffold_10;scaffold_10;scaffold_10;scaffold_10;scaffold_10;scaffold_10;scaffold_10;scaffold_10;scaffold_10;scaffold_10;scaffold_10;scaffold_10;scaffold_10;scaffold_10;scaffold_10;scaffold_10;scaffold_10;scaffold_10;scaffold_10;scaffold_10;scaffold_10;scaffold_10;scaffold_10;scaffold_10;scaffold_10;scaffold_10;scaffold_10;scaffold_10;scaffold_10;scaffold_10;scaffold_10;scaffold_10;scaffold_10;scaffold_10;scaffold_10;scaffold_10;scaffold_10;scaffold_10;scaffold_10;scaffold_10;scaffold_10;scaffold_10;scaffold_10;scaffold_10;scaffold_10;scaffold_10;scaffold_10;scaffold_10;scaffold_10;scaffold_10;scaffold_10;scaffold_10;scaffold_10;scaffold_10;scaffold_10;scaffold_10;scaffold_10;scaffold_10;scaffold_10;scaffold_10;scaffold_10;scaffold_10;scaffold_10;scaffold_10;scaffold_10;scaffold_10;scaffold_10;scaffold_10;scaffold_10;scaffold_10;scaffold_10;scaffold_10;scaffold_10;scaffold_10;scaffold_10;scaffold_10;scaffold_10;scaffold_10;scaffold_10;scaffold_10;scaffold_10;scaffold_10;scaffold_10;scaffold_10;scaffold_10;scaffold_10;scaffold_10;scaffold_10;scaffold_10;scaffold_10;scaffold_10;scaffold_10;scaffold_10;scaffold_10	26767828;26767828;26767828;26767828;26767828;26767828;26767828;26767828;26768603;26768603;26768603;26768603;26768603;26768603;26768603;26768603;26769629;26769629;26769629;26769629;26769629;26769629;26769629;26769629;26773413;26773413;26773413;26773413;26773413;26773413;26773413;26773413;26776207;26776207;26776207;26779421;26779421;26779421;26783989;26783989;26783989;26786057;26786057;26786057;26786057;26786057;26786057;26786057;26786057;26786616;26786616;26786616;26786616;26786616;26786616;26786616;26786616;26787605;26787605;26787605;26787605;26787605;26787605;26787605;26787605;26788007;26788007;26788007;26788007;26788007;26788007;26788007;26788007;26788865;26788865;26788865;26788865;26788865;26788865;26788865;26788865;26789146;26789146;26789146;26789146;26789146;26789146;26789146;26789146;26789418;26789418;26789418;26789418;26789418;26789418;26789418;26789418;26791456;26791456;26791456;26791456;26791456;26791456;26791456;26791456;26792038;26792038;26792038;26792038;26792038;26792038;26792038;26794493;26794493;26794493;26794493;26794493;26794493;26794493;26794493;26795581;26795581;26795581;26795581;26795581;26801170;26801170;26801170;26801170;26801170;26801170;26801170;26801170;26804740;26804740;26804740;26804740;26804740;26804740;26804740;26804740;26807216;26807216;26807216;26807216;26812463;26812463;26812463;26815959;26818160;26818160;26818160;26818160;26818160;26818160;26818160;26818160;26818641;26818641;26818641;26818641;26818641;26818641;26818641;26818641;26820115;26820115;26820115;26820115;26820115;26820115;26820115;26820115;26820406;26820406;26820406;26820406;26820406;26820406;26820406;26820406;26827895;26827895;26827895;26827895;26827895;26827895;26827895;26827895;26833781;26833781;26833781;26833781;26833781;26833781;26833781;26833781;26836885;26836885;26836885;26836885;26836885;26836885;26836885;26836885;26845851;26845851;26845851;26845851;26845851;26845851;26845851;26845851;26850402;26850402;26850402;26850402;26850402;26850402;26850402;26850402;26853667;26853667;26853667;26853667;26853667;26853667;26853667;26853667;26856102;26856102;26856102;26856102;26856102;26856102;26856102;26856102;26857022;26857022;26857022;26857022;26857022;26857022;26857022;26857022;26863973;26863973;26863973;26863973;26863973;26863973;26863973;26863973;26864586;26864586;26864586;26864586;26864586;26864586;26864586;26864586;26869201;26869201;26869201;26869201;26869201;26869201;26869201;26869201;26871707;26871707;26871707;26871707;26871707;26871707;26871707;26871707;26874021;26874021;26874021;26874021;26874021;26874021;26874021;26874021;26874466;26874466;26874466;26874466;26874466;26874466;26874466;26874466;26875856;26875856;26875856;26875856;26875856;26875856;26875856;26875856;26878723;26878723;26878723;26878723;26878723;26878723;26878723;26878723;26883493;26883493;26883493;26883493;26883493;26883493;26883493;26883493;26886044;26886044;26886044;26886044;26886044;26886044;26886044;26886044;26887778;26887778;26887778;26887778;26887778;26887778;26887778;26887778;26888953;26888953;26888953;26888953;26888953;26888953;26888953;26888953;26892442;26892442;26892442;26892442;26892442;26892442;26892442;26892442;26893013;26893013;26893013;26893013;26893013;26893013;26893013;26893013;26896166;26896166;26896166;26896166;26896166;26896166;26896166;26896166;26898771;26898771;26898771;26898771;26898771;26898771;26898771;26898771;26901212;26901212;26901212;26901212;26901212;26901212;26901212;26901212;26903534;26903534;26903534;26903534;26903534;26903534;26903534;26903534;26905821;26905821;26905821;26905821;26905821;26905821;26905821;26905821;26909177;26909177;26909177;26909177;26909177;26909177;26909177;26909177;26912403;26912403;26912403;26912403;26912403;26912403;26912403;26912403;26914439;26914439;26914439;26914439;26914439;26914439;26914439;26914439;26916073;26916073;26916073;26916073;26916073;26916073;26916073;26916073;26918114;26918114;26918114;26918114;26918114;26918114;26918114;26918114;26920953;26920953;26920953;26920953;26920953;26920953;26920953;26920953;26921247;26921247;26921247;26921247;26921247;26921247;26921247;26921247;26921883;26921883;26921883;26921883;26921883;26921883;26921883;26921883;26922818;26922818;26922818;26922818;26922818;26922818;26922818;26922818;26924137;26924137;26924137;26924137;26924137;26924137;26924137;26924137;26925090;26925090;26925090;26925090;26925090;26925090;26925090;26925090;26927003;26927003;26927003;26927003;26927003;26927003;26927003;26927003;26929926;26929926;26929926;26929926;26929926;26929926;26929926;26929926;26932121;26932121;26932121;26932121;26932121;26932121;26932121;26932121;26933514;26933514;26933514;26933514;26933514;26933514;26933514;26933514;26936316;26936316;26936316;26936316;26936316;26936316;26936316;26936316;26938650;26938650;26938650;26938650;26938650;26938650;26938650;26938650;26939013;26939013;26939013;26939013;26939013;26939013;26939013;26939013;26940795;26940795;26940795;26940795;26940795;26940795;26940795;26940795;26943597;26943597;26943597;26943597;26943597;26943597;26943597;26943597;26948112;26948112;26948112;26948112;26948112;26948112;26948112;26948112;26948524;26948524;26948524;26948524;26948524;26948524;26948524;26948524;26951011;26951011;26951011;26951011;26951011;26951011;26951011;26951011	26768140;26768140;26768140;26768140;26768140;26768140;26768140;26768140;26768624;26768624;26768624;26768624;26768624;26768624;26768624;26768624;26769791;26769791;26769791;26769791;26769791;26769791;26769791;26769791;26773554;26773554;26773554;26773554;26773554;26773554;26773554;26773554;26776345;26776345;26776345;26779624;26779624;26779624;26784290;26784290;26784290;26786280;26786280;26786280;26786280;26786280;26786280;26786280;26786280;26787194;26787194;26787194;26787194;26787194;26787194;26787194;26787194;26787784;26787784;26787784;26787784;26787784;26787784;26787784;26787784;26788480;26788480;26788480;26788480;26788480;26788480;26788480;26788480;26788921;26788921;26788921;26788921;26788921;26788921;26788921;26788921;26789196;26789196;26789196;26789196;26789196;26789196;26789196;26789196;26789576;26789576;26789576;26789576;26789576;26789576;26789576;26789576;26791500;26791500;26791500;26791500;26791500;26791500;26791500;26791500;26792340;26792340;26792340;26792340;26792340;26792340;26792340;26794528;26794528;26794528;26794528;26794528;26794528;26794528;26794528;26795718;26795718;26795718;26795718;26795718;26801340;26801340;26801340;26801340;26801340;26801340;26801340;26801340;26804988;26804988;26804988;26804988;26804988;26804988;26804988;26804988;26807260;26807260;26807260;26807260;26812501;26812501;26812501;26816006;26818310;26818310;26818310;26818310;26818310;26818310;26818310;26818310;26818705;26818705;26818705;26818705;26818705;26818705;26818705;26818705;26820286;26820286;26820286;26820286;26820286;26820286;26820286;26820286;26820542;26820542;26820542;26820542;26820542;26820542;26820542;26820542;26828020;26828020;26828020;26828020;26828020;26828020;26828020;26828020;26834831;26834831;26834831;26834831;26834831;26834831;26834831;26834831;26837232;26837232;26837232;26837232;26837232;26837232;26837232;26837232;26846018;26846018;26846018;26846018;26846018;26846018;26846018;26846018;26851601;26851601;26851601;26851601;26851601;26851601;26851601;26851601;26854275;26854275;26854275;26854275;26854275;26854275;26854275;26854275;26856404;26856404;26856404;26856404;26856404;26856404;26856404;26856404;26857303;26857303;26857303;26857303;26857303;26857303;26857303;26857303;26864439;26864439;26864439;26864439;26864439;26864439;26864439;26864439;26864721;26864721;26864721;26864721;26864721;26864721;26864721;26864721;26870088;26870088;26870088;26870088;26870088;26870088;26870088;26870088;26872288;26872288;26872288;26872288;26872288;26872288;26872288;26872288;26874323;26874323;26874323;26874323;26874323;26874323;26874323;26874323;26874659;26874659;26874659;26874659;26874659;26874659;26874659;26874659;26876759;26876759;26876759;26876759;26876759;26876759;26876759;26876759;26879091;26879091;26879091;26879091;26879091;26879091;26879091;26879091;26883795;26883795;26883795;26883795;26883795;26883795;26883795;26883795;26886325;26886325;26886325;26886325;26886325;26886325;26886325;26886325;26888083;26888083;26888083;26888083;26888083;26888083;26888083;26888083;26889255;26889255;26889255;26889255;26889255;26889255;26889255;26889255;26892900;26892900;26892900;26892900;26892900;26892900;26892900;26892900;26893240;26893240;26893240;26893240;26893240;26893240;26893240;26893240;26896437;26896437;26896437;26896437;26896437;26896437;26896437;26896437;26899084;26899084;26899084;26899084;26899084;26899084;26899084;26899084;26901711;26901711;26901711;26901711;26901711;26901711;26901711;26901711;26904092;26904092;26904092;26904092;26904092;26904092;26904092;26904092;26906584;26906584;26906584;26906584;26906584;26906584;26906584;26906584;26909620;26909620;26909620;26909620;26909620;26909620;26909620;26909620;26912684;26912684;26912684;26912684;26912684;26912684;26912684;26912684;26914544;26914544;26914544;26914544;26914544;26914544;26914544;26914544;26916278;26916278;26916278;26916278;26916278;26916278;26916278;26916278;26918416;26918416;26918416;26918416;26918416;26918416;26918416;26918416;26921110;26921110;26921110;26921110;26921110;26921110;26921110;26921110;26921625;26921625;26921625;26921625;26921625;26921625;26921625;26921625;26922179;26922179;26922179;26922179;26922179;26922179;26922179;26922179;26923947;26923947;26923947;26923947;26923947;26923947;26923947;26923947;26924926;26924926;26924926;26924926;26924926;26924926;26924926;26924926;26925592;26925592;26925592;26925592;26925592;26925592;26925592;26925592;26927303;26927303;26927303;26927303;26927303;26927303;26927303;26927303;26930612;26930612;26930612;26930612;26930612;26930612;26930612;26930612;26932603;26932603;26932603;26932603;26932603;26932603;26932603;26932603;26934312;26934312;26934312;26934312;26934312;26934312;26934312;26934312;26936990;26936990;26936990;26936990;26936990;26936990;26936990;26936990;26938876;26938876;26938876;26938876;26938876;26938876;26938876;26938876;26939303;26939303;26939303;26939303;26939303;26939303;26939303;26939303;26940996;26940996;26940996;26940996;26940996;26940996;26940996;26940996;26944081;26944081;26944081;26944081;26944081;26944081;26944081;26944081;26948411;26948411;26948411;26948411;26948411;26948411;26948411;26948411;26948900;26948900;26948900;26948900;26948900;26948900;26948900;26948900;26951268;26951268;26951268;26951268;26951268;26951268;26951268;26951268	+;+;+;+;+;+;+;+;+;+;+;+;+;+;+;+;+;+;+;+;+;+;+;+;+;+;+;+;+;+;+;+;+;+;+;+;+;+;+;+;+;+;+;+;+;+;+;+;+;+;+;+;+;+;+;+;+;+;+;+;+;+;+;+;+;+;+;+;+;+;+;+;+;+;+;+;+;+;+;+;+;+;+;+;+;+;+;+;+;+;+;+;+;+;+;+;+;+;+;+;+;+;+;+;+;+;+;+;+;+;+;+;+;+;+;+;+;+;+;+;+;+;+;+;+;+;+;+;+;+;+;+;+;+;+;+;+;+;+;+;+;+;+;+;+;+;+;+;+;+;+;+;+;+;+;+;+;+;+;+;+;+;+;+;+;+;+;+;+;+;+;+;+;+;+;+;+;+;+;+;+;+;+;+;+;+;+;+;+;+;+;+;+;+;+;+;+;+;+;+;+;+;+;+;+;+;+;+;+;+;+;+;+;+;+;+;+;+;+;+;+;+;+;+;+;+;+;+;+;+;+;+;+;+;+;+;+;+;+;+;+;+;+;+;+;+;+;+;+;+;+;+;+;+;+;+;+;+;+;+;+;+;+;+;+;+;+;+;+;+;+;+;+;+;+;+;+;+;+;+;+;+;+;+;+;+;+;+;+;+;+;+;+;+;+;+;+;+;+;+;+;+;+;+;+;+;+;+;+;+;+;+;+;+;+;+;+;+;+;+;+;+;+;+;+;+;+;+;+;+;+;+;+;+;+;+;+;+;+;+;+;+;+;+;+;+;+;+;+;+;+;+;+;+;+;+;+;+;+;+;+;+;+;+;+;+;+;+;+;+;+;+;+;+;+;+;+;+;+;+;+;+;+;+;+;+;+;+;+;+;+;+;+;+;+;+;+;+;+;+;+;+;+;+;+;+;+;+;+;+;+;+;+;+;+;+;+;+;+;+;+;+;+;+;+;+;+;+;+;+;+;+;+;+;+;+;+;+;+;+;+;+;+;+;+;+;+;+;+;+;+;+;+;+;+;+;+;+;+;+;+;+;+;+;+;+;+;+;+;+;+;+;+;+;+;+;+;+;+;+;+;+;+;+;+;+;+;+;+;+;+;+;+;+;+;+;+;+;+;+;+;+;+;+;+;+;+;+;+;+;+;+;+;+;+;+;+;+;+;+;+;+;+;+;+;+;+;+;+;+;+;+;+;+;+;+;+;+;+;+;+;+;+;+;+;+;+;+;+;+;+;+;+;+;+;+;+;+;+;+;+;+;+;+;+;+;+;+;+;+;+;+;+;+;+;+;+;+;+;+;+	26511	14059	7235	12195	6626	10582	33705	18048	7997	19006	5324	10483	7063	29396	5002	7352	9502	3807	2075	9335	4782	6806	1785	5788	7422	30820	23047	5085	6924	6092	3638	3971	3814	2668	3149	4011	7681	5025	6186	3842	5376	7053	4546	14647	18385	8165	7513	5961	5127	3120	21891	14087	13662	24089	9983	14906	2197	5937	8225	6456	10233	4497	3910	3696	8414	5199	9261	3841	3167	3684	872	2595	7385	14592	2014	12827	9619	6037	3182	4428	7854	12967	25868
gene-320235	scaffold_10;scaffold_10;scaffold_10;scaffold_10;scaffold_10;scaffold_10;scaffold_10;scaffold_10;scaffold_10;scaffold_10;scaffold_10;scaffold_10;scaffold_10;scaffold_10;scaffold_10;scaffold_10;scaffold_10;scaffold_10;scaffold_10;scaffold_10;scaffold_10;scaffold_10;scaffold_10;scaffold_10;scaffold_10;scaffold_10;scaffold_10;scaffold_10;scaffold_10;scaffold_10;scaffold_10;scaffold_10;scaffold_10;scaffold_10;scaffold_10;scaffold_10	26959869;26959869;26959869;26959869;26960284;26960284;26960284;26960284;26961691;26961691;26961691;26961691;26963132;26963132;26963132;26963132;26967646;26967646;26967646;26967646;26977394;26977394;26977394;26977394;26979129;26979129;26979129;26979129;26984101;26984101;26984101;26984101;26987459;26987459;26987459;26987459	26959985;26959985;26959985;26959985;26960416;26960416;26960416;26960416;26961980;26962025;26961980;26962025;26963272;26963272;26963272;26963272;26967924;26967924;26967924;26967924;26977658;26977661;26977658;26977661;26979448;26979448;26979448;26979448;26984381;26984381;26984381;26984381;26987537;26987537;26987537;26987537	-;-;-;-;-;-;-;-;-;-;-;-;-;-;-;-;-;-;-;-;-;-;-;-;-;-;-;-;-;-;-;-;-;-;-;-	1953	48	8	22	12	9	45	26	20	24	16	8	24	56	8	24	29	24	10	12	12	10	2	20	14	98	73	152	18	124	52	42	40	68	23	49	4	6	6	49	16	7	6	30	44	10	6	43	10	40	51	17	6	38	47	2	4	8	18	10	22	14	8	32	54	12	36	4	34	10	32	26	17	48	28	26	19	117	56	78	224	37	63
gene-320352	scaffold_10;scaffold_10;scaffold_10;scaffold_10;scaffold_10;scaffold_10	26996650;26996650;26998557;26998557;27004173;27005920	26996903;26996903;26998647;26998820;27004301;27006112	-;-;-;-;-;-	840	148	48	50	32	12	94	114	36	44	30	18	33	65	18	52	175	14	22	52	2	34	6	34	14	330	153	179	30	439	132	80	80	161	39	82	14	32	6	56	16	26	53	62	132	19	10	96	30	121	130	16	10	77	68	22	6	10	14	32	40	36	10	40	76	32	36	24	128	16	44	58	91	145	52	34	24	223	80	193	478	171	171
gene-320375	scaffold_10;scaffold_10;scaffold_10;scaffold_10;scaffold_10;scaffold_10;scaffold_10;scaffold_10	27026177;27026180;27027202;27027202;27028489;27028489;27030584;27031751	27026515;27026515;27027385;27027385;27028718;27028718;27030808;27031912	+;+;+;+;+;+;+;+	1140	213	211	229	54	204	458	211	115	194	34	124	102	78	169	87	135	237	18	127	60	30	30	111	71	284	359	135	68	248	116	166	188	85	164	126	44	41	54	94	55	117	84	107	254	85	57	116	26	34	167	156	117	198	127	72	59	21	187	83	44	50	106	98	89	57	82	46	157	40	16	173	95	101	177	34	24	252	23	97	95	48	110
gene-320404	scaffold_10;scaffold_10;scaffold_10;scaffold_10;scaffold_10;scaffold_10;scaffold_10;scaffold_10;scaffold_10;scaffold_10;scaffold_10;scaffold_10;scaffold_10;scaffold_10;scaffold_10;scaffold_10;scaffold_10;scaffold_10;scaffold_10;scaffold_10;scaffold_10	27039657;27039840;27043249;27046261;27048503;27051358;27054923;27056212;27057227;27059068;27060435;27061436;27062068;27067096;27069259;27070225;27072761;27073605;27075600;27077020;27078394	27039716;27039983;27043456;27046727;27048751;27052384;27055149;27056465;27058525;27059706;27060626;27061697;27062472;27067460;27069565;27071127;27073019;27073864;27075802;27077206;27078708	+;+;+;+;+;+;+;+;+;+;+;+;+;+;+;+;+;+;+;+;+	8232	273	128	138	79	94	209	225	139	131	73	72	143	220	129	176	354	217	66	137	95	52	16	138	95	814	715	1046	102	1708	542	682	485	659	285	606	37	88	63	427	46	73	140	174	214	54	30	193	92	285	303	62	34	221	219	77	28	48	47	74	75	92	46	219	175	69	112	58	819	12	158	402	158	341	358	69	75	1288	314	690	1815	555	739
gene-320470	scaffold_10;scaffold_10	27084123;27087410	27084166;27087905	+;+	540	811	398	618	378	728	2115	1044	567	981	282	761	674	1000	192	311	614	94	155	559	293	263	260	218	534	1060	724	164	330	1046	420	145	326	107	329	92	374	132	340	64	734	752	401	785	1703	608	983	557	345	724	1323	1064	989	1253	448	1238	161	269	791	275	700	179	305	87	375	557	400	219	244	364	139	337	292	368	53	884	479	356	104	192	156	138	205
gene-320479	scaffold_10;scaffold_10;scaffold_10;scaffold_10	27109683;27110408;27111927;27112794	27109851;27110719;27112236;27113073	+;+;+;+	1071	45677	20396	34561	28542	32107	84620	40240	34094	34081	17077	38765	31743	31177	27966	20615	45578	31737	8648	25554	29551	10234	22290	16510	31248	50909	61359	26127	28253	51720	19079	16771	22247	17171	21971	17425	33067	12188	15063	15309	32938	35109	30197	36777	72293	26247	38581	34681	21255	41413	47282	49341	37354	48769	32151	61392	25529	11360	41996	17031	24399	17030	23687	13777	22012	33867	29625	14966	21314	22140	9287	25909	19231	26403	9660	37670	17955	32721	17265	19321	24506	17508	33542
gene-320494	scaffold_10;scaffold_10;scaffold_10;scaffold_10;scaffold_10;scaffold_10;scaffold_10;scaffold_10;scaffold_10;scaffold_10;scaffold_10;scaffold_10;scaffold_10;scaffold_10	27124691;27124691;27127242;27127242;27128731;27128731;27129278;27129278;27130347;27130347;27132315;27132315;27133551;27133551	27125019;27125019;27127460;27127460;27129016;27129016;27129440;27129440;27130564;27130510;27132582;27132582;27133747;27133747	+;+;+;+;+;+;+;+;+;+;+;+;+;+	1680	867	152	568	321	402	1457	700	342	408	102	304	308	438	69	102	316	150	32	226	88	80	72	90	215	353	406	336	134	1346	435	419	687	176	619	214	193	22	68	104	278	468	282	524	1525	368	417	316	152	419	762	619	562	694	326	660	58	154	548	211	210	170	55	30	189	399	266	142	451	180	153	615	150	201	95	513	194	735	98	401	351	311	381
gene-320541	scaffold_10;scaffold_10;scaffold_10;scaffold_10;scaffold_10;scaffold_10;scaffold_10;scaffold_10	27136432;27136608;27137887;27138598;27139942;27141133;27142108;27143057	27136554;27136877;27138072;27138830;27140126;27141404;27142329;27143254	+;+;+;+;+;+;+;+	1689	5026	1941	3772	1600	1953	5869	3252	2322	1858	902	1597	2351	1202	2470	1141	3082	4390	845	2608	1416	297	1205	1518	2046	3025	4110	5602	1365	9166	4602	6192	6588	4289	6473	5061	1474	459	1402	3307	1533	2848	2870	2294	3876	1452	1636	3861	1103	3445	2887	2350	1927	2901	1815	2455	1332	554	1704	1052	935	1559	2332	1263	1232	2803	1353	1111	7621	1165	1867	6083	1730	1999	2997	1825	1171	10359	3071	4881	7318	3219	5496
gene-320568	scaffold_10;scaffold_10;scaffold_10;scaffold_10;scaffold_10;scaffold_10;scaffold_10	27144200;27144200;27144714;27144714;27144933;27144933;27146697	27144352;27144352;27144869;27144869;27145079;27145094;27146759	-;-;-;-;-;-;-	534	72	66	66	144	46	88	34	84	30	48	46	176	40	20	88	102	24	94	164	36	4	134	62	202	132	468	42	146	82	22	50	26	24	42	30	304	10	40	16	84	74	82	34	158	44	48	159	86	98	40	108	66	28	56	50	46	16	130	68	20	84	46	14	76	154	62	56	38	136	18	32	78	106	22	196	42	82	18	42	42	12	62
gene-320594	scaffold_10;scaffold_10;scaffold_10;scaffold_10;scaffold_10;scaffold_10;scaffold_10;scaffold_10;scaffold_10;scaffold_10;scaffold_10;scaffold_10;scaffold_10;scaffold_10;scaffold_10;scaffold_10	27149773;27150109;27155032;27155032;27155757;27155757;27156807;27156807;27157074;27157074;27157752;27157752;27158396;27158396;27160478;27160478	27150171;27150171;27155106;27155106;27155825;27155825;27157017;27157017;27157277;27157277;27158163;27158163;27158642;27158642;27160633;27160633	+;+;+;+;+;+;+;+;+;+;+;+;+;+;+;+	1773	5070	3127	4376	3628	2883	8408	4691	3800	3166	1885	2734	4562	2546	3905	2928	5801	5325	1603	3864	2919	1306	2224	1992	3733	6546	11716	7373	2774	19889	9135	7004	6306	3995	11997	6746	3691	1511	3320	3683	3074	4415	4616	2928	8073	2387	2783	5425	2698	4992	5574	4700	3456	3752	4620	4710	2762	1032	4872	2498	2787	2289	3584	1487	3142	4635	3254	1444	8317	2235	3546	11562	3106	5453	3494	4368	2353	14111	3715	7702	7446	3671	7734
gene-320647	scaffold_10;scaffold_10;scaffold_10;scaffold_10;scaffold_10;scaffold_10;scaffold_10;scaffold_10;scaffold_10;scaffold_10;scaffold_10;scaffold_10;scaffold_10;scaffold_10;scaffold_10;scaffold_10;scaffold_10;scaffold_10;scaffold_10;scaffold_10;scaffold_10;scaffold_10;scaffold_10;scaffold_10;scaffold_10;scaffold_10;scaffold_10;scaffold_10;scaffold_10;scaffold_10;scaffold_10;scaffold_10;scaffold_10;scaffold_10;scaffold_10;scaffold_10;scaffold_10;scaffold_10	27172874;27172874;27172874;27172874;27174423;27174423;27174423;27174423;27176154;27176154;27181313;27181313;27181313;27181313;27181919;27181919;27181919;27181919;27182084;27182084;27182084;27182084;27184457;27184457;27184457;27184457;27186666;27186666;27186666;27186666;27187822;27187822;27187822;27187822;27189651;27189651;27189651;27189651	27172993;27172993;27172993;27172993;27174538;27174538;27174538;27174538;27176228;27176228;27181563;27181563;27181563;27181563;27182022;27182022;27182022;27182022;27182184;27182169;27182169;27182184;27184523;27184523;27184523;27184523;27187016;27187016;27187016;27187016;27187890;27187890;27187890;27187890;27189695;27189695;27189695;27189695	-;-;-;-;-;-;-;-;-;-;-;-;-;-;-;-;-;-;-;-;-;-;-;-;-;-;-;-;-;-;-;-;-;-;-;-;-;-	1299	194	59	125	83	57	189	163	96	96	50	71	97	105	56	92	131	131	54	76	52	34	33	78	71	173	223	253	42	240	111	180	144	130	67	137	52	34	50	116	73	89	95	116	248	53	41	159	56	192	212	78	82	179	97	94	25	31	72	38	72	54	61	59	76	105	65	31	144	35	26	88	61	121	79	82	40	250	121	132	272	107	222
gene-320770	scaffold_10;scaffold_10;scaffold_10	27201751;27201891;27202932	27201835;27202212;27203118	+;+;+	594	1599	863	2068	920	928	2360	1011	1632	851	428	924	1337	392	1913	524	1195	2138	756	1065	1393	336	1325	1089	1098	1014	1905	1934	740	2937	1755	2164	3198	1972	3410	2722	1008	256	1000	1696	1010	1527	1289	898	1905	871	1368	2229	667	1394	1156	1475	1589	800	939	1239	1582	456	1086	654	650	1217	2028	918	570	1734	737	645	3280	941	697	2812	854	1222	1468	1251	859	4304	1436	2153	1891	1071	2609
gene-320782	scaffold_10;scaffold_10;scaffold_10;scaffold_10;scaffold_10;scaffold_10	27206027;27206222;27206438;27208667;27210134;27210965	27206093;27206273;27206496;27208823;27210341;27211255	+;+;+;+;+;+	834	1480	777	1186	781	750	2606	1354	687	1627	307	678	872	594	1350	452	1137	1671	206	792	698	143	462	735	513	1718	1218	1988	462	4662	2743	3791	3973	3186	3890	4019	366	223	571	1528	513	944	654	1163	1248	498	1112	1353	377	1109	977	1408	666	1198	773	837	404	253	477	441	348	507	858	525	735	889	447	260	4137	316	841	3190	569	738	1458	551	259	6886	1090	3333	2323	1147	1817
gene-320803	scaffold_10;scaffold_10	27211851;27214219	27211907;27214422	+;+	261	0	0	0	0	0	0	0	0	0	0	0	0	0	0	0	0	0	0	0	0	0	0	0	0	2	0	2	0	0	0	0	0	0	0	0	0	0	0	0	0	0	0	0	0	0	0	0	0	0	0	0	0	0	0	0	0	0	0	0	0	0	0	0	0	0	0	0	0	0	0	0	0	0	0	0	0	0	0	0	0	0	0
gene-320812	scaffold_10;scaffold_10	27220224;27222445	27220601;27222645	+;+	579	8395	5510	9842	6178	4510	10262	5763	6147	4416	2863	6098	7041	3506	6829	3583	8517	9019	5594	5704	3486	950	3597	2891	6044	6188	10468	12153	3427	25226	10394	7732	10302	5145	13293	5663	4428	1243	3893	5223	4684	7532	8123	6196	8967	4035	6218	11146	3927	11584	6593	6297	5310	7475	5562	5221	8020	2143	3400	2744	2212	5195	5872	2615	4463	8143	3645	2525	11890	4530	6768	15557	4454	7644	5219	4172	3311	14435	8568	7814	14477	4640	6823
gene-320821	scaffold_10;scaffold_10;scaffold_10	27224983;27226641;27226934	27225369;27226877;27227050	-;-;-	741	10835	3133	12010	3389	5275	18758	8594	4458	6547	1884	6126	4379	3213	2948	1643	4198	4594	2228	3110	2671	1473	2259	2247	3121	2870	4832	4479	1591	6515	3479	4057	4424	2690	5026	3591	2894	637	1939	2662	4803	8500	6345	6311	9015	4729	6344	8826	2830	5284	7613	7401	6983	11573	4127	5131	3767	2059	3712	2121	2710	3453	4042	1520	2227	6468	3042	1839	5207	2733	1529	4517	1807	3807	2406	3515	2769	6879	4140	3164	6741	2274	5352
gene-320833	scaffold_10;scaffold_10;scaffold_10;scaffold_10;scaffold_10	27230526;27230526;27231061;27231061;27232586	27230732;27230732;27231276;27231256;27232713	-;-;-;-;-	551	0	0	0	0	0	0	0	0	0	0	0	0	0	0	0	0	0	0	0	0	0	0	0	0	0	0	0	0	0	0	0	0	0	0	0	0	0	0	0	0	0	0	0	0	0	0	0	0	0	0	0	0	0	0	0	0	0	0	0	0	0	0	0	0	0	0	0	0	0	0	0	0	0	0	0	0	0	0	0	0	0	0
gene-320854	scaffold_10;scaffold_10;scaffold_10;scaffold_10;scaffold_10;scaffold_10;scaffold_10	27236182;27245516;27246504;27247582;27248952;27250393;27251715	27236310;27245714;27246831;27248062;27249308;27250659;27253616	+;+;+;+;+;+;+	3663	951	248	552	217	272	949	895	384	225	89	216	309	270	501	197	778	557	106	330	136	40	56	205	263	1454	1049	2247	176	2650	837	1367	1183	1166	730	1603	114	92	179	606	128	467	335	555	671	148	123	488	123	572	830	292	157	745	307	267	92	26	109	228	130	141	175	172	344	241	165	134	1999	99	214	1086	375	402	885	215	124	3081	417	1244	3270	1274	1599
gene-320878	scaffold_10;scaffold_10;scaffold_10;scaffold_10;scaffold_10;scaffold_10;scaffold_10;scaffold_10;scaffold_10;scaffold_10;scaffold_10;scaffold_10;scaffold_10;scaffold_10;scaffold_10;scaffold_10;scaffold_10;scaffold_10;scaffold_10;scaffold_10;scaffold_10;scaffold_10;scaffold_10;scaffold_10;scaffold_10;scaffold_10;scaffold_10;scaffold_10;scaffold_10;scaffold_10;scaffold_10	27259419;27259419;27260228;27260245;27260245;27261293;27261293;27261293;27262584;27262584;27262584;27263449;27263449;27263449;27264060;27264060;27264060;27264948;27264948;27265578;27265578;27265578;27266406;27266406;27266406;27266859;27266859;27266859;27267520;27267520;27267520	27259690;27259690;27260447;27260447;27260447;27262203;27262203;27262203;27263013;27263013;27263013;27263647;27263647;27263647;27264438;27264438;27264438;27265133;27265133;27265804;27265804;27265804;27266538;27266538;27266538;27267080;27267080;27267080;27267663;27267663;27267663	-;-;-;-;-;-;-;-;-;-;-;-;-;-;-;-;-;-;-;-;-;-;-;-;-;-;-;-;-;-;-	3323	103	52	47	28	26	72	94	58	32	20	23	53	47	19	40	173	25	20	36	19	6	2	24	18	272	200	108	37	328	100	82	54	96	20	63	20	14	14	42	8	32	67	30	78	12	0	70	34	116	96	18	4	47	58	23	2	4	24	30	20	31	14	39	74	31	20	6	149	13	40	44	71	92	52	30	18	179	30	96	324	66	89
gene-320978	scaffold_10;scaffold_10	27354922;27354922	27355959;27355887	-;-	1038	0	0	0	0	0	0	0	0	0	0	0	0	0	0	0	0	0	0	0	0	0	0	0	0	0	0	0	0	0	0	0	0	0	0	0	0	0	0	0	0	0	0	0	0	0	0	0	0	0	0	0	0	0	0	0	0	0	0	0	0	0	0	0	0	0	0	0	0	0	0	0	0	0	0	0	0	0	0	0	0	0	0
gene-320990	scaffold_10;scaffold_10;scaffold_10;scaffold_10;scaffold_10;scaffold_10	27447373;27448700;27449332;27449741;27450948;27451113	27447624;27448896;27449641;27449980;27451043;27451190	-;-;-;-;-;-	1173	1984	542	1048	446	278	1130	618	622	424	274	422	672	128	1448	514	998	766	480	1068	270	26	462	206	764	708	2576	704	778	1514	760	1258	1090	480	1130	420	776	202	626	604	442	702	1178	402	1140	426	324	1174	530	678	706	470	486	390	878	576	894	104	428	294	120	522	436	1256	390	754	432	326	1086	534	310	742	634	1442	260	782	548	1946	578	740	506	464	992
gene-321011	scaffold_10	27457426	27458091	-	666	0	0	0	0	0	0	0	0	0	0	0	0	0	0	0	0	0	0	0	0	0	0	0	0	0	0	0	0	0	0	0	0	0	0	0	0	0	0	0	0	0	0	0	0	0	0	0	0	0	0	0	0	0	0	0	0	0	0	0	0	0	0	0	0	0	0	0	0	0	0	0	0	0	0	0	0	0	0	0	0	0	0
gene-321017	scaffold_10;scaffold_10;scaffold_10;scaffold_10;scaffold_10;scaffold_10;scaffold_10;scaffold_10;scaffold_10;scaffold_10;scaffold_10;scaffold_10;scaffold_10;scaffold_10;scaffold_10;scaffold_10;scaffold_10;scaffold_10	27457426;27457426;27460725;27462678;27462678;27462678;27462925;27462925;27462925;27463305;27463305;27463305;27464711;27464711;27464711;27464928;27464928;27464928	27458129;27458129;27460996;27462738;27462738;27462738;27463092;27463089;27463092;27463388;27463388;27463388;27464848;27464848;27464848;27464981;27464981;27464981	-;-;-;-;-;-;-;-;-;-;-;-;-;-;-;-;-;-	1481	1065	321	601	283	183	518	426	457	199	212	130	613	64	436	305	888	423	286	470	66	16	55	62	460	482	1510	410	323	345	198	202	147	99	156	147	248	88	132	233	156	530	811	312	628	188	71	962	243	453	471	209	99	215	438	283	196	31	117	209	39	235	98	229	217	592	242	173	170	226	70	151	297	649	153	437	243	385	140	94	415	207	453
gene-321078	scaffold_10;scaffold_10;scaffold_10;scaffold_10;scaffold_10;scaffold_10;scaffold_10;scaffold_10	27466371;27466371;27471077;27471077;27473348;27473348;27486708;27510360	27467627;27467627;27471190;27471190;27473593;27473446;27486783;27510427	-;-;-;-;-;-;-;-	1761	3575	1446	3571	1121	2606	5453	3756	2136	2454	600	2386	1885	1869	923	582	1605	1092	593	893	864	153	398	837	801	2180	2669	1932	410	2688	853	1335	896	566	1543	877	436	364	464	756	1573	2064	2582	3733	4879	1710	1463	3628	1473	1292	3737	3396	2997	4763	1951	1851	715	574	3176	1247	1089	1210	1513	651	637	1638	1129	586	1337	636	407	1153	487	640	507	943	579	2627	1611	969	2676	1916	3781
gene-321107	scaffold_10;scaffold_10;scaffold_10;scaffold_10;scaffold_10;scaffold_10;scaffold_10;scaffold_10;scaffold_10;scaffold_10;scaffold_10;scaffold_10;scaffold_10;scaffold_10;scaffold_10;scaffold_10;scaffold_10;scaffold_10;scaffold_10;scaffold_10;scaffold_10	27523516;27523516;27523516;27524909;27524909;27524909;27525684;27525684;27525684;27527169;27527169;27527169;27528082;27528082;27528082;27536996;27537065;27537065;27539294;27539294;27540882	27523658;27523658;27523658;27525149;27525149;27525149;27525855;27525855;27525855;27527469;27527469;27527469;27528192;27528192;27528192;27537267;27537267;27537267;27539325;27539325;27540907	-;-;-;-;-;-;-;-;-;-;-;-;-;-;-;-;-;-;-;-;-	1298	2063	688	1464	828	507	2111	1462	1028	759	351	540	950	213	1418	710	1190	1058	556	679	456	90	405	390	851	1021	3953	1571	731	2173	969	1363	1195	728	2059	1111	891	164	247	400	708	1095	753	590	1349	321	396	1010	591	1105	651	968	695	752	1054	434	563	157	814	853	244	889	525	746	601	1061	561	305	1401	632	334	1142	789	1191	464	859	478	2667	825	1106	1282	749	1753
gene-321177	scaffold_10;scaffold_10;scaffold_10;scaffold_10;scaffold_10;scaffold_10;scaffold_10;scaffold_10;scaffold_10;scaffold_10;scaffold_10;scaffold_10;scaffold_10	27567278;27575936;27578199;27578913;27580256;27580764;27582075;27583466;27584110;27584655;27584967;27585591;27586424	27567445;27576050;27578286;27579103;27580362;27580897;27582182;27583713;27584432;27584896;27585251;27585859;27586764	+;+;+;+;+;+;+;+;+;+;+;+;+	2619	750	59	439	153	250	891	720	297	238	62	288	140	234	64	68	318	205	14	98	37	36	9	54	193	328	369	2317	77	2964	279	213	269	143	291	137	110	8	20	166	205	363	182	575	1056	133	117	205	135	870	328	518	162	361	310	288	41	51	285	143	108	90	39	34	61	260	203	38	428	119	336	294	112	133	147	239	70	579	1093	249	7417	562	529
gene-321219	scaffold_10;scaffold_10;scaffold_10;scaffold_10;scaffold_10;scaffold_10;scaffold_10;scaffold_10;scaffold_10;scaffold_10;scaffold_10;scaffold_10;scaffold_10;scaffold_10;scaffold_10;scaffold_10;scaffold_10;scaffold_10;scaffold_10;scaffold_10;scaffold_10;scaffold_10;scaffold_10;scaffold_10;scaffold_10;scaffold_10;scaffold_10;scaffold_10;scaffold_10;scaffold_10;scaffold_10;scaffold_10;scaffold_10;scaffold_10;scaffold_10;scaffold_10;scaffold_10;scaffold_10;scaffold_10;scaffold_10	27591445;27591445;27592121;27592121;27596591;27596612;27596612;27597140;27597140;27597140;27597691;27597691;27597691;27598123;27598123;27598123;27598453;27598453;27598453;27598821;27598821;27598821;27599253;27599253;27599253;27599822;27599822;27599822;27600303;27600303;27600303;27606281;27606281;27606281;27607318;27607318;27607318;27623239;27623239;27629516	27591663;27591663;27592639;27592639;27596843;27596843;27596843;27597388;27597388;27597388;27598015;27598015;27598015;27598335;27598335;27598335;27598723;27598723;27598723;27599096;27599096;27599096;27599474;27599474;27599474;27599950;27599950;27599950;27600524;27600524;27600524;27606446;27606446;27606446;27607501;27607501;27607501;27623314;27623314;27629585	-;-;-;-;-;-;-;-;-;-;-;-;-;-;-;-;-;-;-;-;-;-;-;-;-;-;-;-;-;-;-;-;-;-;-;-;-;-;-;-	3394	293	173	161	96	86	308	254	191	70	68	76	144	105	168	131	460	231	62	197	49	11	18	123	144	1173	460	956	51	2528	799	928	542	905	372	826	32	53	84	339	62	74	153	159	314	44	14	248	31	523	486	106	50	282	181	146	16	28	59	100	47	84	67	194	206	131	62	66	1300	23	244	691	262	169	412	88	72	2274	212	853	2345	459	1051
gene-321346	scaffold_10;scaffold_10;scaffold_10;scaffold_10;scaffold_10;scaffold_10	27638292;27638469;27638971;27640750;27641378;27641678	27638359;27638535;27639176;27640909;27641436;27641747	-;-;-;-;-;-	630	576	174	268	193	123	360	383	292	151	134	106	267	128	139	178	379	242	123	207	42	26	19	113	125	455	734	496	80	1053	212	189	147	203	105	205	69	72	50	158	69	241	342	201	405	97	71	446	111	454	310	118	76	264	311	103	53	36	75	97	42	123	76	156	150	260	92	99	367	70	76	237	122	296	171	129	80	535	253	246	1530	292	463
gene-321367	scaffold_10;scaffold_10;scaffold_10;scaffold_10;scaffold_10;scaffold_10;scaffold_10;scaffold_10;scaffold_10;scaffold_10;scaffold_10;scaffold_10;scaffold_10;scaffold_10;scaffold_10;scaffold_10;scaffold_10;scaffold_10;scaffold_10;scaffold_10;scaffold_10;scaffold_10;scaffold_10;scaffold_10;scaffold_10;scaffold_10	27646585;27646585;27647069;27647069;27648129;27648129;27648954;27648954;27649909;27649909;27650202;27650202;27650799;27650799;27651260;27651260;27654479;27654479;27661400;27661400;27662769;27662769;27671449;27671449;27684174;27684231	27646790;27646790;27647289;27647289;27648551;27648551;27649200;27649200;27650033;27650033;27650349;27650349;27651099;27651099;27651381;27651381;27654641;27654641;27661489;27661489;27662842;27662842;27671687;27671687;27684343;27684343	-;-;-;-;-;-;-;-;-;-;-;-;-;-;-;-;-;-;-;-;-;-;-;-;-;-	2529	34	8	6	6	19	24	37	18	6	6	8	15	20	3	14	44	10	2	16	2	2	2	16	2	124	36	126	2	216	73	108	56	140	47	98	0	8	6	41	2	4	8	21	18	10	0	26	6	113	36	6	6	20	23	8	4	6	8	24	2	2	0	22	23	10	0	2	128	2	22	73	36	18	58	2	2	302	14	116	235	53	159
gene-321450	scaffold_10;scaffold_10;scaffold_10;scaffold_10;scaffold_10;scaffold_10;scaffold_10;scaffold_10;scaffold_10;scaffold_10;scaffold_10;scaffold_10;scaffold_10;scaffold_10;scaffold_10;scaffold_10;scaffold_10;scaffold_10;scaffold_10	27891567;27897689;27907702;27910250;27935905;27944512;27946458;27948227;27950809;27951682;27955598;27957716;27967979;28002848;28101598;28103280;28104978;28107479;28128199	27891822;27897975;27907912;27910413;27936089;27944617;27946757;27948368;27951026;27951889;27955977;27958021;27968110;28003048;28101722;28103478;28105127;28107708;28128214	-;-;-;-;-;-;-;-;-;-;-;-;-;-;-;-;-;-;-	3816	1190	282	472	217	335	1121	754	358	411	158	188	353	402	234	263	550	406	74	283	131	88	62	167	256	960	779	760	225	1490	575	565	469	455	414	545	202	107	212	509	156	340	292	281	646	188	161	418	192	750	721	341	275	553	369	283	95	120	324	232	234	195	167	288	319	290	340	90	554	107	190	507	270	511	361	360	192	1010	599	492	2832	435	935
gene-321510	scaffold_10;scaffold_10;scaffold_10;scaffold_10;scaffold_10;scaffold_10;scaffold_10;scaffold_10;scaffold_10;scaffold_10;scaffold_10	28139724;28140731;28141005;28141466;28141986;28142212;28142810;28143316;28143872;28144073;28144202	28140128;28140944;28141183;28141606;28142159;28142393;28143141;28143539;28144020;28144146;28144215	-;-;-;-;-;-;-;-;-;-;-	2088	1439	307	575	288	320	908	868	433	239	204	234	516	339	143	228	834	139	98	356	89	44	32	132	299	887	1038	626	231	1238	275	423	253	387	339	428	181	104	92	164	239	627	679	458	834	191	66	810	236	553	957	291	179	831	647	340	92	48	209	279	72	209	75	158	188	414	236	167	683	157	112	354	312	451	260	334	162	969	210	412	1771	489	806
gene-321546	scaffold_10;scaffold_10;scaffold_10;scaffold_10;scaffold_10;scaffold_10;scaffold_10;scaffold_10;scaffold_10;scaffold_10;scaffold_10;scaffold_10	28146962;28146962;28158245;28158245;28159655;28159655;28161019;28161034;28161537;28161537;28161967;28161967	28147082;28147082;28158361;28158361;28159872;28159872;28161148;28161148;28161790;28161790;28162143;28162143	+;+;+;+;+;+;+;+;+;+;+;+	1017	1192	423	338	295	489	1373	962	348	245	177	323	397	411	1108	364	926	1174	84	583	394	105	207	545	297	1771	964	3779	210	3789	1849	3363	2879	2834	2459	3785	156	144	561	1378	316	535	360	646	728	303	334	616	112	423	940	666	471	991	403	714	268	99	365	249	327	223	650	413	574	344	316	190	4423	193	866	2161	859	495	1539	262	156	5986	2835	2941	10908	6265	4634
gene-321587	scaffold_10;scaffold_10;scaffold_10;scaffold_10;scaffold_10;scaffold_10;scaffold_10;scaffold_10;scaffold_10;scaffold_10;scaffold_10;scaffold_10;scaffold_10	28166110;28168080;28168219;28168652;28174022;28174755;28175315;28175665;28175967;28176412;28178181;28182095;28184448	28166364;28168157;28168357;28168809;28174156;28174922;28175593;28175913;28176295;28176649;28180427;28182344;28184662	+;+;+;+;+;+;+;+;+;+;+;+;+	4740	70	82	34	43	71	80	165	64	165	88	98	46	344	32	158	78	31	41	44	44	112	4	136	13	448	217	508	54	406	319	341	274	339	147	255	32	72	50	293	42	28	26	116	46	72	10	72	77	75	164	58	32	172	104	16	4	102	29	32	166	80	8	218	162	14	107	46	96	12	108	47	104	483	121	52	82	267	340	426	224	277	134
gene-321629	scaffold_10;scaffold_10	28198512;28199708	28198745;28200529	-;-	1056	7808	3297	6162	3013	3346	10160	5937	4028	2808	1649	3152	4174	1923	4465	2752	5074	6722	2464	4085	2901	916	2103	2564	4180	6496	9777	9869	2343	10518	5511	6096	6309	3807	7630	5920	2360	1204	3840	4945	4088	4465	4245	3871	7351	2783	3423	5916	2098	6922	5042	4286	3738	5712	3848	4636	3019	1404	4925	2588	2543	2625	5034	2557	2723	4355	2729	1914	7157	2112	2140	7157	3252	5103	5102	3972	2179	10935	6376	5456	11293	7038	12970
gene-321638	scaffold_10;scaffold_10;scaffold_10;scaffold_10	28202119;28202244;28202918;28203678	28202178;28202534;28203088;28203785	+;+;+;+	630	565	229	334	213	119	451	550	341	87	100	111	322	71	127	113	600	149	114	295	42	16	8	99	239	637	720	538	160	1587	319	264	184	291	186	257	92	39	40	173	101	353	382	274	689	114	31	575	121	569	476	177	43	281	314	148	39	26	125	145	53	160	65	68	184	316	132	130	624	179	65	319	195	267	215	228	134	634	127	184	1153	364	849
gene-321653	scaffold_10;scaffold_10;scaffold_10;scaffold_10;scaffold_10;scaffold_10;scaffold_10;scaffold_10;scaffold_10;scaffold_10;scaffold_10	28210096;28210096;28210487;28211595;28211595;28211861;28211861;28212351;28212351;28212860;28212860	28210185;28210185;28210561;28211667;28211667;28212130;28212130;28212592;28212592;28212898;28212898	+;+;+;+;+;+;+;+;+;+;+	789	12456	5398	14623	6500	5074	18554	9926	6616	8024	2364	7962	7361	5304	4876	2862	6471	10358	2860	5064	3076	1217	3015	3214	4296	5238	7025	11979	2186	15269	8228	8310	8594	5725	10342	6339	3537	848	2858	5680	5220	10865	8269	8918	12152	5124	6660	12815	3954	10151	9450	6933	7995	12073	5960	6169	4576	2456	3608	2834	1962	4716	4725	2216	4490	9566	3826	2410	11379	3698	3474	10398	2386	6210	5114	4410	3260	14901	8568	7888	16947	6363	9184
gene-321691	scaffold_10;scaffold_10;scaffold_10;scaffold_10	28218006;28220584;28223315;28302818	28218172;28220745;28223498;28302883	-;-;-;-	579	860	257	368	216	159	663	771	371	156	128	136	338	188	196	224	631	169	99	426	62	38	32	162	212	1176	920	783	211	2148	493	657	399	706	311	600	108	107	94	301	123	293	391	343	838	109	65	491	152	759	684	249	116	542	288	207	28	68	127	172	93	187	115	127	223	277	148	172	819	121	136	378	306	307	332	331	157	1398	264	536	1768	646	1211
gene-321706	scaffold_10;scaffold_10;scaffold_10;scaffold_10;scaffold_10;scaffold_10;scaffold_10;scaffold_10	28232100;28234315;28234938;28236289;28236901;28237604;28238193;28240040	28232294;28234479;28235053;28236416;28237076;28237828;28238362;28240223	-;-;-;-;-;-;-;-	1359	388	213	166	75	51	253	278	182	47	86	53	202	130	116	105	277	117	76	287	49	28	5	120	143	614	508	565	91	1112	431	598	342	444	248	401	19	56	75	187	64	90	166	111	234	40	16	243	46	232	336	72	19	204	103	70	21	30	48	84	48	72	66	81	151	96	68	47	753	26	86	243	151	310	260	83	51	851	173	404	1351	366	532
gene-321733	scaffold_10;scaffold_10;scaffold_10	28306249;28307301;28307573	28306377;28307442;28307613	-;-;-	312	13445	10076	15056	8698	11654	25263	11800	11140	12753	5690	12689	12230	9562	9772	5981	12250	12730	4856	10723	11033	4812	10034	8328	11080	11450	19390	11618	7372	16109	9781	10018	12925	7954	14865	8572	10963	3725	7632	7042	10829	10111	11032	10579	18701	9051	14758	15234	8027	14376	12070	16714	16753	12400	9092	15374	9959	5588	12434	6269	8300	6861	9966	4766	7768	13512	8793	4709	12378	8745	4316	12055	6301	9784	6407	10955	6869	17950	8111	9444	11893	7320	13277
gene-321745	scaffold_10;scaffold_10;scaffold_10;scaffold_10;scaffold_10;scaffold_10;scaffold_10;scaffold_10;scaffold_10	28311155;28313034;28314875;28317286;28318882;28321330;28323590;28325188;28327514	28311354;28313389;28315334;28317583;28319065;28321733;28323809;28325486;28327702	+;+;+;+;+;+;+;+;+	2610	51	15	22	19	19	48	89	18	54	38	6	22	64	8	50	71	18	19	28	11	14	6	30	16	183	128	160	20	331	106	107	62	121	55	91	14	11	2	72	11	16	41	24	41	18	6	58	29	84	55	12	4	42	53	4	0	18	14	16	32	27	4	61	40	13	32	12	105	16	60	9	31	48	54	26	26	151	101	129	331	93	114
gene-321775	scaffold_10;scaffold_10;scaffold_10;scaffold_10	28338003;28339424;28342092;28342778	28339030;28339465;28342719;28342795	-;-;-;-	1716	196	24	167	24	89	373	147	60	118	12	48	50	37	48	24	36	52	24	35	9	14	30	8	16	47	140	76	14	47	54	60	49	67	81	51	30	4	18	19	56	134	41	80	120	26	25	80	26	839	106	91	38	218	32	50	14	8	46	39	12	23	8	10	24	64	25	20	52	22	6	37	19	35	28	11	10	96	36	56	108	39	106
gene-321790	scaffold_10;scaffold_10;scaffold_10;scaffold_10;scaffold_10;scaffold_10;scaffold_10	28344949;28345032;28345639;28346038;28346307;28346770;28348769	28344973;28345211;28345951;28346251;28346564;28346865;28348936	+;+;+;+;+;+;+	1254	43	49	30	16	37	43	24	81	10	14	10	56	6	72	30	124	48	6	76	19	2	6	34	45	275	103	126	4	212	55	95	93	112	47	109	12	2	14	47	9	13	30	21	83	4	6	69	0	44	50	14	2	42	54	32	8	0	13	34	2	20	30	33	63	35	20	18	196	8	6	64	57	21	99	7	2	350	14	106	166	50	86
gene-321814	scaffold_10;scaffold_10;scaffold_10;scaffold_10;scaffold_10;scaffold_10;scaffold_10;scaffold_10	28351518;28352560;28353216;28353491;28354812;28356841;28357287;28360635	28351646;28352700;28353365;28353689;28354949;28356999;28357402;28360829	-;-;-;-;-;-;-;-	1227	4756	1056	2255	892	428	2454	1787	1318	1128	552	660	1444	294	472	374	1232	156	440	1250	622	64	298	216	1512	537	2063	202	930	722	190	114	308	114	631	240	1202	158	291	300	1524	2392	1995	1113	2430	846	684	2385	1120	632	810	1126	750	470	1859	1054	426	202	894	838	159	1130	364	460	458	2395	742	600	88	1504	192	306	568	640	312	2539	1244	672	94	186	312	673	2432
gene-321841	scaffold_10;scaffold_10	28751543;28758700	28751711;28758785	-;-	255	0	0	0	0	0	0	0	0	0	0	0	0	0	2	0	4	0	0	4	4	0	2	4	0	0	2	2	0	106	8	2	48	6	90	8	4	0	0	0	0	0	2	0	0	0	2	0	0	0	0	0	0	0	0	0	0	0	0	0	0	0	0	0	4	2	0	0	2	0	18	40	0	0	12	0	0	38	0	16	6	2	20
gene-321850	scaffold_10;scaffold_10	28901675;28909503	28902001;28909736	+;+	561	18	0	5	25	2	48	8	20	48	0	11	19	12	38	12	35	8	29	0	12	8	40	18	4	41	38	86	16	487	2	5	192	76	334	77	32	2	6	4	28	16	0	23	58	0	20	0	14	132	0	16	0	2	47	2	22	0	22	25	0	30	4	0	13	61	24	0	4	52	55	162	19	54	69	19	2	209	6	78	102	74	214
gene-321859	scaffold_10;scaffold_10	28988104;29083808	28988329;29083899	+;+	318	0	0	0	0	0	0	0	0	0	0	0	0	0	0	0	0	0	0	0	0	0	0	0	0	0	0	0	0	0	0	0	2	0	0	0	0	0	0	0	2	1	0	0	0	0	0	0	0	0	0	0	0	0	0	0	0	0	0	2	4	0	0	0	0	0	0	0	0	0	1	0	0	0	0	0	0	0	0	0	0	0	0
gene-321868	scaffold_10;scaffold_10;scaffold_10;scaffold_10;scaffold_10;scaffold_10;scaffold_10;scaffold_10;scaffold_10;scaffold_10;scaffold_10;scaffold_10;scaffold_10;scaffold_10	29282650;29285574;29286146;29286454;29288492;29288749;29290534;29292632;29293626;29293954;29294115;29294841;29295108;29295929	29282727;29285781;29286290;29286722;29288656;29289020;29290885;29292988;29293779;29294062;29294346;29295034;29295319;29295992	-;-;-;-;-;-;-;-;-;-;-;-;-;-	2811	998	277	531	282	268	785	721	396	436	164	256	456	466	188	256	522	272	116	220	124	50	48	240	143	673	780	1060	146	1483	570	615	481	567	435	590	118	81	70	291	203	506	453	427	560	216	106	664	252	517	920	329	166	711	511	231	93	96	214	209	119	243	124	232	291	299	274	103	730	90	201	367	192	499	424	203	112	1356	482	724	2084	616	913
gene-321913	scaffold_10;scaffold_10;scaffold_10	29323475;29324135;29324333	29324026;29324255;29324739	+;+;+	1080	57	66	111	42	179	105	98	132	164	50	40	118	47	133	38	78	360	40	124	94	2	24	78	82	235	218	226	32	614	380	178	548	63	482	319	70	8	46	92	46	32	32	46	54	38	46	62	14	71	78	58	90	94	50	26	6	10	28	30	24	24	46	42	74	18	14	18	230	8	112	941	24	84	128	30	14	359	72	158	172	83	88
gene-321925	scaffold_10;scaffold_10;scaffold_10;scaffold_10;scaffold_10;scaffold_10;scaffold_10;scaffold_10;scaffold_10;scaffold_10;scaffold_10;scaffold_10;scaffold_10;scaffold_10;scaffold_10;scaffold_10;scaffold_10;scaffold_10;scaffold_10;scaffold_10;scaffold_10	29327717;29329669;29329903;29330110;29330755;29332909;29333643;29337069;29339191;29339935;29341212;29344049;29346476;29348854;29349179;29350475;29350830;29353622;29353924;29354204;29355520	29327780;29329837;29330015;29330313;29331159;29333586;29333830;29337515;29339427;29340342;29341700;29344573;29347132;29349118;29349411;29350747;29350976;29353863;29354098;29354368;29355714	+;+;+;+;+;+;+;+;+;+;+;+;+;+;+;+;+;+;+;+;+	6279	54	42	62	68	68	68	118	36	140	72	56	16	336	12	142	46	60	48	28	48	32	6	98	15	267	142	501	30	560	403	410	277	323	116	301	44	72	26	304	34	18	20	83	30	62	18	72	90	110	144	52	36	148	100	16	14	92	40	40	142	84	14	234	98	17	105	26	90	26	155	48	59	309	126	44	63	332	352	545	141	218	80
gene-321991	scaffold_10;scaffold_10;scaffold_10;scaffold_10;scaffold_10;scaffold_10;scaffold_10;scaffold_10;scaffold_10;scaffold_10;scaffold_10;scaffold_10;scaffold_10;scaffold_10;scaffold_10;scaffold_10	29369343;29369343;29370377;29370377;29370686;29370686;29371316;29371319;29371700;29371700;29371972;29371972;29374072;29374072;29376636;29376636	29369535;29369535;29370601;29370601;29370945;29370945;29371615;29371615;29371870;29371870;29372179;29372179;29374461;29374461;29376790;29376790	+;+;+;+;+;+;+;+;+;+;+;+;+;+;+;+	1902	14798	4194	9130	4948	3554	12665	10466	4757	5337	1884	3325	6238	3856	4304	2496	7208	7018	2348	5298	1669	316	835	2742	4063	8949	10283	14296	2034	24870	11602	16069	11122	9147	12897	10771	1819	846	2004	5333	1763	7598	6963	6979	10813	2797	1807	11758	2472	5417	8201	4892	3147	9786	4980	3461	1383	919	2713	2652	1399	2731	2724	1939	4178	7171	2574	1849	18707	1828	4116	13261	3475	7524	7261	2949	2237	29484	6831	12624	25405	9127	16953
gene-322044	scaffold_10;scaffold_10;scaffold_10;scaffold_10;scaffold_10;scaffold_10;scaffold_10;scaffold_10;scaffold_10;scaffold_10;scaffold_10;scaffold_10;scaffold_10;scaffold_10;scaffold_10	29382231;29383879;29384080;29384834;29385154;29385421;29385755;29386091;29386258;29386692;29387641;29388114;29388365;29388518;29388829	29382522;29383941;29384364;29385035;29385313;29385607;29385997;29386202;29386612;29386961;29387800;29388309;29388461;29388634;29388849	-;-;-;-;-;-;-;-;-;-;-;-;-;-;-	2760	354	127	94	32	72	220	162	67	110	83	44	115	224	30	100	134	29	54	134	28	40	10	73	41	545	269	267	48	357	171	188	118	152	68	152	36	49	20	84	32	94	166	100	245	55	16	242	85	268	343	79	26	309	207	36	8	50	26	114	86	52	18	84	130	98	78	48	230	27	61	58	139	392	97	110	72	374	129	242	802	243	392
gene-322092	scaffold_10;scaffold_10;scaffold_10;scaffold_10;scaffold_10;scaffold_10;scaffold_10;scaffold_10;scaffold_10;scaffold_10;scaffold_10;scaffold_10;scaffold_10	29411951;29417457;29417467;29421488;29421488;29421919;29421919;29422430;29422430;29423402;29423402;29423577;29423577	29412011;29417547;29417547;29421617;29421617;29422048;29422048;29422777;29422777;29423523;29423523;29423709;29423709	-;-;-;-;-;-;-;-;-;-;-;-;-	1015	1491	882	1123	673	683	1548	991	916	676	437	645	1024	434	697	793	1478	999	496	943	589	206	560	449	940	1178	2273	1109	863	1362	662	866	1183	521	858	715	887	302	738	692	680	1127	1231	779	1286	683	613	1644	767	1368	903	898	841	744	1086	852	952	284	641	568	358	756	669	342	904	1259	674	412	886	793	292	954	808	1604	497	1001	650	1278	630	594	1089	562	1058
gene-322136	scaffold_10;scaffold_10;scaffold_10;scaffold_10;scaffold_10	29424549;29426309;29428780;29429274;29431505	29425010;29426408;29429079;29429349;29431625	+;+;+;+;+	1059	359	163	194	95	123	354	220	160	71	53	80	208	60	236	79	270	291	115	194	83	2	39	113	154	335	389	719	77	1463	435	685	633	448	582	623	52	40	82	254	72	211	147	142	285	72	75	258	68	216	222	112	69	186	142	111	93	21	92	89	39	87	123	101	101	221	81	66	649	82	122	549	88	202	302	114	58	935	216	365	892	243	635
gene-322154	scaffold_10	29434254	29434805	-	552	11346	10755	12136	8311	9351	17059	7107	9715	6183	5182	8103	12244	5245	11166	6109	12977	13996	8190	10538	6839	2061	7362	5712	8881	8927	17062	16752	6123	27527	14056	12475	15364	8106	19400	9635	8235	2082	7496	7589	8432	10124	11885	8353	15559	6895	11060	19242	7162	16399	10077	10137	12256	9692	9029	8977	17221	4883	6714	5198	4635	7797	9891	4947	7892	12479	7055	4654	16627	7942	7355	19469	7612	13506	7565	8123	5980	21998	12552	11239	18233	8749	16487
gene-322160	scaffold_10;scaffold_10	29439426;29443487	29439892;29443523	+;+	504	572	115	228	120	154	525	391	178	143	85	170	203	163	213	102	265	597	46	205	85	14	44	120	87	501	368	1091	89	1710	768	667	565	552	815	668	48	28	110	347	117	188	185	297	441	104	158	334	79	383	413	317	128	371	183	219	85	44	143	99	127	110	173	154	175	191	113	106	974	101	289	925	223	188	430	175	84	1400	523	751	1494	694	962
gene-342132	scaffold_14	28061	29206	-	1146	0	0	0	0	0	0	2	0	0	0	0	0	0	0	0	0	0	0	0	0	0	0	0	0	0	0	0	0	0	2	0	2	0	0	0	0	0	0	0	0	0	0	0	0	0	0	0	0	0	0	0	0	0	0	0	0	0	0	0	0	0	0	0	0	0	0	0	0	0	0	0	0	0	0	0	0	0	0	0	2	0	0
gene-342138	scaffold_14	33051	34196	+	1146	0	0	0	0	0	0	0	1	0	0	0	0	0	0	0	0	0	0	0	0	0	0	0	0	0	0	0	0	0	0	0	0	0	0	0	0	0	0	0	0	0	0	0	0	0	0	0	0	0	0	0	0	0	0	0	0	0	0	0	0	0	0	0	0	0	0	0	0	0	0	0	0	0	0	0	0	0	0	0	0	0	0
gene-342144	scaffold_14	151140	151598	-	459	0	0	0	0	0	0	0	0	0	0	0	0	0	0	0	0	0	0	0	0	0	0	0	0	0	0	0	0	0	0	0	0	0	0	0	0	0	0	0	0	0	0	0	0	0	0	0	0	0	0	0	0	0	0	0	0	0	0	0	0	0	0	0	0	0	0	0	0	0	0	0	0	0	0	0	0	0	0	0	0	0	0
gene-342150	scaffold_14;scaffold_14;scaffold_14;scaffold_14	306585;307360;308302;312166	306647;307422;310083;312411	+;+;+;+	2154	0	0	0	0	0	0	0	0	0	0	0	2	0	2	0	0	2	0	0	0	0	0	0	0	0	2	2	0	0	0	4	0	0	2	0	0	0	2	2	0	0	0	0	0	0	0	0	2	0	0	0	2	2	0	0	0	0	0	0	0	0	0	0	0	0	0	0	2	0	0	2	0	2	0	0	0	2	0	0	0	2	0
gene-342165	scaffold_14;scaffold_14;scaffold_14	317881;318561;318874	318181;318785;319199	-;-;-	852	0	0	0	0	0	0	0	0	0	0	0	0	0	0	0	0	0	0	0	0	0	2	0	1	2	2	0	0	2	0	0	0	2	0	2	0	0	0	0	0	0	0	0	0	0	0	0	0	0	0	0	0	0	0	0	0	0	0	0	0	0	0	0	0	0	0	2	0	0	2	2	0	0	0	0	0	2	0	2	0	0	0
gene-342177	scaffold_14	321490	322071	-	582	0	0	0	0	0	0	0	0	0	0	0	0	0	0	0	0	0	0	0	0	0	0	0	0	0	0	0	0	1	0	0	0	0	0	0	0	0	0	0	0	0	0	0	0	0	0	0	0	0	0	0	0	0	0	0	0	0	0	0	0	0	0	0	0	0	0	0	0	0	0	0	0	4	0	0	0	0	0	0	0	0	0
gene-342183	scaffold_14	343809	345164	-	1356	0	0	0	0	0	0	0	0	0	0	0	0	0	2	0	0	0	0	0	0	0	0	0	0	0	2	0	0	0	0	0	0	0	0	0	0	0	2	0	0	0	0	0	0	0	0	0	0	4	0	0	0	0	0	0	0	0	0	0	0	0	0	0	0	0	0	0	0	0	0	0	0	0	2	0	0	2	0	0	0	0	0
gene-342189	scaffold_14;scaffold_14	365717;365981	365924;366144	-;-	372	0	0	0	0	0	0	0	0	0	0	0	0	0	0	0	0	0	0	0	0	0	0	0	0	0	0	2	0	0	0	0	0	0	0	0	0	0	0	0	0	0	0	0	0	0	0	0	0	0	0	0	0	0	0	0	0	0	0	0	0	0	0	0	0	0	0	0	0	0	0	0	0	0	0	0	0	0	0	0	0	0	0
gene-342198	scaffold_14	568223	568525	-	303	0	0	0	0	0	0	0	0	0	0	0	0	0	0	0	0	0	0	0	0	0	0	0	0	0	0	0	0	0	0	0	0	0	0	0	0	0	0	0	0	0	0	0	0	0	0	0	0	0	0	0	0	0	0	0	0	0	0	0	0	0	0	0	0	0	0	0	0	0	0	0	0	0	0	0	0	0	0	0	0	0	0
gene-342204	scaffold_14	569529	569804	-	276	0	0	0	0	0	0	0	0	0	0	0	0	0	0	0	0	0	0	0	0	0	0	0	0	0	0	0	0	0	0	0	0	0	0	2	0	0	0	0	0	0	0	0	0	0	0	0	0	0	0	0	0	0	0	0	0	0	0	0	0	0	0	0	0	0	0	0	0	0	0	0	0	0	0	0	0	0	0	0	0	0	0
gene-342210	scaffold_14	572403	573950	+	1548	0	0	0	0	0	0	0	0	0	0	0	0	0	0	0	0	0	0	0	0	0	0	0	0	0	0	0	0	0	0	0	0	0	0	0	0	0	0	0	0	0	0	0	0	0	0	0	0	0	0	0	0	0	0	0	0	0	0	0	0	0	0	0	0	0	0	0	0	0	0	0	0	0	0	0	0	0	0	0	0	0	0
gene-342216	scaffold_14	580590	582401	-	1812	0	0	0	0	0	0	0	0	0	0	0	0	0	0	0	0	0	0	0	0	0	0	0	0	0	0	0	0	0	0	0	0	0	0	0	0	0	0	0	0	0	0	0	0	0	0	0	0	0	0	0	0	0	0	0	0	0	0	0	0	0	0	2	0	0	0	0	0	0	0	0	0	0	2	0	0	2	2	2	0	2	0
gene-342222	scaffold_14	594890	595189	+	300	0	0	0	0	0	0	0	0	0	0	0	0	0	0	0	0	0	0	0	0	0	0	0	0	0	0	0	0	0	0	0	0	0	0	0	0	0	0	0	0	0	0	0	0	0	0	0	0	0	0	0	0	0	0	0	0	0	0	0	0	0	0	0	0	0	0	0	0	0	0	0	0	0	0	0	0	0	0	0	2	2	0
gene-342228	scaffold_14;scaffold_14;scaffold_14	598649;599408;599809	599314;599656;600039	-;-;-	1146	0	0	0	0	0	0	0	0	0	0	0	0	0	0	0	0	0	0	0	0	0	0	0	0	0	0	0	0	0	0	0	0	0	0	0	0	0	0	0	0	0	0	0	0	0	0	0	0	0	0	0	0	0	0	0	0	0	0	0	0	0	0	2	0	0	0	0	0	0	0	0	0	0	0	0	0	0	0	0	0	0	0
gene-342240	scaffold_14	640717	641889	+	1173	0	0	0	0	0	0	0	0	0	0	0	0	0	0	0	0	0	0	0	0	0	0	0	0	0	0	0	0	0	0	0	0	0	0	0	0	0	0	0	0	0	0	0	0	0	0	0	0	0	0	0	0	0	0	0	0	0	0	0	0	0	0	0	0	0	0	0	0	0	0	0	0	0	0	0	0	0	0	0	0	0	0
gene-342246	scaffold_14	755127	755480	-	354	0	0	0	0	0	0	0	0	0	0	0	0	0	0	0	0	0	0	0	0	0	0	0	0	0	0	0	0	0	0	0	0	0	0	0	0	0	0	0	0	0	0	0	0	0	0	0	0	0	0	0	0	0	0	0	0	0	0	0	0	0	0	0	0	0	0	0	0	0	0	0	0	0	0	0	0	0	0	0	0	0	0
gene-342252	scaffold_14;scaffold_14	833815;834824	834189;835087	-;-	639	0	0	0	0	0	0	0	0	0	0	0	0	0	0	0	0	0	0	0	0	0	0	0	0	0	0	0	0	0	0	0	0	0	0	0	0	0	0	0	0	0	0	0	0	0	0	0	0	0	0	0	0	0	0	0	0	0	0	0	0	0	0	0	0	0	0	0	0	0	0	0	0	0	0	0	0	1	0	0	0	0	0
gene-342261	scaffold_14;scaffold_14	835929;836248	836192;836790	+;+	807	0	0	0	0	0	0	0	0	0	0	0	0	0	0	0	0	0	0	0	0	0	0	0	0	0	0	0	0	0	0	0	0	0	0	0	0	0	0	0	0	0	0	0	0	0	0	0	0	0	0	0	0	0	0	0	0	0	0	0	0	0	0	0	0	0	0	0	0	0	0	0	0	0	0	0	0	0	0	0	0	0	0
gene-342270	scaffold_14;scaffold_14	900561;900990	900933;902476	+;+	1860	0	0	0	0	0	0	0	0	0	0	0	0	0	0	0	0	0	0	0	0	0	0	0	0	0	0	0	0	0	0	0	0	0	0	0	0	0	0	0	0	0	0	0	0	0	0	0	0	0	0	0	0	0	0	0	0	0	0	0	0	0	0	0	0	0	0	0	0	0	0	0	0	0	0	0	0	0	0	0	0	0	0
gene-342279	scaffold_14	962738	963619	+	882	0	0	0	0	0	0	0	0	0	0	0	0	0	0	0	0	0	0	0	0	0	0	0	0	0	0	0	0	0	0	0	0	0	0	0	0	0	0	0	0	0	0	0	0	0	0	0	0	0	0	0	0	0	0	0	0	0	0	0	0	0	0	0	0	0	0	0	0	0	0	0	0	0	0	0	0	0	0	0	0	0	0
gene-342285	scaffold_14	1078613	1078972	-	360	0	0	0	0	0	0	0	0	0	0	0	0	0	0	0	0	0	0	0	0	0	0	0	0	0	0	0	0	0	0	0	0	0	0	0	0	0	0	0	0	0	0	1	0	0	0	0	0	0	0	0	0	0	0	0	0	0	0	0	0	0	0	0	0	0	0	0	0	0	0	0	0	0	0	0	0	0	0	0	0	0	0
gene-342291	scaffold_14	1126288	1127352	+	1065	0	0	0	0	0	0	0	0	0	0	0	0	0	0	0	0	0	0	0	0	0	0	0	0	0	0	0	0	0	0	0	0	0	0	0	0	0	0	0	0	0	0	0	0	0	0	0	0	0	0	0	0	0	0	0	0	0	0	0	0	0	0	0	0	0	0	0	0	0	0	0	0	0	0	0	0	0	0	0	0	0	0
gene-342297	scaffold_14	1147318	1147959	+	642	0	0	0	0	0	0	0	0	0	0	0	0	0	0	0	0	0	0	0	0	0	0	0	0	0	0	0	0	0	0	0	0	0	0	0	0	0	0	0	0	0	0	0	0	0	0	0	0	0	0	0	0	0	0	0	0	0	0	0	0	0	0	0	0	0	0	0	0	0	0	0	0	0	0	0	0	0	0	0	0	0	0
gene-342303	scaffold_14	1165597	1167420	-	1824	0	0	0	0	0	0	0	0	0	0	0	0	0	0	0	0	0	0	0	0	0	0	0	0	0	0	0	0	0	0	0	0	0	0	0	0	0	0	0	0	0	0	0	0	0	0	0	0	0	0	0	0	0	0	0	0	0	0	0	0	0	0	0	0	0	0	0	0	0	0	0	0	0	0	0	0	0	0	0	0	0	0
gene-342309	scaffold_14	1193562	1193783	+	222	0	0	0	0	0	0	0	0	0	0	0	0	0	0	0	0	0	0	0	0	0	0	0	0	0	0	0	0	0	0	0	0	0	0	0	0	0	0	0	0	0	0	0	0	0	0	0	0	0	0	0	0	0	0	0	0	0	0	0	0	0	0	0	0	0	0	0	0	0	0	0	0	0	0	0	0	0	0	0	0	0	0
gene-342315	scaffold_14	1314261	1314614	-	354	0	0	0	0	0	0	0	0	0	0	0	0	0	0	0	0	0	0	0	0	0	0	0	0	0	0	0	0	0	0	0	0	0	0	0	0	0	0	0	0	0	0	0	0	0	0	0	0	0	0	0	0	0	0	0	0	0	0	0	0	0	0	0	0	0	0	0	0	0	0	0	0	0	0	0	0	0	0	0	0	0	0
gene-342321	scaffold_14;scaffold_14	1401999;1403008	1402373;1403271	-;-	639	0	0	0	0	0	0	0	0	0	0	0	0	0	0	0	0	0	0	0	0	0	0	0	0	0	0	0	0	0	0	0	0	0	0	0	0	0	0	0	0	0	0	0	0	0	0	0	0	0	0	0	0	0	0	0	0	0	0	0	0	0	0	0	0	0	0	0	0	0	0	0	0	0	0	0	0	0	0	0	0	0	0
gene-342330	scaffold_14;scaffold_14	1404113;1404432	1404376;1404974	+;+	807	0	0	0	0	0	0	0	0	0	0	0	0	0	0	0	0	0	0	0	0	0	0	0	0	0	0	0	0	0	0	0	0	0	0	0	0	0	0	0	0	0	0	0	0	0	0	0	0	0	0	0	0	0	0	0	0	0	0	0	0	0	0	0	0	0	0	0	0	0	0	0	0	0	0	0	0	0	0	0	0	0	0
gene-342339	scaffold_14;scaffold_14	1468745;1469174	1469117;1470660	+;+	1860	0	0	0	0	0	0	0	0	0	0	0	0	0	0	0	0	0	0	0	0	0	0	0	0	0	0	0	0	0	0	0	0	0	0	0	0	0	0	0	0	0	0	0	0	0	0	0	0	0	0	0	0	0	0	0	0	0	0	0	0	0	0	0	0	0	0	0	0	0	0	0	0	0	0	0	0	0	0	0	0	0	0
gene-342348	scaffold_14	1530922	1531803	+	882	0	0	0	0	0	0	0	0	0	0	0	0	0	0	0	0	0	0	0	0	0	0	0	0	0	0	0	0	0	0	0	0	0	0	0	0	0	0	0	0	0	0	0	0	0	0	0	0	0	0	0	0	0	0	0	0	0	0	0	0	0	0	0	0	0	0	0	0	0	0	0	0	0	0	0	0	0	0	0	0	0	0
gene-342354	scaffold_14	1646797	1647156	-	360	0	0	0	0	0	0	0	0	0	0	0	0	0	0	0	0	0	0	0	0	0	0	0	0	0	0	0	0	0	0	0	0	0	0	0	0	0	0	0	0	0	0	1	0	0	0	0	0	0	0	0	0	0	0	0	0	0	0	0	0	0	0	0	0	0	0	0	0	0	0	0	0	0	0	0	0	0	0	0	0	0	0
gene-342360	scaffold_14	1694472	1695536	+	1065	0	0	0	0	0	0	0	0	0	0	0	0	0	0	0	0	0	0	0	0	0	0	0	0	0	0	0	0	0	0	0	0	0	0	0	0	0	0	0	0	0	0	0	0	0	0	0	0	0	0	0	0	0	0	0	0	0	0	0	0	0	0	0	0	0	0	0	0	0	0	0	0	0	0	0	0	0	0	0	0	0	0
gene-342366	scaffold_14	1715502	1716143	+	642	0	0	0	0	0	0	0	0	0	0	0	0	0	0	0	0	0	0	0	0	0	0	0	0	0	0	0	0	0	0	0	0	0	0	0	0	0	0	0	0	0	0	0	0	0	0	0	0	0	0	0	0	0	0	0	0	0	0	0	0	0	0	0	0	0	0	0	0	0	0	0	0	0	0	0	0	0	0	0	0	0	0
gene-342372	scaffold_14	1733781	1735604	-	1824	0	0	0	0	0	0	0	0	0	0	0	0	0	0	0	0	0	0	0	0	0	0	0	0	0	0	0	0	0	0	0	0	0	0	0	0	0	0	0	0	0	0	0	0	0	0	0	0	0	0	0	0	0	0	0	0	0	0	0	0	0	0	0	0	0	0	0	0	0	0	0	0	0	0	0	0	0	0	0	0	0	0
gene-342378	scaffold_14	1761746	1761967	+	222	0	0	0	0	0	0	0	0	0	0	0	0	0	0	0	0	0	0	0	0	0	0	0	0	0	0	0	0	0	0	0	0	0	0	0	0	0	0	0	0	0	0	0	0	0	0	0	0	0	0	0	0	0	0	0	0	0	0	0	0	0	0	0	0	0	0	0	0	0	0	0	0	0	0	0	0	0	0	0	0	0	0
gene-342384	scaffold_14	1882445	1882798	-	354	0	0	0	0	0	0	0	0	0	0	0	0	0	0	0	0	0	0	0	0	0	0	0	0	0	0	0	0	0	0	0	0	0	0	0	0	0	0	0	0	0	0	0	0	0	0	0	0	0	0	0	0	0	0	0	0	0	0	0	0	0	0	0	0	0	0	0	0	0	0	0	0	0	0	0	0	0	0	0	0	0	0
gene-342390	scaffold_14;scaffold_14	1989262;1990271	1989636;1990534	-;-	639	0	0	0	0	0	0	0	0	0	0	0	0	0	0	0	0	0	0	0	0	0	0	0	0	0	0	0	0	0	0	0	0	0	0	0	0	0	0	0	0	0	0	0	0	0	0	0	0	0	0	0	0	0	0	0	0	0	0	0	0	0	0	0	0	0	0	0	0	0	0	0	0	0	0	0	0	0	0	0	0	0	0
gene-342399	scaffold_14;scaffold_14	1991376;1991695	1991639;1992237	+;+	807	0	0	0	0	0	0	0	0	0	0	0	0	0	0	0	0	0	0	0	0	0	0	0	0	0	0	0	0	0	0	0	0	0	0	0	0	0	0	0	0	0	0	0	0	0	0	0	0	0	0	0	0	0	0	0	0	0	0	0	0	0	0	0	0	0	0	0	0	0	0	0	0	0	0	0	0	0	0	0	0	0	0
gene-342408	scaffold_14;scaffold_14	2052803;2053232	2053175;2054718	+;+	1860	0	0	0	0	0	0	0	0	0	0	0	0	0	0	0	0	0	0	0	0	0	0	0	0	0	0	0	0	0	0	0	0	0	0	0	0	0	0	0	0	0	0	0	0	0	0	0	0	0	0	0	0	0	0	0	0	0	0	0	0	0	0	0	0	0	0	0	0	0	0	0	0	0	0	0	0	0	0	0	0	0	0
gene-342417	scaffold_14	2105504	2105878	+	375	0	0	0	0	2	0	0	0	0	0	0	0	0	0	0	0	0	0	0	0	0	0	0	0	0	0	2	0	0	0	0	0	0	0	0	0	0	0	0	0	0	0	0	0	0	0	0	0	0	0	0	0	0	0	0	0	0	0	0	0	0	0	0	0	0	0	0	0	0	0	0	0	0	0	0	0	0	0	0	0	0	0
gene-342423	scaffold_14	2109700	2110581	+	882	0	0	0	0	0	0	0	0	0	0	0	0	0	0	0	0	0	0	0	0	0	0	0	0	0	0	0	0	0	0	0	0	0	0	0	0	0	0	0	0	0	0	0	0	0	0	0	0	0	0	0	0	0	0	0	0	0	0	0	0	0	0	0	0	0	0	0	0	0	0	0	0	0	0	0	0	0	0	0	0	0	0
gene-342429	scaffold_14;scaffold_14	2378764;2379822	2378834;2379954	-;-	204	0	0	0	0	0	0	0	0	3	0	0	0	0	0	0	0	0	0	0	0	0	0	0	0	0	0	0	0	0	0	0	0	2	2	0	0	0	0	0	0	0	0	0	0	0	0	0	0	0	0	0	0	0	0	0	0	0	0	0	0	0	0	0	0	0	0	0	0	0	2	0	0	0	2	0	0	0	0	0	0	0	0
gene-342438	scaffold_14;scaffold_14	2434094;2435271	2434636;2435534	-;-	807	0	0	0	0	0	0	0	0	0	0	0	0	0	4	0	0	0	0	0	0	0	0	0	0	0	0	0	0	0	0	2	0	0	0	0	0	0	0	0	0	0	0	0	0	0	0	0	0	0	0	0	0	0	0	0	0	1	0	0	0	0	0	0	0	0	0	0	0	0	0	0	0	0	0	0	0	0	0	4	0	0	0
gene-342447	scaffold_14;scaffold_14	2436377;2436696	2436640;2437238	+;+	807	0	0	0	0	0	0	0	0	0	0	0	0	0	0	0	0	0	0	0	0	0	0	0	0	0	0	0	0	0	0	0	0	0	0	0	0	0	0	0	0	0	0	0	0	0	0	0	0	0	0	0	0	0	0	0	0	0	0	0	0	0	0	0	0	0	0	0	0	0	0	0	0	0	0	0	0	0	0	0	0	0	0
gene-342456	scaffold_14;scaffold_14	2465643;2466584	2465909;2466805	+;+	489	0	0	0	0	0	0	0	0	0	0	0	0	0	0	0	0	0	0	0	0	0	0	0	0	0	0	0	0	0	0	0	0	0	0	0	0	0	0	0	0	0	0	0	0	0	0	0	0	0	0	0	0	0	0	0	0	0	0	0	0	0	0	0	0	0	0	0	0	0	0	0	0	0	0	0	0	0	0	0	0	0	0
gene-342465	scaffold_14	2520280	2520567	+	288	0	0	0	0	0	0	0	0	0	0	0	0	0	0	0	0	0	0	0	0	0	0	0	0	0	0	0	0	0	0	0	0	0	0	0	0	0	0	0	0	0	0	0	0	0	0	0	0	0	0	0	0	0	0	0	0	0	0	0	0	0	0	0	0	0	0	0	0	0	0	0	0	0	0	0	0	0	0	0	0	0	0
gene-342471	scaffold_14	2761155	2761469	-	315	12	0	4	0	0	12	4	0	2	2	2	0	0	2	0	10	2	2	4	0	0	6	6	0	10	0	8	2	12	0	0	6	2	10	8	0	0	0	0	2	0	0	0	0	0	0	0	0	4	0	0	0	2	0	0	0	0	0	2	0	2	0	0	4	2	4	0	4	0	0	6	2	2	0	0	0	28	2	2	0	6	0
gene-342477	scaffold_14	2773444	2774613	+	1170	0	0	0	0	0	0	0	0	0	0	0	0	0	0	0	0	0	0	0	0	0	0	0	0	0	0	0	0	0	0	0	0	0	0	0	0	0	0	0	0	0	0	0	0	0	0	0	0	0	0	0	0	0	0	0	0	0	0	0	0	0	0	0	0	0	0	0	0	0	0	0	0	0	0	0	0	0	0	0	0	0	0
gene-342483	scaffold_14	2849399	2849731	-	333	0	0	0	0	0	0	0	0	0	0	0	0	0	0	0	0	0	0	0	0	0	0	0	0	0	0	0	0	0	0	0	0	0	0	1	0	0	0	0	0	0	0	0	0	0	0	0	0	0	0	0	0	0	0	0	0	0	0	0	0	2	0	0	0	0	0	0	0	0	0	0	0	0	0	0	0	0	0	0	0	0	0
gene-342489	scaffold_14	2849830	2850582	-	753	0	0	0	0	0	0	0	0	0	0	0	0	0	0	0	0	0	0	0	0	0	0	0	0	0	0	0	0	0	0	0	0	0	0	0	0	0	0	0	0	0	0	0	0	0	0	0	0	0	0	0	0	0	0	0	0	0	0	0	0	0	0	0	0	0	0	0	0	0	0	0	0	0	0	0	0	0	0	0	0	0	0
gene-342495	scaffold_14	3071568	3072167	+	600	0	0	0	0	0	0	0	0	0	0	0	0	0	0	0	0	0	0	0	0	0	0	0	0	0	0	0	0	0	0	0	0	0	0	0	0	0	0	0	0	0	0	0	0	0	0	0	0	0	0	0	0	0	0	0	0	0	0	0	0	0	0	0	0	0	0	0	0	0	0	0	0	0	0	0	0	0	0	0	0	0	0
gene-342501	scaffold_14;scaffold_14	3078865;3079035	3078979;3079141	+;+	222	0	0	0	0	0	0	0	0	0	0	0	0	2	0	0	0	0	0	0	0	0	0	0	0	0	0	0	0	0	0	0	0	0	0	0	0	0	0	0	0	0	0	0	0	0	0	0	0	0	0	0	0	0	0	0	0	0	0	0	0	0	0	0	0	0	0	0	0	0	0	0	0	0	0	0	0	0	0	0	0	0	0
gene-342510	scaffold_14;scaffold_14	3085896;3085973	3085906;3086249	+;+	288	0	0	0	0	0	0	0	0	0	0	0	0	0	0	0	0	0	0	0	0	0	0	0	0	0	0	0	0	0	0	0	0	0	0	0	0	0	0	0	0	0	0	0	0	0	0	0	0	0	0	0	0	0	0	0	0	0	0	0	0	0	0	0	0	0	0	0	0	0	0	0	0	0	0	0	0	0	0	0	0	0	0
gene-342519	scaffold_14	3089576	3090007	+	432	0	0	0	2	0	0	0	0	0	0	0	0	0	4	2	0	0	0	0	0	0	12	4	0	0	10	16	4	26	0	0	22	18	22	4	4	0	0	0	2	0	0	0	0	0	0	0	0	0	0	0	0	0	0	0	0	0	0	0	0	0	0	0	0	0	0	0	0	0	2	12	0	0	0	0	0	4	0	2	4	6	2
gene-342525	scaffold_14	3094338	3094769	-	432	0	0	0	0	0	0	0	0	0	0	0	0	0	0	0	0	0	0	0	0	0	0	0	0	0	0	0	2	12	0	0	6	2	6	0	2	0	0	0	0	0	0	0	0	0	0	0	0	0	0	0	0	0	0	0	0	0	0	0	0	0	0	0	0	0	0	0	0	0	0	2	0	0	0	0	0	0	0	0	0	0	0
gene-342531	scaffold_14;scaffold_14	3097681;3099992	3097968;3101470	+;+	1767	0	0	0	0	0	0	0	0	0	0	0	0	0	0	0	0	4	0	0	0	0	0	0	0	0	0	0	0	0	0	0	0	0	0	0	0	0	0	2	0	0	0	0	0	0	0	0	0	0	0	0	0	0	0	0	0	0	0	0	0	0	0	0	0	0	0	0	0	0	0	0	0	0	0	0	0	0	0	0	0	0	0
gene-342540	scaffold_14	3109522	3109785	-	264	0	0	0	0	0	0	0	0	0	0	0	0	0	0	0	0	0	0	0	0	0	0	0	0	0	0	2	0	2	0	0	0	0	0	0	0	0	0	0	0	0	0	0	0	0	0	0	0	0	0	0	0	0	0	0	0	0	0	0	0	0	0	0	0	0	0	0	0	0	2	0	0	0	0	0	0	0	0	2	3	0	0
gene-342546	scaffold_14	3120205	3120609	+	405	0	0	0	0	0	0	0	0	0	0	0	0	0	0	0	2	4	0	0	0	0	0	0	0	0	0	0	0	2	4	0	0	2	3	2	0	0	0	0	0	0	0	0	0	0	0	0	0	0	0	0	0	0	0	0	0	0	0	0	0	0	0	0	2	2	0	0	2	2	0	2	0	0	0	0	0	12	2	4	0	0	0
gene-342552	scaffold_14;scaffold_14	3143066;3143347	3143169;3145066	+;+	1824	0	0	0	0	0	0	0	0	0	0	0	0	0	0	0	0	0	0	0	0	0	0	0	0	0	0	0	0	0	0	0	0	0	0	0	0	0	0	0	0	0	0	0	0	0	0	0	0	0	0	0	0	0	0	0	0	0	0	0	0	0	0	0	0	0	0	0	0	0	0	0	0	0	0	0	0	0	0	0	0	0	0
gene-342561	scaffold_14	3248645	3250351	+	1707	0	0	0	0	0	0	0	0	0	0	0	0	0	0	0	0	0	0	0	0	0	0	0	0	0	0	0	0	0	0	0	0	0	0	0	0	0	0	0	0	0	0	0	0	0	0	0	0	0	0	0	0	0	0	0	0	0	0	0	0	0	0	0	0	0	0	0	0	0	0	0	0	0	0	0	0	0	0	0	0	0	0
gene-342567	scaffold_14	3335748	3336443	+	696	0	0	0	0	0	0	0	0	0	0	0	0	0	0	0	0	0	0	0	0	0	0	0	0	0	0	0	0	0	0	0	0	0	0	2	0	0	0	0	0	0	0	0	0	0	0	0	0	0	0	0	0	0	0	0	0	0	0	0	0	0	0	0	0	0	0	0	0	0	0	0	0	0	0	0	0	0	0	0	0	0	0
gene-342573	scaffold_14	3387963	3388562	+	600	0	0	0	0	0	0	0	0	0	0	0	0	0	0	0	0	0	0	0	0	0	0	0	0	0	0	4	0	0	0	0	0	0	0	0	0	0	0	0	0	0	0	0	0	0	0	0	0	0	0	0	0	0	0	0	0	0	0	0	0	0	0	0	0	0	0	0	0	0	0	0	0	0	0	0	0	0	0	0	0	0	0
gene-342579	scaffold_14;scaffold_14;scaffold_14;scaffold_14	3463911;3495954;3501224;3512955	3463974;3496087;3501431;3513217	+;+;+;+	669	39	0	16	21	6	21	36	14	8	8	2	9	22	2	14	49	4	4	14	6	6	0	8	2	42	42	26	15	55	26	22	9	16	4	14	8	2	2	24	2	8	6	26	29	6	0	10	8	9	49	0	6	28	2	5	0	4	2	8	14	4	4	8	6	18	15	6	12	2	14	2	16	22	6	6	8	24	4	28	32	35	76
gene-342594	scaffold_14;scaffold_14;scaffold_14;scaffold_14;scaffold_14;scaffold_14;scaffold_14;scaffold_14;scaffold_14;scaffold_14;scaffold_14;scaffold_14;scaffold_14;scaffold_14	3528822;3531975;3533179;3545895;3548397;3550984;3553698;3557490;3561410;3566111;3572519;3573067;3576094;3585174	3529154;3532139;3533294;3546117;3548598;3551260;3553782;3557696;3561628;3566422;3572717;3573300;3576373;3585246	-;-;-;-;-;-;-;-;-;-;-;-;-;-	2925	93	11	34	2	37	177	80	28	26	6	28	32	69	19	4	34	16	0	10	10	0	8	10	38	85	14	42	2	90	26	14	34	22	48	36	14	8	8	10	10	62	22	42	138	12	6	24	8	38	51	31	33	91	18	40	0	6	18	8	12	8	2	2	4	14	8	14	12	4	6	32	6	8	20	20	14	71	18	35	28	26	129
gene-342639	scaffold_14;scaffold_14;scaffold_14;scaffold_14;scaffold_14;scaffold_14	3595545;3600071;3602285;3604318;3605351;3607494	3595645;3600192;3602474;3604481;3605641;3607612	+;+;+;+;+;+	987	2697	1471	1634	1071	1324	2290	1261	1400	804	813	817	2026	478	1581	1118	1624	4005	744	1004	1153	167	617	850	849	1387	2945	3392	613	3000	2333	4730	2945	2171	3767	3125	988	475	852	1690	682	1368	1771	894	2079	827	982	1951	1231	1795	1618	1475	1418	1435	2701	944	1984	386	810	1237	452	919	1526	1021	1869	1334	1920	441	3947	650	680	2108	1598	2362	1526	1071	514	7296	2533	2918	3400	1964	5825
gene-342660	scaffold_14	3685911	3686417	-	507	0	0	0	0	0	0	0	0	0	0	0	0	0	0	0	0	0	0	0	0	0	0	0	0	0	0	0	0	0	0	0	0	0	0	0	0	0	0	0	0	0	0	0	0	0	0	0	0	0	0	0	0	0	0	0	0	0	0	0	0	0	0	0	0	0	0	0	0	0	0	0	0	0	0	0	0	0	0	0	0	0	0
gene-342667	scaffold_14;scaffold_14;scaffold_14;scaffold_14	3780317;3780719;3781097;3782146	3780537;3781005;3781381;3782435	+;+;+;+	1083	0	0	0	0	0	0	0	0	2	0	0	0	0	2	0	0	0	0	0	0	0	0	0	2	0	2	2	0	2	0	0	2	0	0	0	0	0	0	0	0	0	0	0	0	0	0	0	0	0	0	0	0	0	0	0	0	0	0	0	0	0	0	0	0	0	0	0	0	0	0	0	0	0	0	0	0	0	0	0	2	2	0
gene-342682	scaffold_14	4206304	4207170	+	867	0	0	0	0	0	0	0	0	0	0	0	0	2	0	0	0	0	0	0	0	0	0	0	0	0	0	0	0	0	0	0	0	0	0	0	0	0	0	0	0	0	0	0	0	0	0	0	0	0	0	0	0	0	0	0	0	0	0	0	0	0	0	0	0	0	0	0	0	0	0	0	0	0	0	0	0	0	0	0	0	0	0
gene-342688	scaffold_14	4207343	4207741	+	399	0	0	0	0	0	0	0	0	0	0	0	0	0	0	2	0	0	0	0	0	0	0	0	0	0	0	0	0	0	0	0	0	0	0	0	0	0	0	0	0	0	0	0	0	0	0	0	0	0	0	0	0	0	0	0	0	0	0	0	0	0	0	0	0	0	0	0	0	0	0	0	0	0	0	0	0	0	0	0	0	0	0
gene-342694	scaffold_14;scaffold_14;scaffold_14;scaffold_14;scaffold_14;scaffold_14;scaffold_14	4444468;4448733;4460166;4462751;4464993;4475415;4476113	4444501;4448786;4460306;4462968;4465163;4475564;4476169	+;+;+;+;+;+;+	825	691	443	455	284	38	334	316	347	172	119	80	333	41	674	560	514	3253	349	398	134	2	172	49	413	561	1631	1063	422	521	344	242	481	151	473	206	382	54	260	1450	158	310	325	117	444	146	59	402	291	275	121	97	56	91	378	60	382	36	165	228	36	274	134	376	445	413	174	136	156	264	127	212	588	1323	834	437	225	588	288	196	285	129	272
gene-342718	scaffold_14;scaffold_14;scaffold_14;scaffold_14;scaffold_14;scaffold_14;scaffold_14;scaffold_14;scaffold_14;scaffold_14;scaffold_14;scaffold_14;scaffold_14;scaffold_14;scaffold_14;scaffold_14;scaffold_14;scaffold_14;scaffold_14;scaffold_14;scaffold_14;scaffold_14;scaffold_14;scaffold_14;scaffold_14;scaffold_14;scaffold_14;scaffold_14;scaffold_14;scaffold_14;scaffold_14;scaffold_14;scaffold_14;scaffold_14;scaffold_14;scaffold_14;scaffold_14;scaffold_14;scaffold_14;scaffold_14;scaffold_14;scaffold_14;scaffold_14;scaffold_14;scaffold_14;scaffold_14;scaffold_14;scaffold_14;scaffold_14;scaffold_14;scaffold_14;scaffold_14;scaffold_14;scaffold_14;scaffold_14;scaffold_14;scaffold_14;scaffold_14;scaffold_14;scaffold_14;scaffold_14;scaffold_14;scaffold_14;scaffold_14;scaffold_14;scaffold_14;scaffold_14;scaffold_14;scaffold_14;scaffold_14;scaffold_14;scaffold_14;scaffold_14;scaffold_14;scaffold_14	4491551;4491551;4491551;4494037;4494037;4494037;4497213;4497213;4497213;4497785;4497785;4497785;4504487;4504487;4504487;4504803;4504803;4504803;4512889;4512889;4545582;4545582;4545582;4552178;4552335;4552335;4552335;4554433;4554433;4554433;4559411;4559411;4559411;4561979;4561979;4561979;4568713;4568713;4568713;4573935;4573935;4573935;4576803;4576803;4576803;4578114;4578114;4578114;4579966;4579966;4579966;4584944;4584944;4584944;4588823;4588823;4588823;4593165;4593165;4593165;4599611;4599611;4599611;4605122;4605122;4605122;4685483;4685483;4685483;4717099;4717099;4717099;4725966;4725966;4725966	4491627;4491627;4491627;4494201;4494201;4494201;4497404;4497404;4497404;4498097;4498097;4498097;4504747;4504747;4504747;4504972;4504972;4504972;4512960;4512960;4545732;4545732;4545732;4552198;4552477;4552477;4552477;4554738;4554738;4554738;4559602;4559602;4559602;4562272;4562272;4562272;4569073;4569073;4569073;4574279;4574279;4574279;4577114;4577114;4577114;4578454;4578454;4578454;4580109;4580109;4580109;4585445;4585445;4585445;4589150;4589150;4589150;4593412;4593412;4593412;4599724;4599724;4599724;4605276;4605276;4605276;4685646;4685646;4685646;4717186;4717186;4717186;4726020;4726020;4726020	-;-;-;-;-;-;-;-;-;-;-;-;-;-;-;-;-;-;-;-;-;-;-;-;-;-;-;-;-;-;-;-;-;-;-;-;-;-;-;-;-;-;-;-;-;-;-;-;-;-;-;-;-;-;-;-;-;-;-;-;-;-;-;-;-;-;-;-;-;-;-;-;-;-;-	5514	91	58	72	74	44	48	131	36	152	71	50	40	163	27	130	37	32	48	28	30	42	10	90	12	251	158	394	54	352	246	230	186	201	60	162	28	36	36	211	18	26	18	68	59	67	11	48	62	70	130	20	42	111	107	27	14	65	38	26	107	72	12	166	80	24	76	24	62	8	115	33	74	202	124	51	72	208	312	339	143	202	83
gene-342950	scaffold_14;scaffold_14;scaffold_14	4737074;4744455;4751783	4737452;4744811;4751997	-;-;-	951	56	28	10	24	8	22	21	19	26	11	8	48	18	5	22	15	4	14	10	0	0	0	27	8	38	49	23	6	16	16	11	1	14	3	10	0	4	6	2	4	10	26	30	56	1	0	32	8	74	28	4	0	14	60	2	0	8	24	13	8	10	2	14	26	50	14	10	12	19	0	6	5	41	7	8	12	22	16	17	33	14	21
gene-342962	scaffold_14;scaffold_14	4933729;4934849	4933861;4935618	+;+	903	0	0	0	0	0	0	0	0	0	0	0	0	0	0	0	0	0	0	0	0	0	0	0	0	0	0	0	0	0	0	0	0	0	0	0	0	0	0	0	0	0	0	0	0	0	0	0	0	0	0	0	0	0	0	0	0	0	0	0	0	0	0	0	0	0	0	0	0	0	0	0	0	0	0	0	0	0	0	0	0	0	0
gene-342971	scaffold_14	5403605	5405275	+	1671	0	0	0	0	0	0	0	0	0	0	0	0	0	0	0	0	0	0	0	0	0	0	0	0	0	0	0	0	0	0	0	0	2	0	0	0	0	0	0	0	0	0	0	0	0	0	0	0	4	0	0	0	0	0	0	0	0	0	0	0	0	0	0	0	0	0	0	2	0	0	0	0	0	0	0	0	5	0	0	0	2	0
gene-342977	scaffold_14	5459181	5459753	+	573	0	0	0	0	0	0	0	0	0	0	0	0	0	0	0	0	0	0	0	0	0	0	0	0	0	0	0	0	0	0	0	0	0	0	0	0	0	0	0	0	0	0	0	0	0	0	0	0	0	0	0	0	0	0	0	0	0	0	0	0	0	0	0	0	0	0	0	0	0	0	0	0	0	0	0	0	0	0	0	2	0	0
gene-342983	scaffold_14;scaffold_14;scaffold_14;scaffold_14;scaffold_14;scaffold_14;scaffold_14;scaffold_14;scaffold_14;scaffold_14;scaffold_14;scaffold_14;scaffold_14;scaffold_14;scaffold_14;scaffold_14;scaffold_14;scaffold_14;scaffold_14;scaffold_14;scaffold_14;scaffold_14;scaffold_14;scaffold_14;scaffold_14;scaffold_14;scaffold_14;scaffold_14;scaffold_14;scaffold_14;scaffold_14;scaffold_14	5620295;5620461;5620584;5621131;5844690;5844772;5901873;5901873;5906165;5906165;5927453;5927453;5929840;5929840;5931648;5931648;5935234;5935234;5936218;5936218;5938115;5938115;5938648;5938648;5939250;5939250;5940247;5940247;5941345;5941345;5941578;5941578	5620380;5620527;5620746;5621242;5844865;5844865;5902226;5902226;5906480;5906480;5928147;5928147;5930074;5930074;5931851;5931851;5935465;5935465;5936387;5936387;5938277;5938277;5938862;5938862;5939387;5939387;5940360;5940360;5941471;5941471;5941784;5941784	+;+;+;+;+;+;+;+;+;+;+;+;+;+;+;+;+;+;+;+;+;+;+;+;+;+;+;+;+;+;+;+	3774	73	39	40	52	26	51	54	25	64	22	30	14	74	33	42	42	132	31	52	28	18	12	60	16	137	90	357	16	514	413	319	253	212	151	187	24	34	32	221	34	20	34	43	26	37	13	84	29	68	102	22	35	70	39	37	10	32	36	15	42	32	41	167	65	32	46	22	158	7	123	83	50	76	115	20	37	365	288	401	194	170	92
gene-343084	scaffold_14;scaffold_14	5878290;5879839	5878649;5879991	-;-	513	28	4	9	24	2	24	10	27	41	2	27	23	2	8	8	24	8	8	2	0	0	0	4	0	6	22	54	0	30	2	2	10	0	4	0	6	0	0	2	6	10	2	23	49	0	18	0	20	153	0	9	0	0	31	0	8	1	23	12	0	4	0	0	11	46	24	2	0	27	3	6	2	29	4	0	0	16	17	6	211	4	6
gene-343093	scaffold_14	5942535	5942906	+	372	0	0	2	0	2	3	4	0	2	4	0	8	9	0	8	0	2	1	2	1	0	0	2	0	14	13	30	2	38	41	7	16	20	6	6	4	2	4	10	2	0	0	4	1	2	0	0	2	4	2	0	0	2	2	0	0	2	0	0	6	4	0	14	2	0	0	2	13	0	18	0	12	4	4	0	0	13	24	55	20	19	6
gene-343099	scaffold_14;scaffold_14;scaffold_14;scaffold_14;scaffold_14	5954286;5958928;5968336;5969150;5971273	5954600;5959345;5968392;5969432;5971456	-;-;-;-;-	1257	2841	786	1833	854	1035	3538	1891	1138	1153	445	1073	1198	881	956	604	1384	1478	341	831	554	148	431	514	866	1347	2334	1872	585	3147	1397	1727	2377	1419	1992	1768	610	183	564	1010	901	1494	1318	1122	2022	842	901	1849	656	1627	1558	1446	1167	1954	1150	1049	580	311	963	655	464	732	719	457	688	1065	832	384	2225	609	503	2101	650	1192	1148	990	558	3463	983	1458	2214	1126	1987
gene-343117	scaffold_14	5982703	5983026	+	324	0	0	0	0	0	0	0	0	0	0	0	0	0	0	0	0	0	0	0	0	0	0	0	2	0	0	0	0	2	0	0	2	0	0	0	0	0	0	0	0	0	0	0	0	0	0	0	0	2	0	0	0	0	0	0	0	0	0	0	0	0	0	0	0	0	0	0	0	0	0	0	0	0	0	0	0	0	0	0	0	0	0
gene-343123	scaffold_14;scaffold_14;scaffold_14;scaffold_14;scaffold_14;scaffold_14;scaffold_14;scaffold_14;scaffold_14;scaffold_14;scaffold_14;scaffold_14;scaffold_14	5985091;5985310;5987807;5988829;5991644;5998276;6007420;6013591;6015365;6017933;6019716;6025782;6026854	5985255;5985435;5987999;5989134;5991887;5998472;6008602;6013825;6015612;6018156;6019974;6025938;6027078	+;+;+;+;+;+;+;+;+;+;+;+;+	3762	1217	321	745	344	297	773	872	689	306	148	272	586	265	450	331	777	388	199	440	99	28	42	222	277	995	1425	849	205	1219	465	668	620	667	469	756	197	107	107	355	266	617	682	421	943	219	117	934	326	734	934	366	128	787	880	238	171	34	231	234	72	236	207	219	281	531	290	130	1065	125	95	578	288	706	381	443	214	1607	269	643	1582	525	1117
gene-343165	scaffold_14;scaffold_14;scaffold_14;scaffold_14;scaffold_14;scaffold_14;scaffold_14;scaffold_14	6037025;6037025;6038344;6038344;6039649;6039649;6041128;6041128	6037113;6037113;6038512;6038512;6039831;6039831;6041883;6041844	-;-;-;-;-;-;-;-	1197	12	6	5	6	2	10	24	6	4	2	2	4	8	2	6	19	2	0	12	2	0	0	2	6	18	26	4	6	26	22	16	12	15	4	12	0	2	0	8	2	8	6	0	8	4	2	18	2	10	20	0	0	6	2	4	0	2	0	0	2	8	2	6	2	2	6	0	22	0	4	0	22	14	16	0	0	29	6	22	35	8	23
gene-343194	scaffold_14;scaffold_14	6052399;6054091	6054034;6054233	-;-	1779	0	2	0	0	6	2	2	0	2	0	0	0	0	0	0	0	0	2	6	0	0	0	0	2	4	0	0	0	0	2	0	2	0	14	2	0	0	0	0	0	4	0	0	0	0	0	0	0	0	0	0	2	0	0	0	0	0	0	0	0	0	2	2	0	0	0	0	0	0	0	2	4	0	2	2	0	0	0	4	2	0	8
gene-343203	scaffold_14;scaffold_14;scaffold_14	6199336;6207890;6235947	6200663;6209192;6235949	-;-;-	2634	86	4	41	17	10	40	18	46	40	10	14	22	6	56	25	57	22	10	2	8	0	18	18	28	74	178	2666	28	8877	36	40	63	68	117	65	26	6	4	28	12	32	6	26	76	10	10	8	6	1035	4	15	10	26	67	12	28	0	26	39	7	20	5	2	12	30	34	6	52	23	1351	137	38	38	75	20	0	222	4010	82	28604	514	830
gene-343215	scaffold_14;scaffold_14;scaffold_14;scaffold_14;scaffold_14;scaffold_14;scaffold_14;scaffold_14	6241306;6241427;6242554;6244370;6245447;6250068;6252853;6255167	6241359;6241621;6242679;6244712;6245585;6250258;6252994;6255311	+;+;+;+;+;+;+;+	1335	4359	1778	4222	1912	2099	5812	3050	2684	1731	878	1699	2450	996	2547	1014	2896	3208	983	2567	1344	377	1088	1643	2278	2616	3782	4468	1338	5940	3555	4365	5520	3785	5511	4602	1336	478	1307	2736	1314	2805	2205	2112	3603	1488	1594	3434	1099	2178	2672	2547	2198	2589	1754	2106	1335	665	1919	1307	1106	2029	2358	1036	1339	2727	1517	942	5935	1330	1309	4496	1843	2202	2717	1711	1071	8948	2960	4165	6697	2854	5228
gene-343242	scaffold_14;scaffold_14;scaffold_14;scaffold_14;scaffold_14;scaffold_14;scaffold_14;scaffold_14;scaffold_14;scaffold_14;scaffold_14;scaffold_14;scaffold_14;scaffold_14;scaffold_14;scaffold_14;scaffold_14;scaffold_14;scaffold_14;scaffold_14;scaffold_14;scaffold_14;scaffold_14;scaffold_14;scaffold_14;scaffold_14;scaffold_14;scaffold_14;scaffold_14;scaffold_14;scaffold_14;scaffold_14;scaffold_14;scaffold_14;scaffold_14;scaffold_14;scaffold_14;scaffold_14	6283419;6283419;6283419;6283419;6283419;6283419;6288281;6288281;6288281;6288281;6288281;6288281;6294297;6294297;6294297;6294297;6294297;6304374;6304374;6304374;6304374;6304374;6304374;6311618;6311618;6311618;6311618;6311618;6311618;6324912;6324912;6324912;6332652;6332652;6332652;6332652;6332652;6332652	6283743;6283743;6283743;6283743;6283743;6283743;6288512;6288512;6288512;6288512;6288512;6288512;6294335;6294335;6294335;6294335;6294335;6304527;6304527;6304527;6304527;6304527;6304527;6311721;6311733;6311721;6311721;6311721;6311721;6324953;6324953;6324953;6332937;6332937;6332937;6332937;6332856;6332856	-;-;-;-;-;-;-;-;-;-;-;-;-;-;-;-;-;-;-;-;-;-;-;-;-;-;-;-;-;-;-;-;-;-;-;-;-;-	1194	2331	73	935	170	241	1898	1489	395	207	56	225	193	150	38	78	279	66	30	193	22	6	10	64	206	460	447	193	63	465	153	125	111	114	77	76	79	20	18	69	112	382	212	392	1458	145	22	294	78	588	546	293	100	720	116	332	12	18	242	120	51	52	6	30	65	239	82	98	183	50	38	99	78	59	64	194	103	265	34	152	483	215	478
gene-343369	scaffold_14	6358908	6360077	+	1170	0	0	0	0	0	0	0	0	0	0	0	0	0	0	0	0	0	0	0	0	0	0	0	0	0	0	0	0	0	0	0	0	0	0	0	0	0	0	0	0	0	0	0	0	0	0	0	0	0	0	0	0	0	0	0	0	0	0	0	0	0	0	0	0	0	0	0	0	0	0	0	0	0	0	0	0	0	0	0	0	0	0
gene-343376	scaffold_14;scaffold_14;scaffold_14;scaffold_14;scaffold_14;scaffold_14;scaffold_14;scaffold_14;scaffold_14;scaffold_14;scaffold_14;scaffold_14;scaffold_14;scaffold_14;scaffold_14;scaffold_14;scaffold_14;scaffold_14;scaffold_14;scaffold_14;scaffold_14;scaffold_14;scaffold_14;scaffold_14	6446085;6446085;6447611;6447611;6449696;6449696;6451664;6451664;6453894;6453894;6456590;6456590;6463226;6463226;6468178;6468178;6474023;6474023;6478959;6478959;6479763;6479763;6485887;6485887	6446259;6446259;6447710;6447710;6449837;6449837;6452122;6452122;6454129;6454129;6456866;6456866;6463449;6463449;6468480;6468480;6475220;6475220;6479126;6479126;6480416;6480416;6486558;6486414	-;-;-;-;-;-;-;-;-;-;-;-;-;-;-;-;-;-;-;-;-;-;-;-	4608	273	142	129	146	91	198	240	164	158	120	104	146	314	70	160	383	68	72	144	76	76	20	137	102	918	589	366	90	488	268	446	270	641	150	353	56	72	46	252	58	111	142	149	225	93	34	224	107	279	431	67	42	246	258	60	12	70	74	92	138	116	28	222	163	75	152	72	286	28	82	50	176	515	178	140	96	566	272	543	542	219	308
gene-343453	scaffold_14;scaffold_14;scaffold_14;scaffold_14;scaffold_14;scaffold_14;scaffold_14;scaffold_14;scaffold_14;scaffold_14;scaffold_14;scaffold_14;scaffold_14;scaffold_14	6488100;6488100;6488246;6488246;6488465;6488468;6492130;6492130;6492805;6492805;6493223;6493223;6498055;6498055	6488187;6488187;6488381;6488381;6488655;6488655;6492391;6492391;6492982;6492982;6493534;6493534;6498693;6498693	+;+;+;+;+;+;+;+;+;+;+;+;+;+	1806	56	29	18	14	14	16	36	10	52	14	8	17	102	4	16	24	14	14	30	4	10	0	10	14	40	82	72	14	42	34	42	42	40	20	32	8	8	12	22	10	6	12	12	28	12	22	25	18	24	32	9	12	44	22	4	0	16	8	40	20	12	8	22	15	4	10	12	16	10	10	10	18	210	21	22	38	64	32	38	51	41	10
gene-343500	scaffold_14;scaffold_14;scaffold_14;scaffold_14;scaffold_14;scaffold_14;scaffold_14;scaffold_14;scaffold_14;scaffold_14;scaffold_14;scaffold_14;scaffold_14;scaffold_14	6510905;6510905;6511005;6511005;6511232;6511232;6511708;6511708;6519313;6519322;6520754;6520754;6529587;6529587	6510920;6510920;6511172;6511172;6511374;6511374;6511949;6511949;6519401;6519401;6521029;6521029;6529927;6529927	+;+;+;+;+;+;+;+;+;+;+;+;+;+	1275	542	152	273	164	154	646	361	203	256	69	208	196	161	200	172	258	372	52	182	118	24	58	124	140	276	431	478	79	813	322	473	478	486	565	569	118	50	104	252	143	221	224	203	355	122	134	365	151	543	361	265	220	385	276	188	84	66	149	110	66	84	133	96	170	255	141	70	555	114	101	436	163	269	292	170	58	902	211	406	520	271	563
gene-343547	scaffold_14;scaffold_14;scaffold_14;scaffold_14;scaffold_14;scaffold_14;scaffold_14;scaffold_14;scaffold_14;scaffold_14	6569494;6575407;6575694;6576215;6595013;6597353;6601990;6603660;6632502;6635620	6569584;6575544;6575780;6576358;6595294;6597543;6602186;6603720;6632532;6635654	-;-;-;-;-;-;-;-;-;-	1257	99	14	34	21	8	39	49	44	54	20	20	44	42	12	48	44	8	18	25	10	38	4	37	9	125	94	99	30	90	80	62	51	91	40	78	30	20	8	44	4	52	43	73	114	32	4	56	20	77	71	17	10	73	35	18	0	8	6	18	42	31	6	62	37	18	18	16	64	14	20	22	29	56	42	47	22	88	58	95	201	44	70
gene-343580	scaffold_14;scaffold_14;scaffold_14;scaffold_14;scaffold_14;scaffold_14;scaffold_14;scaffold_14;scaffold_14;scaffold_14;scaffold_14;scaffold_14;scaffold_14;scaffold_14;scaffold_14;scaffold_14;scaffold_14;scaffold_14;scaffold_14;scaffold_14;scaffold_14	6648479;6648479;6650105;6650105;6652420;6652420;6656162;6656162;6657805;6657805;6661143;6661143;6662692;6667278;6671953;6674623;6680968;6681314;6682048;6685475;6692954	6648748;6648748;6650287;6650287;6652631;6652631;6656375;6656375;6657984;6657984;6661330;6661330;6662722;6667448;6672103;6674808;6681200;6681533;6682227;6685593;6692972	-;-;-;-;-;-;-;-;-;-;-;-;-;-;-;-;-;-;-;-;-	2557	2225	1914	1928	1962	2412	5842	2564	2057	1798	916	1780	2686	1718	4432	2183	4797	2737	1046	2811	4077	1065	3406	2414	2038	5074	5420	2519	2892	19240	6480	5055	7074	3457	9574	4755	2100	1204	3715	1748	1903	1979	1942	2047	4194	1464	2478	2281	1014	3977	3435	3873	2410	2109	2624	3813	2149	998	3302	1599	1920	1252	3873	1512	2124	2066	2494	928	6855	1568	3908	12798	3144	3204	2954	2164	965	13450	1278	7132	2197	1140	3365
gene-343648	scaffold_14;scaffold_14;scaffold_14	6693617;6697974;6707371	6693786;6698169;6707556	+;+;+	552	4825	2198	4544	1988	2498	8159	3922	2660	2707	1060	2492	2448	1460	3405	1293	2888	4790	1250	2461	2022	602	1624	1945	1899	3624	4454	5162	1197	6669	3279	4223	4113	3130	4994	3866	2035	842	1704	2607	2066	2847	2237	2554	4904	1595	2165	3537	1094	3476	3432	3390	2795	4254	1982	3186	1750	737	2304	1385	1277	1659	2530	1583	1683	2966	1667	908	4611	1275	1188	4181	1133	1899	2745	2163	1222	6978	2951	3204	6042	2822	6914
gene-343660	scaffold_14;scaffold_14;scaffold_14;scaffold_14;scaffold_14;scaffold_14;scaffold_14	6712834;6714609;6719001;6723589;6726234;6730003;6732983	6713001;6714789;6719234;6723689;6726394;6730176;6733046	-;-;-;-;-;-;-	1083	122	16	18	20	12	74	104	31	20	6	14	23	38	27	10	93	28	12	12	18	4	4	20	16	221	122	127	9	374	217	389	164	585	185	806	0	6	26	53	12	20	16	48	56	12	4	26	6	12	51	52	8	41	33	22	2	8	17	24	8	16	6	40	26	22	14	8	468	6	60	199	30	33	86	22	2	1059	23	441	328	219	313
gene-343684	scaffold_14;scaffold_14;scaffold_14	6761947;6811253;6817186	6762161;6811595;6817473	+;+;+	846	2722	764	1253	927	1407	2983	2062	1045	1250	499	1143	1290	1334	1528	695	1766	2224	304	1189	810	325	818	906	931	2324	2298	3025	565	5306	742	696	1784	969	1536	1075	572	329	797	1472	1101	1394	1418	1473	2711	985	1191	1621	606	1357	1927	1495	1440	1955	1068	2352	828	367	1504	781	959	617	1327	1086	1063	1233	907	537	1405	550	657	1726	1023	1057	1540	1160	509	2820	1311	1429	3654	1946	2426
gene-343696	scaffold_14;scaffold_14;scaffold_14	6825245;6827849;6840378	6826351;6828050;6841249	-;-;-	2181	1061	460	629	389	384	1034	680	585	388	168	303	517	223	855	310	621	1622	320	634	340	48	262	329	433	943	1507	2232	256	3364	1688	2201	2136	1414	2050	1940	270	155	419	1018	228	468	496	304	694	232	208	747	245	836	545	405	284	431	602	352	322	82	259	288	128	259	538	380	351	402	249	160	2600	182	467	1933	314	798	1135	388	184	3928	964	1521	2229	788	1578
gene-343708	scaffold_14;scaffold_14	6842961;6843161	6843104;6843346	+;+	330	18	10	14	12	12	13	16	10	14	4	6	12	20	0	6	26	0	4	10	2	0	0	16	4	57	27	34	6	65	25	36	17	42	5	16	6	4	2	21	12	3	5	6	17	8	2	20	10	24	35	2	2	31	10	12	0	2	5	4	16	18	2	13	4	4	3	2	12	4	14	4	9	33	10	10	14	27	43	45	72	18	29
gene-343717	scaffold_14;scaffold_14	6843427;6843968	6843627;6843973	+;+	207	16	8	4	11	4	15	34	17	7	5	3	4	20	1	8	14	2	1	12	0	6	0	4	8	33	18	18	2	32	12	12	9	19	0	16	5	11	0	4	2	9	9	7	17	2	0	17	8	14	17	2	2	29	18	7	1	6	7	2	0	12	0	17	8	6	2	2	12	2	6	2	6	34	8	10	7	23	13	19	43	8	25
gene-343726	scaffold_14;scaffold_14;scaffold_14;scaffold_14;scaffold_14;scaffold_14	6844082;6845535;6847649;6851473;6851991;6854405	6844402;6846398;6847818;6851641;6852173;6854698	+;+;+;+;+;+	2001	288	87	156	84	64	209	203	142	78	54	51	168	163	49	82	176	24	67	126	16	34	12	70	52	400	402	263	69	428	125	124	127	124	73	146	43	39	14	86	32	106	97	97	185	33	12	201	61	153	290	42	32	152	130	16	18	26	33	68	32	50	16	56	83	80	73	48	140	32	48	60	88	409	108	100	56	261	175	157	666	200	292
gene-343747	scaffold_14;scaffold_14;scaffold_14;scaffold_14;scaffold_14;scaffold_14;scaffold_14;scaffold_14;scaffold_14;scaffold_14;scaffold_14;scaffold_14;scaffold_14;scaffold_14;scaffold_14;scaffold_14;scaffold_14;scaffold_14;scaffold_14;scaffold_14;scaffold_14;scaffold_14;scaffold_14;scaffold_14;scaffold_14;scaffold_14;scaffold_14;scaffold_14	6862347;6862347;6869152;6869196;6869196;6871329;6871329;6871329;6879121;6879121;6895536;6895536;6895536;6897625;6897625;6897625;6899266;6899266;6899266;6903685;6903685;6903685;6915325;6915325;6915325;6940675;6940675;6940675	6864163;6864163;6869255;6869255;6869255;6871533;6871533;6871533;6879765;6879765;6895716;6895716;6895716;6897751;6897751;6897751;6899428;6899428;6899428;6903859;6903859;6903859;6915460;6915460;6915460;6940681;6940681;6940681	-;-;-;-;-;-;-;-;-;-;-;-;-;-;-;-;-;-;-;-;-;-;-;-;-;-;-;-	3560	3139	2477	4232	1944	3800	11871	5203	2879	5192	1446	3338	2400	5103	3725	2352	4293	6534	656	3653	3013	784	1649	1801	2564	9015	6590	7449	2173	16300	9096	7658	9125	3905	11962	5606	3517	1810	5255	5439	2230	2900	2397	3821	7057	2334	4511	3039	1383	4738	8148	5214	4969	7310	3211	7505	1321	1218	2842	1799	2286	1143	3711	2506	2681	2570	2905	1107	9419	1634	2973	9224	2557	3512	3850	5918	2752	16101	4083	9577	7199	3678	5648
gene-343838	scaffold_14;scaffold_14;scaffold_14;scaffold_14;scaffold_14;scaffold_14;scaffold_14;scaffold_14;scaffold_14;scaffold_14;scaffold_14;scaffold_14;scaffold_14;scaffold_14;scaffold_14;scaffold_14;scaffold_14;scaffold_14;scaffold_14;scaffold_14;scaffold_14;scaffold_14;scaffold_14;scaffold_14;scaffold_14;scaffold_14;scaffold_14	6953186;7013088;7013120;7015490;7015490;7017384;7017384;7024815;7024815;7027813;7027813;7028934;7028934;7038799;7038799;7051487;7051487;7052976;7052976;7055235;7055235;7056244;7056244;7073323;7073323;7073988;7073988	6953246;7013316;7013316;7015580;7015580;7017985;7017985;7025148;7025148;7028022;7028022;7029128;7029128;7038945;7038945;7051672;7051672;7053376;7053376;7055555;7055555;7056454;7056454;7073449;7073449;7074091;7074091	+;+;+;+;+;+;+;+;+;+;+;+;+;+;+;+;+;+;+;+;+;+;+;+;+;+;+	3219	50	36	28	24	28	30	38	29	26	26	21	20	46	23	51	38	23	26	23	20	17	2	49	16	150	96	122	18	239	123	92	89	107	50	80	8	12	12	64	6	18	22	27	36	12	4	30	32	50	63	23	12	32	52	8	10	27	20	28	20	70	24	60	64	18	50	16	92	4	36	26	32	70	75	18	24	168	66	142	198	54	126
gene-343924	scaffold_14;scaffold_14	6998258;7006096	6998524;7007451	+;+	1623	56	24	24	24	10	44	39	30	13	18	0	21	18	14	7	52	16	10	35	2	4	0	8	24	101	88	82	8	213	36	56	33	62	13	47	6	2	4	36	6	14	30	24	38	12	2	58	15	44	32	12	6	30	41	12	0	8	4	10	18	10	3	22	20	20	8	14	101	4	16	12	47	34	33	21	14	82	24	44	206	44	53
gene-343933	scaffold_14;scaffold_14;scaffold_14;scaffold_14;scaffold_14	7082755;7084973;7087004;7089273;7093700	7082875;7085157;7087290;7089367;7094082	+;+;+;+;+	1071	300	159	184	162	63	268	272	246	58	91	48	190	90	112	121	640	38	90	263	12	22	14	82	153	1089	617	362	112	818	179	229	141	357	98	211	58	42	20	127	71	184	211	141	305	57	2	356	63	365	415	63	24	191	224	70	16	28	50	81	62	162	21	85	125	193	83	88	338	52	82	72	249	191	206	93	40	445	205	308	1377	476	978
gene-343951	scaffold_14;scaffold_14;scaffold_14;scaffold_14;scaffold_14	7118784;7118784;7121439;7121439;7188901	7119098;7119098;7122427;7122407;7188946	-;-;-;-;-	1350	77	123	42	83	24	50	76	62	12	86	46	53	61	429	221	460	248	121	156	88	14	21	219	44	718	634	2011	64	3260	76	394	241	637	92	758	54	49	119	662	14	31	68	53	53	14	10	115	26	386	127	34	6	65	141	30	47	14	4	55	10	50	101	375	254	48	44	22	320	21	416	69	203	397	555	30	6	703	414	268	3211	616	2630
gene-343971	scaffold_14;scaffold_14;scaffold_14;scaffold_14;scaffold_14	7339306;7339538;7340952;7344119;7346562	7339486;7339603;7341072;7344255;7346800	+;+;+;+;+	744	2537	994	2259	1095	1107	3074	1303	1461	1149	666	1234	1592	607	1699	850	1788	2332	864	1625	1406	286	1172	1121	1557	1638	3111	2967	1069	4356	2314	2882	3603	2107	4070	2722	1227	314	1071	1696	993	1498	1657	1192	2328	984	1238	2235	839	1978	1466	1622	1509	1281	1286	1552	1444	448	1490	798	688	1010	1731	871	738	1726	1004	708	3669	923	1011	3318	1202	1356	1494	1431	833	5332	1694	2316	2819	1731	3664
gene-343989	scaffold_14;scaffold_14;scaffold_14;scaffold_14;scaffold_14;scaffold_14;scaffold_14;scaffold_14;scaffold_14	7346997;7348529;7349210;7352818;7354117;7355502;7360925;7361290;7361496	7347080;7348654;7349562;7352927;7354308;7355726;7361106;7361435;7361640	-;-;-;-;-;-;-;-;-	1563	1132	482	942	399	668	1646	768	639	568	202	561	642	388	668	376	644	1191	292	534	413	108	294	421	537	780	1063	1312	280	2415	1005	1388	1548	981	1635	1287	402	126	322	865	371	586	460	506	982	434	492	903	255	931	913	855	695	874	644	540	382	164	645	312	336	317	652	323	378	561	449	188	1581	295	454	1487	428	465	728	422	242	2466	737	1057	1730	797	1553
gene-344019	scaffold_14;scaffold_14;scaffold_14;scaffold_14;scaffold_14;scaffold_14;scaffold_14;scaffold_14;scaffold_14;scaffold_14	7363530;7364922;7366867;7369267;7374029;7374401;7379825;7386527;7390570;7392618	7363634;7365470;7367170;7370081;7374136;7374746;7379920;7386602;7390744;7392725	+;+;+;+;+;+;+;+;+;+	2682	58	21	62	55	38	50	75	20	96	41	46	16	143	6	64	39	22	62	26	34	46	6	98	12	157	78	190	26	167	157	115	84	122	47	115	28	28	8	94	22	16	28	78	30	43	8	35	47	53	75	34	24	130	80	16	4	43	30	15	70	50	4	101	86	18	59	33	23	12	57	14	49	95	57	23	64	97	162	209	90	102	26
gene-344052	scaffold_14;scaffold_14;scaffold_14;scaffold_14;scaffold_14;scaffold_14;scaffold_14;scaffold_14;scaffold_14;scaffold_14;scaffold_14;scaffold_14;scaffold_14	7424621;7424621;7431930;7431930;7434757;7434757;7435336;7435336;7441104;7441104;7445514;7445514;7445925	7424991;7424991;7432125;7432125;7435104;7435104;7435500;7435500;7441526;7441526;7445696;7445696;7445981	-;-;-;-;-;-;-;-;-;-;-;-;-	1743	66	18	48	36	14	41	55	30	36	26	10	40	38	6	26	64	10	8	28	16	18	8	30	24	151	137	94	27	133	73	29	34	46	18	32	8	16	8	81	4	48	38	32	68	14	0	38	16	42	71	10	10	39	27	10	0	7	11	20	18	4	0	41	40	14	16	16	34	4	22	6	22	71	30	31	10	81	38	70	92	50	44
gene-344096	scaffold_14;scaffold_14;scaffold_14;scaffold_14	7473751;7475619;7490562;7490792	7473876;7475911;7490714;7490903	-;-;-;-	684	20	2	2	2	6	16	6	8	8	6	10	6	8	8	6	2	34	6	8	4	10	2	16	4	20	26	42	2	24	26	30	22	27	10	26	4	2	0	20	4	4	2	4	18	4	2	4	14	24	14	4	8	14	8	2	0	3	10	0	8	8	6	16	12	4	12	2	12	0	14	18	4	18	14	0	6	38	50	20	26	8	14
gene-344111	scaffold_14	7548170	7551109	+	2940	0	0	0	0	0	0	0	0	0	2	0	0	0	0	0	0	0	0	0	2	0	0	0	0	0	0	2	0	2	0	0	2	0	0	4	0	2	0	0	0	0	0	0	0	0	0	0	0	0	2	0	0	0	0	0	0	0	0	0	0	0	0	0	0	0	0	0	0	0	0	0	2	0	0	0	0	0	0	4	0	0	0
gene-344117	scaffold_14;scaffold_14;scaffold_14;scaffold_14;scaffold_14;scaffold_14;scaffold_14;scaffold_14;scaffold_14	7625040;7632138;7638411;7642482;7643831;7646233;7650748;7651829;7654862	7625430;7632239;7638594;7642853;7643955;7646477;7650951;7651996;7654948	+;+;+;+;+;+;+;+;+	1878	80	24	58	0	12	52	63	36	14	12	18	36	40	8	10	14	82	2	10	0	0	0	21	30	47	6	293	14	1728	458	119	621	50	599	224	4	0	4	56	23	26	26	28	157	29	9	49	7	162	91	38	20	74	24	9	0	4	28	10	40	4	8	24	14	22	6	8	608	4	74	392	8	16	135	24	4	578	50	262	220	109	159
gene-344147	scaffold_14;scaffold_14	7718590;7719220	7718901;7720605	+;+	1698	8	2	6	0	2	4	4	4	4	0	0	0	0	4	6	2	2	0	0	0	4	2	2	0	0	6	2	0	0	4	0	0	0	0	0	0	0	2	0	4	8	4	2	2	0	2	2	2	0	2	0	4	0	0	0	4	0	4	2	0	4	0	0	2	2	0	0	0	4	0	0	0	0	0	8	8	0	2	0	2	0	0
gene-344156	scaffold_14;scaffold_14;scaffold_14;scaffold_14;scaffold_14;scaffold_14;scaffold_14;scaffold_14;scaffold_14;scaffold_14	7735839;7736614;7737282;7742318;7746215;7748480;7750814;7759514;7760348;7761816	7736001;7736792;7737413;7742605;7746414;7748716;7751048;7759659;7760528;7762004	-;-;-;-;-;-;-;-;-;-	1950	140	49	80	58	38	42	91	52	50	38	34	67	60	36	88	95	32	34	40	34	24	22	60	20	267	258	140	56	238	79	54	52	46	44	69	40	26	14	49	24	50	54	40	94	36	20	117	62	75	81	18	22	56	130	14	36	16	18	28	29	55	5	52	96	84	56	34	82	18	20	30	89	144	60	42	36	102	69	76	204	59	71
gene-344189	scaffold_14;scaffold_14;scaffold_14	8526907;8528062;8528725	8528000;8528133;8528776	-;-;-	1218	0	0	0	0	0	0	0	2	0	0	0	0	0	0	0	0	0	0	0	0	0	0	0	0	0	0	0	0	2	4	3	2	0	0	0	0	0	0	0	0	0	0	0	0	0	0	4	0	0	0	0	0	0	0	0	0	0	0	0	0	0	0	0	0	0	0	0	0	0	0	6	0	0	0	0	0	5	0	0	4	0	0
gene-344201	scaffold_14;scaffold_14	8960012;8960174	8960103;8961875	+;+	1794	0	0	0	0	0	0	0	0	0	0	0	0	0	0	1	0	0	0	0	0	0	0	0	0	0	0	0	0	2	0	0	2	0	2	0	0	0	0	0	0	0	0	0	0	2	8	4	0	0	4	0	2	0	2	0	0	0	2	0	4	0	6	2	0	2	2	0	2	0	0	4	0	2	0	0	0	6	0	4	8	6	6
gene-344210	scaffold_14;scaffold_14;scaffold_14;scaffold_14;scaffold_14;scaffold_14;scaffold_14;scaffold_14;scaffold_14;scaffold_14;scaffold_14;scaffold_14;scaffold_14;scaffold_14;scaffold_14;scaffold_14;scaffold_14;scaffold_14;scaffold_14;scaffold_14;scaffold_14;scaffold_14;scaffold_14;scaffold_14;scaffold_14;scaffold_14;scaffold_14;scaffold_14;scaffold_14;scaffold_14;scaffold_14;scaffold_14;scaffold_14;scaffold_14;scaffold_14;scaffold_14;scaffold_14;scaffold_14;scaffold_14;scaffold_14;scaffold_14;scaffold_14;scaffold_14;scaffold_14;scaffold_14;scaffold_14;scaffold_14;scaffold_14;scaffold_14;scaffold_14;scaffold_14;scaffold_14;scaffold_14;scaffold_14;scaffold_14;scaffold_14;scaffold_14;scaffold_14;scaffold_14;scaffold_14;scaffold_14;scaffold_14;scaffold_14;scaffold_14;scaffold_14;scaffold_14;scaffold_14;scaffold_14;scaffold_14;scaffold_14;scaffold_14;scaffold_14;scaffold_14;scaffold_14;scaffold_14;scaffold_14;scaffold_14;scaffold_14;scaffold_14;scaffold_14;scaffold_14;scaffold_14;scaffold_14;scaffold_14;scaffold_14;scaffold_14;scaffold_14;scaffold_14;scaffold_14;scaffold_14;scaffold_14;scaffold_14;scaffold_14;scaffold_14;scaffold_14;scaffold_14;scaffold_14;scaffold_14;scaffold_14;scaffold_14;scaffold_14;scaffold_14;scaffold_14;scaffold_14	9185919;9185919;9185919;9185919;9185919;9185919;9185919;9298213;9298213;9298213;9298213;9298213;9298213;9298213;9301315;9301315;9301315;9301315;9301315;9301315;9301315;9305655;9305655;9305655;9305655;9305655;9305655;9305655;9315718;9315718;9315718;9315718;9315718;9315718;9315718;9333874;9333874;9333874;9333874;9333874;9333874;9333874;9338456;9338456;9338456;9338456;9338456;9338456;9338456;9340002;9340002;9340002;9340002;9340002;9340002;9340002;9340125;9340125;9340125;9344585;9344585;9344585;9357231;9357231;9357231;9357231;9357231;9357231;9357231;9361741;9361741;9361741;9361741;9361741;9361741;9361741;9366802;9366802;9366802;9366802;9368302;9368302;9368302;9371117;9371117;9371117;9371117;9371117;9371117;9371117;9373209;9373209;9373209;9373209;9373209;9373209;9373209;9375922;9375922;9375922;9375922;9375922;9375922;9375922	9185967;9185967;9185967;9185967;9185967;9185967;9185967;9298396;9298396;9298396;9298396;9298396;9298396;9298396;9301600;9301600;9301600;9301600;9301600;9301600;9301600;9305816;9305816;9305816;9305816;9305816;9305816;9305816;9315785;9315785;9315785;9315785;9315785;9315785;9315785;9334022;9334022;9334022;9334022;9334022;9334022;9334022;9338667;9338667;9338667;9338667;9338667;9338667;9338667;9340072;9340072;9340072;9340072;9340072;9340072;9340072;9340283;9340283;9340283;9346951;9346951;9346951;9357332;9357332;9357332;9357332;9357332;9357332;9357332;9361934;9361934;9361934;9361934;9361934;9361934;9361934;9367027;9367027;9367027;9367027;9368527;9368527;9368527;9371554;9371554;9371554;9371554;9371554;9371554;9371554;9373407;9373407;9373407;9373407;9373407;9373407;9373407;9376086;9376086;9376086;9376086;9376086;9376086;9376086	+;+;+;+;+;+;+;+;+;+;+;+;+;+;+;+;+;+;+;+;+;+;+;+;+;+;+;+;+;+;+;+;+;+;+;+;+;+;+;+;+;+;+;+;+;+;+;+;+;+;+;+;+;+;+;+;+;+;+;+;+;+;+;+;+;+;+;+;+;+;+;+;+;+;+;+;+;+;+;+;+;+;+;+;+;+;+;+;+;+;+;+;+;+;+;+;+;+;+;+;+;+;+;+	5257	3132	66	337	143	343	1393	2000	239	180	61	145	160	257	51	83	683	38	18	93	20	120	8	69	139	457	410	329	98	2778	286	238	138	246	94	426	54	50	34	40	192	462	262	452	1018	131	43	278	106	135	1167	260	80	1173	283	187	12	78	201	162	187	148	51	16	65	195	212	80	302	70	216	224	159	140	48	189	119	698	117	240	2094	4772	5829
gene-344537	scaffold_14;scaffold_14;scaffold_14	9399998;9411952;9416571	9400063;9412275;9416984	+;+;+	804	20	6	30	4	6	24	20	14	6	6	8	4	11	14	10	6	22	0	16	16	0	10	8	18	2	2	68	0	128	54	48	120	18	88	54	0	0	0	44	8	4	12	12	36	4	0	14	2	38	32	8	6	18	2	4	2	2	2	0	14	4	2	12	0	10	4	4	78	2	12	64	6	10	18	18	4	90	30	48	24	27	38
gene-344549	scaffold_14	9460487	9460960	-	474	47	4	0	2	1	8	10	6	12	9	2	8	2	0	14	20	0	2	12	0	4	0	10	2	42	28	46	12	91	22	16	20	18	9	14	2	4	4	30	4	7	10	10	10	6	0	12	8	24	59	0	2	8	4	4	0	4	0	6	0	4	0	5	6	2	4	4	12	0	8	12	18	4	10	8	2	15	17	14	60	10	10
gene-344555	scaffold_14;scaffold_14	9499904;9504079	9500094;9504184	+;+	297	4	0	4	0	2	0	0	2	4	2	0	4	2	0	0	2	0	0	0	0	0	0	0	0	4	0	0	0	0	0	2	4	0	0	0	0	0	0	2	2	0	0	0	2	2	2	0	0	2	0	0	2	2	0	0	2	0	0	0	0	0	0	0	0	0	2	0	0	2	0	2	4	2	0	0	0	0	0	0	0	2	0
gene-344564	scaffold_14;scaffold_14;scaffold_14;scaffold_14;scaffold_14;scaffold_14;scaffold_14;scaffold_14;scaffold_14;scaffold_14;scaffold_14;scaffold_14;scaffold_14;scaffold_14;scaffold_14;scaffold_14;scaffold_14;scaffold_14;scaffold_14;scaffold_14;scaffold_14;scaffold_14;scaffold_14;scaffold_14;scaffold_14;scaffold_14;scaffold_14;scaffold_14;scaffold_14;scaffold_14;scaffold_14;scaffold_14;scaffold_14;scaffold_14;scaffold_14;scaffold_14;scaffold_14;scaffold_14;scaffold_14;scaffold_14;scaffold_14;scaffold_14;scaffold_14;scaffold_14;scaffold_14;scaffold_14;scaffold_14;scaffold_14;scaffold_14;scaffold_14;scaffold_14;scaffold_14;scaffold_14;scaffold_14;scaffold_14;scaffold_14;scaffold_14;scaffold_14;scaffold_14;scaffold_14;scaffold_14;scaffold_14;scaffold_14;scaffold_14;scaffold_14;scaffold_14;scaffold_14;scaffold_14;scaffold_14;scaffold_14;scaffold_14;scaffold_14;scaffold_14;scaffold_14;scaffold_14;scaffold_14;scaffold_14;scaffold_14;scaffold_14;scaffold_14;scaffold_14;scaffold_14;scaffold_14;scaffold_14;scaffold_14;scaffold_14;scaffold_14;scaffold_14;scaffold_14;scaffold_14;scaffold_14;scaffold_14;scaffold_14;scaffold_14;scaffold_14;scaffold_14;scaffold_14;scaffold_14;scaffold_14;scaffold_14;scaffold_14;scaffold_14;scaffold_14;scaffold_14;scaffold_14;scaffold_14;scaffold_14;scaffold_14;scaffold_14;scaffold_14;scaffold_14;scaffold_14;scaffold_14;scaffold_14;scaffold_14;scaffold_14;scaffold_14;scaffold_14;scaffold_14;scaffold_14;scaffold_14;scaffold_14;scaffold_14	9569718;9569718;9569718;9569718;9582398;9582398;9582398;9582398;9592113;9592113;9592113;9592113;9592153;9600744;9600744;9600744;9600744;9600744;9600979;9600979;9600979;9600979;9600979;9609946;9609946;9609946;9609946;9609946;9610147;9610147;9610147;9610147;9610147;9620020;9620020;9620020;9620020;9620020;9620256;9620256;9620256;9620256;9620256;9635380;9635380;9635380;9635380;9635380;9646541;9646541;9646541;9646541;9646541;9649491;9649491;9649491;9649491;9649579;9649579;9649579;9649579;9649579;9651524;9651524;9651524;9651524;9651524;9654022;9654022;9654022;9654022;9654022;9655949;9655949;9655961;9655961;9655961;9656119;9656119;9656119;9656119;9656119;9659513;9659513;9659513;9659513;9659513;9665207;9675956;9675956;9675956;9675956;9675956;9676731;9676731;9676731;9676731;9676731;9680550;9680550;9680550;9680550;9680550;9682899;9682899;9682899;9682899;9682899;9684132;9684132;9684132;9684132;9684132;9689252;9689252;9689252;9689252;9689252;9692776;9692776;9692776;9692776;9692776	9569828;9569828;9569828;9569828;9582690;9582690;9582690;9582690;9592215;9592215;9592215;9592215;9592215;9600919;9600919;9600919;9600919;9600919;9601058;9601058;9601058;9601058;9601058;9610094;9610094;9610094;9610094;9610094;9610227;9610227;9610227;9610227;9610227;9620189;9620189;9620189;9620189;9620189;9620349;9620349;9620349;9620349;9620349;9635643;9635643;9635643;9635643;9635643;9646823;9646823;9646823;9646823;9646823;9649511;9649511;9649517;9649511;9649767;9649767;9649767;9649767;9649767;9651660;9651660;9651660;9651660;9651660;9654209;9654209;9654209;9654209;9654209;9656062;9656062;9656062;9656062;9656062;9656306;9656306;9656306;9656306;9656306;9659625;9659625;9659625;9659625;9659625;9665473;9676112;9676112;9676112;9676112;9676112;9676872;9676872;9676872;9676872;9676872;9680859;9680859;9680859;9680859;9680859;9683057;9683057;9683057;9683057;9683057;9684353;9684353;9684353;9684353;9684353;9689382;9689382;9689382;9689382;9689382;9692977;9692977;9692977;9692977;9692977	+;+;+;+;+;+;+;+;+;+;+;+;+;+;+;+;+;+;+;+;+;+;+;+;+;+;+;+;+;+;+;+;+;+;+;+;+;+;+;+;+;+;+;+;+;+;+;+;+;+;+;+;+;+;+;+;+;+;+;+;+;+;+;+;+;+;+;+;+;+;+;+;+;+;+;+;+;+;+;+;+;+;+;+;+;+;+;+;+;+;+;+;+;+;+;+;+;+;+;+;+;+;+;+;+;+;+;+;+;+;+;+;+;+;+;+;+;+;+;+;+;+;+	4350	0	0	0	0	0	0	0	0	0	0	0	0	0	0	0	2	0	0	0	0	0	0	0	0	4	0	0	0	11	2	0	2	2	0	0	0	0	0	0	0	0	0	0	0	0	0	0	0	4	2	0	0	0	0	0	0	0	0	0	2	0	0	0	0	0	0	0	0	0	2	0	0	0	1	0	0	2	0	0	0	0	2
gene-344945	scaffold_14;scaffold_14;scaffold_14;scaffold_14;scaffold_14;scaffold_14;scaffold_14;scaffold_14;scaffold_14;scaffold_14	9863371;9865498;9871061;9875517;9884220;9888585;9888852;9889278;9891091;9892348	9863492;9865808;9871322;9875751;9884511;9888713;9889091;9889456;9891492;9892398	-;-;-;-;-;-;-;-;-;-	2223	2242	2253	2360	1110	1496	4298	2049	1792	1758	637	1534	1907	2087	2253	1306	1808	5270	535	1617	1772	656	1362	1406	1097	3926	3051	6622	824	5525	3587	5374	5971	3745	5307	7761	1268	551	2397	3228	1318	1670	1166	1173	2557	748	2038	2202	947	5575	2749	1882	1572	2906	2004	1319	1080	614	1166	1127	986	962	2048	1169	1712	1667	1404	513	4901	623	1007	3443	1073	2880	3567	1470	828	8857	3719	4686	7588	2301	4646
gene-344978	scaffold_14;scaffold_14;scaffold_14;scaffold_14;scaffold_14;scaffold_14;scaffold_14;scaffold_14;scaffold_14;scaffold_14;scaffold_14;scaffold_14	9911761;9911761;9918655;9918655;10003460;10003460;10020902;10020902;10056105;10056105;10069412;10069412	9911906;9911906;9918890;9918890;10003520;10003532;10021028;10021028;10056362;10056362;10069552;10069552	-;-;-;-;-;-;-;-;-;-;-;-	981	140	6	46	18	14	87	106	27	10	8	8	8	40	4	20	18	6	0	4	1	16	0	10	0	89	55	75	6	82	30	33	28	46	27	30	2	20	6	37	6	16	26	48	72	6	0	13	12	53	47	10	14	83	8	14	2	20	2	6	28	14	2	13	10	4	6	0	10	0	17	4	6	4	18	24	6	41	45	59	219	41	114
gene-345019	scaffold_14;scaffold_14;scaffold_14	10148281;10149408;10159035	10148564;10151243;10159062	-;-;-	2148	14	0	0	0	0	8	2	0	0	0	0	0	2	2	0	0	10	0	0	1	0	0	0	2	4	0	85	0	153	8	4	3	5	14	6	0	0	0	11	0	0	0	0	0	0	0	0	0	160	2	4	0	4	0	0	0	0	2	4	0	0	0	0	0	0	0	0	30	0	21	4	0	0	4	0	0	38	33	18	202	577	60
gene-345031	scaffold_14;scaffold_14;scaffold_14;scaffold_14;scaffold_14;scaffold_14;scaffold_14;scaffold_14;scaffold_14	10183121;10190698;10196824;10203237;10207142;10209929;10216888;10223947;10228573	10183394;10190889;10197018;10203335;10207297;10210305;10217143;10224333;10228997	+;+;+;+;+;+;+;+;+	2361	13	0	0	12	0	16	21	6	14	0	4	2	2	14	12	14	2	0	0	0	0	0	4	2	8	27	14	2	72	0	0	10	10	28	1	8	0	0	0	6	19	0	2	53	4	0	0	0	6	0	10	1	2	24	0	0	0	8	4	0	2	0	0	4	6	2	0	0	6	8	12	4	15	12	14	0	34	0	14	38	2	20
gene-345061	scaffold_14	10245118	10246272	-	1155	4	0	0	0	0	0	0	0	0	0	0	0	0	0	0	4	0	0	0	0	0	0	0	0	0	0	2	0	0	0	0	0	0	4	0	0	0	0	0	0	0	0	0	0	0	0	0	0	0	0	0	0	0	0	0	0	0	0	0	0	0	0	0	0	0	0	0	0	0	0	0	0	0	0	0	0	0	0	0	0	0	0
gene-345067	scaffold_14	10246448	10246909	-	462	0	0	0	0	0	0	0	0	0	0	0	0	0	0	0	0	0	0	0	0	0	0	0	0	0	0	0	0	0	0	0	0	0	0	0	0	0	0	0	0	0	0	0	0	0	0	0	0	0	0	0	0	0	0	0	0	0	0	0	0	0	0	0	0	0	0	0	0	0	0	0	0	0	0	0	0	0	0	0	0	0	0
gene-345073	scaffold_14;scaffold_14;scaffold_14;scaffold_14;scaffold_14;scaffold_14	10398714;10484234;10553970;10557119;10572632;10576527	10398803;10484426;10554176;10557348;10573405;10577192	+;+;+;+;+;+	2160	19	4	16	4	10	8	32	4	21	4	2	6	27	0	6	4	0	2	4	0	16	2	4	2	32	8	0	6	0	6	4	4	4	4	6	2	4	0	2	2	2	0	8	16	6	6	8	1	14	6	8	1	12	4	2	0	12	4	2	12	4	2	0	8	2	6	0	4	2	0	2	4	18	4	8	2	0	2	4	0	2	0
gene-345094	scaffold_14	10701882	10702874	+	993	0	0	0	0	0	0	0	0	0	0	0	0	0	0	0	0	0	0	0	0	0	0	0	0	0	0	0	0	0	0	0	0	0	0	0	0	0	0	0	0	0	0	0	0	0	0	0	0	0	0	0	0	0	0	0	0	0	0	0	0	0	0	0	0	0	0	0	0	0	0	0	0	0	0	0	0	0	0	0	0	0	0
gene-345100	scaffold_14;scaffold_14;scaffold_14;scaffold_14	10758576;10771991;10775104;10776771	10758734;10773642;10775298;10776804	+;+;+;+	2040	320	89	121	48	16	31	62	77	28	50	9	149	18	32	56	123	50	28	147	6	0	8	6	75	125	462	87	73	93	34	9	4	3	23	8	31	11	25	24	23	83	120	32	165	22	8	185	57	327	108	19	2	24	131	34	12	2	24	57	0	51	5	8	77	130	35	54	7	39	17	15	89	194	14	155	75	38	33	14	47	26	49
gene-345115	scaffold_14;scaffold_14;scaffold_14	10856129;10859644;10859673	10856157;10861311;10861311	-;-;-	1697	65	27	76	41	54	66	93	32	126	85	58	32	199	26	59	40	24	40	35	32	38	12	78	12	135	92	189	24	135	74	42	50	42	28	44	18	34	20	62	24	18	29	75	28	62	21	61	56	19	94	44	29	91	112	30	14	36	21	15	98	78	6	92	111	20	107	34	18	10	59	26	54	92	57	51	37	60	162	82	38	166	22
gene-345129	scaffold_14	11005903	11007942	+	2040	16748	6888	10355	6423	5632	13913	9867	8331	5251	3954	5233	8684	3878	8852	5468	14588	13394	3810	9006	4839	1006	3017	4811	7166	17621	18000	22682	5472	36920	16431	18673	20534	14413	20013	18612	4608	2565	5938	10919	4909	8193	10069	6510	12204	3826	4256	12159	5785	12117	10370	6366	3803	6966	10816	6516	5280	1659	5079	4940	2753	4587	7246	4142	7129	9533	5880	3155	25342	4196	5749	23228	7962	10343	13513	7108	3709	37134	10196	18322	30600	13127	21116
gene-345135	scaffold_14;scaffold_14;scaffold_14;scaffold_14;scaffold_14;scaffold_14;scaffold_14;scaffold_14	11026340;11026733;11027797;11028327;11030185;11030685;11032949;11039259	11026392;11026814;11028005;11028523;11030521;11030843;11033222;11039342	+;+;+;+;+;+;+;+	1395	3639	4368	2560	2512	4406	6880	2624	4153	2520	2016	4899	4517	1671	1952	1399	3796	5770	1137	3216	3015	1278	1611	1909	2540	3407	8376	7638	1581	7423	3250	3832	3908	1709	4606	1878	2199	744	1459	2260	3164	2209	5911	3170	8106	3107	4022	8163	2753	4859	5923	6160	5988	2188	5206	3883	2759	2058	5238	3176	3592	2236	2905	1508	3433	4766	4013	1919	3511	1975	1589	3604	2325	3190	3019	2649	1286	7270	4614	3169	7217	3887	6777
gene-345162	scaffold_14;scaffold_14;scaffold_14;scaffold_14;scaffold_14	11042595;11042763;11045836;11058034;11058723	11042660;11042902;11045959;11058292;11059105	+;+;+;+;+	972	7543	3693	7742	3540	3400	13237	5853	4030	4632	1534	5314	4722	3441	1963	1808	3319	5872	1411	2396	1942	698	2202	2174	2632	3006	6251	5985	1518	6371	2578	2851	2715	1618	4190	1634	2865	562	1350	1206	2814	4556	3889	4093	7759	2447	3802	6259	2701	5854	4885	5294	5167	4996	4581	3408	2900	1462	3108	2244	2172	2555	2290	940	2924	4365	2896	1238	3043	1748	1480	2729	1619	4762	1775	3100	1500	5488	5820	2417	6703	3692	5318
gene-345180	scaffold_14;scaffold_14;scaffold_14;scaffold_14	11063748;11070231;11071162;11082072	11064283;11070401;11071948;11082323	-;-;-;-	1746	946	623	621	440	477	1310	804	539	460	244	303	536	497	1350	491	796	3826	334	776	781	101	494	783	519	1622	1362	5952	322	8715	3586	3612	4424	2688	3972	3372	300	170	649	2460	330	449	315	468	785	238	430	655	211	2574	668	508	438	596	416	406	464	170	348	412	289	322	1060	752	719	526	418	203	4893	258	1503	4548	620	957	2302	364	166	7402	2616	3391	7113	1844	3182
gene-345195	scaffold_14;scaffold_14;scaffold_14;scaffold_14;scaffold_14;scaffold_14;scaffold_14;scaffold_14	11083946;11086378;11087053;11088112;11088515;11090867;11092802;11095576	11084149;11086537;11087178;11088458;11088673;11091091;11093005;11095683	+;+;+;+;+;+;+;+	1533	110	26	40	50	31	97	49	34	42	10	28	42	42	46	32	30	102	14	53	10	22	20	33	42	70	89	208	22	223	163	154	133	153	135	131	22	9	36	77	34	38	34	49	68	19	28	72	30	76	67	56	18	74	34	24	10	13	32	26	36	30	57	69	28	38	38	16	145	18	42	88	25	61	54	32	20	218	117	158	149	70	102
gene-345222	scaffold_14;scaffold_14;scaffold_14;scaffold_14;scaffold_14;scaffold_14;scaffold_14	11121688;11122539;11125109;11129412;11133690;11136439;11136676	11121852;11122665;11125355;11129619;11133818;11136534;11136732	-;-;-;-;-;-;-	1029	2038	637	1115	623	303	971	1133	808	298	326	289	865	244	529	553	1532	446	502	795	112	29	56	292	816	1348	2658	1272	594	1831	682	835	632	701	540	752	288	179	179	389	273	753	1339	520	1391	201	99	1450	424	826	1045	390	116	797	1019	281	160	77	231	438	136	515	239	218	525	1016	334	294	1200	323	133	818	589	1157	704	709	353	1812	345	630	2070	724	1612
gene-345246	scaffold_14;scaffold_14;scaffold_14	11137597;11138323;11139400	11137647;11138499;11139618	+;+;+	447	548	595	744	289	378	1185	515	454	461	208	483	482	317	998	376	445	2731	341	445	734	228	524	454	416	633	1120	2374	339	1697	1177	1657	1897	986	2099	1713	407	128	561	1479	508	508	312	372	639	320	466	505	265	903	523	584	631	483	390	521	951	190	441	311	190	302	818	522	454	459	350	202	1544	248	305	1350	281	805	913	442	263	2704	905	1246	1160	655	1409
gene-345258	scaffold_14;scaffold_14;scaffold_14;scaffold_14	11142739;11148858;11150821;11187335	11143960;11149158;11151060;11187455	-;-;-;-	1884	1116	224	504	191	92	279	612	447	144	173	74	472	83	44	228	650	32	67	390	24	22	0	48	163	471	1141	375	277	352	96	79	58	92	61	50	80	72	14	46	96	369	469	151	610	109	26	674	294	446	475	103	34	209	510	103	44	39	87	207	49	184	17	29	191	395	241	123	48	124	54	50	183	395	42	605	202	220	174	88	210	821	261
gene-345273	scaffold_14;scaffold_14;scaffold_14;scaffold_14	11210094;11212021;11212968;11213214	11210222;11212245;11213109;11213305	-;-;-;-	588	5958	1895	5292	2569	1951	5548	3496	2676	1674	814	1985	2764	811	2756	1063	3262	2585	1814	2087	1299	467	1043	1129	2408	2073	4154	4025	1696	7963	3558	2591	3767	1917	4992	2159	1580	461	1318	1919	1741	3487	3220	2510	4278	1818	1852	4522	1381	2453	2878	2721	2127	3206	1962	2168	2016	862	2445	1372	1395	2304	2169	1083	1312	3506	1550	1018	4285	1850	1709	5141	1917	2645	1994	1919	1401	5844	2432	2677	4789	2130	2795
gene-345288	scaffold_14;scaffold_14;scaffold_14;scaffold_14;scaffold_14	11214118;11216204;11217768;11220131;11228744	11214285;11216406;11218168;11220309;11229325	+;+;+;+;+	1533	599	192	341	131	149	702	413	266	167	109	134	270	161	320	154	346	690	107	223	134	58	57	140	193	621	597	1115	98	1273	472	845	716	617	688	924	96	69	191	492	84	265	226	205	421	126	100	386	147	521	465	264	116	395	301	163	108	40	186	119	83	105	196	176	197	228	144	124	958	70	116	701	165	345	481	150	82	1738	344	707	1365	457	1070
gene-345306	scaffold_14;scaffold_14;scaffold_14;scaffold_14;scaffold_14;scaffold_14;scaffold_14;scaffold_14;scaffold_14;scaffold_14;scaffold_14;scaffold_14;scaffold_14;scaffold_14;scaffold_14;scaffold_14;scaffold_14;scaffold_14;scaffold_14;scaffold_14;scaffold_14	11242743;11268525;11359270;11365569;11368223;11368947;11370544;11373561;11382535;11392077;11393646;11405991;11408331;11409824;11411566;11413554;11415601;11418020;11421777;11423679;11426192	11243657;11268797;11359399;11365960;11368408;11369182;11370773;11373745;11382579;11392265;11394006;11406371;11408557;11409965;11411953;11413950;11416041;11418316;11422156;11423848;11426412	+;+;+;+;+;+;+;+;+;+;+;+;+;+;+;+;+;+;+;+;+	6186	429	120	203	148	96	251	515	167	202	158	122	206	385	135	223	437	139	66	163	56	108	16	165	98	1282	690	976	78	1366	586	716	554	773	306	809	88	90	64	360	72	124	205	182	380	66	40	282	138	556	564	123	34	491	294	88	36	104	45	109	150	98	38	210	270	120	108	66	744	40	185	228	271	370	455	164	105	1298	436	818	1912	457	530
gene-345372	scaffold_14;scaffold_14;scaffold_14;scaffold_14;scaffold_14	11434848;11434848;11435962;11435962;11436288	11435680;11435680;11436595;11436239;11436595	-;-;-;-;-	1467	14396	7186	11827	6071	6401	18203	9299	9147	7326	2990	7403	9150	3320	14905	5037	11101	16633	5191	7157	6600	976	5918	4284	7614	8744	15121	12269	5768	20110	13756	27599	11913	7873	16276	8857	6948	3178	6352	9381	6176	8901	7655	6407	14465	4724	6375	10063	6142	9845	7063	9729	6006	6661	7650	5766	9440	1826	6751	4638	3405	4879	13431	6651	5558	8588	5268	2372	21107	4445	4435	12460	5555	9846	8586	8865	3597	21834	15219	9176	13904	7581	21444
gene-345392	scaffold_14;scaffold_14;scaffold_14;scaffold_14;scaffold_14;scaffold_14;scaffold_14;scaffold_14	11446143;11448531;11450200;11452769;11453246;11456372;11462222;11467382	11446479;11448655;11450345;11452976;11453558;11456549;11462342;11467456	-;-;-;-;-;-;-;-	1503	23	4	11	6	10	15	44	10	18	11	6	4	20	2	20	20	6	22	10	0	14	2	20	12	75	28	74	6	136	58	37	44	51	33	22	2	8	2	24	6	6	8	24	14	11	2	18	2	44	32	2	4	25	8	4	2	18	14	14	16	10	4	18	33	8	15	2	8	6	34	22	10	14	21	10	12	66	31	61	114	42	40
gene-345419	scaffold_14;scaffold_14;scaffold_14;scaffold_14;scaffold_14;scaffold_14;scaffold_14;scaffold_14;scaffold_14;scaffold_14;scaffold_14;scaffold_14;scaffold_14;scaffold_14;scaffold_14;scaffold_14;scaffold_14;scaffold_14;scaffold_14;scaffold_14;scaffold_14;scaffold_14;scaffold_14;scaffold_14;scaffold_14;scaffold_14;scaffold_14;scaffold_14;scaffold_14;scaffold_14;scaffold_14	11475236;11475664;11479184;11484411;11488831;11491174;11491710;11499801;11500169;11502616;11505580;11507435;11509214;11509929;11510149;11510569;11516778;11521079;11524438;11528356;11529969;11532864;11535899;11536113;11537468;11537624;11538302;11542856;11545902;11551209;11551396	11475456;11475868;11479351;11484645;11489140;11491354;11491918;11500026;11500366;11502732;11505896;11507618;11509395;11510093;11510276;11510804;11517043;11521297;11524576;11528474;11530179;11532962;11536053;11536314;11537571;11537786;11538437;11543058;11546110;11551341;11551425	-;-;-;-;-;-;-;-;-;-;-;-;-;-;-;-;-;-;-;-;-;-;-;-;-;-;-;-;-;-;-	5670	6	0	2	0	2	0	0	0	0	0	0	4	2	8	0	0	0	4	0	8	0	0	0	2	0	6	4	4	0	30	6	2	0	0	0	0	0	0	0	0	4	0	2	0	0	0	0	0	0	0	0	0	0	0	0	2	0	0	0	0	0	2	14	0	2	2	0	0	0	0	0	0	4	0	2	0	0	2	4	4	0	2
gene-345515	scaffold_14;scaffold_14	11645275;11646145	11645673;11646174	-;-	429	2	0	0	0	0	4	0	0	2	0	0	0	0	0	2	0	4	0	0	0	0	0	0	0	0	0	6	0	2	4	4	8	0	4	2	0	0	0	0	0	4	0	0	2	0	0	2	0	2	0	0	0	0	0	0	0	0	0	0	0	0	0	0	0	0	0	0	0	4	0	2	0	0	0	0	0	10	0	1	6	0	0
gene-345524	scaffold_14;scaffold_14;scaffold_14;scaffold_14;scaffold_14;scaffold_14	11760339;11766091;11769558;11772108;11774387;11780801	11760530;11766282;11769740;11772310;11774521;11780900	-;-;-;-;-;-	1005	28	8	11	9	0	18	23	6	14	8	6	12	12	6	18	12	0	9	10	0	0	4	8	2	32	54	24	8	24	18	8	6	14	4	4	8	2	0	4	2	10	2	7	6	2	0	12	12	22	16	4	0	14	18	0	6	8	2	8	16	6	2	4	12	10	4	2	0	0	11	2	17	51	6	16	6	27	22	16	6	11	10
gene-345545	scaffold_14;scaffold_14;scaffold_14	11935206;11970184;11990364	11935422;11970319;11990535	+;+;+	525	45	2	6	0	8	21	23	2	4	4	0	0	10	0	0	4	0	2	2	0	4	0	0	4	2	2	0	4	2	0	4	0	0	0	2	2	0	4	0	4	0	2	4	13	2	0	2	2	2	23	2	0	14	4	2	0	7	4	2	8	2	0	0	0	2	2	2	0	2	0	0	3	1	0	0	0	2	0	0	6	195	80
gene-345557	scaffold_14;scaffold_14;scaffold_14	12036712;12064340;12073678	12036901;12064544;12073804	+;+;+	522	62	0	0	0	0	22	15	0	0	0	0	0	2	0	0	2	0	0	0	0	0	0	0	0	2	0	0	0	2	2	0	2	0	0	1	0	0	0	0	0	0	0	0	6	2	0	0	0	0	0	0	2	4	0	0	0	0	6	2	0	0	0	0	0	0	0	0	0	0	0	0	0	0	0	0	0	4	0	0	12	309	72
gene-367203	scaffold_23;scaffold_23;scaffold_23;scaffold_23;scaffold_23;scaffold_23	390942;396656;399747;404542;414056;417330	391175;396857;399960;404746;414211;417377	+;+;+;+;+;+	1059	0	0	0	0	0	2	0	0	0	0	0	0	0	0	0	0	0	0	0	0	0	0	2	0	0	0	0	0	10	2	0	0	0	9	0	0	0	0	0	0	0	0	0	0	0	0	0	0	0	0	0	0	0	0	0	0	0	0	0	0	0	0	0	0	0	0	0	0	0	0	10	0	0	0	0	0	0	0	0	0	0	0
gene-367224	scaffold_23	868511	870982	+	2472	0	0	0	0	0	0	0	0	2	0	0	2	0	2	0	0	0	2	0	2	0	0	0	0	0	0	10	0	6	8	2	0	0	6	2	0	0	0	0	0	0	0	0	2	0	0	2	0	0	0	2	0	0	0	0	0	0	0	2	0	0	0	0	0	0	0	0	0	0	2	0	2	0	6	0	0	2	1	2	8	2	0
gene-367230	scaffold_23	871232	871510	+	279	0	2	0	0	0	0	0	0	0	0	0	2	0	3	2	0	8	0	0	0	0	0	0	0	6	0	2	0	2	0	2	0	0	0	0	0	0	2	0	0	2	0	0	0	0	0	0	0	2	0	0	0	0	0	0	0	0	0	0	2	0	0	0	0	0	0	0	0	0	0	2	0	0	0	2	0	0	0	0	2	2	0
gene-367236	scaffold_23;scaffold_23;scaffold_23;scaffold_23	893129;893487;894566;894789	893195;893644;894718;894932	+;+;+;+	522	0	0	0	2	0	0	0	0	0	0	0	0	0	0	0	0	0	2	0	0	0	0	0	0	0	0	0	0	0	0	0	0	0	0	0	0	0	0	0	0	0	0	0	0	0	0	0	0	0	0	0	0	0	0	0	0	0	0	0	0	0	0	0	0	0	0	0	0	0	0	0	0	0	0	0	0	0	0	0	0	0	0
gene-367251	scaffold_23;scaffold_23;scaffold_23;scaffold_23	895065;895745;896062;898319	895433;895877;896195;898663	+;+;+;+	981	0	0	0	0	0	0	0	0	0	0	0	0	0	0	0	0	0	0	0	0	0	0	0	0	0	0	0	0	0	0	0	0	0	0	0	0	0	0	0	0	0	0	0	0	0	0	0	0	0	0	0	0	0	0	0	0	0	0	0	0	0	0	0	0	0	0	0	0	0	0	0	0	0	0	0	0	0	0	0	0	0	0
gene-367267	scaffold_23;scaffold_23	898868;903794	899291;903840	+;+	471	0	0	0	0	0	0	0	0	0	0	0	0	0	0	0	0	0	0	0	0	0	0	0	0	0	0	0	0	0	0	0	0	0	0	0	0	0	0	0	0	0	0	0	0	0	0	0	0	0	0	0	0	0	0	0	0	0	0	0	0	0	0	0	0	0	0	0	0	0	0	0	0	0	0	0	0	0	0	0	0	0	0
gene-367277	scaffold_23;scaffold_23;scaffold_23;scaffold_23;scaffold_23;scaffold_23;scaffold_23;scaffold_23;scaffold_23;scaffold_23;scaffold_23;scaffold_23;scaffold_23;scaffold_23;scaffold_23;scaffold_23;scaffold_23;scaffold_23;scaffold_23;scaffold_23;scaffold_23;scaffold_23;scaffold_23	1004935;1004935;1016543;1016543;1017552;1022862;1022862;1025935;1025935;1026201;1026201;1034483;1034483;1043960;1043960;1050606;1050606;1054026;1054026;1058022;1058022;1061547;1061547	1004953;1004953;1016704;1016704;1017635;1023067;1023067;1026114;1026114;1026412;1026412;1034699;1034699;1044142;1044142;1050768;1050768;1054145;1054145;1058221;1058221;1061819;1061819	+;+;+;+;+;+;+;+;+;+;+;+;+;+;+;+;+;+;+;+;+;+;+	2019	0	0	0	0	0	0	0	0	0	0	0	0	0	0	0	0	0	0	0	0	0	0	0	0	0	0	0	0	0	0	0	0	0	0	0	0	0	0	0	0	0	0	0	0	0	0	2	0	0	0	0	0	0	0	0	0	0	0	0	0	0	0	0	0	0	0	0	0	0	0	0	0	0	0	0	0	0	0	0	0	0	0
gene-367351	scaffold_23;scaffold_23	1073777;1074080	1073932;1074649	+;+	726	0	0	0	0	0	0	0	0	0	0	0	0	0	0	0	0	0	0	0	0	0	0	0	0	0	0	0	0	0	0	0	0	0	0	0	0	0	0	0	0	0	0	0	0	0	0	0	0	0	0	0	0	0	0	0	0	0	0	0	0	0	0	0	0	0	0	0	0	0	0	0	0	0	0	0	0	0	0	0	0	0	0
gene-367360	scaffold_23	2153141	2153440	-	300	0	0	0	0	0	0	0	0	0	0	0	0	0	0	0	0	0	0	0	0	0	0	0	0	0	0	0	0	0	0	0	0	0	0	0	0	0	0	0	0	0	0	0	0	0	0	0	0	0	0	0	0	0	0	0	0	0	0	0	0	0	0	0	0	0	0	0	0	0	0	0	0	0	0	0	0	0	0	0	0	0	0
gene-367366	scaffold_23;scaffold_23;scaffold_23;scaffold_23	3456362;3456797;3457084;3457602	3456744;3456994;3457367;3457810	-;-;-;-	1074	0	0	0	0	0	0	0	0	0	0	0	0	2	0	0	0	0	0	0	0	0	0	0	0	0	2	0	0	0	2	0	0	0	0	0	0	0	0	0	0	0	0	0	0	0	0	2	0	0	0	2	0	0	0	0	0	0	0	0	0	0	0	2	0	2	0	0	0	0	0	0	2	0	0	0	0	3	2	1	0	0	0
gene-367381	scaffold_23;scaffold_23;scaffold_23	3721193;3737582;3773070	3721372;3737740;3773177	-;-;-	447	1012	452	823	305	482	1088	712	473	503	200	351	541	256	644	260	524	919	287	520	322	131	263	301	392	409	687	1016	289	1320	703	838	961	543	832	736	388	84	293	563	384	556	506	456	823	401	414	863	258	742	723	784	581	508	358	505	387	207	466	308	243	395	622	433	244	696	299	229	1061	294	246	744	261	447	446	440	375	1461	590	583	989	624	1453
gene-367393	scaffold_23	3915639	3916391	-	753	0	0	0	0	0	0	0	0	0	0	0	0	0	0	0	0	0	0	0	0	0	0	0	0	0	0	0	0	0	0	0	0	0	0	0	0	0	0	0	0	0	0	2	0	0	0	0	0	0	0	0	0	0	0	0	0	0	0	0	0	0	0	0	0	0	0	0	0	0	0	0	0	0	0	0	0	0	0	0	0	0	0
gene-367399	scaffold_23;scaffold_23	3917515;3918329	3918277;3918429	-;-	864	0	0	0	0	0	0	0	0	0	0	0	0	0	0	0	0	0	0	0	0	0	0	0	0	0	0	0	0	0	0	0	0	0	0	0	0	0	0	0	0	0	0	0	0	0	0	0	0	0	0	0	0	0	0	0	0	0	0	0	0	0	0	0	0	0	0	0	0	0	0	0	0	0	0	0	0	0	0	0	0	0	0
gene-367408	scaffold_23	4188166	4189362	+	1197	0	0	0	0	0	0	0	0	0	0	0	0	0	0	0	0	0	0	0	0	0	0	0	0	0	0	0	0	0	0	0	0	0	0	0	0	0	0	0	0	0	0	0	0	0	0	0	0	0	0	0	0	0	0	0	0	0	0	0	0	0	0	0	0	0	0	0	0	0	0	0	0	0	0	0	0	0	0	0	0	0	0
gene-367414	scaffold_23	4236514	4237710	+	1197	0	0	0	0	0	0	0	0	0	0	0	0	0	0	0	0	0	0	0	0	0	0	0	0	0	0	0	0	0	0	0	0	0	0	0	0	0	0	0	0	2	0	0	0	0	0	0	0	0	0	0	0	0	0	0	0	0	0	0	0	0	0	0	0	0	0	0	0	0	0	0	0	0	0	0	0	0	0	0	0	0	0
gene-367420	scaffold_23	4612774	4613502	-	729	0	0	0	0	0	0	0	0	0	0	0	0	0	0	0	0	0	0	0	0	0	0	0	0	0	0	0	0	0	0	0	0	0	0	0	0	0	0	0	0	0	0	0	0	0	0	0	0	0	0	0	0	0	0	0	0	0	0	0	0	0	0	0	0	0	0	0	0	0	0	0	0	0	0	0	0	0	0	0	0	0	0
gene-367427	scaffold_23	4754988	4756250	-	1263	0	0	0	0	0	0	0	0	0	0	0	0	0	0	0	0	0	0	0	0	0	0	0	0	0	0	0	0	0	0	0	0	0	0	0	0	0	0	0	0	0	0	0	0	0	0	0	0	0	0	0	0	0	0	0	0	0	0	0	0	0	0	0	0	0	0	0	0	0	0	0	0	0	0	0	0	0	0	0	0	0	0
gene-367433	scaffold_23	4775385	4776233	+	849	0	0	0	0	0	0	0	0	0	0	0	0	0	0	0	0	0	0	0	0	0	0	0	0	0	0	0	0	0	0	0	0	0	0	0	0	0	0	0	0	0	0	0	0	0	0	0	0	0	0	0	0	0	0	0	0	0	0	0	0	0	0	0	0	0	0	0	0	0	0	0	0	0	0	0	0	0	0	0	0	0	0
gene-367439	scaffold_23;scaffold_23	4807787;4808295	4808199;4808304	-;-	423	0	0	0	0	0	0	0	0	0	0	0	0	0	0	0	0	0	0	0	0	0	0	0	0	0	0	0	0	0	0	0	0	0	0	0	0	0	0	0	0	0	0	0	0	0	0	0	0	0	0	0	0	0	0	0	0	0	0	0	0	0	0	0	0	0	0	0	0	0	0	0	0	0	0	0	0	0	0	0	0	0	0
gene-367448	scaffold_23	5420619	5421356	+	738	0	0	2	0	0	4	0	0	2	0	0	0	0	0	0	2	4	2	4	0	0	0	0	0	0	2	2	0	2	4	4	0	0	0	2	0	0	0	4	0	0	0	0	0	0	0	0	0	0	0	0	0	0	0	0	0	0	0	0	0	0	0	0	0	0	0	0	0	0	0	6	0	0	0	0	0	0	0	0	0	0	0
gene-367454	scaffold_23	5508011	5508856	-	846	0	0	0	0	0	0	0	0	0	0	0	0	0	0	0	0	0	0	0	0	0	0	0	0	0	0	0	0	0	0	0	0	0	0	0	0	0	0	0	0	0	0	0	0	0	0	0	0	0	0	0	0	0	0	0	0	0	0	0	0	0	0	0	0	0	0	0	0	0	0	0	0	0	0	0	0	0	0	0	0	0	0
gene-367460	scaffold_23;scaffold_23	5605170;5605950	5605299;5606134	-;-	315	0	0	0	0	0	0	0	0	0	0	0	0	0	0	0	0	0	0	0	0	0	0	0	0	0	0	0	0	0	0	0	0	0	0	0	0	0	0	0	0	0	0	0	0	0	0	0	0	0	0	0	0	0	0	0	0	0	0	0	0	0	0	0	0	0	0	0	0	0	0	0	0	0	0	0	0	0	0	0	0	0	0
gene-367469	scaffold_23;scaffold_23	5644340;5644492	5644440;5645200	+;+	810	0	0	0	0	0	0	0	0	0	0	0	0	0	0	0	0	0	0	0	0	0	0	0	0	0	0	0	0	0	0	0	0	0	0	0	0	0	0	0	0	0	0	0	0	0	0	0	0	0	0	0	0	0	0	0	0	0	0	0	0	0	0	0	0	0	0	0	0	0	0	0	0	2	0	0	0	0	0	0	0	0	0
gene-367478	scaffold_23	5679646	5680209	-	564	0	0	0	0	0	0	0	0	0	0	0	0	0	0	0	0	0	0	0	0	0	0	0	0	0	0	0	0	0	0	0	0	0	0	0	0	0	0	0	0	0	0	0	0	0	0	0	0	0	0	0	0	0	0	0	0	0	0	0	0	0	0	0	0	0	0	0	0	0	0	0	0	0	0	0	0	0	0	0	0	0	0
gene-367484	scaffold_23	5969042	5969758	-	717	0	0	0	0	0	0	0	0	0	0	0	0	0	0	0	0	0	0	0	0	0	0	0	0	0	0	0	0	2	2	0	0	0	0	0	0	0	0	0	0	0	0	0	0	0	0	0	0	0	0	0	0	0	0	0	0	0	0	0	0	0	0	0	0	0	0	0	0	0	0	0	0	0	0	0	0	0	0	0	0	0	0
gene-367490	scaffold_23;scaffold_23;scaffold_23	5974394;5978168;5978998	5974521;5978283;5979200	+;+;+	447	0	0	0	0	2	0	0	0	0	0	0	0	0	0	2	0	0	0	0	0	0	0	2	0	0	0	2	2	4	0	0	0	1	0	0	0	0	0	0	0	0	0	0	2	0	0	0	0	2	0	0	0	0	0	0	0	0	0	0	0	0	0	0	0	2	0	0	0	0	2	2	0	0	0	0	0	0	0	0	2	0	0
gene-367502	scaffold_23;scaffold_23;scaffold_23;scaffold_23	6232401;6232705;6232886;6233309	6232650;6232824;6233114;6234905	+;+;+;+	2196	0	0	0	0	0	0	0	0	0	0	0	0	0	0	0	0	0	0	0	0	0	0	0	0	0	0	0	0	2	0	0	0	0	0	0	0	0	0	0	0	0	0	0	0	0	0	0	0	0	0	0	0	0	0	0	0	0	0	0	0	0	0	0	0	0	0	0	0	0	0	0	0	0	0	0	0	0	0	0	0	0	0
gene-367517	scaffold_23	6439049	6439741	-	693	0	0	0	0	0	0	0	0	0	0	0	0	0	0	0	0	0	0	0	0	0	0	0	0	0	0	0	0	0	0	0	0	0	0	0	0	0	0	0	0	0	0	0	0	0	0	0	0	0	0	0	0	0	0	0	0	0	0	0	0	0	0	0	0	0	0	0	0	0	0	0	0	0	0	0	0	0	0	0	0	0	0
gene-381161	scaffold_31;scaffold_31;scaffold_31;scaffold_31;scaffold_31	25701;26825;26830;27008;27008	26116;26950;26950;27202;27202	-;-;-;-;-	737	0	0	0	0	0	0	0	0	0	0	0	0	0	0	0	0	0	0	0	0	0	0	0	0	0	2	0	0	0	0	0	0	0	0	0	0	0	0	0	0	0	0	0	0	0	0	0	0	0	0	0	0	0	0	0	0	0	0	0	0	0	0	0	0	0	0	0	0	0	0	0	0	0	0	0	0	0	0	0	0	0	0
gene-381182	scaffold_31	88961	89791	+	831	0	0	0	0	0	0	0	0	0	0	0	0	0	0	0	0	0	0	0	0	0	0	0	0	0	0	0	0	0	0	0	0	0	0	0	0	0	0	0	0	0	0	0	0	0	0	0	0	0	0	0	0	0	0	0	0	0	0	0	0	0	0	0	0	0	0	0	0	0	0	0	0	0	0	0	0	0	0	0	0	0	0
gene-381188	scaffold_31	91248	91871	+	624	0	0	0	0	0	0	0	0	0	0	0	0	0	0	0	0	0	0	0	0	0	0	0	0	0	0	0	0	0	0	0	0	0	0	0	0	0	0	0	0	0	0	0	0	0	0	0	0	0	0	0	0	0	0	0	0	0	0	0	0	0	0	0	0	0	0	0	0	0	0	0	0	0	0	0	0	0	0	0	0	0	0
gene-381194	scaffold_31	92953	93252	+	300	0	0	0	0	0	0	0	0	0	0	0	0	0	0	0	0	0	0	0	0	0	0	0	0	0	0	0	0	0	0	0	0	0	0	0	0	0	0	0	0	0	0	0	0	0	0	0	0	0	0	0	0	0	0	0	0	0	0	0	0	0	0	0	0	0	0	0	0	0	0	0	0	0	0	0	0	0	0	0	0	0	0
gene-381200	scaffold_31;scaffold_31	104838;106595	105505;106772	-;-	846	0	0	0	0	0	0	0	0	0	0	0	0	0	0	0	2	0	0	0	0	0	0	0	0	0	0	0	0	0	0	0	0	0	0	0	0	0	0	0	0	0	0	0	0	0	0	0	0	0	0	0	0	0	0	0	0	0	0	0	0	0	0	0	0	0	0	0	0	0	0	0	2	0	0	0	0	0	0	0	2	0	0
gene-381209	scaffold_31;scaffold_31	135337;143018	135609;143035	-;-	291	0	0	0	0	0	0	0	0	0	0	0	0	0	0	0	0	0	0	0	0	0	0	0	0	0	0	0	0	0	0	0	0	0	0	0	0	0	0	0	0	0	0	0	0	0	0	0	0	0	0	0	0	0	0	0	0	0	0	0	0	0	0	0	0	0	0	0	0	0	0	0	0	0	0	0	0	0	0	0	0	0	0
gene-381218	scaffold_31;scaffold_31;scaffold_31;scaffold_31;scaffold_31	183025;183185;183351;184032;184314	183043;183290;183510;184261;184485	-;-;-;-;-	687	0	0	0	0	0	0	0	0	0	0	0	0	0	0	0	0	0	0	0	0	0	0	0	0	0	0	0	0	0	0	0	0	0	0	0	0	0	0	0	0	0	0	0	0	0	0	0	0	0	0	0	0	0	0	0	0	0	0	0	0	0	0	0	0	0	0	0	0	0	0	0	0	0	0	0	0	0	0	0	0	0	0
gene-381237	scaffold_31;scaffold_31	184529;184866	184653;185061	-;-	321	0	0	0	0	0	0	0	0	0	0	0	0	0	0	0	0	0	0	0	0	0	0	2	0	0	0	1	0	0	0	0	0	0	0	0	0	0	0	0	0	0	0	0	0	0	0	0	0	0	0	0	0	0	0	0	0	0	0	0	0	0	0	0	1	0	0	0	0	0	0	0	0	0	0	0	0	0	0	0	0	0	0
gene-381246	scaffold_31;scaffold_31;scaffold_31	196476;199404;201002	196562;199547;201163	-;-;-	393	0	0	0	0	0	0	0	0	0	0	0	0	0	0	0	0	0	0	0	0	0	0	0	0	0	0	0	0	0	0	0	0	0	0	0	0	0	0	0	0	0	0	0	0	0	0	0	0	0	0	0	0	0	0	0	0	0	0	0	0	0	0	0	0	0	0	0	0	0	0	0	0	0	0	0	0	0	0	0	0	0	0
gene-381259	scaffold_31;scaffold_31;scaffold_31;scaffold_31;scaffold_31	295926;296842;296847;297025;297025	296140;296967;296967;297219;297219	-;-;-;-;-	536	0	0	0	0	0	0	0	0	0	0	0	0	0	0	0	0	0	0	0	0	0	0	0	0	0	0	0	0	0	0	0	0	0	0	0	0	0	0	0	0	0	0	0	0	0	0	0	0	0	0	0	0	0	0	0	0	0	0	0	0	0	0	0	0	0	0	0	0	0	0	0	0	0	0	0	0	0	0	0	0	0	0
gene-381280	scaffold_31;scaffold_31	322495;322594	322962;322962	+;+	468	0	0	0	0	0	0	0	0	0	0	0	0	0	0	0	0	0	0	0	0	0	0	0	0	0	0	0	0	0	0	0	0	0	0	0	0	0	0	0	0	0	0	0	0	0	0	0	0	0	0	0	0	0	0	0	0	0	0	0	0	0	0	0	0	0	0	0	0	0	0	0	0	0	0	0	0	0	0	0	0	0	0
gene-381292	scaffold_31;scaffold_31;scaffold_31	681326;682247;682425	681540;682367;682553	-;-;-	465	0	0	0	0	0	0	0	0	0	0	0	0	0	0	0	0	0	0	0	0	0	0	0	0	0	0	0	0	0	0	0	0	0	0	0	0	0	0	0	0	0	0	0	0	0	0	0	0	0	0	0	0	0	0	0	0	0	0	0	0	0	0	0	0	0	0	0	0	0	0	0	0	0	0	0	0	0	0	0	0	0	0
gene-381304	scaffold_31	710547	711035	+	489	0	0	0	0	0	0	0	0	0	0	0	0	0	0	0	0	0	0	0	0	0	0	0	0	0	0	0	0	0	0	0	0	0	0	0	0	0	0	0	0	0	0	0	0	0	0	0	0	0	0	0	0	0	0	0	0	0	0	0	0	0	0	0	0	0	0	0	0	0	0	0	0	0	0	0	0	0	0	0	0	0	0
gene-381310	scaffold_31;scaffold_31	711989;712088	712456;712456	+;+	468	0	0	0	0	0	0	0	0	0	0	0	0	0	0	0	0	0	0	0	0	0	0	0	0	0	0	0	0	0	0	0	0	0	0	0	0	0	0	0	0	0	0	0	0	0	0	0	0	0	0	0	0	0	0	0	0	0	0	0	0	0	0	0	0	0	0	0	0	0	0	0	0	0	0	0	0	0	0	0	0	0	0
gene-381322	scaffold_31;scaffold_31	718791;720251	719200;720359	-;-	519	0	0	0	0	0	0	0	0	0	0	0	0	0	0	0	0	0	0	0	0	0	0	0	0	0	0	0	0	0	0	0	2	0	4	0	0	0	0	2	0	0	0	0	0	0	0	0	0	0	0	0	0	0	0	0	0	0	0	0	0	0	0	0	0	0	0	0	0	0	0	0	0	0	0	0	0	0	0	0	2	2	0
gene-381331	scaffold_31	734665	734874	-	210	0	0	0	0	0	0	0	0	0	0	0	0	0	0	0	0	0	0	0	0	0	0	0	0	0	0	0	0	0	0	0	0	0	0	0	0	0	0	0	0	0	0	0	0	0	0	0	0	0	0	0	0	0	0	0	0	0	0	0	0	0	0	0	0	0	0	0	0	0	0	0	0	0	0	0	0	0	0	0	0	0	0
gene-381337	scaffold_31;scaffold_31;scaffold_31	1046088;1047016;1047194	1046302;1047136;1047388	-;-;-	531	0	0	0	0	0	0	0	0	0	0	0	0	0	0	0	0	0	0	0	0	0	0	0	0	0	0	0	0	0	0	0	0	0	0	0	0	0	0	0	0	0	0	0	0	0	0	0	0	0	0	0	0	0	0	0	0	0	0	0	0	0	0	0	0	0	0	0	0	0	0	0	0	0	0	0	0	0	0	0	0	0	0
gene-381349	scaffold_31	1108151	1108981	+	831	0	0	0	0	0	0	0	0	0	0	0	0	0	0	0	0	0	0	0	0	0	0	0	0	0	0	0	0	0	0	0	0	0	0	0	0	0	0	0	0	0	0	0	0	0	0	0	0	0	0	0	0	0	0	0	0	0	0	0	0	0	0	0	0	0	0	0	0	0	0	0	0	0	0	0	0	0	0	0	0	0	0
gene-381355	scaffold_31	1111672	1112439	+	768	0	0	0	0	0	0	0	0	0	0	0	0	0	0	0	0	0	0	0	0	0	0	0	0	0	0	0	0	0	0	0	0	0	0	0	0	0	0	0	0	0	0	0	0	0	0	0	0	0	0	0	0	0	0	0	0	0	0	0	0	0	0	0	0	0	0	0	2	0	0	0	0	0	0	0	0	0	0	0	0	0	0
gene-381361	scaffold_31;scaffold_31	1123908;1130393	1124680;1130570	-;-	951	0	0	0	0	0	0	0	0	0	0	0	0	0	0	2	0	0	0	0	0	0	0	0	0	0	0	0	0	0	2	0	0	2	0	0	0	0	0	0	0	0	2	0	0	0	0	0	0	0	0	0	0	0	0	0	0	0	0	0	0	0	0	0	0	0	0	0	4	0	0	2	0	0	0	0	0	6	0	0	0	0	0
gene-381370	scaffold_31	1145471	1146340	-	870	0	0	0	0	0	0	0	0	0	0	0	0	0	0	0	0	0	0	0	0	0	0	0	0	0	0	0	0	0	0	0	0	0	0	0	0	0	0	0	0	0	0	0	0	0	0	0	0	0	0	0	0	0	0	0	0	0	0	0	0	0	0	0	0	0	0	0	0	0	0	0	0	0	0	0	0	0	0	0	0	0	0
gene-381376	scaffold_31;scaffold_31;scaffold_31;scaffold_31;scaffold_31	1147473;1151540;1155627;1157476;1162933	1147745;1151739;1155746;1157638;1163100	-;-;-;-;-	924	0	0	0	0	0	0	0	0	0	0	0	0	0	0	0	0	0	0	0	0	0	0	0	0	0	0	0	0	0	0	0	0	0	0	0	0	0	0	0	0	0	0	0	0	0	0	0	0	0	0	0	0	0	0	0	0	0	0	0	0	0	0	0	0	0	0	0	0	0	0	0	0	0	0	0	0	0	0	0	0	0	0
gene-381394	scaffold_31;scaffold_31;scaffold_31;scaffold_31;scaffold_31;scaffold_31;scaffold_31;scaffold_31;scaffold_31;scaffold_31;scaffold_31;scaffold_31	1190945;1190945;1194547;1194547;1198634;1198634;1200483;1200483;1205940;1205940;1209635;1209635	1191217;1191217;1194746;1194746;1198753;1198753;1200645;1200645;1206122;1206122;1209817;1209799	-;-;-;-;-;-;-;-;-;-;-;-	1122	0	0	0	0	0	0	0	0	0	0	0	0	0	0	0	0	0	0	0	0	0	0	0	0	0	0	0	0	0	0	0	0	0	0	0	0	0	0	0	0	0	0	0	0	0	0	0	0	0	0	0	0	0	0	0	0	0	0	0	0	0	0	0	0	0	0	0	0	0	0	0	0	0	0	0	0	0	0	0	0	0	0
gene-381436	scaffold_31	1354781	1355188	+	408	0	0	0	0	0	0	0	0	0	0	0	0	0	0	0	0	0	0	0	0	0	0	0	0	0	0	0	0	0	0	0	0	0	0	0	0	0	0	0	0	0	0	0	0	0	0	0	0	0	0	0	0	0	0	0	0	0	0	0	0	0	0	0	0	0	0	0	0	0	0	0	0	0	0	0	0	0	0	0	0	0	0
gene-381442	scaffold_31;scaffold_31	1390031;1391890	1390803;1392067	-;-	951	4	0	0	0	0	2	0	0	0	0	2	0	0	2	0	2	10	0	0	4	0	0	0	0	0	0	2	0	8	4	0	4	0	0	4	0	0	2	2	0	2	0	0	0	0	0	0	0	2	0	0	2	0	0	0	0	0	0	0	0	0	2	2	2	0	0	0	4	0	0	2	0	2	4	0	0	4	8	2	28	4	0
gene-381451	scaffold_31;scaffold_31;scaffold_31;scaffold_31;scaffold_31;scaffold_31;scaffold_31;scaffold_31;scaffold_31;scaffold_31;scaffold_31;scaffold_31	1404866;1408464;1412522;1415907;1420050;1423723;1430595;1430892;1435087;1437424;1440133;1444182	1405138;1408663;1412641;1416069;1420232;1423939;1430806;1431071;1435292;1437507;1440294;1444200	-;-;-;-;-;-;-;-;-;-;-;-	2019	0	0	0	0	0	0	0	0	0	0	0	0	0	0	0	0	0	0	0	0	0	0	0	0	0	0	0	0	0	0	0	0	0	0	0	0	0	0	0	0	0	0	0	0	0	0	0	0	0	0	0	0	0	0	0	0	0	0	0	0	0	0	0	0	0	0	0	0	0	0	0	0	0	0	0	0	0	0	0	0	0	0
gene-381491	scaffold_31;scaffold_31;scaffold_31;scaffold_31;scaffold_31;scaffold_31	1458576;1462586;1467379;1471080;1471548;1475733	1458662;1462729;1467585;1471240;1471884;1476050	-;-;-;-;-;-	1254	3782	1546	3269	1950	2416	7473	3723	2497	2529	1065	2242	2149	2188	1401	1082	2044	412	381	2905	1185	708	889	1041	2551	3520	3212	420	1375	1037	784	591	660	688	862	1112	2077	555	901	386	1588	2232	1687	2519	5933	2252	2767	2061	989	2880	4311	3277	3529	3836	1640	4846	551	1100	3264	1280	1594	925	1048	382	1101	2151	1373	1026	373	1520	199	520	1095	1277	306	2945	1577	741	175	348	346	721	1870
gene-381512	scaffold_31;scaffold_31;scaffold_31;scaffold_31;scaffold_31;scaffold_31;scaffold_31;scaffold_31;scaffold_31;scaffold_31	1491147;1491147;1499187;1499187;1517798;1535418;1563609;1567611;1571161;1580084	1491320;1491320;1499238;1499238;1517955;1535497;1563854;1567838;1571436;1580170	-;-;-;-;-;-;-;-;-;-	1301	30	4	10	0	4	2	4	2	8	0	0	4	0	0	2	6	13	0	4	4	0	0	0	2	11	6	40	4	28	4	0	8	0	0	0	0	0	0	4	0	3	6	4	12	0	0	8	0	6	14	0	0	4	12	0	0	0	0	2	0	0	0	0	4	0	2	0	16	2	0	6	2	6	18	8	4	14	4	8	71	8	2
gene-381547	scaffold_31;scaffold_31;scaffold_31;scaffold_31;scaffold_31;scaffold_31;scaffold_31;scaffold_31	1599171;1614651;1616641;1617805;1620323;1624808;1626705;1632482	1599291;1614794;1616977;1618164;1620898;1625124;1627015;1632673	+;+;+;+;+;+;+;+	2358	4207	607	2562	742	861	3284	1595	1401	747	443	839	1488	264	748	1024	2082	584	448	1541	434	42	504	211	840	1549	2508	917	1517	1418	845	322	383	151	855	251	1013	178	299	419	861	1419	985	755	1489	623	962	1650	792	915	1280	1147	596	647	1142	981	1258	132	520	411	93	247	492	235	502	711	768	242	177	531	431	609	382	1457	415	2082	996	761	300	244	426	373	460
gene-381574	scaffold_31;scaffold_31;scaffold_31;scaffold_31;scaffold_31;scaffold_31	1636849;1636852;1636969;1636969;1637166;1637166	1636913;1636913;1637108;1637108;1638364;1638364	+;+;+;+;+;+	1404	1225	507	1021	481	623	1701	889	766	600	238	626	640	450	681	345	826	1446	237	590	456	160	330	338	491	829	1294	1838	341	3327	1517	1610	1751	1088	2024	1316	367	172	482	1001	538	786	770	620	1044	490	682	1038	316	1206	963	750	778	1060	698	823	514	245	632	288	364	463	811	410	380	688	423	304	2087	332	496	2101	370	564	800	514	268	2989	1184	1286	2039	954	1516
gene-381597	scaffold_31;scaffold_31;scaffold_31;scaffold_31;scaffold_31;scaffold_31;scaffold_31;scaffold_31	1642801;1643012;1648701;1662383;1705029;1708706;1710906;1718621	1642947;1643147;1648990;1662803;1705538;1709026;1711063;1718806	+;+;+;+;+;+;+;+	2169	4	4	3	2	2	2	12	2	16	12	4	0	24	4	12	6	4	4	2	6	6	0	23	0	14	2	57	4	76	22	24	49	20	8	32	4	2	18	36	16	4	6	6	6	18	4	6	4	8	14	10	2	8	6	0	0	6	2	2	16	6	2	34	14	0	4	4	12	0	12	12	8	16	12	5	12	20	31	48	16	12	2
gene-381624	scaffold_31;scaffold_31;scaffold_31;scaffold_31;scaffold_31;scaffold_31;scaffold_31;scaffold_31	1802779;1808407;1820794;1832858;1834589;1844250;1855707;1856530	1803283;1809053;1821093;1833129;1834679;1844397;1855973;1856699	-;-;-;-;-;-;-;-	2400	55	30	12	28	16	46	60	24	36	14	18	32	72	10	30	38	6	8	20	8	16	6	30	12	109	72	98	14	109	54	76	66	64	34	64	12	14	2	34	14	14	18	20	30	4	0	31	10	38	65	10	6	66	46	2	2	28	8	14	36	14	5	19	40	16	27	10	46	4	20	12	31	46	18	24	12	99	40	89	202	61	80
gene-381651	scaffold_31;scaffold_31;scaffold_31;scaffold_31;scaffold_31;scaffold_31;scaffold_31;scaffold_31;scaffold_31;scaffold_31;scaffold_31;scaffold_31;scaffold_31;scaffold_31	1875406;1875406;1878180;1878180;1881080;1881080;1883802;1883802;1886458;1886458;1887857;1887857;1896011;1896011	1875758;1875758;1878551;1878551;1881243;1881243;1884078;1884078;1887220;1887220;1888011;1888011;1896119;1896110	-;-;-;-;-;-;-;-;-;-;-;-;-;-	2193	212	2	26	2	8	32	68	19	16	0	2	0	0	8	0	19	0	2	18	12	4	0	4	12	73	28	20	16	22	2	4	10	9	2	18	8	12	0	2	4	2	12	18	8	0	0	12	6	4	13	4	2	38	0	4	0	0	4	0	8	2	0	0	6	2	18	0	6	0	32	22	8	26	10	2	2	48	4	16	44	58	2
gene-381698	scaffold_31;scaffold_31;scaffold_31;scaffold_31;scaffold_31;scaffold_31;scaffold_31;scaffold_31;scaffold_31;scaffold_31;scaffold_31;scaffold_31;scaffold_31;scaffold_31;scaffold_31;scaffold_31;scaffold_31;scaffold_31	2035841;2080292;2183788;2183788;2205564;2205564;2208466;2208466;2210280;2210280;2231047;2231047;2235937;2235937;2241388;2241388;2247459;2247459	2035893;2080362;2183900;2183900;2205631;2205631;2208689;2208689;2210362;2210362;2231181;2231181;2236089;2236089;2241668;2241668;2247692;2247692	+;+;+;+;+;+;+;+;+;+;+;+;+;+;+;+;+;+	1415	260	82	125	50	58	231	186	175	67	35	67	78	136	50	46	130	211	7	86	28	16	71	115	144	274	36	704	66	2343	784	408	1384	240	1178	390	38	2	25	211	100	124	82	93	372	66	65	98	35	375	265	119	122	139	77	103	14	14	121	47	110	56	56	89	62	89	12	31	973	28	152	914	37	69	250	123	36	1310	176	495	541	536	492
gene-381757	scaffold_31;scaffold_31	2292814;2294505	2292907;2294986	-;-	576	150	41	54	33	21	34	29	51	22	26	32	57	13	85	30	64	50	21	43	12	0	4	40	35	78	86	128	20	107	65	174	194	124	126	132	16	6	20	77	18	50	31	48	101	34	8	100	29	332	33	40	41	35	61	24	32	10	15	24	2	46	42	25	51	55	54	18	216	22	8	123	39	27	92	26	6	498	39	138	279	32	58
gene-381766	scaffold_31	2339013	2339438	+	426	48	28	24	24	42	48	73	34	60	42	34	58	120	10	12	22	10	8	18	12	34	4	26	10	54	48	20	6	20	6	12	10	12	8	14	10	2	4	12	22	28	36	44	46	30	24	48	52	18	93	96	18	44	124	20	19	22	82	26	66	28	0	36	54	20	70	16	4	18	0	0	22	10	30	14	8	16	12	24	18	18	26
gene-381772	scaffold_31;scaffold_31;scaffold_31;scaffold_31;scaffold_31;scaffold_31;scaffold_31;scaffold_31	2480309;2484073;2508380;2540789;2559856;2573526;2575972;2582300	2480362;2484366;2508437;2541034;2559916;2574113;2576925;2582417	+;+;+;+;+;+;+;+	2373	16	14	6	8	8	8	25	18	20	10	8	8	12	8	8	34	2	2	6	10	4	2	24	2	120	24	119	12	98	62	46	46	84	6	58	4	8	0	48	2	2	14	4	16	2	0	16	14	20	28	4	0	6	14	4	6	14	6	8	14	8	6	34	22	0	4	6	22	4	26	4	35	7	18	8	10	52	110	85	274	65	49
gene-381799	scaffold_31	2658031	2658375	+	345	0	0	0	0	0	0	0	0	0	0	0	2	0	0	0	0	0	0	0	0	0	0	0	0	0	0	0	2	0	0	0	0	0	0	0	0	0	0	0	0	0	0	0	0	0	0	0	0	0	0	0	0	0	0	0	0	0	0	0	0	0	0	0	0	0	0	0	0	0	0	0	0	0	0	0	0	0	0	0	0	0	0
gene-381805	scaffold_31;scaffold_31;scaffold_31;scaffold_31;scaffold_31;scaffold_31;scaffold_31;scaffold_31;scaffold_31;scaffold_31;scaffold_31;scaffold_31;scaffold_31;scaffold_31;scaffold_31;scaffold_31;scaffold_31;scaffold_31;scaffold_31;scaffold_31;scaffold_31;scaffold_31;scaffold_31;scaffold_31;scaffold_31;scaffold_31;scaffold_31;scaffold_31;scaffold_31;scaffold_31;scaffold_31;scaffold_31;scaffold_31;scaffold_31;scaffold_31;scaffold_31;scaffold_31;scaffold_31;scaffold_31;scaffold_31;scaffold_31;scaffold_31;scaffold_31;scaffold_31;scaffold_31;scaffold_31;scaffold_31;scaffold_31;scaffold_31;scaffold_31;scaffold_31;scaffold_31;scaffold_31;scaffold_31;scaffold_31;scaffold_31;scaffold_31;scaffold_31	2662095;2662095;2662095;2662095;2670586;2670586;2670586;2670586;2672845;2672845;2672845;2672845;2677344;2677344;2677344;2677344;2678926;2678926;2678926;2678926;2683713;2683713;2683713;2683713;2688747;2688747;2688747;2688747;2689281;2689281;2689281;2689281;2695286;2695286;2695286;2695286;2716804;2716804;2722009;2722009;2722102;2722102;2737955;2737955;2737955;2737955;2741070;2741070;2741070;2741070;2744487;2744487;2744487;2744487;2744637;2744637;2744637;2744637	2662413;2662413;2662413;2662413;2670788;2670788;2670788;2670788;2672977;2672977;2672977;2672977;2677499;2677499;2677499;2677499;2679106;2679106;2679106;2679106;2683859;2683859;2683859;2683859;2689103;2689103;2689103;2689103;2689444;2689444;2689444;2689444;2695388;2695388;2695388;2695388;2716905;2716905;2722173;2722173;2722173;2722173;2738408;2738408;2738408;2738408;2741286;2741286;2741286;2741286;2744578;2744578;2744578;2744578;2744669;2744669;2744666;2744666	-;-;-;-;-;-;-;-;-;-;-;-;-;-;-;-;-;-;-;-;-;-;-;-;-;-;-;-;-;-;-;-;-;-;-;-;-;-;-;-;-;-;-;-;-;-;-;-;-;-;-;-;-;-;-;-;-;-	2826	62	35	38	22	14	54	54	22	38	18	14	45	93	12	58	68	14	10	22	10	14	6	39	14	160	132	127	18	191	94	115	74	127	36	46	13	14	2	93	14	18	21	28	36	24	18	54	44	90	83	18	10	69	38	10	2	29	18	24	50	34	8	47	48	22	33	10	48	8	31	28	35	123	32	31	29	96	108	138	142	67	50
gene-381988	scaffold_31;scaffold_31	2746988;2747487	2747159;2747521	+;+	207	299	123	247	103	169	330	147	138	159	39	95	134	64	220	67	67	478	56	176	155	18	92	153	86	102	160	339	46	314	347	488	625	274	442	314	111	14	110	216	77	109	118	110	243	106	201	277	53	199	174	162	201	155	84	187	134	76	117	48	32	93	288	144	55	197	43	59	518	76	81	257	16	108	151	102	106	725	263	332	292	182	309
gene-381997	scaffold_31;scaffold_31;scaffold_31;scaffold_31;scaffold_31;scaffold_31;scaffold_31	2857992;2863465;2864728;2910548;2913431;2917331;2925009	2858205;2863586;2864886;2910724;2913562;2917485;2925249	+;+;+;+;+;+;+	1200	10	4	10	6	15	10	6	8	4	8	10	8	2	8	2	6	18	8	2	6	0	6	14	6	12	4	16	2	16	16	30	38	22	10	24	0	2	0	14	6	12	2	16	26	6	7	14	2	25	12	10	4	7	2	12	12	2	0	4	2	4	18	7	10	6	4	4	60	6	1	6	8	12	15	6	2	64	41	44	80	20	46
gene-382021	scaffold_31;scaffold_31;scaffold_31;scaffold_31;scaffold_31;scaffold_31;scaffold_31;scaffold_31;scaffold_31;scaffold_31	2957795;2959581;2963520;2965869;2967946;2972720;2973138;2973255;2973420;2977792	2957923;2959798;2963693;2965910;2968152;2972839;2973197;2973302;2973467;2978338	-;-;-;-;-;-;-;-;-;-	1593	0	0	0	0	0	0	0	0	0	0	0	0	0	0	0	0	0	0	0	0	0	0	0	0	0	0	0	0	0	0	0	0	0	0	0	0	0	0	0	0	0	0	0	0	0	0	0	0	0	0	0	0	0	0	0	0	0	0	0	0	0	0	0	0	0	0	0	0	0	0	0	0	0	0	0	0	0	0	0	0	0	0
gene-382055	scaffold_31;scaffold_31;scaffold_31;scaffold_31;scaffold_31;scaffold_31;scaffold_31;scaffold_31;scaffold_31;scaffold_31	3027543;3027651;3039455;3054914;3060423;3061688;3098211;3106198;3110074;3113477	3027593;3027787;3039584;3055157;3060544;3061846;3098387;3106329;3110228;3113777	+;+;+;+;+;+;+;+;+;+	1608	38	8	10	12	16	30	24	10	10	8	10	6	12	3	2	10	10	0	10	8	0	4	14	6	18	14	42	2	38	24	34	14	15	11	8	2	0	2	12	2	5	12	18	16	10	2	23	16	11	19	21	6	14	4	4	6	4	6	8	12	4	4	6	0	2	8	0	32	3	4	16	10	5	18	8	2	54	4	31	64	26	46
gene-382088	scaffold_31	3103699	3104745	-	1047	0	0	0	0	0	0	0	0	0	0	0	0	0	0	0	0	0	0	0	0	0	0	0	0	0	0	0	0	0	0	0	0	0	0	0	0	0	0	0	0	0	0	0	0	0	0	0	0	0	0	0	0	0	0	0	0	0	0	0	0	0	0	0	0	0	0	0	0	0	0	0	0	0	0	0	0	0	0	0	0	0	0
gene-382095	scaffold_31;scaffold_31;scaffold_31;scaffold_31;scaffold_31;scaffold_31;scaffold_31;scaffold_31;scaffold_31;scaffold_31;scaffold_31;scaffold_31;scaffold_31;scaffold_31;scaffold_31;scaffold_31;scaffold_31;scaffold_31;scaffold_31;scaffold_31	3121809;3126466;3133784;3137461;3140930;3143831;3147736;3150764;3151122;3152853;3158317;3161496;3163383;3166215;3166514;3166956;3167460;3169392;3169564;3169720	3121901;3126697;3134054;3137593;3141172;3144086;3148098;3150951;3151313;3152927;3158496;3161632;3163593;3166462;3166651;3167087;3167706;3169502;3169645;3169805	-;-;-;-;-;-;-;-;-;-;-;-;-;-;-;-;-;-;-;-	3618	1721	770	1020	692	706	2230	1150	757	766	312	568	749	882	930	560	852	2057	272	822	608	66	480	634	746	1583	1586	2772	481	3828	1830	2094	2490	1577	2266	1734	630	198	686	1499	466	752	496	760	1972	572	674	919	390	1253	1381	1084	892	1202	791	1038	322	229	783	528	340	320	715	456	656	763	516	260	2242	450	610	1814	434	908	1122	972	464	3674	1004	1600	2780	1280	2812
gene-382158	scaffold_31;scaffold_31;scaffold_31;scaffold_31;scaffold_31	3176096;3176267;3176954;3179068;3181610	3176214;3176372;3177078;3179230;3181882	+;+;+;+;+	786	1203	868	826	600	681	1888	899	696	774	308	574	852	556	1244	609	1065	2377	219	1016	829	299	670	869	781	1431	1489	2324	617	4499	2772	2934	3789	2212	4508	2705	573	268	976	1951	530	700	580	505	1155	417	747	939	363	1491	920	972	822	883	656	782	615	189	617	470	626	482	1017	583	815	708	570	293	3699	413	977	3206	1139	948	1456	580	307	5430	1241	3047	2647	1337	2683
gene-382176	scaffold_31;scaffold_31;scaffold_31;scaffold_31;scaffold_31;scaffold_31;scaffold_31;scaffold_31;scaffold_31;scaffold_31;scaffold_31;scaffold_31;scaffold_31;scaffold_31;scaffold_31;scaffold_31;scaffold_31;scaffold_31;scaffold_31;scaffold_31;scaffold_31;scaffold_31;scaffold_31;scaffold_31;scaffold_31;scaffold_31;scaffold_31;scaffold_31;scaffold_31;scaffold_31;scaffold_31;scaffold_31;scaffold_31;scaffold_31;scaffold_31;scaffold_31	3206802;3206802;3206802;3206802;3208952;3208952;3208952;3208952;3212712;3212712;3212712;3212712;3217333;3217333;3217333;3217333;3236093;3236093;3236093;3236093;3243200;3243200;3243200;3243200;3246183;3246183;3246183;3246183;3248588;3248588;3248588;3248588;3254905;3254905;3254905;3254905	3207005;3207005;3207005;3207005;3209076;3209076;3209076;3209085;3212862;3212847;3212847;3212847;3217473;3217473;3217461;3217473;3236221;3236221;3236221;3236221;3243492;3243492;3243492;3243492;3246315;3246315;3246315;3246315;3248712;3248712;3248712;3248712;3255091;3255043;3255043;3255043	-;-;-;-;-;-;-;-;-;-;-;-;-;-;-;-;-;-;-;-;-;-;-;-;-;-;-;-;-;-;-;-;-;-;-;-	1497	0	0	0	0	0	0	0	0	0	0	0	0	0	0	0	0	0	0	0	0	0	0	0	0	0	0	0	0	0	0	0	0	0	0	0	0	0	0	0	0	0	0	0	0	0	0	0	0	0	0	0	0	0	0	0	0	0	0	0	0	0	0	0	0	0	0	0	0	0	0	0	0	0	0	0	0	0	0	0	0	0	0
gene-382294	scaffold_31	3363737	3365338	-	1602	0	0	0	0	0	0	0	0	0	0	0	0	0	0	0	0	0	0	0	0	0	0	0	0	0	0	0	0	0	0	0	0	0	0	0	0	0	0	0	0	0	0	0	0	0	0	0	0	0	0	0	0	0	0	0	0	0	0	0	0	0	0	0	0	0	0	0	0	0	0	0	0	0	0	0	0	0	0	0	0	0	0
gene-382300	scaffold_31;scaffold_31	3366963;3367467	3367168;3367692	-;-	432	0	0	0	0	0	0	0	0	0	0	0	0	0	0	0	0	0	0	0	0	0	0	0	0	0	0	0	0	0	0	0	0	0	0	0	0	0	0	0	0	0	0	0	0	0	0	0	0	0	0	0	0	0	0	0	0	0	0	0	0	0	0	0	0	0	0	0	0	0	0	0	0	0	0	0	0	2	0	0	0	0	0
gene-382309	scaffold_31;scaffold_31;scaffold_31	3410310;3410596;3411243	3410540;3410845;3411472	+;+;+	711	0	4	0	4	0	4	2	2	2	0	0	2	4	0	0	0	0	0	4	4	0	4	0	0	4	0	8	0	16	0	4	6	0	8	0	0	0	2	10	0	0	0	2	0	0	0	0	4	6	0	2	0	0	6	0	0	0	0	2	2	2	4	4	4	0	2	4	8	0	4	6	2	6	2	0	0	10	6	4	10	4	8
gene-382321	scaffold_31	3411627	3412661	-	1035	0	0	0	0	0	0	0	0	0	0	0	0	0	0	0	0	0	0	0	0	0	0	0	0	0	0	0	0	0	0	0	0	0	0	0	0	0	0	0	0	0	0	0	0	0	0	0	0	0	0	0	0	0	0	0	0	0	0	0	0	0	0	0	0	0	0	0	0	0	0	0	0	0	0	0	0	0	0	0	0	0	0
gene-382327	scaffold_31	3457144	3457632	-	489	0	0	0	0	0	0	0	0	0	0	0	0	0	0	0	0	0	0	0	0	0	0	0	0	0	0	0	0	0	0	0	0	0	0	0	0	0	0	0	0	0	0	0	0	0	0	0	0	0	0	0	0	0	0	0	0	0	0	0	0	0	0	0	0	0	0	0	0	0	0	0	0	0	0	0	0	0	0	0	0	0	0
gene-382333	scaffold_31;scaffold_31	3493402;3493402	3495174;3495267	-;-	1866	0	0	0	0	0	0	0	0	0	0	0	0	0	0	0	0	0	0	0	0	0	0	0	0	0	0	0	0	0	0	0	0	0	0	0	0	0	0	0	0	0	0	0	0	0	0	0	0	0	0	0	0	0	0	0	0	0	0	0	0	0	0	0	0	0	0	0	0	0	0	0	0	0	0	0	0	0	0	0	0	0	0
gene-382345	scaffold_31	3583590	3584192	+	603	0	0	0	0	0	0	0	0	0	0	0	0	0	0	0	0	0	0	0	0	0	0	0	0	0	0	0	0	0	0	0	0	2	0	0	0	0	0	0	0	0	0	0	0	0	0	0	0	0	0	0	0	0	0	0	0	0	0	0	0	0	0	0	0	0	0	0	0	0	0	0	0	0	0	0	0	0	0	1	0	0	0
gene-382351	scaffold_31	3601956	3602261	+	306	0	0	0	0	0	0	0	0	0	0	0	0	0	0	0	0	0	0	0	0	0	0	0	0	0	0	0	0	0	0	0	0	0	0	0	0	0	0	0	0	0	0	0	0	0	0	0	0	0	0	0	0	0	0	0	0	0	0	0	0	0	0	0	0	0	0	0	0	0	0	0	0	0	0	0	0	0	0	0	0	0	0
gene-382357	scaffold_31	3603113	3603961	+	849	0	0	0	2	0	0	0	0	0	0	0	0	0	0	0	0	0	0	0	0	2	0	0	0	0	0	0	0	0	0	2	0	0	0	0	0	0	0	0	0	0	0	0	0	0	0	0	0	0	0	0	0	0	0	0	0	0	0	0	0	0	0	0	0	0	0	0	0	0	0	0	0	0	0	0	0	2	0	0	0	0	0
gene-382363	scaffold_31	3616152	3616430	+	279	0	0	0	0	0	0	0	0	0	0	0	0	0	0	0	0	0	0	0	0	0	0	0	0	0	0	2	0	0	0	0	0	0	0	0	0	0	0	0	0	0	0	0	0	0	0	0	0	0	0	0	0	0	0	0	0	0	0	0	0	0	0	0	0	0	0	0	0	0	0	0	0	0	0	0	0	2	0	0	0	0	0
gene-382369	scaffold_31	3657119	3658030	+	912	0	0	0	0	0	0	0	0	0	2	0	0	0	0	0	0	0	0	0	0	0	0	0	0	0	0	0	0	0	0	0	0	2	0	0	0	0	0	0	0	0	0	0	0	0	0	0	0	0	2	0	0	0	0	0	0	0	0	0	0	0	0	0	0	0	0	0	0	0	0	0	0	0	0	0	2	2	2	0	2	0	0
gene-382375	scaffold_31;scaffold_31	3677355;3678996	3678574;3679314	-;-	1539	0	0	2	1	0	4	0	0	0	0	0	0	0	3	2	2	4	0	4	0	0	2	2	0	0	2	4	0	16	0	14	26	7	6	10	2	0	0	6	0	0	2	4	0	0	0	0	4	0	0	0	0	0	2	1	0	0	0	0	0	0	0	2	0	0	4	2	18	0	4	27	0	4	12	0	0	37	2	20	24	26	4
gene-382384	scaffold_31;scaffold_31;scaffold_31	3737745;3737817;3738077	3737758;3738015;3738988	+;+;+	1125	0	0	0	0	0	0	0	0	0	2	0	0	0	0	0	0	0	0	0	0	0	0	0	0	0	0	2	0	0	0	0	0	0	0	0	0	0	0	0	0	0	0	0	0	0	0	2	0	2	4	0	0	2	2	0	0	0	0	0	0	0	0	2	2	6	0	0	2	0	0	2	0	0	0	0	0	0	6	2	0	2	2
gene-382396	scaffold_31	3767459	3767773	-	315	0	0	0	0	0	0	0	0	0	0	0	0	0	0	0	0	0	0	0	0	0	0	0	2	0	0	0	0	2	0	0	0	0	0	0	0	0	0	0	0	0	0	0	0	0	0	0	0	0	0	0	0	0	0	0	0	0	0	0	0	0	0	0	0	0	0	0	0	0	0	0	0	0	0	0	0	0	0	0	0	0	0
gene-382402	scaffold_31	3787769	3788080	-	312	0	0	0	0	0	0	0	0	0	0	0	0	0	0	0	0	0	0	0	0	0	0	0	0	0	0	0	0	0	0	0	0	0	0	0	0	0	0	0	0	0	0	0	0	0	0	0	0	0	0	0	0	0	0	0	0	0	0	0	0	0	0	0	0	0	0	0	2	0	0	0	0	0	0	0	0	0	0	0	0	0	0
gene-382408	scaffold_31	3809628	3810191	-	564	0	0	0	0	0	0	0	0	0	0	0	0	0	0	0	0	0	0	0	0	0	0	0	0	0	0	0	0	0	0	0	0	0	0	0	0	0	0	0	0	0	0	0	0	0	0	0	0	0	0	0	0	0	0	0	0	0	0	0	0	0	0	0	0	0	0	0	0	0	0	0	0	0	0	0	0	0	0	0	0	0	0
gene-382414	scaffold_31;scaffold_31;scaffold_31;scaffold_31	3873027;3873027;3873482;3873482	3873426;3873426;3873588;3873645	-;-;-;-	564	0	0	0	0	0	0	0	0	0	0	0	0	0	0	0	0	0	0	0	0	0	0	0	0	0	0	0	0	0	0	0	0	0	0	0	0	0	0	0	0	0	0	0	0	0	0	0	0	0	0	0	0	0	0	0	0	0	0	0	0	0	0	0	0	0	0	0	0	0	0	0	0	0	0	0	0	0	0	0	0	0	0
gene-382432	scaffold_31	3900215	3900544	-	330	0	0	0	0	0	0	0	0	0	0	0	0	0	0	0	0	0	0	0	0	0	0	0	0	0	0	0	0	0	0	0	0	0	0	0	0	0	0	0	0	0	0	0	0	0	0	0	0	0	0	0	0	0	0	0	0	0	0	0	0	0	0	0	0	0	0	0	0	0	0	0	0	0	0	0	0	0	0	0	0	0	0
gene-382438	scaffold_31	4034777	4035118	-	342	0	0	0	0	0	0	0	0	0	0	2	0	0	0	0	0	0	0	0	0	0	0	2	0	0	0	0	0	0	0	0	0	0	0	2	0	0	0	0	0	0	0	0	0	0	0	0	0	0	0	0	0	0	0	0	0	0	0	0	0	0	0	0	0	0	2	0	0	0	0	0	0	0	0	0	0	0	0	0	0	0	0
gene-382444	scaffold_31;scaffold_31	4050232;4050232	4051371;4051362	-;-	1140	0	0	0	0	0	0	0	0	0	0	0	0	0	0	0	0	0	0	0	0	0	0	0	0	0	0	0	0	0	0	0	0	0	0	0	0	0	0	0	0	0	0	0	0	0	0	0	0	0	0	0	0	0	0	0	0	0	0	0	0	0	0	0	0	0	0	0	0	0	0	0	0	0	0	0	0	0	0	0	0	0	0
gene-382455	scaffold_31;scaffold_31	4061781;4062089	4062036;4062495	-;-	663	0	0	0	0	0	0	0	0	0	0	0	0	0	0	0	0	0	0	0	0	0	0	0	0	0	0	0	0	0	0	0	0	0	0	0	0	0	0	0	0	0	0	0	0	0	0	0	0	0	0	0	0	0	0	0	0	0	0	0	0	0	0	0	0	0	0	0	0	0	0	0	0	0	0	0	0	0	0	0	0	0	0
gene-382464	scaffold_31;scaffold_31	4193226;4194194	4193917;4194275	-;-	774	0	0	2	0	0	0	0	0	0	0	0	0	0	0	0	0	0	0	0	0	0	0	0	0	0	0	0	0	2	0	0	0	0	0	2	0	0	0	0	0	0	0	4	2	0	0	0	0	0	2	0	0	0	0	0	0	0	0	0	0	0	0	2	0	0	0	0	0	0	0	0	0	4	0	0	0	0	2	4	0	2	0
gene-382473	scaffold_31	4230477	4230812	-	336	0	0	0	0	0	0	0	0	0	0	0	0	0	0	0	0	0	0	0	0	0	0	0	0	0	0	0	0	0	0	0	0	0	0	0	0	0	0	0	0	0	0	0	0	0	0	0	0	0	0	0	0	0	0	0	0	0	0	0	0	0	0	0	0	0	0	0	0	0	0	0	0	0	0	0	0	0	0	0	0	0	0
gene-382479	scaffold_31	4314687	4315439	-	753	0	0	0	0	0	0	0	0	0	0	0	0	0	0	0	0	0	0	0	0	0	0	0	0	0	0	0	0	0	0	0	2	0	0	0	0	0	0	0	0	0	0	0	0	0	0	0	0	0	0	0	0	0	0	0	0	0	0	0	0	0	0	0	0	0	0	0	0	0	0	0	0	0	0	0	0	0	0	0	0	0	0
gene-382485	scaffold_31	4326211	4326516	+	306	0	0	0	0	0	0	0	0	0	0	0	0	0	0	0	0	0	0	0	0	0	0	0	0	0	0	2	0	0	0	0	0	0	0	0	0	0	0	0	0	0	0	0	0	0	0	0	0	0	0	0	0	0	0	0	0	0	0	0	0	0	0	0	0	0	0	0	0	0	0	0	0	0	0	0	2	0	0	0	0	0	0
gene-382491	scaffold_31;scaffold_31	4326934;4328457	4327349;4328634	-;-	594	0	0	0	0	0	0	0	0	0	0	0	0	0	0	0	0	0	0	0	0	0	0	0	0	0	0	0	0	0	0	0	0	0	0	0	0	0	0	0	0	0	0	0	0	0	0	0	0	0	0	0	0	0	0	0	0	0	0	0	0	0	0	0	0	0	0	0	0	0	0	0	0	0	0	0	0	0	0	0	0	0	0
gene-382500	scaffold_31	4327429	4328229	+	801	0	0	0	0	0	0	0	0	0	0	0	0	0	0	0	0	0	0	0	0	0	0	0	0	0	0	0	0	0	0	0	0	2	0	0	0	0	0	0	0	0	0	0	0	0	0	0	0	0	0	0	0	0	0	0	0	0	0	0	0	0	0	0	0	0	0	0	0	0	0	0	0	0	0	0	0	0	0	0	0	0	0
gene-382506	scaffold_31	4337992	4339323	+	1332	0	0	0	0	0	0	0	0	2	0	2	0	0	0	0	0	0	0	0	0	0	0	0	0	0	2	0	0	0	2	0	0	0	0	0	0	0	0	0	0	0	0	0	0	0	0	0	0	0	0	0	0	0	0	0	0	0	0	0	0	0	0	0	0	0	0	0	0	0	0	0	0	0	0	0	0	0	2	0	0	2	0
gene-382512	scaffold_31	4361608	4361886	+	279	0	0	0	0	0	0	0	0	0	0	0	0	0	0	0	0	0	0	0	0	0	0	0	0	0	0	0	0	0	0	0	0	0	0	0	0	0	0	0	0	0	0	0	0	0	0	0	0	0	0	1	0	0	0	0	0	0	0	0	0	0	0	0	0	0	0	0	0	0	0	0	0	0	0	0	0	0	0	0	0	0	0
gene-382518	scaffold_31	4362082	4363494	+	1413	0	0	0	0	0	0	0	0	0	0	0	0	0	0	0	0	0	0	0	0	0	0	0	0	0	0	0	0	0	0	0	0	0	0	0	0	0	0	0	2	0	0	0	0	0	0	0	0	0	0	0	0	0	0	0	0	0	0	0	0	0	0	0	0	0	0	0	0	0	0	0	0	0	0	0	0	0	0	0	4	0	0
gene-382524	scaffold_31	4389401	4390312	+	912	0	0	0	0	0	0	0	0	0	0	0	0	0	0	0	0	0	0	0	0	0	0	0	0	0	0	2	0	0	0	0	0	0	0	0	0	0	0	0	0	0	0	0	0	0	0	0	0	0	0	0	0	0	0	0	0	0	0	0	0	0	0	0	0	0	0	0	0	0	0	0	0	0	4	0	0	0	0	0	0	0	0
gene-382530	scaffold_31	4398550	4399152	+	603	0	0	0	0	0	0	0	0	0	0	0	0	0	0	0	0	2	0	0	0	0	0	0	0	0	0	0	0	0	0	0	0	0	0	0	0	0	0	0	0	0	0	0	0	0	0	0	0	0	0	0	0	2	0	0	0	0	0	0	0	0	0	0	0	0	0	0	0	0	0	0	0	0	0	0	0	2	0	0	0	0	0
gene-382536	scaffold_31;scaffold_31	4446838;4446838	4448049;4448088	-;-	1251	0	0	0	0	0	0	0	0	0	0	0	0	0	0	0	0	0	0	0	0	0	0	0	0	0	0	0	0	0	0	0	0	0	0	0	0	0	0	0	0	0	0	0	0	0	0	0	0	0	0	0	0	0	0	0	0	0	0	0	0	0	0	0	0	0	0	0	0	0	0	0	0	0	0	0	0	0	0	0	0	0	0
gene-382547	scaffold_31;scaffold_31;scaffold_31	4473456;4473615;4473825	4473558;4473766;4473902	+;+;+	333	0	0	0	0	0	0	0	0	0	0	0	0	0	0	0	0	2	0	0	0	0	0	0	0	0	0	0	0	0	0	2	0	0	0	0	0	0	0	0	0	0	0	2	0	0	0	0	0	0	0	0	0	0	0	0	0	0	0	0	0	0	0	2	0	0	0	0	0	0	0	0	0	0	0	0	0	2	0	0	0	2	0
gene-382559	scaffold_31;scaffold_31;scaffold_31	4523087;4523341;4523989	4523284;4523590;4524218	+;+;+	678	0	0	0	0	0	2	0	0	0	0	0	0	2	0	0	0	0	0	0	0	0	0	0	0	0	0	0	0	2	0	0	2	0	0	0	0	0	0	0	0	0	0	0	0	0	0	0	0	0	0	0	0	0	0	0	0	0	0	2	0	0	0	0	0	0	0	0	0	0	0	0	0	0	0	0	0	0	0	0	0	0	0
gene-382571	scaffold_31	4559817	4560137	-	321	0	0	0	0	0	0	0	0	0	0	0	0	0	0	0	0	0	0	0	0	0	0	0	0	0	0	0	0	0	0	0	0	0	0	0	0	0	0	0	0	0	0	0	0	0	0	0	0	0	0	0	0	0	0	0	0	0	0	0	0	0	0	0	0	0	0	0	0	0	0	0	0	0	0	0	0	0	0	0	0	0	0
gene-382577	scaffold_31	4606850	4608412	-	1563	0	0	0	0	0	0	0	0	0	0	0	0	0	0	0	0	0	0	0	0	0	0	0	0	0	0	0	0	2	0	0	0	0	0	0	0	0	0	2	0	0	0	0	0	0	0	0	2	0	0	0	0	0	0	0	0	0	0	0	0	0	0	0	0	0	0	0	0	0	0	0	2	0	0	1	0	4	0	4	0	2	0
gene-382583	scaffold_31	4631702	4632874	-	1173	0	0	0	0	0	0	0	0	0	0	0	0	0	0	0	0	0	0	0	0	0	0	0	0	0	0	0	0	0	0	0	0	0	0	0	0	0	0	0	0	0	0	0	0	0	0	0	0	0	0	0	0	0	0	0	0	0	0	0	0	0	0	0	0	0	0	0	0	0	0	0	0	0	0	0	0	0	0	0	0	0	0
gene-382589	scaffold_31;scaffold_31;scaffold_31	4722072;4722455;4722797	4722302;4722703;4723462	+;+;+	1146	0	0	0	0	0	0	0	0	0	0	0	0	0	0	0	0	0	0	0	0	0	0	0	0	0	0	0	0	0	0	0	0	0	4	0	0	0	0	0	0	0	0	0	0	0	0	0	0	0	0	0	0	0	0	0	0	0	0	0	0	0	0	0	0	0	0	0	2	0	0	0	0	0	0	0	0	0	0	0	0	0	0
gene-382601	scaffold_31	4738587	4740398	+	1812	2	0	0	0	0	0	0	0	0	0	0	0	0	0	0	0	0	0	0	0	0	0	0	0	0	0	0	0	0	0	0	0	0	0	0	0	0	0	0	0	0	0	0	0	0	0	0	0	0	0	0	0	0	0	0	0	0	0	0	0	0	0	0	0	0	0	0	0	0	0	0	0	0	0	0	0	0	0	0	0	0	0
gene-382607	scaffold_31	4747039	4747461	-	423	0	0	0	0	0	0	0	0	0	0	0	0	0	0	0	0	0	0	0	0	0	0	0	0	0	0	0	0	0	0	0	0	0	0	0	0	0	0	0	0	0	0	0	0	0	0	0	0	0	0	0	0	0	0	0	0	0	0	0	0	0	0	0	0	0	0	0	0	0	0	0	0	0	0	0	0	0	0	0	0	0	0
gene-382613	scaffold_31	4747699	4748586	-	888	0	0	0	0	0	0	0	0	0	0	0	0	0	0	0	0	0	0	0	0	0	0	0	0	0	0	0	0	0	0	0	0	0	0	0	0	0	0	0	0	0	0	0	0	0	0	0	0	0	0	0	0	0	0	0	0	0	0	0	0	0	0	0	0	0	0	0	0	0	0	0	0	0	0	0	0	0	0	0	0	0	0
gene-382619	scaffold_31	4748651	4748929	-	279	0	0	0	0	0	0	0	0	0	0	0	0	0	0	0	0	0	0	0	0	0	0	0	0	0	0	0	0	0	0	0	0	0	0	0	0	0	0	0	0	0	0	0	0	0	0	0	0	0	0	0	0	0	0	0	0	0	0	0	0	0	0	0	0	0	0	0	0	0	0	0	0	0	0	0	0	0	0	0	0	0	0
gene-382625	scaffold_31;scaffold_31;scaffold_31;scaffold_31	4753099;4753751;4754294;4754770	4753308;4753948;4754431;4755051	+;+;+;+	828	0	0	0	0	0	0	0	0	0	0	0	0	0	0	0	0	0	0	0	0	0	0	0	0	0	0	0	0	0	0	0	0	0	0	2	0	0	0	0	0	0	0	0	0	0	0	0	0	2	0	0	2	0	0	0	0	0	2	0	0	0	0	0	0	0	0	0	0	0	0	0	0	0	0	0	0	0	0	0	0	0	0
gene-386046	scaffold_34	53986	55056	-	1071	0	0	0	0	0	0	0	0	0	0	0	0	0	0	0	0	0	0	0	0	0	0	0	0	0	0	0	0	0	0	0	0	0	0	0	0	0	0	0	0	0	0	0	0	0	0	0	0	0	0	0	0	0	0	0	0	0	0	0	0	0	0	0	0	0	0	0	0	0	0	0	0	0	0	0	0	0	0	0	0	0	0
gene-386052	scaffold_34	217586	217918	+	333	186	12	340	98	54	438	152	178	270	18	124	104	100	138	78	120	26	180	24	122	12	146	126	74	86	208	214	48	588	2	4	432	188	538	104	170	2	20	6	130	202	10	110	390	20	302	36	144	710	8	131	44	40	150	44	240	10	120	104	6	182	52	14	36	434	122	14	4	212	86	350	42	186	202	82	42	316	16	206	254	126	366
gene-386058	scaffold_34;scaffold_34;scaffold_34;scaffold_34;scaffold_34;scaffold_34;scaffold_34;scaffold_34;scaffold_34;scaffold_34;scaffold_34;scaffold_34;scaffold_34;scaffold_34;scaffold_34;scaffold_34;scaffold_34;scaffold_34;scaffold_34	353655;353829;354241;354942;355991;356412;356754;358053;361627;365527;367577;369466;369892;370122;376875;379140;383209;385928;387923	353774;353960;354423;355146;356157;356609;357003;358197;362051;365784;367860;369794;370054;370461;377348;379707;383625;386010;388104	+;+;+;+;+;+;+;+;+;+;+;+;+;+;+;+;+;+;+	4923	1344	402	696	447	336	821	886	642	401	265	281	658	268	508	608	1423	686	332	512	164	21	98	270	500	1300	2657	1461	514	3180	1014	935	941	917	1192	1073	329	170	233	576	300	560	1180	497	969	224	172	1206	430	842	904	395	184	653	1207	369	269	73	250	323	127	232	207	241	505	755	392	165	1404	216	259	1527	585	1341	739	588	329	2464	536	1100	2379	625	1009
gene-386118	scaffold_34;scaffold_34;scaffold_34;scaffold_34;scaffold_34;scaffold_34;scaffold_34;scaffold_34;scaffold_34;scaffold_34	403854;407345;409826;411942;414978;419770;428292;429860;432383;434621	403925;407763;409928;412070;415389;420091;428506;430011;432526;434878	-;-;-;-;-;-;-;-;-;-	2226	4011	1735	2362	1106	1022	2353	2471	1638	1115	908	821	1965	776	1883	1472	3510	3444	512	2292	761	208	424	750	1830	3434	5985	5824	1373	10243	4241	3790	3981	3571	4901	4522	1125	407	983	2535	984	1566	2215	1126	2274	743	795	2801	1182	2566	2502	1245	763	1301	2683	1206	673	251	849	1113	511	864	1125	957	1780	2096	1139	633	5170	736	1600	5920	1892	3672	2541	2255	1146	8599	2303	4243	6678	2754	3595
gene-386151	scaffold_34;scaffold_34;scaffold_34;scaffold_34;scaffold_34;scaffold_34;scaffold_34;scaffold_34	817474;853663;855804;859653;861656;865348;867937;872106	817932;853855;856037;859858;862089;865493;868264;872280	+;+;+;+;+;+;+;+	2175	394	79	133	54	54	212	409	127	73	37	40	77	117	28	86	251	12	32	92	22	22	4	82	54	598	413	282	59	982	325	255	153	318	81	241	32	28	6	95	29	64	117	86	276	40	4	192	61	323	316	44	18	172	114	30	2	20	22	66	58	54	4	46	83	65	46	30	220	22	130	92	114	87	74	92	48	582	159	356	817	286	433
gene-386178	scaffold_34;scaffold_34;scaffold_34;scaffold_34;scaffold_34;scaffold_34;scaffold_34;scaffold_34;scaffold_34;scaffold_34;scaffold_34;scaffold_34;scaffold_34;scaffold_34;scaffold_34;scaffold_34;scaffold_34	880335;880335;881664;881664;883277;883277;885857;885857;886098;886778;886778;887439;887439;889534;889534;889771;889771	880607;880607;881885;881885;883403;883403;886223;886040;886223;887048;887048;887605;887605;889717;889717;889923;889923	-;-;-;-;-;-;-;-;-;-;-;-;-;-;-;-;-	1764	4180	1365	2584	1285	1159	3964	3222	1863	1266	674	1063	1902	969	1610	999	3034	2554	527	1518	566	114	208	762	1101	3679	4309	4959	835	8978	3559	3920	3227	3204	4032	3728	632	471	827	1942	890	1903	1879	1568	3007	702	587	2816	921	2308	2724	1466	749	2830	2277	1080	453	215	908	981	427	819	897	802	1252	1795	1035	516	5468	512	1171	4658	1228	2204	2546	1353	701	8927	2098	3995	9377	2519	5099
gene-386234	scaffold_34;scaffold_34;scaffold_34;scaffold_34;scaffold_34;scaffold_34;scaffold_34;scaffold_34;scaffold_34;scaffold_34;scaffold_34	892884;894942;895385;898387;898653;900893;901492;903124;907662;910260;910636	893948;895172;896222;898601;898866;901241;901745;904191;908031;910552;911219	+;+;+;+;+;+;+;+;+;+;+	5481	36	16	22	26	14	36	66	16	56	24	24	26	87	13	32	24	18	4	12	14	10	8	36	10	87	67	99	20	86	85	86	72	64	40	100	16	22	12	62	7	15	14	32	10	12	6	20	24	41	48	18	6	58	38	8	4	20	13	6	44	22	4	52	24	22	46	14	68	0	20	11	20	94	24	24	18	80	56	111	92	58	22
gene-386270	scaffold_34	1078871	1081033	-	2163	0	0	0	0	0	0	0	0	0	0	0	0	0	0	0	0	0	0	0	0	0	0	0	0	0	0	0	0	0	0	0	0	0	0	0	0	0	0	2	0	0	0	0	0	0	0	0	0	0	0	0	0	0	0	0	0	0	0	0	0	0	0	0	0	0	0	0	0	0	0	0	0	0	0	0	0	0	0	0	0	0	0
gene-386276	scaffold_34;scaffold_34;scaffold_34;scaffold_34;scaffold_34;scaffold_34;scaffold_34;scaffold_34	1121214;1179763;1219105;1224506;1257356;1262017;1278166;1280933	1121274;1179863;1219290;1224698;1257487;1262136;1278336;1281258	+;+;+;+;+;+;+;+	1290	2	6	0	0	0	2	2	0	2	0	0	4	4	0	0	0	0	0	0	0	0	0	0	0	4	2	2	2	4	0	0	0	0	10	2	0	0	0	0	0	0	2	4	0	0	0	2	0	2	0	0	0	0	0	0	0	0	0	0	6	0	0	2	0	0	0	0	2	0	0	0	0	0	0	0	0	2	0	2	2	0	4
gene-386303	scaffold_34	1289344	1289829	-	486	0	0	0	0	0	0	0	0	0	0	0	0	0	0	0	0	0	0	0	0	0	0	0	0	0	0	0	0	0	0	0	0	0	0	0	0	0	0	0	0	0	0	0	0	0	0	0	0	0	0	0	0	0	0	0	0	0	0	0	0	0	0	0	0	0	0	0	0	0	0	0	0	0	0	0	0	0	0	0	0	0	0
gene-386309	scaffold_34;scaffold_34;scaffold_34	1355954;1358516;1360009	1356055;1358657;1360913	+;+;+	1149	0	0	0	0	0	0	0	0	2	0	0	0	0	0	0	0	0	0	0	0	0	0	0	0	2	0	2	0	4	0	0	0	0	0	0	0	0	0	0	0	0	2	0	0	0	0	0	0	0	0	0	0	0	0	0	0	0	0	0	0	0	0	0	0	0	0	0	2	0	0	0	0	0	0	0	0	2	0	0	2	0	0
gene-386321	scaffold_34;scaffold_34;scaffold_34;scaffold_34	1378987;1380730;1381889;1382166	1379037;1380885;1382090;1382368	-;-;-;-	612	0	0	0	2	0	0	0	0	0	0	2	0	0	0	0	0	0	0	0	0	0	0	0	2	0	0	0	0	5	0	0	0	2	2	0	0	0	0	0	0	0	0	0	0	0	0	0	0	0	0	0	0	0	0	4	0	0	2	0	0	0	0	0	0	0	4	0	0	0	0	4	0	0	0	0	0	0	0	0	0	0	0
gene-386336	scaffold_34;scaffold_34;scaffold_34;scaffold_34;scaffold_34;scaffold_34;scaffold_34;scaffold_34;scaffold_34;scaffold_34;scaffold_34;scaffold_34	1473683;1473825;1474679;1477856;1481567;1488547;1490627;1492300;1493034;1494307;1497594;1499188	1473758;1473931;1474750;1478240;1481730;1488697;1490747;1492420;1493265;1494608;1497831;1499486	+;+;+;+;+;+;+;+;+;+;+;+	2268	658	68	179	60	106	464	350	154	81	20	59	104	126	45	64	153	90	10	113	20	19	3	58	111	457	319	351	32	914	210	267	203	253	141	178	42	20	19	107	20	93	124	128	454	58	14	137	52	431	290	88	55	253	110	74	0	20	96	44	48	28	12	31	61	78	48	40	492	10	88	173	95	91	114	97	30	615	55	257	722	219	923
gene-386375	scaffold_34;scaffold_34;scaffold_34;scaffold_34;scaffold_34;scaffold_34;scaffold_34;scaffold_34;scaffold_34;scaffold_34;scaffold_34;scaffold_34;scaffold_34;scaffold_34;scaffold_34;scaffold_34;scaffold_34;scaffold_34;scaffold_34;scaffold_34;scaffold_34;scaffold_34;scaffold_34;scaffold_34;scaffold_34;scaffold_34;scaffold_34;scaffold_34;scaffold_34;scaffold_34	1505596;1507669;1509900;1509900;1512401;1512401;1516168;1516168;1519284;1519284;1522396;1522396;1527656;1527656;1530398;1530398;1532044;1532044;1533284;1533284;1534760;1534760;1536910;1536910;1539973;1539973;1540557;1540557;1540738;1540738	1505714;1507763;1510003;1510003;1512633;1512633;1516377;1516377;1519790;1519790;1522915;1522915;1527846;1527846;1530735;1530735;1532313;1532313;1533559;1533559;1534950;1534950;1537153;1537153;1540340;1540340;1540683;1540683;1540801;1540801	-;-;-;-;-;-;-;-;-;-;-;-;-;-;-;-;-;-;-;-;-;-;-;-;-;-;-;-;-;-	3857	2580	629	1121	484	633	2360	2914	948	744	434	570	688	1024	541	629	1964	478	235	685	233	228	54	541	614	4603	2496	3242	382	7950	1691	1689	1337	1985	876	1573	326	333	244	1109	312	839	835	1105	2418	420	133	972	475	2305	2759	593	203	1892	1254	576	90	224	431	522	453	449	178	604	845	621	503	271	1815	178	854	1177	945	868	1299	557	357	3606	1302	1973	7626	2206	4724
gene-386470	scaffold_34;scaffold_34;scaffold_34;scaffold_34;scaffold_34;scaffold_34;scaffold_34;scaffold_34;scaffold_34;scaffold_34;scaffold_34;scaffold_34;scaffold_34;scaffold_34;scaffold_34;scaffold_34;scaffold_34;scaffold_34;scaffold_34;scaffold_34;scaffold_34;scaffold_34;scaffold_34;scaffold_34;scaffold_34;scaffold_34;scaffold_34;scaffold_34;scaffold_34;scaffold_34;scaffold_34;scaffold_34;scaffold_34;scaffold_34;scaffold_34;scaffold_34;scaffold_34;scaffold_34;scaffold_34;scaffold_34;scaffold_34;scaffold_34;scaffold_34;scaffold_34;scaffold_34;scaffold_34;scaffold_34;scaffold_34;scaffold_34;scaffold_34;scaffold_34;scaffold_34;scaffold_34;scaffold_34;scaffold_34;scaffold_34;scaffold_34;scaffold_34;scaffold_34;scaffold_34;scaffold_34;scaffold_34;scaffold_34;scaffold_34;scaffold_34;scaffold_34;scaffold_34;scaffold_34;scaffold_34;scaffold_34;scaffold_34;scaffold_34;scaffold_34;scaffold_34;scaffold_34;scaffold_34;scaffold_34;scaffold_34	1549537;1549537;1570741;1570741;1570741;1570741;1642369;1642369;1642369;1642369;1642369;1642369;1645256;1645256;1645256;1645256;1645256;1645256;1687442;1687442;1687442;1687442;1687442;1687442;1690348;1690348;1690348;1690348;1690348;1690348;1699493;1699493;1699493;1699493;1699493;1699493;1717318;1717318;1717318;1717318;1717318;1717318;1721030;1721030;1721030;1721030;1721030;1721030;1731020;1731020;1731020;1731020;1731020;1731020;1733234;1733234;1733234;1733234;1733234;1733234;1735225;1735225;1735225;1735225;1735225;1735225;1737171;1737171;1737171;1737171;1737171;1737171;1739136;1739136;1739136;1739136;1739136;1739136	1549989;1549989;1570743;1570743;1570743;1570743;1642548;1642548;1642548;1642548;1642548;1642548;1645316;1645316;1645316;1645316;1645316;1645316;1687599;1687599;1687599;1687599;1687599;1687599;1690617;1690617;1690617;1690617;1690617;1690617;1699793;1699793;1699793;1699793;1699793;1699793;1717445;1717445;1717445;1717445;1717445;1717445;1721129;1721129;1721123;1721123;1721123;1721123;1731305;1731305;1731305;1731305;1731305;1731305;1733363;1733363;1733363;1733363;1733363;1733363;1735559;1735571;1735571;1735559;1735571;1735559;1737501;1737501;1737501;1737501;1737501;1737501;1739285;1739285;1739285;1739285;1739285;1739285	+;+;+;+;+;+;+;+;+;+;+;+;+;+;+;+;+;+;+;+;+;+;+;+;+;+;+;+;+;+;+;+;+;+;+;+;+;+;+;+;+;+;+;+;+;+;+;+;+;+;+;+;+;+;+;+;+;+;+;+;+;+;+;+;+;+;+;+;+;+;+;+;+;+;+;+;+;+	2898	1489	332	492	242	226	618	1093	428	239	253	176	457	301	228	378	920	173	167	413	76	118	42	243	311	2094	1663	757	369	1685	509	798	377	698	252	573	138	247	158	470	131	360	613	358	692	144	34	967	249	778	1045	264	61	624	662	176	45	98	137	228	220	190	104	389	435	413	269	181	909	101	140	350	496	668	497	512	274	1476	320	696	2162	909	3300
gene-386717	scaffold_34;scaffold_34;scaffold_34;scaffold_34;scaffold_34;scaffold_34;scaffold_34;scaffold_34;scaffold_34;scaffold_34;scaffold_34;scaffold_34;scaffold_34;scaffold_34;scaffold_34;scaffold_34;scaffold_34;scaffold_34;scaffold_34;scaffold_34;scaffold_34;scaffold_34;scaffold_34;scaffold_34;scaffold_34;scaffold_34;scaffold_34;scaffold_34;scaffold_34;scaffold_34;scaffold_34;scaffold_34;scaffold_34	1750908;1750908;1754067;1755974;1755974;1757221;1757221;1759552;1759552;1759672;1759672;1761936;1761936;1763498;1763498;1764174;1764174;1765933;1765933;1766497;1766497;1769601;1769601;1770449;1770449;1771578;1771578;1773547;1773547;1804600;1804600;1815285;1815285	1751216;1751216;1754126;1756176;1756176;1757418;1757418;1759606;1759606;1759791;1759791;1762235;1762235;1763678;1763678;1764396;1764396;1766154;1766154;1766770;1766770;1769760;1769760;1770534;1770534;1771759;1771759;1773768;1773768;1804672;1804672;1815410;1815410	-;-;-;-;-;-;-;-;-;-;-;-;-;-;-;-;-;-;-;-;-;-;-;-;-;-;-;-;-;-;-;-;-	2994	34	20	35	15	15	49	63	28	43	22	22	35	108	11	28	38	2	22	28	8	44	0	32	28	92	101	67	22	113	48	50	28	73	25	42	12	12	4	53	12	13	12	47	58	26	0	22	12	56	71	14	14	43	30	6	0	26	18	18	38	18	2	27	32	14	34	6	23	0	38	4	31	96	45	26	20	38	71	104	44	58	50
gene-386821	scaffold_34;scaffold_34	1818999;1826646	1819542;1826899	+;+	798	410	124	169	101	47	141	189	125	79	49	23	165	141	42	112	222	48	71	178	20	11	4	61	79	288	489	204	85	429	110	91	77	107	45	101	32	43	33	60	15	93	112	67	173	40	10	228	68	161	253	42	26	108	134	30	14	18	28	88	32	65	14	45	74	113	79	44	156	28	56	54	105	590	69	97	96	219	89	109	741	240	305
gene-386830	scaffold_34	1961987	1962532	-	546	8	8	16	11	4	14	22	6	16	20	8	8	32	6	40	5	9	15	28	13	26	0	17	6	82	45	134	17	177	99	95	34	97	25	83	2	23	2	86	10	14	6	18	11	20	0	34	8	35	40	3	8	42	20	2	0	14	6	4	26	11	4	80	14	11	26	4	15	0	42	12	28	28	42	5	8	56	92	148	97	52	39
gene-386836	scaffold_34	1971239	1971664	-	426	0	0	0	0	0	2	0	2	0	0	0	0	0	0	2	2	4	2	0	0	0	2	2	2	0	2	0	2	8	3	4	10	2	9	6	2	0	1	2	0	0	0	0	0	0	0	0	2	0	0	0	2	0	0	0	0	0	0	0	0	0	2	2	4	0	2	0	6	0	0	1	0	2	0	0	0	3	2	2	2	0	0
gene-386842	scaffold_34	1971794	1972213	-	420	0	0	0	0	2	2	0	0	0	0	0	0	2	0	2	0	2	0	0	0	0	0	0	0	0	2	4	0	2	2	4	6	2	0	4	0	0	2	2	0	0	0	0	2	0	0	0	0	0	0	0	0	2	0	0	0	0	0	0	0	0	0	0	0	0	0	0	2	0	0	0	0	0	2	0	0	4	2	2	0	0	2
gene-386848	scaffold_34;scaffold_34;scaffold_34;scaffold_34;scaffold_34;scaffold_34;scaffold_34;scaffold_34;scaffold_34;scaffold_34;scaffold_34;scaffold_34;scaffold_34;scaffold_34;scaffold_34;scaffold_34;scaffold_34;scaffold_34;scaffold_34;scaffold_34;scaffold_34;scaffold_34;scaffold_34;scaffold_34;scaffold_34;scaffold_34	2020809;2020809;2020809;2023280;2023280;2023280;2037438;2037438;2037438;2071086;2071134;2071134;2077957;2077957;2077957;2082022;2082022;2082022;2082520;2082520;2082520;2084588;2084588;2084588;2145981;2145981	2020886;2020886;2020886;2023622;2023622;2023622;2037770;2037770;2037770;2071446;2071446;2071446;2078081;2078081;2078081;2082105;2082105;2082105;2082646;2082646;2082646;2084758;2084758;2084741;2146047;2146047	-;-;-;-;-;-;-;-;-;-;-;-;-;-;-;-;-;-;-;-;-;-;-;-;-;-	1689	4128	336	1154	292	509	2669	1914	454	910	158	375	425	312	159	275	463	197	141	415	121	60	34	97	355	366	754	211	304	284	111	112	203	88	174	85	220	98	130	81	512	801	464	609	1017	451	221	590	261	230	917	577	434	1419	357	330	290	94	386	246	122	246	177	61	258	390	344	122	115	232	43	173	192	490	83	604	285	297	107	123	173	80	212
gene-386933	scaffold_34;scaffold_34;scaffold_34;scaffold_34;scaffold_34;scaffold_34	2164107;2166186;2175221;2176546;2179387;2185802	2164262;2166375;2175451;2176874;2179575;2185933	-;-;-;-;-;-	1227	4	12	4	4	13	0	10	8	16	8	4	4	22	4	12	6	8	8	10	4	0	2	14	2	18	2	28	4	48	38	38	36	26	6	25	4	8	4	22	0	0	4	8	0	6	0	4	2	10	12	4	8	20	6	2	0	14	12	6	4	10	2	28	18	0	20	3	18	0	6	10	8	52	16	4	10	23	16	26	9	18	2
gene-386954	scaffold_34	2222879	2223280	+	402	0	0	0	0	0	0	0	0	0	0	0	0	0	0	0	0	0	0	0	0	0	0	0	0	0	0	0	0	0	0	0	0	0	0	0	0	0	0	0	0	0	0	0	0	0	0	0	0	0	0	0	0	0	0	0	0	0	0	0	0	0	0	0	0	0	0	0	0	0	0	0	0	0	0	0	0	0	0	0	0	0	0
gene-386960	scaffold_34;scaffold_34	2248683;2249525	2248702;2249930	-;-	426	0	0	0	0	2	0	0	0	2	0	0	0	2	0	0	0	0	0	0	0	0	0	0	0	2	4	2	0	0	2	0	0	0	0	0	0	0	0	0	0	2	0	0	0	0	0	0	4	2	2	0	0	0	0	0	0	2	0	0	0	0	0	3	0	0	0	0	0	0	0	0	0	2	2	0	0	2	0	0	0	6	0
gene-386969	scaffold_34	2309922	2310329	+	408	0	0	0	0	0	0	0	0	0	0	0	0	0	0	0	0	0	0	0	0	0	0	0	0	0	0	0	0	0	0	0	0	0	0	0	0	0	0	0	0	0	0	0	0	0	0	0	0	0	0	0	0	0	0	0	0	0	0	0	0	0	0	0	0	0	0	0	0	0	0	0	0	2	0	0	0	0	0	0	0	0	0
gene-386975	scaffold_34	2327085	2327615	+	531	0	0	0	0	0	0	0	0	0	0	0	0	0	0	0	0	0	0	0	0	0	0	0	0	0	0	0	0	0	0	0	0	0	0	0	0	0	0	0	0	0	0	0	0	0	0	0	0	0	0	0	0	0	0	0	0	0	0	0	0	0	0	0	0	0	0	0	0	0	0	0	0	0	0	0	0	0	0	0	0	0	0
gene-386981	scaffold_34	2328813	2329178	+	366	0	0	0	0	0	0	0	0	0	0	0	0	0	0	0	0	0	0	0	0	0	0	0	0	0	0	0	0	0	0	0	0	0	0	0	0	0	0	0	0	0	0	0	0	0	0	0	0	0	0	0	0	0	0	0	0	0	0	0	0	0	0	0	0	0	0	0	0	0	0	0	0	0	0	0	0	0	0	0	0	0	0
gene-386987	scaffold_34	2358942	2359448	+	507	0	0	0	0	0	0	0	0	0	0	0	0	0	0	0	0	0	0	0	0	0	0	0	0	0	0	0	0	0	0	0	0	0	0	0	0	0	0	0	0	0	0	0	0	0	0	0	0	0	0	0	0	0	0	0	0	0	0	0	0	0	0	0	0	0	0	0	0	0	0	0	0	0	0	0	0	0	0	0	0	0	0
gene-386993	scaffold_34;scaffold_34	2380056;2393468	2380077;2393691	-;-	246	30	17	11	10	6	30	4	13	22	12	0	18	11	13	16	11	63	10	14	3	0	6	17	6	40	39	60	6	148	95	86	108	49	107	63	10	8	10	30	6	9	7	16	8	0	5	13	4	8	25	3	8	16	5	4	1	8	12	13	0	3	7	19	25	8	6	7	117	0	15	70	17	25	21	14	6	195	31	80	100	22	52
gene-387002	scaffold_34;scaffold_34;scaffold_34;scaffold_34;scaffold_34;scaffold_34;scaffold_34;scaffold_34;scaffold_34;scaffold_34;scaffold_34;scaffold_34;scaffold_34;scaffold_34;scaffold_34;scaffold_34;scaffold_34;scaffold_34;scaffold_34;scaffold_34;scaffold_34;scaffold_34;scaffold_34;scaffold_34	2457166;2710715;2753033;2753033;2808966;2808966;2808966;2883658;2883658;2883658;2888642;2888642;2888642;2933855;2933855;2933855;2998219;2998219;3027898;3027898;3027898;3040558;3040558;3040558	2457247;2710821;2753140;2753140;2809173;2809173;2809173;2883816;2883816;2883816;2888770;2888770;2888770;2934148;2934148;2934148;2998377;2998377;3028020;3028020;3028020;3040613;3040613;3040613	+;+;+;+;+;+;+;+;+;+;+;+;+;+;+;+;+;+;+;+;+;+;+;+	1425	4	3	2	6	2	4	2	2	0	2	4	0	2	0	0	0	8	2	0	0	0	0	0	4	12	13	14	4	48	10	10	8	4	2	6	0	0	0	2	2	2	2	6	18	0	0	8	2	2	6	0	0	2	4	2	0	0	2	0	0	0	2	0	0	0	2	0	16	0	4	8	0	4	0	2	2	17	0	8	20	11	28
gene-387081	scaffold_34;scaffold_34;scaffold_34;scaffold_34;scaffold_34;scaffold_34;scaffold_34;scaffold_34;scaffold_34;scaffold_34;scaffold_34;scaffold_34;scaffold_34;scaffold_34;scaffold_34;scaffold_34;scaffold_34;scaffold_34;scaffold_34;scaffold_34;scaffold_34;scaffold_34;scaffold_34;scaffold_34;scaffold_34;scaffold_34;scaffold_34;scaffold_34;scaffold_34;scaffold_34;scaffold_34;scaffold_34;scaffold_34;scaffold_34;scaffold_34;scaffold_34;scaffold_34;scaffold_34;scaffold_34;scaffold_34;scaffold_34;scaffold_34;scaffold_34;scaffold_34;scaffold_34;scaffold_34;scaffold_34;scaffold_34;scaffold_34;scaffold_34;scaffold_34;scaffold_34;scaffold_34	3077370;3077370;3077370;3080240;3080240;3080244;3080244;3080244;3085761;3085761;3085761;3085761;3085761;3088446;3088446;3088446;3088446;3088446;3091415;3091415;3091415;3091415;3091415;3093680;3093680;3093680;3093680;3093680;3097752;3097752;3097752;3097752;3097752;3100270;3100270;3100270;3100270;3100270;3102905;3102905;3102905;3102905;3102905;3106050;3106050;3106050;3106050;3106050;3113645;3113645;3113645;3113645;3113645	3077427;3077427;3077427;3080500;3080500;3080500;3080500;3080500;3085943;3085934;3085934;3085958;3085943;3088787;3088787;3088787;3088787;3088787;3091630;3091630;3091630;3091630;3091630;3093864;3093864;3093864;3093864;3093864;3098037;3098037;3098037;3098037;3098037;3100601;3100601;3100601;3100601;3100601;3103177;3103177;3103177;3103177;3103177;3106120;3106120;3106120;3106120;3106120;3113697;3113697;3113697;3113697;3113697	-;-;-;-;-;-;-;-;-;-;-;-;-;-;-;-;-;-;-;-;-;-;-;-;-;-;-;-;-;-;-;-;-;-;-;-;-;-;-;-;-;-;-;-;-;-;-;-;-;-;-;-;-	2275	10333	3465	6413	2845	2649	10813	9336	5214	1738	1789	1988	4427	1597	2550	2552	8864	2679	990	4799	899	325	226	2011	4902	14016	10691	6493	2818	13734	4767	6217	3456	4866	3633	4556	2101	1164	1020	3090	1281	2909	4208	3178	10220	1017	468	6762	1412	6719	6658	3194	846	4819	3505	2950	471	409	2010	2456	996	1817	1127	1014	3193	4133	1866	2280	9444	1157	899	5521	5143	3631	4101	3995	2033	13047	1654	5360	14204	4294	10519
gene-387251	scaffold_34;scaffold_34;scaffold_34;scaffold_34;scaffold_34;scaffold_34	3115360;3117742;3118675;3119127;3120132;3120309	3115741;3118060;3118940;3119226;3120255;3120365	-;-;-;-;-;-	1248	10195	5928	7808	4430	4851	13731	7461	6121	5442	2562	5545	6506	3793	4367	3009	6694	8326	2635	3796	3702	1200	2348	3074	3488	5434	7869	8706	1990	11173	5546	6688	7037	4430	8265	5808	3668	1299	2054	3359	3907	5291	5391	4816	8788	3170	4523	7733	3852	7069	6076	6569	5204	6260	6490	4629	4175	1653	4099	3620	2654	3258	3917	2296	4807	5664	4014	2002	7185	2752	1944	7304	2749	5474	3945	3794	2162	12909	5069	5544	9339	3800	9365
gene-387272	scaffold_34;scaffold_34;scaffold_34;scaffold_34;scaffold_34;scaffold_34;scaffold_34;scaffold_34;scaffold_34;scaffold_34;scaffold_34;scaffold_34;scaffold_34;scaffold_34;scaffold_34;scaffold_34;scaffold_34;scaffold_34;scaffold_34;scaffold_34;scaffold_34;scaffold_34;scaffold_34;scaffold_34;scaffold_34;scaffold_34;scaffold_34;scaffold_34;scaffold_34;scaffold_34;scaffold_34;scaffold_34;scaffold_34;scaffold_34;scaffold_34;scaffold_34;scaffold_34;scaffold_34;scaffold_34;scaffold_34;scaffold_34;scaffold_34;scaffold_34;scaffold_34;scaffold_34;scaffold_34;scaffold_34;scaffold_34;scaffold_34;scaffold_34;scaffold_34;scaffold_34;scaffold_34;scaffold_34	3125229;3125229;3125229;3125229;3134377;3134377;3134377;3134377;3152544;3152544;3152544;3152544;3159838;3159838;3159838;3159838;3162127;3162127;3162127;3162127;3167558;3167558;3167558;3167558;3171123;3171123;3171123;3171123;3173216;3173216;3173216;3173216;3175901;3175901;3175901;3175901;3177327;3177327;3177327;3177327;3179690;3179690;3183816;3183816;3183819;3183819;3184383;3184383;3184383;3184383;3190377;3190377;3190377;3190377	3125325;3125325;3125325;3125325;3134505;3134505;3134505;3134505;3152678;3152678;3152678;3152678;3159960;3159960;3159960;3159960;3162347;3162347;3162347;3162347;3167822;3167822;3167822;3167822;3171374;3171374;3171374;3171374;3173804;3173804;3173804;3173804;3176186;3176186;3176186;3176186;3177525;3177525;3177525;3177525;3179767;3179767;3183928;3183928;3183928;3183928;3184541;3184541;3184541;3184541;3190415;3190415;3190415;3190415	+;+;+;+;+;+;+;+;+;+;+;+;+;+;+;+;+;+;+;+;+;+;+;+;+;+;+;+;+;+;+;+;+;+;+;+;+;+;+;+;+;+;+;+;+;+;+;+;+;+;+;+;+;+	2685	1775	424	812	382	481	1302	1274	874	375	256	297	848	369	678	429	1304	643	282	520	290	44	95	356	547	1851	1797	1660	418	4376	939	1409	1235	1261	1125	1487	211	149	262	615	372	700	703	610	1515	276	264	952	327	604	1147	695	190	654	886	533	174	61	584	340	171	362	404	253	467	565	463	252	1616	228	426	1042	548	759	793	700	317	3003	445	1328	2445	901	2275
gene-387443	scaffold_34;scaffold_34;scaffold_34;scaffold_34;scaffold_34;scaffold_34;scaffold_34;scaffold_34;scaffold_34;scaffold_34;scaffold_34;scaffold_34;scaffold_34;scaffold_34;scaffold_34;scaffold_34;scaffold_34	3198124;3198653;3200670;3202434;3204444;3206223;3207990;3209693;3211308;3212471;3215298;3217459;3217655;3219555;3221390;3226994;3229347	3198212;3198845;3200828;3202741;3204754;3206511;3208191;3209934;3211511;3212665;3215508;3217596;3217879;3219756;3221667;3227142;3229506	-;-;-;-;-;-;-;-;-;-;-;-;-;-;-;-;-	3555	1871	624	873	487	474	1321	1514	853	506	321	438	814	634	479	556	1831	340	187	767	169	126	36	421	504	3500	2389	1439	403	3516	943	1619	1015	2557	637	1880	259	254	177	533	258	633	1035	706	1409	282	101	1154	407	1963	1885	461	199	1432	1202	420	73	140	273	470	255	346	132	425	686	668	443	257	2152	139	270	802	812	898	738	582	263	3667	610	1858	5016	1362	2343
gene-387497	scaffold_34;scaffold_34;scaffold_34;scaffold_34;scaffold_34;scaffold_34;scaffold_34;scaffold_34;scaffold_34;scaffold_34;scaffold_34;scaffold_34;scaffold_34;scaffold_34;scaffold_34;scaffold_34;scaffold_34;scaffold_34;scaffold_34;scaffold_34;scaffold_34;scaffold_34;scaffold_34;scaffold_34;scaffold_34;scaffold_34;scaffold_34;scaffold_34;scaffold_34;scaffold_34;scaffold_34;scaffold_34;scaffold_34;scaffold_34;scaffold_34;scaffold_34;scaffold_34;scaffold_34;scaffold_34;scaffold_34;scaffold_34;scaffold_34;scaffold_34;scaffold_34;scaffold_34;scaffold_34;scaffold_34;scaffold_34;scaffold_34;scaffold_34;scaffold_34;scaffold_34;scaffold_34;scaffold_34;scaffold_34;scaffold_34;scaffold_34;scaffold_34;scaffold_34;scaffold_34;scaffold_34;scaffold_34;scaffold_34;scaffold_34;scaffold_34;scaffold_34;scaffold_34;scaffold_34;scaffold_34;scaffold_34;scaffold_34;scaffold_34;scaffold_34;scaffold_34;scaffold_34;scaffold_34;scaffold_34;scaffold_34;scaffold_34	3234184;3234184;3234184;3279581;3282949;3284049;3284049;3320542;3320542;3320542;3320542;3320542;3320542;3320542;3326082;3326082;3326082;3326082;3326082;3326082;3326082;3335538;3335538;3335538;3335538;3335538;3335538;3335538;3335824;3335824;3335824;3335824;3335824;3337908;3337908;3337908;3337908;3337908;3337908;3337908;3339066;3339066;3339066;3339066;3339066;3339066;3339066;3340400;3340400;3340400;3340400;3340400;3340400;3340400;3342190;3342190;3342190;3342190;3342190;3342190;3342190;3345879;3345879;3345879;3345879;3345879;3345879;3345879;3349374;3349374;3349374;3349374;3349374;3349374;3349374;3349488;3349488;3349488;3349488	3234380;3234380;3234380;3279825;3283193;3284293;3284293;3320793;3320793;3320793;3320793;3320793;3320793;3320793;3326449;3326449;3326449;3326449;3326449;3326449;3326449;3335886;3335760;3335760;3335760;3335760;3335760;3335886;3335886;3335886;3335886;3335886;3335886;3338176;3338176;3338176;3338176;3338176;3338176;3338176;3339346;3339346;3339346;3339346;3339346;3339346;3339346;3340874;3340874;3340874;3340874;3340874;3340874;3340874;3342387;3342387;3342387;3342387;3342387;3342387;3342387;3346052;3346052;3346052;3346052;3346052;3346052;3346052;3349624;3349424;3349424;3349424;3349424;3349624;3349624;3349624;3349624;3349624;3349624	+;+;+;+;+;+;+;+;+;+;+;+;+;+;+;+;+;+;+;+;+;+;+;+;+;+;+;+;+;+;+;+;+;+;+;+;+;+;+;+;+;+;+;+;+;+;+;+;+;+;+;+;+;+;+;+;+;+;+;+;+;+;+;+;+;+;+;+;+;+;+;+;+;+;+;+;+;+;+	3549	107	17	31	30	10	70	136	38	66	14	22	27	82	20	67	42	24	14	53	14	16	6	44	34	183	158	194	39	472	92	84	64	68	26	72	18	10	9	46	23	26	24	43	86	32	8	41	40	52	108	28	6	62	68	8	0	28	26	26	40	23	10	43	69	16	43	16	57	10	75	50	50	78	54	30	27	131	82	118	476	129	133
gene-387749	scaffold_34;scaffold_34;scaffold_34;scaffold_34;scaffold_34;scaffold_34;scaffold_34;scaffold_34;scaffold_34;scaffold_34;scaffold_34;scaffold_34;scaffold_34;scaffold_34;scaffold_34;scaffold_34;scaffold_34;scaffold_34;scaffold_34;scaffold_34;scaffold_34;scaffold_34;scaffold_34;scaffold_34;scaffold_34;scaffold_34;scaffold_34;scaffold_34;scaffold_34;scaffold_34;scaffold_34;scaffold_34;scaffold_34;scaffold_34;scaffold_34;scaffold_34;scaffold_34;scaffold_34;scaffold_34;scaffold_34;scaffold_34;scaffold_34;scaffold_34;scaffold_34;scaffold_34;scaffold_34;scaffold_34;scaffold_34;scaffold_34;scaffold_34;scaffold_34;scaffold_34;scaffold_34;scaffold_34;scaffold_34;scaffold_34;scaffold_34;scaffold_34;scaffold_34;scaffold_34;scaffold_34;scaffold_34;scaffold_34;scaffold_34;scaffold_34;scaffold_34;scaffold_34;scaffold_34;scaffold_34;scaffold_34;scaffold_34;scaffold_34;scaffold_34;scaffold_34;scaffold_34;scaffold_34;scaffold_34;scaffold_34	3366363;3366363;3366363;3366363;3368562;3368562;3368562;3368562;3369979;3369979;3369979;3369979;3376231;3376231;3383311;3383311;3383311;3383311;3385771;3385771;3385771;3385771;3393424;3393424;3393424;3393424;3394533;3394533;3394533;3394533;3395529;3395529;3395529;3395529;3396871;3396871;3396871;3396871;3398950;3398950;3398950;3398950;3401450;3401450;3401450;3401450;3402672;3402672;3402672;3402672;3406396;3406396;3406396;3406396;3408351;3408351;3408351;3408351;3411314;3411314;3411314;3411314;3412587;3412587;3412587;3412587;3412783;3412783;3412783;3412783;3415015;3415015;3415015;3415015;3417732;3417732;3417732;3417732	3367093;3367093;3367093;3367093;3368786;3368786;3368786;3368786;3370196;3370196;3370196;3370196;3376350;3376350;3383615;3383615;3383615;3383615;3386100;3386100;3386100;3386100;3393647;3393647;3393647;3393647;3394836;3394836;3394836;3394836;3395818;3395818;3395818;3395818;3397098;3397098;3397098;3397098;3399177;3399177;3399177;3399177;3401520;3401520;3401520;3401520;3403197;3403197;3403197;3403197;3406603;3406603;3406603;3406603;3408648;3408651;3408648;3408651;3411495;3411495;3411495;3411495;3412683;3412683;3412683;3412683;3412964;3412964;3412964;3412964;3415097;3415097;3415097;3415097;3417876;3417876;3417876;3417876	-;-;-;-;-;-;-;-;-;-;-;-;-;-;-;-;-;-;-;-;-;-;-;-;-;-;-;-;-;-;-;-;-;-;-;-;-;-;-;-;-;-;-;-;-;-;-;-;-;-;-;-;-;-;-;-;-;-;-;-;-;-;-;-;-;-;-;-;-;-;-;-;-;-;-;-;-;-	4998	52	47	50	32	44	62	98	22	110	68	50	38	183	16	122	41	47	25	38	34	36	8	87	26	341	151	319	42	387	222	197	214	228	92	195	18	36	18	201	26	16	10	45	22	34	6	52	64	68	125	34	18	128	56	24	2	38	18	56	86	86	10	137	100	11	82	27	86	6	100	36	79	293	128	68	64	345	291	381	417	165	140
gene-387992	scaffold_34;scaffold_34;scaffold_34;scaffold_34;scaffold_34;scaffold_34	3424174;3424456;3426041;3427063;3433152;3433964	3424212;3424782;3426258;3427170;3433325;3434036	-;-;-;-;-;-	939	1207	510	657	405	479	1344	809	570	483	267	396	551	310	1408	539	718	2632	409	773	828	114	433	466	517	1164	1708	3453	481	6044	2627	3772	3115	1848	4239	2534	391	214	549	1025	349	508	470	497	1071	358	404	555	228	1096	843	608	461	636	626	574	580	152	601	324	319	281	1211	630	410	534	403	193	3074	309	1195	3202	448	763	1257	615	301	5863	2144	2432	3439	2176	4372
gene-388013	scaffold_34;scaffold_34;scaffold_34;scaffold_34;scaffold_34;scaffold_34;scaffold_34;scaffold_34;scaffold_34;scaffold_34;scaffold_34;scaffold_34;scaffold_34;scaffold_34;scaffold_34;scaffold_34;scaffold_34;scaffold_34;scaffold_34;scaffold_34	3443424;3444889;3447653;3450429;3452135;3452484;3454154;3454398;3457713;3458311;3459070;3461771;3462197;3464663;3465068;3465890;3468162;3468388;3469995;3470239	3443725;3445059;3447860;3450493;3452237;3452642;3454321;3454748;3457826;3458632;3459341;3462033;3462691;3464961;3465399;3466249;3468329;3468560;3470186;3470278	-;-;-;-;-;-;-;-;-;-;-;-;-;-;-;-;-;-;-;-	4557	59	34	53	38	26	50	80	40	70	27	32	36	102	34	52	44	28	26	36	22	24	2	58	20	130	98	110	15	152	74	135	120	136	39	126	8	10	12	82	8	20	28	47	55	42	10	64	30	78	102	22	20	108	78	24	12	33	11	20	60	24	16	64	40	18	54	22	101	6	36	16	38	117	44	40	27	198	76	158	151	56	83
gene-388076	scaffold_34;scaffold_34;scaffold_34;scaffold_34;scaffold_34;scaffold_34;scaffold_34;scaffold_34;scaffold_34;scaffold_34;scaffold_34;scaffold_34;scaffold_34;scaffold_34;scaffold_34	3472606;3472606;3472802;3472802;3473763;3473763;3476604;3476604;3477811;3477811;3479439;3479439;3481876;3481876;3530181	3472737;3472737;3472989;3472989;3474014;3474014;3476949;3476952;3478435;3478435;3479791;3479791;3482312;3482316;3530232	+;+;+;+;+;+;+;+;+;+;+;+;+;+;+	2392	172	22	44	40	20	78	79	54	67	14	30	22	100	10	34	28	16	32	20	22	22	8	47	18	56	76	139	16	159	102	72	54	72	24	62	16	10	14	92	16	38	52	34	53	36	18	56	36	48	106	26	16	56	42	10	8	24	30	16	48	35	8	60	30	26	43	8	46	8	34	43	17	52	28	17	14	85	96	120	108	79	62
gene-388126	scaffold_34;scaffold_34;scaffold_34	3596268;3609742;3628724	3596378;3610012;3629853	+;+;+	1512	0	6	6	4	0	4	0	16	2	2	2	2	2	2	4	8	18	0	8	0	0	0	8	6	46	28	108	14	878	297	10	16	6	34	6	0	3	0	73	0	0	4	8	5	0	0	2	0	22	8	2	0	0	0	4	0	2	2	2	0	2	2	23	6	0	0	2	30	0	128	183	4	6	53	2	6	20	34	22	245	47	30
gene-388138	scaffold_34;scaffold_34;scaffold_34;scaffold_34;scaffold_34;scaffold_34	3702332;3703794;3705262;3712700;3714936;3715125	3702728;3704025;3707425;3712986;3715058;3715551	-;-;-;-;-;-	3630	592	465	398	235	249	628	512	282	219	172	153	429	265	147	228	322	291	121	409	116	76	36	166	153	633	742	508	119	753	420	788	469	493	364	715	128	78	168	304	147	353	487	304	410	169	94	772	180	405	825	214	223	926	645	207	83	95	144	199	180	142	149	155	248	265	239	144	938	95	81	345	187	720	287	180	233	1258	381	587	1067	437	1419
gene-388159	scaffold_34;scaffold_34;scaffold_34	3719978;3729175;3733770	3720192;3729330;3733830	-;-;-	432	219	113	96	134	97	225	157	159	50	47	67	136	67	305	85	310	360	41	216	84	4	18	144	135	666	339	873	45	2455	779	732	644	771	931	715	47	47	107	371	39	90	95	92	179	26	27	153	26	294	173	101	43	139	130	81	11	12	40	65	32	58	117	100	124	93	65	55	1125	27	175	1342	195	68	454	57	38	1833	234	748	1163	689	1510
gene-388171	scaffold_34;scaffold_34;scaffold_34	3737300;3740739;3743288	3739159;3740885;3743338	-;-;-	2058	8	10	8	2	0	10	2	2	2	4	4	2	4	2	0	12	3	2	2	6	0	0	6	8	18	10	86	0	362	133	331	56	54	199	118	12	0	0	15	0	6	4	10	14	0	0	8	2	0	4	2	0	12	4	0	4	0	0	4	0	0	4	14	4	4	2	0	141	0	46	66	2	4	8	0	2	391	29	171	29	36	98
gene-388183	scaffold_34;scaffold_34;scaffold_34;scaffold_34;scaffold_34;scaffold_34	3745258;3748634;3750192;3750743;3753202;3756064	3745418;3748956;3750466;3751030;3753846;3756207	+;+;+;+;+;+	1836	196	232	145	108	152	450	149	150	146	82	154	212	182	186	148	190	298	68	208	122	44	98	168	124	348	390	429	68	479	314	577	778	400	510	814	122	32	228	256	140	132	120	98	258	90	172	162	72	482	222	182	156	234	154	176	134	38	86	110	78	98	184	79	166	149	154	58	612	88	50	422	150	302	310	158	102	1168	178	534	374	198	637
gene-388204	scaffold_34;scaffold_34;scaffold_34	3756852;3756926;3762844	3756858;3757031;3762952	+;+;+	222	3053	1661	2610	1242	1352	3845	1752	1701	1457	693	1426	1730	958	2822	927	1504	4920	1080	1948	1810	482	1438	1648	1788	1841	2999	5640	878	6667	4091	4704	5628	3068	6753	4486	1167	368	1733	3003	1242	1718	1366	1243	2265	1073	1691	2312	729	2319	1897	1875	1855	1583	1131	1788	1818	583	1582	1020	1145	1156	2457	1422	1137	2047	1144	723	5017	814	1625	4884	1118	1949	2522	1290	842	7284	3179	3637	5278	2559	5599
gene-388216	scaffold_34;scaffold_34;scaffold_34;scaffold_34;scaffold_34	3792490;3800686;3804058;3807765;3810047	3792625;3801765;3804863;3807917;3810142	+;+;+;+;+	2271	66	38	36	36	25	40	91	34	112	38	34	44	161	10	60	40	24	36	26	18	20	10	76	26	175	112	145	30	206	142	101	68	141	31	90	14	10	12	96	34	14	25	52	34	41	6	39	62	56	82	42	20	86	97	8	6	36	24	41	68	56	10	62	66	22	85	8	45	0	52	34	70	121	44	28	42	82	108	153	110	81	57
gene-388234	scaffold_34;scaffold_34;scaffold_34;scaffold_34	3835281;3837612;3840742;3844926	3835478;3837945;3841018;3845211	-;-;-;-	1095	22	2	12	10	5	22	25	16	24	14	12	4	34	4	12	30	10	12	4	4	4	6	22	3	33	32	60	16	90	52	58	48	80	26	50	8	8	2	50	8	8	8	14	12	7	0	18	12	22	35	12	2	18	14	12	0	10	8	2	16	12	0	24	16	6	16	4	38	2	18	10	8	22	26	16	6	106	26	106	78	39	52
gene-388249	scaffold_34;scaffold_34;scaffold_34	3880517;3882161;3884298	3880780;3882322;3884414	+;+;+	543	2576	997	2397	1052	1232	3407	1722	1455	1316	541	1237	1373	606	1521	614	1511	2606	674	1332	1050	180	806	943	1208	1341	2079	2502	713	3314	2143	2487	2874	1853	3093	2159	953	273	793	1667	877	1582	1482	1309	2530	977	1086	2692	772	1595	1780	1659	1290	1419	1008	1273	1054	457	1000	761	534	1070	1632	850	731	1921	763	532	2980	865	575	2572	805	1140	1278	1162	755	4348	1485	1904	2707	1301	2993
gene-388261	scaffold_34;scaffold_34;scaffold_34;scaffold_34;scaffold_34;scaffold_34;scaffold_34;scaffold_34;scaffold_34;scaffold_34	3889595;3889595;3890542;3890542;3892467;3892467;3893895;3893895;3922796;3922796	3889773;3889773;3890695;3890692;3892607;3892607;3894008;3894008;3923275;3923275	-;-;-;-;-;-;-;-;-;-	1068	20	257	10	156	19	44	24	49	12	46	44	90	59	1223	329	555	1413	72	399	593	8	547	499	84	1260	599	4857	196	56945	9247	6368	11149	6256	13017	5765	250	100	647	1476	18	14	23	14	28	6	65	50	30	2778	20	42	24	2	149	30	430	8	14	26	16	72	662	275	520	50	97	14	8978	20	17869	17699	876	336	2016	30	2	16387	1491	9222	3834	259	1032
gene-388296	scaffold_34;scaffold_34;scaffold_34;scaffold_34;scaffold_34;scaffold_34;scaffold_34	3926985;3926985;3928958;3928958;3932747;3932747;3934363	3927611;3927611;3930391;3930391;3933868;3933817;3934392	+;+;+;+;+;+;+	3213	956	490	902	381	433	1300	764	614	454	230	415	572	413	694	345	628	1458	238	641	416	110	300	367	400	1136	1157	2134	242	3288	1185	1434	1448	1115	1335	1320	313	140	450	1130	433	687	506	469	923	377	344	1021	257	1766	962	566	569	873	676	544	311	132	444	302	200	332	654	375	418	551	312	168	2053	270	422	1651	367	686	969	426	315	2887	1020	1203	3389	752	1633
gene-388322	scaffold_34;scaffold_34;scaffold_34;scaffold_34;scaffold_34	3937917;3940077;3940486;3942543;3942716	3938134;3940253;3940803;3942657;3942808	-;-;-;-;-	921	625	198	377	245	130	603	396	222	316	90	211	253	199	215	118	327	335	56	197	120	40	68	112	136	421	522	602	107	1195	316	392	386	437	440	441	116	66	75	184	130	319	326	265	429	104	192	434	144	298	378	262	155	446	344	191	79	42	88	100	51	136	107	91	274	289	144	71	628	104	119	525	122	302	333	174	65	1010	211	400	1313	265	523
gene-388340	scaffold_34;scaffold_34;scaffold_34;scaffold_34;scaffold_34;scaffold_34;scaffold_34;scaffold_34;scaffold_34;scaffold_34;scaffold_34;scaffold_34;scaffold_34;scaffold_34;scaffold_34;scaffold_34;scaffold_34;scaffold_34;scaffold_34;scaffold_34;scaffold_34;scaffold_34;scaffold_34	3944502;3944502;3944502;3948668;3948668;3948668;3953270;3953270;3953279;3955903;3955903;3955903;3957892;3957892;3957892;3962948;3962948;3962948;3968306;3968306;3975138;3975138;3975138	3944629;3944629;3944629;3948874;3948874;3948874;3953358;3953358;3953358;3956024;3956024;3956024;3958169;3958169;3958169;3963078;3963078;3963078;3968422;3968422;3975277;3975277;3975277	+;+;+;+;+;+;+;+;+;+;+;+;+;+;+;+;+;+;+;+;+;+;+	1212	258	75	106	52	46	91	116	91	82	36	45	115	67	40	60	184	41	43	75	37	24	2	65	39	204	311	195	59	311	73	104	81	108	40	81	30	32	23	85	33	90	105	70	179	36	9	103	40	112	139	36	20	72	101	19	16	20	18	44	32	54	14	46	94	60	47	29	121	22	46	39	60	206	79	79	46	191	76	110	373	83	167
gene-388416	scaffold_34	3986282	3986791	+	510	257	91	115	67	34	132	198	123	30	26	33	111	48	87	41	260	36	26	106	16	10	2	44	49	404	267	328	14	739	134	209	57	197	58	154	28	10	18	83	35	91	135	75	188	16	4	270	40	173	193	40	14	120	90	24	4	16	16	42	24	56	15	29	91	82	46	50	335	10	42	80	80	114	188	58	28	428	84	123	1463	229	490
gene-388422	scaffold_34;scaffold_34;scaffold_34	4002384;4005328;4006030	4002450;4005535;4007038	+;+;+	1284	148	130	96	57	65	170	101	65	124	34	69	90	97	79	96	78	255	57	128	95	4	54	108	115	195	223	303	36	262	232	222	382	127	265	200	77	8	192	173	57	39	31	52	74	42	47	91	18	302	70	44	29	90	48	56	30	14	28	79	32	55	135	53	74	90	78	29	164	70	70	192	58	152	97	54	66	407	176	124	251	40	177
gene-388434	scaffold_34;scaffold_34;scaffold_34;scaffold_34;scaffold_34;scaffold_34;scaffold_34;scaffold_34;scaffold_34;scaffold_34;scaffold_34;scaffold_34;scaffold_34;scaffold_34	4014406;4026754;4028903;4030053;4030790;4032175;4034949;4036386;4038201;4039272;4040610;4041728;4043709;4044690	4014484;4026911;4029178;4030244;4031004;4032451;4035655;4037301;4038401;4039713;4040755;4042076;4044005;4044865	+;+;+;+;+;+;+;+;+;+;+;+;+;+	4431	255	94	156	93	104	122	327	110	232	153	112	157	350	75	279	206	92	86	119	89	136	40	272	66	766	505	1567	137	1519	1034	891	636	976	267	789	80	96	38	941	80	54	77	131	124	113	20	170	190	339	266	64	35	245	206	46	26	106	80	86	200	188	20	510	186	50	247	42	251	40	488	99	172	448	498	126	155	787	1043	1371	491	635	336
gene-388479	scaffold_34;scaffold_34	4056737;4057826	4057005;4057838	-;-	282	1039	1149	1286	628	1039	2189	1127	865	1070	439	863	976	602	851	573	957	981	307	828	521	269	549	667	675	963	869	875	412	1060	872	1095	1052	570	766	680	679	173	759	1110	535	385	515	846	1469	317	812	1255	326	769	523	554	734	879	647	702	689	311	622	261	466	484	795	368	640	350	503	281	1050	398	199	919	519	934	432	293	326	536	566	240	975	154	387
gene-388488	scaffold_34;scaffold_34;scaffold_34;scaffold_34;scaffold_34;scaffold_34;scaffold_34;scaffold_34;scaffold_34;scaffold_34;scaffold_34;scaffold_34;scaffold_34;scaffold_34;scaffold_34;scaffold_34;scaffold_34;scaffold_34;scaffold_34;scaffold_34;scaffold_34	4081456;4081488;4084685;4087039;4087039;4087213;4087213;4095563;4095563;4096787;4096787;4097763;4097763;4097922;4097922;4103592;4103592;4109460;4109460;4110476;4110476	4081500;4081500;4084739;4087158;4087158;4087289;4087289;4095630;4095630;4097386;4097386;4097835;4097835;4098062;4098062;4103801;4103801;4109645;4109645;4110682;4110682	-;-;-;-;-;-;-;-;-;-;-;-;-;-;-;-;-;-;-;-;-	1782	13	90	18	6	12	20	16	9	46	16	10	32	72	21	57	10	58	26	51	17	10	2	27	34	58	87	195	3	118	131	80	203	39	75	60	15	4	42	38	12	12	4	16	8	2	5	11	2	23	24	6	34	14	21	2	6	10	11	38	22	4	21	32	91	8	8	2	102	10	14	43	27	166	38	4	6	233	64	53	159	29	62
gene-388556	scaffold_34;scaffold_34;scaffold_34;scaffold_34;scaffold_34	4128573;4128573;4128893;4128893;4129260	4128836;4128836;4129018;4129042;4129709	+;+;+;+;+	864	0	2	0	0	0	0	0	0	0	0	0	2	2	0	2	0	0	0	10	4	0	0	0	0	0	0	2	0	6	4	6	4	0	4	2	0	0	0	0	0	0	0	0	0	0	0	0	0	2	0	0	0	0	0	0	0	0	0	6	0	0	2	0	0	0	0	0	0	0	0	0	0	0	0	0	0	4	6	0	0	0	0
gene-388577	scaffold_34;scaffold_34;scaffold_34;scaffold_34;scaffold_34	4134063;4134383;4134437;4134750;4134750	4134326;4134508;4134508;4135199;4135199	+;+;+;+;+	840	0	0	0	0	0	0	0	0	0	0	0	0	0	0	0	0	0	0	0	0	0	0	0	0	0	0	0	0	0	0	0	0	0	0	0	0	0	0	0	0	0	0	0	0	0	0	0	0	0	0	0	0	0	0	0	0	0	0	0	0	0	0	0	0	0	0	0	0	0	0	0	0	0	0	0	0	0	0	0	0	0	0
gene-388598	scaffold_34;scaffold_34;scaffold_34;scaffold_34	4229467;4231317;4233476;4234345	4229628;4231546;4233659;4234395	-;-;-;-	627	15	43	4	10	5	23	20	9	60	16	6	18	44	45	68	12	64	6	46	45	2	6	27	18	56	140	141	14	115	72	94	219	29	98	98	10	2	35	49	16	14	3	7	15	7	4	11	10	19	27	14	30	11	20	7	12	12	6	35	10	6	36	32	47	5	10	2	121	4	18	80	17	131	40	26	11	253	49	70	99	28	65
gene-419623	scaffold_83;scaffold_83	2717;3666	3161;3820	+;+	600	16	0	18	10	1	27	2	7	17	0	4	16	0	18	7	12	4	12	2	2	0	1	12	4	24	25	25	6	128	0	0	39	6	52	14	25	0	0	0	10	14	0	4	35	0	21	0	10	87	0	2	0	0	15	0	10	0	7	6	0	10	2	0	6	24	17	0	0	11	25	54	6	14	26	2	0	54	0	31	28	13	35
gene-419632	scaffold_83;scaffold_83;scaffold_83	1110329;1132114;1142362	1110464;1132427;1142514	+;+;+	603	8	2	3	2	0	2	0	2	6	6	0	4	2	2	8	6	32	24	8	12	0	6	12	4	32	18	103	8	115	48	32	18	46	21	24	4	6	0	54	4	0	2	0	2	6	0	3	0	4	4	2	0	0	12	0	12	2	4	0	0	2	2	54	24	6	6	0	19	0	24	14	12	52	16	0	2	76	44	63	16	39	33
